Print ISSN,E-ISSN,Field,Journal Title,Publisher,AJG 2024
0001-4826,1558-7967,ACCOUNT,Accounting Review,American Accounting Association,4*
0361-3682,1873-6289,ACCOUNT,"Accounting, Organizations and Society",Elsevier,4*
0165-4101,1879-1980,ACCOUNT,Journal of Accounting and Economics,Elsevier,4*
0021-8456,1475-679X,ACCOUNT,Journal of Accounting Research,Wiley-Blackwell,4*
0823-9150,1911-3846,ACCOUNT,Contemporary Accounting Research,Wiley-Blackwell,4
1380-6653,1573-7136,ACCOUNT,Review of Accounting Studies,Springer Nature,4
0001-3072,1467-6281,ACCOUNT,Abacus,Wiley-Blackwell,3
0001-4788,2159-4260,ACCOUNT,Accounting and Business Research,Taylor & Francis,3
0155-9982,1467-6303,ACCOUNT,Accounting Forum,Taylor & Francis,3
0888-7993,1558-7975,ACCOUNT,Accounting Horizons,American Accounting Association,3
0951-3574,1758-4205,ACCOUNT,"Accounting, Auditing and Accountability Journal",Emerald,3
0278-0380,1558-7991,ACCOUNT,Auditing,American Accounting Association,3
1050-4753,1558-8009,ACCOUNT,Behavioral Research in Accounting,American Accounting Association,3
0890-8389,1095-8347,ACCOUNT,British Accounting Review,Elsevier,3
0007-1870,2754-1525,ACCOUNT,British Tax Review,Thomson Reuters,3
1045-2354,1095-9955,ACCOUNT,Critical Perspectives on Accounting,Elsevier,3
0963-8180,1468-4497,ACCOUNT,European Accounting Review,Taylor & Francis,3
0267-4424,1468-0408,ACCOUNT,Financial Accountability and Management,Wiley-Blackwell,3
1554-0642,1554-0650,ACCOUNT,Foundations and Trends in Accounting,Now Publishers Inc.,3
1094-4060,2213-3933,ACCOUNT,International Journal of Accounting,World Scientific,3
0278-4254,1873-2070,ACCOUNT,Journal of Accounting and Public Policy,Elsevier,3
0737-4607,2452-1469,ACCOUNT,Journal of Accounting Literature,Emerald,3
0148-558X,2160-4061,ACCOUNT,"Journal of Accounting, Auditing and Finance",SAGE,3
0306-686X,1468-5957,ACCOUNT,Journal of Business Finance and Accounting,Wiley-Blackwell,3
2380-2154,2380-2146,ACCOUNT,Journal of Financial Reporting,American Accounting Association,3
1061-9518,1879-1603,ACCOUNT,"Journal of International Accounting, Auditing and Taxation",Elsevier,3
0198-9073,1558-8017,ACCOUNT,Journal of the American Taxation Association,American Accounting Association,3
1044-5005,1096-1224,ACCOUNT,Management Accounting Research,Elsevier,3
0810-5391,1467-629X,ACCOUNT,Accounting and Finance,Wiley-Blackwell,2
1530-9320,1530-9320,ACCOUNT,Accounting and the Public Interest,American Accounting Association,2
1744-9480,1744-9499,ACCOUNT,Accounting in Europe,Taylor & Francis,2
1030-9616,1839-5465,ACCOUNT,Accounting Research Journal,Emerald,2
,2152-2820,ACCOUNT,"Accounting, Economics and Law: A Convivium",Walter de Gruyter,2
0882-6110,1046-5715,ACCOUNT,Advances in Accounting,Elsevier,2
1475-1488,,ACCOUNT,Advances in Accounting Behavioral Research,Emerald,2
1474-7871,,ACCOUNT,Advances in Management Accounting,Emerald,2
1058-7497,,ACCOUNT,Advances in Taxation,Emerald,2
1608-1625,2164-2257,ACCOUNT,Asia-Pacific Journal of Accounting and Economics,Taylor & Francis,2
1321-7348,1758-8863,ACCOUNT,Asian Review of Accounting,Emerald,2
1035-6908,1835-2561,ACCOUNT,Australian Accounting Review,Wiley-Blackwell,2
1755-3091,2214-1421,ACCOUNT,China Journal of Accounting Research,Elsevier,2
1936-1270,,ACCOUNT,Current Issues in Auditing,American Accounting Association,2
1834-7649,1758-9037,ACCOUNT,International Journal of Accounting and Information Management,Emerald,2
1467-0895,1873-4723,ACCOUNT,International Journal of Accounting Information Systems,Elsevier,2
1740-8008,1740-8016,ACCOUNT,"International Journal of Accounting, Auditing and Performance Evaluation",Inderscience Publishers,2
1090-6738,1099-1123,ACCOUNT,International Journal of Auditing,Wiley-Blackwell,2
1741-3591,1746-6539,ACCOUNT,International Journal of Disclosure and Governance,Springer Nature,2
1753-6715,1753-6723,ACCOUNT,International Journal of Managerial and Financial Accounting,Inderscience Publishers,2
1832-5912,1839-5473,ACCOUNT,Journal of Accounting and Organizational Change,Emerald,2
2042-1168,2042-1176,ACCOUNT,Journal of Accounting in Emerging Economies,Emerald,2
0967-5426,1758-8855,ACCOUNT,Journal of Applied Accounting Research,Emerald,2
1815-5669,2352-3298,ACCOUNT,Journal of Contemporary Accounting and Economics,Elsevier,2
,2380-2138,ACCOUNT,Journal of Forensic Accounting Research,American Accounting Association,2
1542-6297,1558-8025,ACCOUNT,Journal of International Accounting Research,American Accounting Association,2
0954-1314,1467-646X,ACCOUNT,Journal of International Financial Management and Accounting,Wiley-Blackwell,2
1049-2127,1558-8033,ACCOUNT,Journal of Management Accounting Research,American Accounting Association,2
2191-4761,2191-477X,ACCOUNT,Journal of Management Control,Springer Nature,2
1096-3367,1945-1814,ACCOUNT,"Journal of Public Budgeting, Accounting and Financial Management",Emerald,2
2059-190X,2059-190X,ACCOUNT,Journal of Tax Administration,University of Exeter Business School,2
0268-6902,1758-7735,ACCOUNT,Managerial Auditing Journal,Emerald,2
1176-6093,1758-7654,ACCOUNT,Qualitative Research in Accounting and Management,Emerald,2
2040-8021,2040-803X,ACCOUNT,"Sustainability Accounting, Management and Policy Journal",Emerald,2
,2737-7482,ACCOUNT,"Accounting, Finance & Governance Review",Irish Accounting and Finance Association,1
1479-3598,,ACCOUNT,Advances in Environmental Accounting and Management,Emerald,1
1041-7060,,ACCOUNT,Advances in Public Interest Accounting,Emerald,1
2046-8083,2046-8091,ACCOUNT,"African Journal of Accounting, Auditing and Finance",Inderscience Publishers,1
2459-9700,2443-4175,ACCOUNT,Asian Journal of Accounting Research,Emerald,1
1543-866X,,ACCOUNT,ATA Journal of Legal Tax Research,American Accounting Association,1
1834-2000,1834-2019,ACCOUNT,"Australasian Accounting, Business and Finance Journal",University of Wollongong,1
2169-7213,2169-7221,ACCOUNT,China Journal of Accounting Studies,Taylor & Francis,1
1262-2788,,ACCOUNT,Comptabilite Controle Audit,Francophone Association of Accounting,1
0736-6981,1936-1009,ACCOUNT,EDPACS,Taylor & Francis,1
1757-9848,1757-9856,ACCOUNT,International Journal of Critical Accounting,Inderscience Publishers,1
1583-4387,2559-6004,ACCOUNT,Journal of Accounting and Management Information Systems,"Editura ASE, Romania",1
,2141-6664,ACCOUNT,Journal of Accounting and Taxation,Academic Journals,1
,2165-3755,ACCOUNT,Journal of Forensic and Investigative Accounting (previously Journal of Forensic Accounting),NACVA-National Association of Certified Valuators and Analysts,1
,2155-3815,ACCOUNT,Journal of Governmental & Non-Profit Accounting,American Accounting Association,1
0888-7985,1558-7959,ACCOUNT,Journal of Information Systems,American Accounting Association,1
1759-0817,1759-0817,ACCOUNT,Journal of Islamic Accounting and Business Research,Emerald,1
2209-038X,2209-0398,ACCOUNT,Management Accounting Frontiers,CMA Australia,1
2049-372X,2049-3738,ACCOUNT,Meditari Accountancy Research,Emerald,1
0114-0582,2041-5494,ACCOUNT,Pacific Accounting Review,Emerald,1
1574-0765,,ACCOUNT,Research on Professional Responsibility and Ethics in Accounting,Emerald,1
,1808-057X,ACCOUNT,Revista Contabilidade & Finanças,Universidade de São Paulo,1
1138-4891,1988-4672,ACCOUNT,Revista de Contabilidad-Spanish Accounting Review,Elsevier,1
0210-2412,2332-0753,ACCOUNT,Revista Espanola de Financiacion y Contabilidad,Taylor & Francis,1
0969-160X,2156-2245,ACCOUNT,Social and Environmental Accountability Journal,Taylor & Francis,1
1029-1954,2376-3981,ACCOUNT,South African Journal of Accounting Research,Taylor & Francis,1
1878-4917,2352-9237,ACCOUNT,World Tax Journal,International Bureau of Fiscal Documentation,1
0007-6791,1743-7938,BUS HIST & ECON HIST,Business History,Taylor & Francis,4
0007-6805,2044-768X,BUS HIST & ECON HIST,Business History Review,Cambridge University Press,4
0013-0117,1468-0289,BUS HIST & ECON HIST,Economic History Review,Wiley-Blackwell,4
1467-2227,1467-2235,BUS HIST & ECON HIST,Enterprise and Society,Cambridge University Press,3
1361-4916,1474-0044,BUS HIST & ECON HIST,European Review of Economic History,Oxford University Press,3
0014-4983,1090-2457,BUS HIST & ECON HIST,Explorations in Economic History,Elsevier,3
0022-0507,1471-6372,BUS HIST & ECON HIST,Journal of Economic History,Cambridge University Press,3
0148-4184,2327-4468,BUS HIST & ECON HIST,Accounting Historians Journal,American Accounting Association,2
1032-3732,1749-3374,BUS HIST & ECON HIST,Accounting History,SAGE,2
2155-2851,2155-286X,BUS HIST & ECON HIST,Accounting History Review,Taylor & Francis,2
0004-8992,1467-8446,BUS HIST & ECON HIST,Australian Economic History Review,Wiley-Blackwell,2
1863-2505,1863-2513,BUS HIST & ECON HIST,Cliometrica,Springer Nature,2
2078-0389,2078-0397,BUS HIST & ECON HIST,Economic History of Developing Regions,Taylor & Francis,2
1161-2770,2100-9864,BUS HIST & ECON HIST,Entreprises et Histoire,Editions ESKA,2
,2376-9459,BUS HIST & ECON HIST,Essays in Economic and Business History,The Economic & Business History Society,2
0967-2567,1469-5936,BUS HIST & ECON HIST,European Journal of the History of Economic Thought,Taylor & Francis,2
0968-5650,1474-0052,BUS HIST & ECON HIST,Financial History Review,Cambridge University Press,2
1053-8372,1469-9656,BUS HIST & ECON HIST,Journal of the History of Economic Thought,Cambridge University Press,2
0022-5266,1759-3999,BUS HIST & ECON HIST,Journal of Transport History,SAGE,2
0023-656X,1469-9702,BUS HIST & ECON HIST,Labor History,Taylor & Francis,2
1744-9359,1744-9367,BUS HIST & ECON HIST,Management and Organizational History,Taylor & Francis,2
1362-1572,2049-4459,BUS HIST & ECON HIST,Historical Studies in Industrial Relations,Liverpool University Press,1
0332-4893,2050-4918,BUS HIST & ECON HIST,Irish Economic and Social History,SAGE,1
0391-5115,2499-8281,BUS HIST & ECON HIST,Journal of European Economic History,Bancaria Editrice,1
1755-750X,1755-7518,BUS HIST & ECON HIST,Journal of Historical Research in Marketing,Emerald,1
1751-1348,1758-7751,BUS HIST & ECON HIST,Journal of Management History,Emerald,1
0212-6109,2041-3335,BUS HIST & ECON HIST,Revista de Historia Economica - Journal of Iberian and Latin American Economic History,Cambridge University Press,1
0358-5522,1750-2837,BUS HIST & ECON HIST,Scandinavian Economic History Review,Taylor & Francis,1
0342-2852,2367-2293,BUS HIST & ECON HIST,Zeitschrift für Unternehmensgeschichte,Walter de Gruyter,1
0002-8282,1944-7981,ECON,American Economic Review,American Economic Association,4*
0090-5364,2168-8966,ECON,Annals of Statistics,Institute of Mathematical Statistics,4*
0012-9682,1468-0262,ECON,Econometrica,Wiley-Blackwell,4*
0022-3808,1537-534X,ECON,Journal of Political Economy,University of Chicago Press,4*
0033-5533,1531-4650,ECON,Quarterly Journal of Economics,Oxford University Press,4*
0034-6527,1467-937X,ECON,Review of Economic Studies,Oxford University Press,4*
1945-7782,1945-7790,ECON,American Economic Journal: Applied Economics,American Economic Association,4
1945-7707,1945-7715,ECON,American Economic Journal: Macroeconomics,American Economic Association,4
0006-3444,1464-3510,ECON,Biometrika,Oxford University Press,4
0266-4666,1469-4360,ECON,Econometric Theory,Cambridge University Press,4
0013-0133,1468-0297,ECON,Economic Journal,Wiley-Blackwell,4
0020-6598,1468-2354,ECON,International Economic Review,Wiley-Blackwell,4
0735-0015,1537-2707,ECON,Journal of Business and Economic Statistics,Taylor & Francis,4
0304-4076,1872-6895,ECON,Journal of Econometrics,Elsevier,4
0022-0515,2328-8175,ECON,Journal of Economic Literature,American Economic Association,4
0895-3309,1944-7965,ECON,Journal of Economic Perspectives,American Economic Association,4
0022-0531,1095-7235,ECON,Journal of Economic Theory,Elsevier,4
0022-1996,1873-0353,ECON,Journal of International Economics,Elsevier,4
0734-306X,1537-5307,ECON,Journal of Labor Economics,University of Chicago Press,4
0304-3932,1873-1295,ECON,Journal of Monetary Economics,Elsevier,4
0162-1459,1537-274X,ECON,Journal of the American Statistical Association,Taylor & Francis,4
1542-4774,1542-4766,ECON,Journal of the European Economic Association,Wiley-Blackwell,4
1369-7412,1467-9868,ECON,Journal of the Royal Statistical Society. Series B: Statistical Methodology,Oxford University Press,4
1759-7323,1759-7331,ECON,Quantitative Economics,Wiley-Blackwell,4
0741-6261,1756-2171,ECON,RAND Journal of Economics,Wiley-Blackwell,4
0034-6535,1530-9142,ECON,Review of Economics and Statistics,MIT Press,4
1933-6837,1555-7561,ECON,Theoretical Economics,The Econometric Society,4
1945-7731,1945-774X,ECON,American Economic Journal: Economic Policy,American Economic Association,3
1945-7669,1945-7685,ECON,American Economic Journal: Microeconomics,American Economic Association,3
2640-205X,2640-2068,ECON,American Economic Review: Insights,American Economic Association,3
0002-9092,1467-8276,ECON,American Journal of Agricultural Economics,Wiley-Blackwell,3
1941-1383,1941-1391,ECON,Annual Review of Economics,Annual Reviews Inc.,3
0007-2303,1533-4465,ECON,Brookings Papers on Economic Activity,Brookings Institution Press,3
0309-166X,1464-3545,ECON,Cambridge Journal of Economics,Oxford University Press,3
0008-4085,1540-5982,ECON,Canadian Journal of Economics,Wiley-Blackwell,3
0167-9473,1872-7352,ECON,Computational Statistics and Data Analysis,Elsevier,3
0921-8009,1873-6106,ECON,Ecological Economics,Elsevier,3
0747-4938,1532-4168,ECON,Econometric Reviews,Taylor & Francis,3
1368-4221,1368-423X,ECON,Econometrics Journal,Oxford University Press,3
0013-0079,1539-2988,ECON,Economic Development and Cultural Change,University of Chicago Press,3
0095-2583,1465-7295,ECON,Economic Inquiry,Wiley-Blackwell,3
0266-4658,1468-0327,ECON,Economic Policy,Oxford University Press,3
0938-2259,1432-0479,ECON,Economic Theory,Springer Nature,3
0013-0427,1468-0335,ECON,Economica,Wiley-Blackwell,3
0165-1765,1873-7374,ECON,Economics Letters,Elsevier,3
0140-9883,1873-6181,ECON,Energy Economics,Elsevier,3
0924-6460,1573-1502,ECON,Environmental and Resource Economics,Springer Nature,3
0014-2921,1873-572X,ECON,European Economic Review,Elsevier,3
0165-1587,1464-3618,ECON,European Review of Agricultural Economics,Oxford University Press,3
1386-4157,1573-6938,ECON,Experimental Economics,Springer Nature,3
0899-8256,1090-2473,ECON,Games and Economic Behavior,Elsevier,3
1057-9230,1099-1050,ECON,Health Economics (United Kingdom),Wiley-Blackwell,3
2041-4161,2041-417X,ECON,IMF Economic Review,Springer Nature,3
0167-7187,1873-7986,ECON,International Journal of Industrial Organization,Elsevier,3
0306-7734,1751-5823,ECON,International Statistical Review,Wiley-Blackwell,3
0021-857X,1477-9552,ECON,Journal of Agricultural Economics,Wiley-Blackwell,3
0883-7252,1099-1255,ECON,Journal of Applied Econometrics,Wiley-Blackwell,3
0147-5967,1095-7227,ECON,Journal of Comparative Economics,Elsevier,3
1061-8600,1537-2715,ECON,Journal of Computational and Graphical Statistics,Taylor & Francis,3
0304-3878,1872-6089,ECON,Journal of Development Economics,Elsevier,3
0167-2681,1879-1751,ECON,Journal of Economic Behavior and Organization,Elsevier,3
0165-1889,1879-1743,ECON,Journal of Economic Dynamics and Control,Elsevier,3
1381-4338,1573-7020,ECON,Journal of Economic Growth,Springer Nature,3
0095-0696,1096-0449,ECON,Journal of Environmental Economics and Management,Elsevier,3
0167-6296,1879-1646,ECON,Journal of Health Economics,Elsevier,3
1932-8575,1932-8664,ECON,Journal of Human Capital,University of Chicago Press,3
0022-166X,1548-8004,ECON,Journal of Human Resources,University of Wisconsin Press,3
0022-1821,1467-6451,ECON,Journal of Industrial Economics,Wiley-Blackwell,3
1744-1374,1744-1382,ECON,Journal of Institutional Economics,Cambridge University Press,3
0022-2186,1537-5285,ECON,Journal of Law and Economics,University of Chicago Press,3
8756-6222,1465-7341,ECON,"Journal of Law, Economics, and Organization",Oxford University Press,3
0047-2530,1537-5366,ECON,Journal of Legal Studies,University of Chicago Press,3
0304-4068,1873-1538,ECON,Journal of Mathematical Economics,Elsevier,3
0047-259X,1095-7243,ECON,Journal of Multivariate Analysis,Elsevier,3
0933-1433,1432-1475,ECON,Journal of Population Economics,Springer Nature,3
0047-2727,0047-2727,ECON,Journal of Public Economics,Elsevier,3
0895-5646,1573-0476,ECON,Journal of Risk and Uncertainty,Springer Nature,3
2333-5955,2333-5963,ECON,Journal of the Association of Environmental and Resource Economists,University of Chicago Press,3
0964-1998,1467-985X,ECON,Journal of the Royal Statistical Society. Series A: Statistics in Society,Oxford University Press,3
0035-9254,1467-9876,ECON,Journal of the Royal Statistical Society. Series C: Applied Statistics,Oxford University Press,3
0143-9782,1467-9892,ECON,Journal of Time Series Analysis,Wiley-Blackwell,3
0094-1190,1095-9068,ECON,Journal of Urban Economics,Elsevier,3
0927-5371,1879-1034,ECON,Labour Economics,Elsevier,3
0023-7639,1543-8325,ECON,Land Economics,University of Wisconsin Press,3
0305-9049,1468-0084,ECON,Oxford Bulletin of Economics and Statistics,Wiley-Blackwell,3
0030-7653,1464-3812,ECON,Oxford Economic Papers,Oxford University Press,3
0048-5829,1573-7101,ECON,Public Choice,Springer Nature,3
1080-8620,1540-6229,ECON,Real Estate Economics,Wiley-Blackwell,3
1094-2025,1096-6099,ECON,Review of Economic Dynamics,Elsevier,3
0034-6586,1475-4991,ECON,Review of Income and Wealth,Wiley-Blackwell,3
0347-0520,1467-9442,ECON,Scandinavian Journal of Economics,Wiley-Blackwell,3
0303-6898,1467-9469,ECON,Scandinavian Journal of Statistics,Wiley-Blackwell,3
0176-1714,1432-217X,ECON,Social Choice and Welfare,Springer Nature,3
0258-6770,1564-698X,ECON,World Bank Economic Review,Oxford University Press,3
0731-9053,,ECON,Advances in Econometrics,Emerald,2
0169-5150,1574-0862,ECON,Agricultural Economics (United Kingdom),Wiley-Blackwell,2
2332-3493,2332-3507,ECON,American Journal of Health Economics,University of Chicago Press,2
1465-7252,1465-7260,ECON,American Law and Economics Review,Oxford University Press,2
1932-6157,1941-7330,ECON,Annals of Applied Statistics,Institute of Mathematical Statistics,2
1529-7373,1529-7373,ECON,Annals of Economics and Finance,Peking University Press,2
1370-4788,1467-8292,ECON,Annals of Public and Cooperative Economics,Wiley-Blackwell,2
1941-1340,1941-1359,ECON,Annual Review of Resource Economics,Annual Reviews Inc.,2
2040-5790,2040-5804,ECON,Applied Economic Perspectives and Policy,Wiley-Blackwell,2
0003-6846,1466-4283,ECON,Applied Economics,Taylor & Francis,2
1364-985X,1467-8489,ECON,Australian Journal of Agricultural and Resource Economics,Wiley-Blackwell,2
2194-6108,1935-1682,ECON,B.E. Journal of Economic Analysis and Policy,Walter de Gruyter,2
,1935-1690,ECON,B.E. Journal of Macroeconomics,Walter de Gruyter,2
2194-6124,1935-1704,ECON,B.E. Journal of Theoretical Economics,Walter de Gruyter,2
0307-3378,1467-8586,ECON,Bulletin of Economic Research,Wiley-Blackwell,2
0008-3976,1744-7976,ECON,Canadian Journal of Agricultural Economics,Wiley-Blackwell,2
1610-241X,1612-7501,ECON,CESifo Economic Studies,Oxford University Press,2
1043-951X,1873-7781,ECON,China Economic Review,Elsevier,2
0943-4062,1613-9658,ECON,Computational Statistics,Springer Nature,2
1074-3529,1465-7287,ECON,Contemporary Economic Policy,Wiley-Blackwell,2
0277-5921,1464-3588,ECON,Contributions to Political Economy,Oxford University Press,2
1024-2694,1476-8267,ECON,Defence and Peace Economics,Taylor & Francis,2
1933-527X,1933-527X,ECON,Econ Journal Watch,Institute of Spontaneous Order Economics,2
0264-9993,1873-6122,ECON,Economic Modelling,Elsevier,2
0013-0249,1475-4932,ECON,Economic Record,Wiley-Blackwell,2
0939-3625,1878-5433,ECON,Economic Systems,Elsevier,2
0953-5314,1469-5758,ECON,Economic Systems Research,Taylor & Francis,2
,2196-1093,ECON,Economic Theory Bulletin,Springer Nature,2
1570-677X,1873-6130,ECON,Economics and Human Biology,Elsevier,2
0266-2671,1474-0028,ECON,Economics and Philosophy,Cambridge University Press,2
0954-1985,1468-0343,ECON,Economics and Politics,Wiley-Blackwell,2
0272-7757,1873-7382,ECON,Economics of Education Review,Elsevier,2
1043-8599,1476-8364,ECON,Economics of Innovation and New Technology,Taylor & Francis,2
2577-6975,2577-6983,ECON,Economics of Transition and Institutional Change,Wiley-Blackwell,2
0377-7332,1435-8921,ECON,Empirical Economics,Springer Nature,2
1355-770X,1469-4395,ECON,Environment and Development Economics,Cambridge University Press,2
1618-7598,1439-6637,ECON,European Journal of Health Economics,Springer Nature,2
0176-2680,1873-5703,ECON,European Journal of Political Economy,Elsevier,2
0143-5671,1475-5890,ECON,Fiscal Studies,Wiley-Blackwell,2
1554-964X,1554-9658,ECON,GENEVA Risk and Insurance Review,Springer Nature,2
1465-6485,1468-0475,ECON,German Economic Review,Walter de Gruyter,2
0018-2702,1527-1919,ECON,History of Political Economy,Duke University Press,2
0167-6245,1873-5975,ECON,Information Economics and Policy,Elsevier,2
1742-7355,1742-7363,ECON,International Journal of Economic Theory,Wiley-Blackwell,2
0020-7276,1432-1270,ECON,International Journal of Game Theory,Springer Nature,2
2199-9023,2199-9031,ECON,International Journal of Health Economics and Management,Springer Nature,2
1357-1516,1466-1829,ECON,International Journal of the Economics of Business,Taylor & Francis,2
1059-0560,1873-8036,ECON,International Review of Economics and Finance,Elsevier,2
1932-1465,1932-1473,ECON,International Review of Environmental and Resource Economics,Now Publishers Inc.,2
0144-8188,1873-6394,ECON,International Review of Law and Economics,Elsevier,2
0963-8024,1464-3723,ECON,Journal of African Economies,Oxford University Press,2
1471-0358,1471-0366,ECON,Journal of Agrarian Change,Wiley-Blackwell,2
1068-5502,2327-8285,ECON,Journal of Agricultural and Resource Economics,Western Agricultural Economics Association,2
0021-9002,1475-6072,ECON,Journal of Applied Probability,Cambridge University Press,2
0266-4763,1360-0532,ECON,Journal of Applied Statistics,Taylor & Francis,2
2214-8043,2214-8051,ECON,Journal of Behavioral and Experimental Economics,Elsevier,2
0044-2372,1861-8928,ECON,Journal of Business Economics,Springer Nature,2
0885-2545,1573-6997,ECON,Journal of Cultural Economics,Springer Nature,2
1569-1721,1573-8701,ECON,Journal of Economic Inequality,Springer Nature,2
0021-3624,1946-326X,ECON,Journal of Economic Issues,Taylor & Francis,2
1350-178X,1469-9427,ECON,Journal of Economic Methodology,Taylor & Francis,2
0144-3585,1758-7387,ECON,Journal of Economic Studies,Emerald,2
0950-0804,1467-6419,ECON,Journal of Economic Surveys,Wiley-Blackwell,2
0931-8658,1617-7134,ECON,Journal of Economics/ Zeitschrift fur Nationalokonomie,Springer Nature,2
0936-9937,1432-1386,ECON,Journal of Evolutionary Economics,Springer Nature,2
1058-0476,1573-3475,ECON,Journal of Family and Economic Issues,Springer Nature,2
1104-6899,1618-1530,ECON,Journal of Forest Economics,Now Publishers Inc.,2
1051-1377,1096-0791,ECON,Journal of Housing Economics,Elsevier,2
1566-1679,1573-7012,ECON,"Journal of Industry, Competition and Trade",Springer Nature,2
0932-4569,1614-0559,ECON,Journal of Institutional and Theoretical Economics,JCB Mohr,2
0954-1748,1099-1328,ECON,Journal of International Development,Wiley-Blackwell,2
0164-0704,1873-152X,ECON,Journal of Macroeconomics,Elsevier,2
1048-5252,1029-0311,ECON,Journal of Nonparametric Statistics,Taylor & Francis,2
0161-8938,1873-8060,ECON,Journal of Policy Modeling,Elsevier,2
0160-3477,1557-7821,ECON,Journal of Post Keynesian Economics,Taylor & Francis,2
0895-562X,1573-0441,ECON,Journal of Productivity Analysis,Springer Nature,2
1467-9779,1097-3923,ECON,Journal of Public Economic Theory,Wiley-Blackwell,2
0922-680X,1573-0468,ECON,Journal of Regulatory Economics,Springer Nature,2
0378-3758,1873-1171,ECON,Journal of Statistical Planning and Inference,Elsevier,2
2212-828X,2212-8298,ECON,Journal of the Economics of Ageing,Elsevier,2
0889-1583,1095-8681,ECON,Journal of the Japanese and International Economies,Elsevier,2
2194-6507,1941-1928,ECON,Journal of Time Series Econometrics,Walter de Gruyter,2
1365-1005,1469-8056,ECON,Macroeconomic Dynamics,Cambridge University Press,2
0143-6570,1099-1468,ECON,Managerial and Decision Economics,Wiley-Blackwell,2
1463-6786,1467-9957,ECON,Manchester School,Wiley-Blackwell,2
0165-4896,1879-3118,ECON,Mathematical Social Sciences,Elsevier,2
0028-0283,1944-7477,ECON,National Tax Journal,National Tax Association,2
1566-113X,1572-9427,ECON,Networks and Spatial Economics,Springer Nature,2
1062-9408,1879-0860,ECON,North American Journal of Economics and Finance,Elsevier,2
0923-7992,1573-708X,ECON,Open Economies Review,Springer Nature,2
1360-0818,1469-9966,ECON,Oxford Development Studies,Taylor & Francis,2
0266-903X,1460-2121,ECON,Oxford Review of Economic Policy,Oxford University Press,2
1361-374X,1468-0106,ECON,Pacific Economic Review,Wiley-Blackwell,2
1170-7690,1179-2027,ECON,PharmacoEconomics,Springer Nature,2
1062-9769,1878-4259,ECON,Quarterly Review of Economics and Finance,Elsevier,2
1043-4631,1461-7358,ECON,Rationality and Society,SAGE,2
0928-7655,1873-0221,ECON,Resource and Energy Economics,Elsevier,2
0301-4207,1873-7641,ECON,Resources Policy,Elsevier,2
2326-6198,2326-6201,ECON,Review of Behavioral Economics,Now Publishers Inc.,2
1363-6669,1467-9361,ECON,Review of Development Economics,Wiley-Blackwell,2
1434-4742,1434-4750,ECON,Review of Economic Design,Springer Nature,2
1569-5239,1573-7152,ECON,Review of Economics of the Household,Springer Nature,2
1750-6816,1750-6824,ECON,Review of Environmental Economics and Policy,University of Chicago Press,2
0889-938X,1573-7160,ECON,Review of Industrial Organization,Springer Nature,2
0965-7576,1467-9396,ECON,Review of International Economics,Wiley-Blackwell,2
1555-5879,1555-5879,ECON,Review of Law and Economics,Walter de Gruyter,2
2194-5993,1446-9022,ECON,Review of Network Economics,Walter de Gruyter,2
0953-8259,1465-3982,ECON,Review of Political Economy,Taylor & Francis,2
1610-2878,1610-2886,ECON,Review of World Economics,Springer Nature,2
0036-9292,1467-9485,ECON,Scottish Journal of Political Economy,Wiley-Blackwell,2
0038-4038,2325-8012,ECON,Southern Economic Journal,Wiley-Blackwell,2
1742-1772,1742-1780,ECON,Spatial Economic Analysis,Taylor & Francis,2
1536-867X,1536-8734,ECON,Stata Journal,Stata Press,2
0167-7152,1879-2103,ECON,Statistics and Probability Letters,Elsevier,2
1081-1826,1558-3708,ECON,Studies in Nonlinear Dynamics and Econometrics,Walter de Gruyter,2
0257-3032,1564-6971,ECON,World Bank Research Observer,Oxford University Press,2
0378-5920,1467-9701,ECON,World Economy,Wiley-Blackwell,2
1529-2134,,ECON,Advances in Austrian Economics,Emerald,1
2090-3359,2090-3367,ECON,Advances in Decision Sciences,Asia University,1
0303-1853,2078-0400,ECON,Agrekon,Taylor & Francis,1
1068-2805,2372-2614,ECON,Agricultural and Resource Economics Review,Cambridge University Press,1
2115-4430,1968-3863,ECON,Annals of Economics and Statistics,Groupe des ecoles nationales d'economie et statistique,1
2632-7627,2632-7627,ECON,Applied Economic Analysis,Emerald,1
1350-4851,1466-4291,ECON,Applied Economics Letters,Taylor & Francis,1
1175-5652,1179-1896,ECON,Applied Health Economics and Heath Policy,Springer Nature,1
1365-7305,1551-8663,ECON,"Aquaculture, Economics and Management",Taylor & Francis,1
1351-3958,1467-8381,ECON,Asian Economic Journal,Wiley-Blackwell,1
1535-3516,1536-0083,ECON,Asian Economic Papers,MIT Press,1
0197-4254,1573-9678,ECON,Atlantic Economic Journal,Springer Nature,1
0004-900X,1467-8454,ECON,Australian Economic Papers,Wiley-Blackwell,1
0004-9018,1467-8462,ECON,Australian Economic Review,Wiley-Blackwell,1
1406-099X,2334-4385,ECON,Baltic Journal of Economics,Taylor & Francis,1
2398-063X,2398-0648,ECON,Behavioural Public Policy,Cambridge University Press,1
0007-4918,1472-7234,ECON,Bulletin of Indonesian Economic Studies,Taylor & Francis,1
0007-666X,1554-432X,ECON,Business Economics,Springer Nature,1
1756-137X,1756-1388,ECON,China Agricultural Economic Review,Emerald,1
1671-2234,1749-124X,ECON,China and World Economy,Wiley-Blackwell,1
1753-8963,1753-8971,ECON,China Economic Journal,Taylor & Francis,1
,2332-2039,ECON,Cogent Economics and Finance,Taylor & Francis,1
0888-7233,1478-3320,ECON,Comparative Economic Studies,Springer Nature,1
0927-7099,1572-9974,ECON,Computational Economics,Springer Nature,1
1043-4062,1572-9966,ECON,Constitutional Political Economy,Springer Nature,1
2084-0845,2300-8814,ECON,Contemporary Economics,University of Economics and Human Sciences in Warsaw,1
2199-1227,2199-1235,ECON,Credit and Capital Markets,Duncker & Humblot GmbH,1
0013-063X,1572-9982,ECON,De Economist,Springer Nature,1
1593-8883,1129-6569,ECON,Decisions in Economics and Finance,Springer Nature,1
2153-0785,2153-0793,ECON,Dynamic Games and Applications,Springer Nature,1
0094-5056,1939-4632,ECON,Eastern Economic Journal,Springer Nature,1
0012-8775,1557-9298,ECON,Eastern European Economics,Taylor & Francis,1
,2225-1146,ECON,Econometrics,Multidisciplinary Digital Publishing Institute (MDPI),1
1517-7580,2358-2820,ECON,EconomiA,Emerald,1
1578-0732,2174-7350,ECON,Economia Agraria y Recursos Naturales – Agricultural and Resource Economics,Universitat Politècnica de València,1
0313-5926,0313-5926,ECON,Economic Analysis and Policy,Elsevier,1
0012-9984,0012-9984,ECON,Economic and Social Review,Economic and Social Studies,1
1573-9414,1574-0277,ECON,Economic Change and Restructuring,Springer Nature,1
1363-7029,2514-5479,ECON,Economic Issues,Nottingham Trent University,1
0391-5026,1468-0300,ECON,Economic Notes,Wiley-Blackwell,1
1331-677X,1848-9664,ECON,Economic Research-Ekonomska Istraživanja,Taylor & Francis,1
,2254-4380,ECON,Economics and Business Letters,Universidad de Oviedo,1
2071-789X,2306-3459,ECON,Economics and Sociology,Centre of Sociological Research,1
2160-5882,2160-5890,ECON,Economics of Energy and Environmental Policy,International Association for Energy Economics,1
1435-6104,1435-8131,ECON,Economics of Governance,Springer Nature,1
2212-0122,2212-0130,ECON,Economics of Transportation,Elsevier,1
,2227-7099,ECON,Economies,Multidisciplinary Digital Publishing Institute (MDPI),1
1553-3832,1553-3832,ECON,Economists' Voice,Walter de Gruyter,1
0964-5292,1469-5782,ECON,Education Economics,Taylor & Francis,1
1994-5124,2411-2658,ECON,Ekonomicheskaya Politika / Economic Policy,The Russian Academy of National Economy and Public Administration (RANEPA),1
0013-3205,2299-6184,ECON,Ekonomista,Polish Economic Society; Institute of Economics Polish Academy of Sciences,1
0340-8744,1573-6911,ECON,Empirica,Springer Nature,1
1432-847X,1867-383X,ECON,Environmental Economics and Policy Studies,Springer Nature,1
1309-422X,2147-429X,ECON,Eurasian Economic Review,Springer Nature,1
2052-7764,2052-7772,ECON,European Journal of Economics and Economic Policies: Intervention,Edward Elgar Publishing Ltd.,1
0929-1261,1572-9990,ECON,European Journal of Law and Economics,Springer Nature,1
0015-2218,1614-0974,ECON,FinanzArchiv,JCB Mohr,1
2194-6191,1558-9544,ECON,Forum for Health Economics and Policy,Walter de Gruyter,1
1551-3076,1551-3084,ECON,Foundations and Trends in Econometrics,Now Publishers Inc.,1
2073-4336,,ECON,Games,Multidisciplinary Digital Publishing Institute (MDPI),1
1226-508X,1744-3873,ECON,Global Economic Review,Taylor & Francis,1
2194-5659,1553-5304,ECON,Global Economy Journal,World Scientific,1
0974-9101,0975-2730,ECON,Global Journal of Emerging Market Economies,SAGE,1
0210-1173,2386-4176,ECON,Hacienda Pública Española / Review of Public Economics,Instituto de Estudios Fiscales (España),1
2047-8747,2047-8755,ECON,Interdisciplinary Journal of Economics and Business Law,CJEAS Ltd,1
0020-5346,1613-964X,ECON,Intereconomics,Sciendo,1
1083-0898,1573-966X,ECON,International Advances in Economic Research,Springer Nature,1
1016-8737,1743-517X,ECON,International Economic Journal,Taylor & Francis,1
2110-7017,2542-6869,ECON,International Economics,Elsevier,1
0219-1989,1793-6675,ECON,International Game Theory Review,World Scientific,1
1757-1170,1757-1189,ECON,International Journal of Computational Economics and Econometrics,Inderscience Publishers,1
0973-1385,0973-7537,ECON,International Journal of Ecological Economics and Statistics,CESER Publications,1
2049-2790,2049-2804,ECON,International Journal of Happiness and Development,Inderscience Publishers,1
0891-1916,1558-0970,ECON,International Journal of Political Economy,Taylor & Francis,1
0306-8293,1758-6712,ECON,International Journal of Social Economics,Emerald,1
0269-2171,1465-3486,ECON,International Review of Applied Economics,Taylor & Francis,1
0021-4027,2366-049X,ECON,Jahrbucher fur Nationalokonomie und Statistik,Walter de Gruyter,1
0922-1425,1879-2006,ECON,Japan and the World Economy,Elsevier,1
1352-4739,1468-5876,ECON,Japanese Economic Review,Springer Nature,1
2329-194X,2329-1958,ECON,Japanese Political Economy,Taylor & Francis,1
1614-3485,1867-8343,ECON,Journal for Labour Market Research,Springer Nature,1
1074-0708,2056-7405,ECON,Journal of Agricultural & Applied Economics,Cambridge University Press,1
1542-0485,1542-0485,ECON,Journal of Agricultural and Food Industrial Organization,Walter de Gruyter,1
0969-6997,1873-2089,ECON,Journal of Air Transport Management,Elsevier,1
1514-0326,1667-6726,ECON,Journal of Applied Economics,Taylor & Francis,1
1049-0078,1873-7927,ECON,Journal of Asian Economics,Elsevier,1
1387-6996,1573-6989,ECON,Journal of Bioeconomics,Springer Nature,1
1755-5345,1755-5345,ECON,Journal of Choice Modelling,Elsevier,1
1744-6414,1744-6422,ECON,Journal of Competition Law & Economics,Oxford University Press,1
0022-037X,1548-2278,ECON,Journal of Developing Areas,Tennessee State University College of Business,1
,2156-6674,ECON,Journal of Econometric Methods,Walter de Gruyter,1
2054-6238,2054-6246,ECON,Journal of Economic and Administrative Sciences,Emerald,1
1995-7076,2312-2803,ECON,Journal of Economic and Financial Sciences,AOSIS (pty) Ltd,1
1703-4949,2352-8397,ECON,Journal of Economic Asymmetries,Elsevier,1
1308-7800,2980-1125,ECON,Journal of Economic Cooperation and Development,"Statistical, Economic and Social Research and Training Centre for Islamic Countries (SESRIC)",1
0022-0485,2152-4068,ECON,Journal of Economic Education,Taylor & Francis,1
1225-651X,1976-5525,ECON,Journal of Economic Integration,Sejong University,1
1860-711X,1860-7128,ECON,Journal of Economic Interaction and Coordination,Springer Nature,1
1748-7870,1748-7889,ECON,Journal of Economic Policy Reform,Taylor & Francis,1
,1751-8008,ECON,Journal of Gambling Business and Economics,UBP,1
0926-6437,1874-6322,ECON,Journal of Income Distribution,Ad libros publications inc.,1
0391-2078,1972-4977,ECON,Journal of Industrial and Business Economics,Springer Nature,1
0260-1079,2321-5305,ECON,Journal of Interdisciplinary Economics,SAGE,1
0963-8199,1469-9559,ECON,Journal of International Trade and Economic Development,Taylor & Francis,1
2399-844X,2399-8458,ECON,Journal of Mechanism and Institution Design,Society for the Promotion of Mechanism and Institution Design,1
0899-7764,1532-7736,ECON,Journal of Media Economics,Taylor & Francis,1
1354-7860,1469-9648,ECON,Journal of the Asia Pacific Economy,Taylor & Francis,1
2199-6776,2199-6784,ECON,Journal of the Economic Science Association,Springer Nature,1
2196-9639,2196-9647,ECON,Man and the Economy,Walter de Gruyter,1
0026-1386,1467-999X,ECON,Metroeconomica,Wiley-Blackwell,1
2191-2203,2191-2211,ECON,Mineral Economics,Springer Nature,1
1800-5845,1800-6698,ECON,Montenegrin Journal of Economics,"Economic Laboratory for Transition Research, Podgorica",1
0027-9501,1741-3036,ECON,National Institute Economic Review,Cambridge University Press,1
0028-0739,0028-0739,ECON,Natural Resources Journal,University of New Mexico School of Law,1
1385-9587,1573-7071,ECON,NETNOMICS: Economic Research and Electronic Networking,Springer Nature,1
0077-9954,1943-4863,ECON,New Zealand Economic Papers,Taylor & Francis,1
1079-2457,1554-8597,ECON,"Peace Economics, Peace Science and Public Policy",Walter de Gruyter,1
1617-982X,1617-9838,ECON,Portuguese Economic Journal,Springer Nature,1
1463-1377,1465-3958,ECON,Post-Communist Economies,Taylor & Francis,1
2037-3635,2037-3643,ECON,PSL Quarterly Review,Economia Civile Association,1
1752-8925,1752-8925,ECON,Quantitative and Qualitative Analysis in Social Sciences,The York Research Database,1
,2573-0134,ECON,Quantitative Finance and Economics,AIMS Press,1
1098-3708,1936-4806,ECON,Quarterly Journal of Austrian Economics,Ludwig Von Mises Institute,1
1090-9443,1090-9451,ECON,Research in Economics,Elsevier,1
0739-8859,1875-7979,ECON,Research in Transportation Economics,Elsevier,1
0889-3047,1573-7128,ECON,Review of Austrian Economics,Springer Nature,1
,1973-3909,ECON,Review of Economic Analysis,International Centre for Economic Analysis,1
2356-9980,2631-3561,ECON,Review of Economics and Political Science,Emerald,1
1058-3300,1873-5924,ECON,Review of Financial Economics,Wiley-Blackwell,1
0486-6134,1552-8502,ECON,Review of Radical Political Economics,SAGE,1
2618-7213,2405-4739,ECON,Russian Journal of Economics,Non profit partnership “Voprosy Ekonomiki”,1
1869-4187,1869-4195,ECON,SERIEs,Springer Nature,1
1015-8812,2222-3436,ECON,South African Journal of Economic and Management Sciences,AOSIS (pty) Ltd,1
0038-2280,1813-6982,ECON,South African Journal of Economics,Wiley-Blackwell,1
1391-5614,0973-077X,ECON,South Asia Economic Journal,SAGE,1
1932-1864,1932-1872,ECON,Statistical Analysis and Data Mining,Wiley-Blackwell,1
1944-012X,1944-0138,ECON,Strategic Behavior and the Environment,Now Publishers Inc.,1
1418-2106,2063-0476,ECON,Studies in Agricultural Economics,NAIK Research Institute of Agricultural Economics,1
1086-7376,1755-6791,ECON,Studies in Economics and Finance,Emerald,1
2321-0222,2321-8398,ECON,Studies in Microeconomics,SAGE,1
,2235-6282,ECON,Swiss Journal of Economics and Statistics,Springer Nature,1
0736-0932,1874-6381,ECON,The Forum for Social Economics,Taylor & Francis,1
2326-6899,2326-6902,ECON,The Journal of Retirement,Portfolio Management Research,1
0040-747X,1467-9663,ECON,Tijdschrift Voor Economische en Sociale Geografie,Wiley-Blackwell,1
1042-2587,1540-6520,ENT-SBM,Entrepreneurship Theory and Practice,SAGE,4*
0883-9026,1873-2003,ENT-SBM,Journal of Business Venturing,Elsevier,4*
1932-4391,1932-443X,ENT-SBM,Strategic Entrepreneurship Journal,Wiley-Blackwell,4
0898-5626,1464-5114,ENT-SBM,Entrepreneurship and Regional Development,Taylor & Francis,3
0894-4865,1741-6248,ENT-SBM,Family Business Review,SAGE,3
1355-2554,1758-6534,ENT-SBM,International Journal of Entrepreneurial Behaviour and Research,Emerald,3
0266-2426,1741-2870,ENT-SBM,International Small Business Journal,SAGE,3
0047-2778,1540-627X,ENT-SBM,Journal of Small Business Management,Taylor & Francis,3
0921-898X,1573-0913,ENT-SBM,Small Business Economics,Springer Nature,3
2194-6175,2157-5665,ENT-SBM,Entrepreneurship Research Journal,Walter de Gruyter,2
1465-7503,2043-6882,ENT-SBM,International Journal of Entrepreneurship and Innovation,SAGE,2
1476-1297,1741-8054,ENT-SBM,International Journal of Entrepreneurship and Small Business,Inderscience Publishers,2
1649-2269,2009-2822,ENT-SBM,International Review of Entrepreneurship,Senate Hall,2
2352-6734,2352-6734,ENT-SBM,Journal of Business Venturing Insights,Elsevier,2
1877-8585,1877-8593,ENT-SBM,Journal of Family Business Strategy,Elsevier,2
1471-5201,1471-5201,ENT-SBM,Journal of Research in Marketing and Entrepreneurship,Emerald,2
1462-6004,1462-6004,ENT-SBM,Journal of Small Business and Enterprise Development,Emerald,2
1942-0676,1942-0684,ENT-SBM,Journal of Social Entrepreneurship,Taylor & Francis,2
1369-1066,1464-5343,ENT-SBM,Venture Capital,Taylor & Francis,2
1554-7191,1555-1938,ENT-SBM,International Entrepreneurship and Management Journal,Springer Nature,1
1742-5360,1742-5379,ENT-SBM,International Journal of Entrepreneurial Venturing,Inderscience Publishers,1
1468-4330,1741-8127,ENT-SBM,International Journal of Management and Enterprise Development,Inderscience Publishers,1
2576-7712,2576-7720,ENT-SBM,International Journal of Small and Medium Enterprises,Centre for Research on Islamic Banking & Finance and Business,1
1750-6204,1750-6204,ENT-SBM,Journal of Enterprising Communities,Emerald,1
0218-4958,1793-6330,ENT-SBM,Journal of Enterprising Culture,World Scientific,1
0971-3557,0973-0745,ENT-SBM,Journal of Entrepreneurship,SAGE,1
2393-9575,2394-9945,ENT-SBM,Journal of Entrepreneurship and Innovation in Emerging Economies,SAGE,1
2045-2101,2045-211X,ENT-SBM,Journal of Entrepreneurship and Public Policy,Emerald,1
2053-4604,2053-4612,ENT-SBM,Journal of Entrepreneurship in Emerging Economies,Emerald,1
2299-7075,2299-7326,ENT-SBM,"Journal of Entrepreneurship, Management and Innovation",Cognitione Foundation for the Dissemination of Knowledge and Science,1
1570-7385,1573-7349,ENT-SBM,Journal of International Entrepreneurship,Springer Nature,1
0827-6331,2169-2610,ENT-SBM,Journal of Small Business and Entrepreneurship,Taylor & Francis,1
,2531-0046,ENT-SBM,Small Business International Review,Spanish Accounting and Business Administration Association (AECA) and Universidad Politécnica de Cartagena (UPCT),1
1321-5906,1175-0979,ENT-SBM,Small Enterprise Research,Taylor & Francis,1
1750-8614,1750-8533,ENT-SBM,Social Enterprise Journal,Emerald,1
1746-0573,1746-0581,ENT-SBM,"World Review of Entrepreneurship, Management and Sustainable Development",Inderscience Publishers,1
1941-6520,1941-6067,ETHICS-CSR-MAN,Academy of Management Annals,Academy of Management,4*
0001-4273,1948-0989,ETHICS-CSR-MAN,Academy of Management Journal,Academy of Management,4*
0363-7425,1930-3807,ETHICS-CSR-MAN,Academy of Management Review,Academy of Management,4*
0001-8392,1930-3815,ETHICS-CSR-MAN,Administrative Science Quarterly,Johnson School at Cornell University,4*
0149-2063,1557-1211,ETHICS-CSR-MAN,Journal of Management,SAGE,4*
1558-9080,1943-4529,ETHICS-CSR-MAN,Academy of Management Perspectives,Academy of Management,4
1045-3172,1467-8551,ETHICS-CSR-MAN,British Journal of Management,Wiley-Blackwell,4
0022-2380,1467-6486,ETHICS-CSR-MAN,Journal of Management Studies,Wiley-Blackwell,4
,2168-1007,ETHICS-CSR-MAN,Academy of Management Discoveries,Academy of Management,3
0007-6503,1552-4205,ETHICS-CSR-MAN,Business and Society,SAGE,3
1052-150X,2153-3326,ETHICS-CSR-MAN,Business Ethics Quarterly,Cambridge University Press,3
0008-1256,2162-8564,ETHICS-CSR-MAN,California Management Review,Haas School of Business,3
1740-4754,1740-4762,ETHICS-CSR-MAN,European Management Review,Wiley-Blackwell,3
0891-2432,1552-3977,ETHICS-CSR-MAN,Gender and Society,SAGE,3
0968-6673,1468-0432,ETHICS-CSR-MAN,"Gender, Work and Organization",Wiley-Blackwell,3
0017-8012,0017-8012,ETHICS-CSR-MAN,Harvard Business Review,Harvard Business School Publishing,3
1460-8545,1468-2370,ETHICS-CSR-MAN,International Journal of Management Reviews,Wiley-Blackwell,3
0167-4544,1573-0697,ETHICS-CSR-MAN,Journal of Business Ethics,Springer Nature,3
0148-2963,1873-7978,ETHICS-CSR-MAN,Journal of Business Research,Elsevier,3
1056-4926,1552-6542,ETHICS-CSR-MAN,Journal of Management Inquiry,SAGE,3
1532-9194,1532-8937,ETHICS-CSR-MAN,MIT Sloan Management Review,MIT Press,3
2332-2373,2332-2381,ETHICS-CSR-MAN,Africa Journal of Management,Taylor & Francis,2
0312-8962,1327-2020,ETHICS-CSR-MAN,Australian Journal of Management,SAGE,2
2340-9436,2340-9444,ETHICS-CSR-MAN,BRQ Business Research Quarterly,Elsevier,2
1469-3569,1369-5258,ETHICS-CSR-MAN,Business and Politics,Cambridge University Press,2
2694-6416,2694-6424,ETHICS-CSR-MAN,"Business Ethics, the Environment and Responsibility",Wiley-Blackwell,2
0007-6813,1873-6068,ETHICS-CSR-MAN,Business Horizons,Elsevier,2
0825-0383,1936-4490,ETHICS-CSR-MAN,Canadian Journal of Administrative Sciences,Wiley-Blackwell,2
1024-5294,1477-2221,ETHICS-CSR-MAN,Competition and Change,SAGE,2
2040-7149,2040-7149,ETHICS-CSR-MAN,"Equality, Diversity and Inclusion: an International Journal",Emerald,2
1309-4297,2147-4281,ETHICS-CSR-MAN,Eurasian Business Review,Springer Nature,2
0955-534X,1758-7107,ETHICS-CSR-MAN,European Business Review,Emerald,2
1350-5068,1461-7420,ETHICS-CSR-MAN,European Journal of Women's Studies,SAGE,2
0263-2373,1873-5681,ETHICS-CSR-MAN,European Management Journal,Elsevier,2
1354-5701,1466-4372,ETHICS-CSR-MAN,Feminist Economics,Taylor & Francis,2
0141-7789,1466-4380,ETHICS-CSR-MAN,Feminist Review,SAGE,2
0972-2696,0974-0198,ETHICS-CSR-MAN,Global Journal of Flexible Systems Management,Springer Nature,2
2277-9752,2321-029X,ETHICS-CSR-MAN,IIM Kozhikode Society & Management Review,SAGE,2
1477-9048,1741-802X,ETHICS-CSR-MAN,International Journal of Business Governance and Ethics,Inderscience Publishers,2
1044-4068,1758-8545,ETHICS-CSR-MAN,International Journal of Conflict Management,Emerald,2
1756-6266,1756-6274,ETHICS-CSR-MAN,International Journal of Gender and Entrepreneurship,Emerald,2
0020-8825,1558-0911,ETHICS-CSR-MAN,International Studies of Management and Organization,Taylor & Francis,2
1469-1930,1758-7468,ETHICS-CSR-MAN,Journal of Intellectual Capital,Emerald,2
1833-3672,1839-3527,ETHICS-CSR-MAN,Journal of Management and Organization,Cambridge University Press,2
0025-1747,1758-6070,ETHICS-CSR-MAN,Management Decision,Emerald,2
0935-9915,1861-9908,ETHICS-CSR-MAN,Management Revue,Nomos Verlagsgesellschaft mbH und Co,2
1863-6683,1863-6691,ETHICS-CSR-MAN,Review of Managerial Science,Springer Nature,2
0956-5221,1873-3387,ETHICS-CSR-MAN,Scandinavian Journal of Management,Elsevier,2
0341-2687,2366-6153,ETHICS-CSR-MAN,Schmalenbach Journal of Business Research,Springer Nature,2
0360-0025,1573-2762,ETHICS-CSR-MAN,Sex Roles,Springer Nature,2
0097-9740,1545-6943,ETHICS-CSR-MAN,Signs,University of Chicago Press,2
2413-1903,1684-1999,ETHICS-CSR-MAN,Acta Commercii,AOSIS (pty) Ltd,1
1935-5181,1935-5181,ETHICS-CSR-MAN,American Journal of Business,Emerald,1
2398-7308,2398-7316,ETHICS-CSR-MAN,Annals of Work Exposures and Health,Oxford University Press,1
0972-8201,0973-0621,ETHICS-CSR-MAN,Asian Journal of Management Cases,SAGE,1
1746-5265,1746-5273,ETHICS-CSR-MAN,Baltic Journal of Management,Emerald,1
0277-2027,2153-7828,ETHICS-CSR-MAN,Business & Professional Ethics Journal,Philosophy Documentation Center,1
2057-0198,2057-0201,ETHICS-CSR-MAN,Business and Human Rights Journal,Cambridge University Press,1
2278-5337,2394-9937,ETHICS-CSR-MAN,Business Perspectives and Research,SAGE,1
1544-9106,1544-9106,ETHICS-CSR-MAN,CASE Journal,Emerald,1
,2331-1975,ETHICS-CSR-MAN,Cogent Business and Management,Taylor & Francis,1
1580-0466,2335-4216,ETHICS-CSR-MAN,Economic and Business Review,University of Ljubljana School of Economics and Business,1
,2045-0621,ETHICS-CSR-MAN,Emerald Emerging Markets Case Studies,Emerald,1
2319-7145,2455-2658,ETHICS-CSR-MAN,FIIB Business Review,SAGE,1
1754-2413,1754-2421,ETHICS-CSR-MAN,Gender in Management: An International Journal,Emerald,1
0972-1509,0973-0664,ETHICS-CSR-MAN,Global Business Review,SAGE,1
1480-8986,1480-8986,ETHICS-CSR-MAN,International Journal of Arts Management,Ecole des Hautes Etudes Commerciales,1
2042-3845,2042-3853,ETHICS-CSR-MAN,International Journal of Business Competition and Growth,Inderscience Publishers,1
1740-0589,1740-0597,ETHICS-CSR-MAN,International Journal of Business Environment,Inderscience Publishers,1
1756-0047,1756-0055,ETHICS-CSR-MAN,International Journal of Business Excellence,Inderscience Publishers,1
2449-8920,2449-8939,ETHICS-CSR-MAN,International Journal of Contemporary Management,Jagiellonian University,1
1479-3059,1479-3067,ETHICS-CSR-MAN,International Journal of Globalisation and Small Business,Inderscience Publishers,1
2040-4468,2040-4476,ETHICS-CSR-MAN,International Journal of Knowledge-Based Development,Inderscience Publishers,1
1462-4621,1741-5187,ETHICS-CSR-MAN,International Journal of Management and Decision Making,Inderscience Publishers,1
1478-1484,1741-8135,ETHICS-CSR-MAN,International Journal of Management Concepts and Philosophy,Inderscience Publishers,1
1477-9064,1741-8143,ETHICS-CSR-MAN,International Journal of Management Practice,Inderscience Publishers,1
,2304-1366,ETHICS-CSR-MAN,"International Journal of Management, Economics and Social Sciences",IJMESS Int'l Publishers,1
1753-8378,1753-8386,ETHICS-CSR-MAN,International Journal of Managing Projects in Business,Emerald,1
2008-7055,2345-3745,ETHICS-CSR-MAN,Iranian Journal of Management Studies,University of Tehran,1
,2451-2834,ETHICS-CSR-MAN,Irish Journal of Management,Sciendo,1
1746-966X,1746-9678,ETHICS-CSR-MAN,Journal for Global Business Advancement,Inderscience Publishers,1
1415-6555,1982-7849,ETHICS-CSR-MAN,Journal of Contemporary Administration,ANPAD - Associação Nacional de Pós Graduação e Pesquisa em Administração,1
2394-9643,2454-213X,ETHICS-CSR-MAN,Journal of Creating Value,SAGE,1
2043-6238,2043-6246,ETHICS-CSR-MAN,Journal of Family Business Management,Emerald,1
0306-3070,1759-6106,ETHICS-CSR-MAN,Journal of General Management,SAGE,1
2041-2568,2041-2568,ETHICS-CSR-MAN,Journal of Global Responsibility,Emerald,1
0971-6858,0973-0737,ETHICS-CSR-MAN,Journal of Human Values,SAGE,1
1755-4195,1755-4209,ETHICS-CSR-MAN,Journal of Indian Business Research,Emerald,1
2075-6291,2521-2249,ETHICS-CSR-MAN,Journal of Islamic Business & Management,Riphah Centre of Islamic Business (RCIB),1
1385-3457,1572-963X,ETHICS-CSR-MAN,Journal of Management and Governance,Springer Nature,1
2413-8657,2313-0113,ETHICS-CSR-MAN,Journal of Management Sciences,IQRA University,1
1476-6086,1942-258X,ETHICS-CSR-MAN,"Journal of Management, Spirituality and Religion","International Association of Management, Spirituality and Religion",1
1476-6930,1477-657X,ETHICS-CSR-MAN,Journal of Revenue and Pricing Management,Springer Nature,1
1331-0194,1846-3363,ETHICS-CSR-MAN,Management,University of Split - Faculty of Economics,1
2040-8269,2040-8277,ETHICS-CSR-MAN,Management Research Review,Emerald,1
1368-3047,1758-8057,ETHICS-CSR-MAN,Measuring Business Excellence,Emerald,1
0972-6225,2348-9324,ETHICS-CSR-MAN,Metamorphosis- A Journal of Management Research,SAGE,1
1541-6518,1541-6518,ETHICS-CSR-MAN,Organization Management Journal,Emerald,1
1477-3996,1477-4003,ETHICS-CSR-MAN,Policy and Practice in Health and Safety,Taylor & Francis,1
1727-7051,1810-5467,ETHICS-CSR-MAN,Problems and Perspectives in Management,Business Perspectives,1
2399-1747,2398-4007,ETHICS-CSR-MAN,PSU Research Review: An International Interdisciplinary Journal,Emerald,1
0034-7590,2178-938X,ETHICS-CSR-MAN,RAE Revista de Administracao de Empresas,"Fundacao Getulio Vargas, Escola de Administracao de Empresas de Sao Paulo",1
2531-0488,2531-0488,ETHICS-CSR-MAN,RAUSP Management Journal,Emerald,1
0961-7353,2469-4126,ETHICS-CSR-MAN,Safety and Reliability,Taylor & Francis,1
1747-1117,1758-857X,ETHICS-CSR-MAN,Social Responsibility Journal,Emerald,1
2277-9779,2321-0303,ETHICS-CSR-MAN,South Asian Journal of Business and Management Cases,SAGE,1
2398-628X,2398-6298,ETHICS-CSR-MAN,South Asian Journal of Business Studies,Emerald,1
1593-0300,1593-0319,ETHICS-CSR-MAN,Symphonya. Emerging Issues in Management,"Rector Fabio Fortuna, Niccolò Cusano University-Rome",1
0133-0179,,ETHICS-CSR-MAN,Vezetlstudomány | Budapest Management Review,Corvinus University of Budapest,1
0256-0909,2395-3799,ETHICS-CSR-MAN,Vikalpa,SAGE,1
0972-2629,2249-5304,ETHICS-CSR-MAN,Vision,SAGE,1
0022-1082,1540-6261,FINANCE,Journal of Finance,Wiley-Blackwell,4*
0304-405X,1879-2774,FINANCE,Journal of Financial Economics,Elsevier,4*
0893-9454,1465-7368,FINANCE,Review of Financial Studies,Oxford University Press,4*
0929-1199,1872-6313,FINANCE,Journal of Corporate Finance,Elsevier,4
0022-1090,1756-6916,FINANCE,Journal of Financial and Quantitative Analysis,Cambridge University Press,4
1042-9573,1096-0473,FINANCE,Journal of Financial Intermediation,Elsevier,4
0022-2879,1538-4616,FINANCE,"Journal of Money, Credit and Banking",Wiley-Blackwell,4
1572-3097,1573-692X,FINANCE,Review of Finance,Oxford University Press,4
1941-1367,1941-1375,FINANCE,Annual Review of Financial Economics,Annual Reviews Inc.,3
0964-8410,1467-8683,FINANCE,Corporate Governance: An International Review,Wiley-Blackwell,3
1354-7798,1468-036X,FINANCE,European Financial Management,Wiley-Blackwell,3
1351-847X,1466-4364,FINANCE,European Journal of Finance,Taylor & Francis,3
0949-2984,1432-1122,FINANCE,Finance and Stochastics,Springer Nature,3
0015-198X,1938-3312,FINANCE,Financial Analysts Journal,Taylor & Francis,3
0046-3892,1755-053X,FINANCE,Financial Management,Wiley-Blackwell,3
0963-8008,1468-0416,FINANCE,"Financial Markets, Institutions and Instruments",Wiley-Blackwell,3
0732-8516,1540-6288,FINANCE,Financial Review,Wiley-Blackwell,3
0167-6687,1873-5959,FINANCE,Insurance: Mathematics and Economics,Elsevier,3
1815-4654,1815-7556,FINANCE,International Journal of Central Banking,Association of the International Journal of Central Banking,3
1076-9307,1099-1158,FINANCE,International Journal of Finance and Economics,Wiley-Blackwell,3
1057-5219,1873-8079,FINANCE,International Review of Financial Analysis,Elsevier,3
0378-4266,1872-6372,FINANCE,Journal of Banking and Finance,Elsevier,3
2405-8513,2405-8505,FINANCE,Journal of Commodity Markets,Elsevier,3
0927-5398,1879-1727,FINANCE,Journal of Empirical Finance,Elsevier,3
1479-8409,1479-8417,FINANCE,Journal of Financial Econometrics,Oxford University Press,3
1386-4181,1878-576X,FINANCE,Journal of Financial Markets,Elsevier,3
0270-2592,1475-6803,FINANCE,Journal of Financial Research,Wiley-Blackwell,3
0920-8550,1573-0735,FINANCE,Journal of Financial Services Research,Springer Nature,3
1572-3089,1878-0962,FINANCE,Journal of Financial Stability,Elsevier,3
0270-7314,1096-9934,FINANCE,Journal of Futures Markets,Wiley-Blackwell,3
1042-4431,1873-0612,FINANCE,"Journal of International Financial Markets, Institutions and Money",Elsevier,3
0261-5606,1873-0639,FINANCE,Journal of International Money and Finance,Elsevier,3
0095-4918,2168-8656,FINANCE,Journal of Portfolio Management,Portfolio Management Research,3
0895-5638,1573-045X,FINANCE,Journal of Real Estate Finance and Economics,Springer Nature,3
0022-4367,1539-6975,FINANCE,Journal of Risk and Insurance,Wiley-Blackwell,3
0960-1627,1467-9965,FINANCE,Mathematical Finance,Wiley-Blackwell,3
1469-7688,1469-7696,FINANCE,Quantitative Finance,Taylor & Francis,3
2045-9920,2045-9939,FINANCE,Review of Asset Pricing Studies,Oxford University Press,3
2046-9128,2046-9136,FINANCE,Review of Corporate Finance Studies,Oxford University Press,3
0924-865X,1573-7179,FINANCE,Review of Quantitative Finance and Accounting,Springer Nature,3
2381-6724,2381-6732,FINANCE,Annals of Corporate Governance,Now Publishers Inc.,2
1614-2446,1614-2454,FINANCE,Annals of Finance,Springer Nature,2
1350-486X,1466-4313,FINANCE,Applied Mathematical Finance,Taylor & Francis,2
1387-2834,1573-6946,FINANCE,Asia-Pacific Financial Markets,Springer Nature,2
0515-0361,1783-1350,FINANCE,ASTIN Bulletin,Cambridge University Press,2
1472-0701,1758-6054,FINANCE,Corporate Governance (Bingley),Emerald,2
1540-496X,1558-0938,FINANCE,Emerging Markets Finance and Trade,Taylor & Francis,2
1566-0141,1873-6173,FINANCE,Emerging Markets Review,Elsevier,2
2190-9733,2190-9741,FINANCE,European Actuarial Journal,Springer Nature,2
1544-6123,1544-6131,FINANCE,Finance Research Letters,Elsevier,2
,2199-4730,FINANCE,Financial Innovation,Springer Nature,2
1934-4554,2373-8529,FINANCE,Financial Markets and Portfolio Management,Springer Nature,2
1567-2395,1567-2409,FINANCE,Foundations and Trends in Finance,Now Publishers Inc.,2
1018-5895,1468-0440,FINANCE,Geneva Papers on Risk and Insurance: Issues and Practice,Springer Nature,2
1044-0283,1873-5665,FINANCE,Global Finance Journal,Elsevier,2
1755-3830,1755-3849,FINANCE,"International Journal of Banking, Accounting and Finance",Inderscience Publishers,2
1743-9132,1758-6569,FINANCE,International Journal of Managerial Finance,Emerald,2
0219-0249,1793-6322,FINANCE,International Journal of Theoretical and Applied Finance,World Scientific,2
0927-5940,1573-6970,FINANCE,International Tax and Public Finance,Springer Nature,2
1520-3255,2168-8435,FINANCE,Journal of Alternative Investments,Portfolio Management Research,2
1470-8272,1479-179X,FINANCE,Journal of Asset Management,Springer Nature,2
1745-6452,1750-2071,FINANCE,Journal of Banking Regulation,Springer Nature,2
1542-7560,1542-7579,FINANCE,Journal of Behavioral Finance,Taylor & Francis,2
1074-1240,2168-8524,FINANCE,Journal of Derivatives,Portfolio Management Research,2
0148-6195,1879-1735,FINANCE,Journal of Economics and Business,Elsevier,2
0972-6527,0973-0710,FINANCE,Journal of Emerging Market Finance,SAGE,2
1059-8596,2168-8648,FINANCE,Journal of Fixed Income,Portfolio Management Research,2
2380-5005,2380-5013,FINANCE,"Journal of Law, Finance, and Accounting",Now Publishers Inc.,2
1042-444X,1873-1309,FINANCE,Journal of Multinational Financial Management,Elsevier,2
1744-6740,1755-2710,FINANCE,Journal of Operational Risk,Incisive Media Ltd.,2
1474-7472,1475-3022,FINANCE,Journal of Pension Economics and Finance,Cambridge University Press,2
1465-1211,1755-2842,FINANCE,Journal of Risk,Incisive Media Ltd.,2
1092-0277,2325-0453,FINANCE,North American Actuarial Journal,Taylor & Francis,2
0927-538X,1879-0585,FINANCE,Pacific Basin Finance Journal,Elsevier,2
0275-5319,1878-3384,FINANCE,Research in International Business and Finance,Elsevier,2
1475-7702,1758-7700,FINANCE,Review of Accounting and Finance,Emerald,2
1380-6645,1573-7144,FINANCE,Review of Derivatives Research,Springer Nature,2
1879-9337,,FINANCE,Review of Development Finance,Africagrowth Institute,2
1945-497X,1945-497X,FINANCE,SIAM Journal on Financial Mathematics,Society for Industrial and Applied Mathematics,2
1605-9786,2959-0922,FINANCE,African Finance Journal,African Finance Association,1
0002-1466,2041-6326,FINANCE,Agricultural Finance Review,Emerald,1
1748-4995,1748-5002,FINANCE,Annals of Actuarial Science,Cambridge University Press,1
,2499-4472,FINANCE,Bancaria The Journal of the Italian Banking Association,Italian Banking Association (ABI),1
1816-7403,1991-7074,FINANCE,Banks and Bank Systems,Business Perspectives,1
1357-3217,2044-0456,FINANCE,British Actuarial Journal,Cambridge University Press,1
2044-1398,2044-1401,FINANCE,China Finance Review International,Emerald,1
2164-5744,2164-5760,FINANCE,Critical Finance Review,Now Publishers Inc.,1
0752-6180,2101-0145,FINANCE,Finance,Presses Universitaires de Grenoble,1
1873-5673,1057-0810,FINANCE,Financial Services Review,Academy of Financial Services,1
2616-3551,2522-9591,FINANCE,Insurance Markets and Companies,Business Perspectives,1
1550-1949,2160-0074,FINANCE,"Intelligent Systems in Accounting, Finance and Management",Wiley-Blackwell,1
1753-8394,1753-8408,FINANCE,International Journal of Islamic and Middle Eastern Finance and Management,Emerald,1
1029-3523,2077-0227,FINANCE,Investment Analysts Journal,Taylor & Francis,1
1810-4967,1812-9358,FINANCE,Investment Management and Financial Innovations,Business Perspectives,1
1078-1196,1745-6622,FINANCE,Journal of Applied Corporate Finance,Wiley-Blackwell,1
2214-6350,2214-6369,FINANCE,Journal of Behavioral and Experimental Finance,Elsevier,1
2514-4774,2514-4774,FINANCE,Journal of Capital Markets Studies,Emerald,1
1460-1559,1755-2850,FINANCE,Journal of Computational Finance,Incisive Media Ltd.,1
1744-6619,1755-9723,FINANCE,Journal of Credit Risk,Incisive Media Ltd.,1
1055-0925,1938-9744,FINANCE,Journal of Economics and Finance,Springer Nature,1
2077-1886,2218-0648,FINANCE,"Journal of Economics, Finance and Administrative Science",Emerald,1
1756-3607,1756-3615,FINANCE,Journal of Energy Markets,Infopro Digital Risk Ltd,1
1757-6385,1757-6393,FINANCE,Journal of Financial Economic Policy,Emerald,1
,2282-717X,FINANCE,"Journal of Financial Management, Markets and Institutions",World Scientific,1
2049-5404,2049-5412,FINANCE,Journal of Financial Market Infrastructures,Infopro Digital Risk Ltd,1
1358-1988,1740-0279,FINANCE,Journal of Financial Regulation and Compliance,Emerald,1
1985-2517,2042-5856,FINANCE,Journal of Financial Reporting and Accounting,Emerald,1
2047-1238,2047-1246,FINANCE,Journal of Investment Strategies,Infopro Digital Risk Ltd,1
1750-6751,1750-676X,FINANCE,Journal of Prediction Markets,UBP,1
1463-578X,1470-2002,FINANCE,Journal of Property Investment and Finance,Emerald,1
0965-7967,1526-5943,FINANCE,Journal of Risk Finance,Emerald,1
1753-9579,1753-9587,FINANCE,Journal of Risk Model Validation,Incisive Media Ltd.,1
2043-0795,2043-0809,FINANCE,Journal of Sustainable Finance and Investment,Taylor & Francis,1
0307-4358,1758-7743,FINANCE,Managerial Finance,Emerald,1
1096-1879,,FINANCE,Multinational Finance Journal,Multinational Finance Society,1
2222-1867,2222-1875,FINANCE,Public and Municipal Finance,Business Perspectives,1
1755-4179,1755-4187,FINANCE,Qualitative Research in Financial Markets,Emerald,1
2010-1392,2010-1406,FINANCE,Quarterly Journal of Finance,World Scientific,1
1939-8123,2327-8250,FINANCE,Quarterly Journal of Finance and Accounting (QJFA),Creighton University,1
1940-5979,1940-5987,FINANCE,Review of Behavioral Finance,Emerald,1
0346-1238,1651-2030,FINANCE,Scandinavian Actuarial Journal,Taylor & Francis,1
2771-6511,2771-6511,FINANCE,The Journal of Beta Investment Strategies,Portfolio Management Research,1
2640-3943,2640-3951,FINANCE,The Journal of Financial Data Science,Portfolio Management Research,1
1068-0896,2168-8613,FINANCE,The Journal of Investing,Portfolio Management Research,1
1551-9783,2374-1325,FINANCE,The Journal of Structured Finance,Portfolio Management Research,1
1534-7524,2374-1368,FINANCE,The Journal of Wealth Management,Portfolio Management Research,1
0954-5395,1748-8583,HRM&EMP,Human Resource Management Journal (UK),Wiley-Blackwell,4*
0007-1080,1467-8543,HRM&EMP,British Journal of Industrial Relations,Wiley-Blackwell,4
0090-4848,1099-050X,HRM&EMP,Human Resource Management (USA),Wiley-Blackwell,4
0019-8676,1468-232X,HRM&EMP,Industrial Relations,Wiley-Blackwell,4
0950-0170,1469-8722,HRM&EMP,"Work, Employment and Society",SAGE,4
0143-831X,1461-7099,HRM&EMP,Economic and Industrial Democracy,SAGE,3
0959-6801,1461-7129,HRM&EMP,European Journal of Industrial Relations,SAGE,3
1053-4822,1873-7889,HRM&EMP,Human Resource Management Review,Elsevier,3
0019-7939,2162-271X,HRM&EMP,ILR Review,SAGE,3
0305-9332,1464-3669,HRM&EMP,Industrial Law Journal,Oxford University Press,3
0019-8692,1468-2338,HRM&EMP,Industrial Relations Journal,Wiley-Blackwell,3
0958-5192,1466-4399,HRM&EMP,International Journal of Human Resource Management,Taylor & Francis,3
0268-1072,1468-005X,HRM&EMP,"New Technology, Work and Employment",Wiley-Blackwell,3
0730-8884,1552-8464,HRM&EMP,Work and Occupations,SAGE,3
1038-4111,1744-7941,HRM&EMP,Asia Pacific Journal of Human Resources,Wiley-Blackwell,2
1362-0436,1758-6003,HRM&EMP,Career Development International,Emerald,2
0889-4019,2161-0045,HRM&EMP,Career Development Quarterly,Wiley-Blackwell,2
0142-5455,1758-7069,HRM&EMP,Employee Relations,Emerald,2
0892-7545,1573-3378,HRM&EMP,Employee Responsibilities and Rights Journal,Springer Nature,2
1367-8868,1469-8374,HRM&EMP,Human Resource Development International,Taylor & Francis,2
1044-8004,1532-1096,HRM&EMP,Human Resource Development Quarterly,Wiley-Blackwell,2
1552-6712,1552-6712,HRM&EMP,Human Resource Development Review,SAGE,2
0943-2779,1862-0035,HRM&EMP,Industrielle Beziehungen,Verlag Barbara Budrich,2
0143-7720,1758-6577,HRM&EMP,International Journal of Manpower,Emerald,2
1360-3736,1468-2419,HRM&EMP,International Journal of Training and Development,Wiley-Blackwell,2
0020-7780,1564-913X,HRM&EMP,International Labour Review,Wiley-Blackwell,2
2049-8799,2049-8802,HRM&EMP,Journal of Global Mobility,Emerald,2
0022-1856,1472-9296,HRM&EMP,Journal of Industrial Relations,SAGE,2
0195-3613,1936-4768,HRM&EMP,Journal of Labor Research,Springer Nature,2
2051-6614,2051-6622,HRM&EMP,Journal of Organizational Effectiveness,Emerald,2
2514-7641,2514-7641,HRM&EMP,Journal of Participation and Employee Ownership,Emerald,2
0160-449X,1538-9758,HRM&EMP,Labor Studies Journal,SAGE,2
1030-1763,2325-5676,HRM&EMP,Labour and Industry: a journal of social and economic relations of work,Taylor & Francis,2
0048-3486,1758-6933,HRM&EMP,Personnel Review,Emerald,2
0034-379X,1703-8138,HRM&EMP,Relations Industrielles/Industrial Relations,Universite Laval,2
0038-0296,1777-5701,HRM&EMP,Sociologie du Travail,Elsevier,2
1024-2589,1996-7284,HRM&EMP,Transfer,SAGE,2
,2732-4176,HRM&EMP,Work in the Global Economy,Bristol University Press,2
,2054-4650,HRM&EMP,"Work, Aging and Retirement",Oxford University Press,2
2397-0022,2397-0030,HRM&EMP,Zeitschrift für Personalforschung (German Journal of Research in Human Resource Management),SAGE,2
0742-6186,2514-3964,HRM&EMP,Advances in Industrial and Labor Relations,Emerald,1
,2664-3731,HRM&EMP,African Journal of Employee Relations,UNISA Press,1
1328-1143,2981-9490,HRM&EMP,Australian Journal of Labour Economics,The Bankwest Curtin Economics Centre,1
1035-3046,1838-2673,HRM&EMP,Economic and Labour Relations Review,Cambridge University Press,1
2049-3983,2049-3991,HRM&EMP,Evidence-based HRM,Emerald,1
0971-7927,0019-5308,HRM&EMP,Indian Journal of Labour Economics,Springer Nature,1
0019-7858,0019-7858,HRM&EMP,Industrial and Commercial Training,Emerald,1
0952-617X,1875-838X,HRM&EMP,International Journal of Comparative Labour Law and Industrial Relations,Kluwer Law International,1
1039-6993,1839-5945,HRM&EMP,International Journal of Employment Studies,International Employment Relations Association (IERA),1
1479-4853,1479-4861,HRM&EMP,International Journal of Learning and Intellectual Capital,Inderscience Publishers,1
2205-2062,2205-149X,HRM&EMP,Journal of Work-Applied Management,Emerald,1
1121-7081,1467-9914,HRM&EMP,Labour,Wiley-Blackwell,1
0258-042X,2321-0710,HRM&EMP,Management and Labour Studies,SAGE,1
0742-7301,,HRM&EMP,Research in Personnel and Human Resources Management,Emerald,1
1683-7584,2071-078X,HRM&EMP,SA Journal of Human Resource Management,AOSIS (pty) Ltd,1
2322-0937,2349-5790,HRM&EMP,South Asian Journal of Human Resources Management,SAGE,1
1352-7592,1352-7592,HRM&EMP,Team Performance Management,Emerald,1
1745-641X,1745-6428,HRM&EMP,"Work Organisation, Labour and Globalisation",Pluto Journals,1
0047-2506,1478-6990,IB&AREA,Journal of International Business Studies,Springer Nature,4*
1090-9516,1878-5573,IB&AREA,Journal of World Business,Elsevier,4
0001-9909,1468-2621,IB&AREA,African Affairs,Oxford University Press,3
0217-4561,1572-9958,IB&AREA,Asia Pacific Journal of Management,Springer Nature,3
0969-5931,1873-6149,IB&AREA,International Business Review,Elsevier,3
0021-9886,1468-5965,IB&AREA,Journal of Common Market Studies,Wiley-Blackwell,3
2522-0691,2522-0705,IB&AREA,Journal of International Business Policy,Springer Nature,3
1075-4253,1873-0620,IB&AREA,Journal of International Management,Elsevier,3
1740-8776,1740-8784,IB&AREA,Management and Organization Review,Cambridge University Press,3
0938-8249,1861-8901,IB&AREA,Management International Review,Springer Nature,3
1525-383X,2054-1686,IB&AREA,Multinational Business Review,Emerald,3
1360-2381,1743-792X,IB&AREA,Asia Pacific Business Review,Taylor & Francis,2
1472-4782,1476-9328,IB&AREA,Asian Business and Management,Springer Nature,2
0305-7410,1468-2648,IB&AREA,China Quarterly,Cambridge University Press,2
1742-2043,1758-6062,IB&AREA,Critical Perspectives on International Business,Emerald,2
2059-5794,2059-5808,IB&AREA,Cross Cultural and Strategic Management,Emerald,2
1538-7216,1938-2863,IB&AREA,Eurasian Geography and Economics,Taylor & Francis,2
1450-2194,1758-888X,IB&AREA,EuroMed Journal of Business,Emerald,2
0966-8136,1465-3427,IB&AREA,Europe-Asia Studies,Taylor & Francis,2
1751-6757,1751-6765,IB&AREA,European Journal of International Management,Inderscience Publishers,2
1611-1699,2029-4433,IB&AREA,Journal of Business Economics and Management,Vilnius Gediminas Technical University,2
0022-216X,1469-767X,IB&AREA,Journal of Latin American Studies,Cambridge University Press,2
0022-278X,1469-7777,IB&AREA,Journal of Modern African Studies,Cambridge University Press,2
1011-6702,2210-2795,IB&AREA,Journal of World Trade,Kluwer Law International,2
0305-6244,1740-1720,IB&AREA,Review of African Political Economy,Taylor & Francis,2
0143-6597,1360-2241,IB&AREA,Third World Quarterly,Taylor & Francis,2
1096-4762,1520-6874,IB&AREA,Thunderbird International Business Review,Wiley-Blackwell,2
1012-8255,2056-5127,IB&AREA,Academia Revista Latinoamericana de Administracion,Emerald,1
2040-0705,2040-0713,IB&AREA,African Journal of Economic and Management Studies,Emerald,1
1029-3132,2589-8213,IB&AREA,Asia Pacific Management Review,Elsevier,1
1757-4323,1757-4331,IB&AREA,Asia-Pacific Journal of Business Administration,Emerald,1
1750-614X,1750-6158,IB&AREA,Chinese Management Studies,Emerald,1
1059-5422,2051-3143,IB&AREA,Competitiveness Review,Emerald,1
0015-7325,0971-7625,IB&AREA,Foreign Trade Review,SAGE,1
1097-4954,1745-1329,IB&AREA,Global Business and Economics Review,Inderscience Publishers,1
1753-6219,1753-6227,IB&AREA,International Journal of Business and Emerging Markets,Inderscience Publishers,1
1470-5958,1741-2838,IB&AREA,International Journal of Cross Cultural Management,SAGE,1
1746-8809,1746-8817,IB&AREA,International Journal of Emerging Markets,Emerald,1
2059-089X,2059-0903,IB&AREA,International Journal of Export Marketing,Inderscience Publishers,1
1753-0806,1753-0814,IB&AREA,International Journal of Indian Culture and Business Management,Inderscience Publishers,1
0885-3908,1521-0545,IB&AREA,International Trade Journal,Taylor & Francis,1
1549-9324,1747-6763,IB&AREA,Journal for International Business and Entrepreneurship Development,Inderscience Publishers,1
1522-8916,1522-9076,IB&AREA,Journal of African Business,Taylor & Francis,1
1558-7894,1559-2243,IB&AREA,Journal of Asia Business Studies,Emerald,1
1059-9231,1528-6940,IB&AREA,Journal of Asia-Pacific Business,Taylor & Francis,1
1476-5284,1476-5292,IB&AREA,Journal of Chinese Economic and Business Studies,Taylor & Francis,1
0949-6181,1862-0019,IB&AREA,Journal of East European Management Studies,Nomos Verlagsgesellschaft mbH und Co,1
1066-9868,1528-6959,IB&AREA,Journal of East-West Business,Taylor & Francis,1
1547-5778,1547-5786,IB&AREA,Journal of Transnational Management,Taylor & Francis,1
1097-8526,1528-6932,IB&AREA,Latin American Business Review,Taylor & Francis,1
1536-5433,1558-0946,IB&AREA,Management Research,Emerald,1
2059-6014,2059-6014,IB&AREA,Review of International Business and Strategy,Emerald,1
2177-8736,2177-8736,IB&AREA,Revista de Gestão,Emerald,1
2078-5585,2078-5976,IB&AREA,South African Journal of Business Management,AOSIS (pty) Ltd,1
2277-9787,2321-0273,IB&AREA,South Asian Journal of Macroeconomics and Public Finance,SAGE,1
1918-6444,1925-2099,IB&AREA,Transnational Corporations Review,Elsevier,1
1047-7047,1526-5536,INFO MAN,Information Systems Research,Institute for Operations Research and the Management Sciences,4*
,1536-9323,INFO MAN,Journal of the Association for Information Systems,Association for Information Systems,4*
0276-7783,2162-9730,INFO MAN,MIS Quarterly: Management Information Systems,University of Minnesota,4*
0960-085X,1476-9344,INFO MAN,European Journal of Information Systems,Taylor & Francis,4
1350-1917,1365-2575,INFO MAN,Information Systems Journal,Wiley-Blackwell,4
0268-3962,1466-4437,INFO MAN,Journal of Information Technology,SAGE,4
0742-1222,1557-928X,INFO MAN,Journal of Management Information Systems,Taylor & Francis,4
0963-8687,1873-1198,INFO MAN,Journal of Strategic Information Systems,Elsevier,4
0167-9236,1873-5797,INFO MAN,Decision Support Systems,Elsevier,3
0740-624X,1872-9517,INFO MAN,Government Information Quarterly,Elsevier,3
0378-7206,1872-7530,INFO MAN,Information and Management,Elsevier,3
1471-7727,1873-7919,INFO MAN,Information and Organization,Elsevier,3
0197-2243,1087-6537,INFO MAN,Information Society,Taylor & Francis,3
1387-3326,1572-9419,INFO MAN,Information Systems Frontiers,Springer Nature,3
0959-3845,1758-5813,INFO MAN,Information Technology and People,Emerald,3
1086-4415,1557-9301,INFO MAN,International Journal of Electronic Commerce,Taylor & Francis,3
1066-2243,1066-2243,INFO MAN,Internet Research,Emerald,3
1083-6101,1083-6101,INFO MAN,Journal of Computer-Mediated Communication,Oxford University Press,3
2330-1635,2330-1643,INFO MAN,Journal of the Association for Information Science and Technology (JASIST),Wiley-Blackwell,3
,1944-3900,INFO MAN,AIS Transactions on Human-Computer Interaction,Association for Information Systems,2
0066-4200,1550-8382,INFO MAN,Annual Review of Information Science and Technology,Wiley-Blackwell,2
0144-929X,1362-3001,INFO MAN,Behaviour and Information Technology,Taylor & Francis,2
0007-1013,1467-8535,INFO MAN,British Journal of Educational Technology,Wiley-Blackwell,2
2363-7005,1867-0202,INFO MAN,Business & Information Systems Engineering,Springer Nature,2
0001-0782,1557-7317,INFO MAN,Communications of the ACM,Association for Computing Machinery,2
1529-3181,,INFO MAN,Communications of the Association for Information Systems,Association for Information Systems,2
0010-4620,1460-2067,INFO MAN,Computer Journal,Oxford University Press,2
0925-9724,1573-7551,INFO MAN,Computer Supported Cooperative Work,Springer Nature,2
0747-5632,1873-7692,INFO MAN,Computers in Human Behavior,Elsevier,2
1389-5753,1572-9362,INFO MAN,Electronic Commerce Research,Springer Nature,2
1567-4223,1873-7846,INFO MAN,Electronic Commerce Research and Applications,Elsevier,2
1751-7575,1751-7583,INFO MAN,Enterprise Information Systems,Taylor & Francis,2
0266-4720,1468-0394,INFO MAN,Expert Systems,Wiley-Blackwell,2
1471-1834,1471-1842,INFO MAN,Health Information and Libraries Journal,Wiley-Blackwell,2
2047-6965,2047-6973,INFO MAN,Health Systems,Taylor & Francis,2
0263-5577,1758-5783,INFO MAN,Industrial Management and Data Systems,Emerald,2
0306-4573,1873-5371,INFO MAN,Information Processing and Management,Elsevier,2
1617-9846,1617-9854,INFO MAN,Information Systems and e-Business Management,Springer Nature,2
1058-0530,1934-8703,INFO MAN,Information Systems Management,Taylor & Francis,2
0268-1102,1554-0170,INFO MAN,Information Technology for Development,Taylor & Francis,2
0953-5438,1873-7951,INFO MAN,Interacting with Computers,Oxford University Press,2
1071-5819,1095-9300,INFO MAN,International Journal of Human Computer Studies,Elsevier,2
0268-4012,1873-4707,INFO MAN,International Journal of Information Management,Elsevier,2
0887-4417,2380-2057,INFO MAN,Journal of Computer Information Systems,Taylor & Francis,2
0022-0418,1758-7379,INFO MAN,Journal of Documentation,Emerald,2
1741-0398,1758-7409,INFO MAN,Journal of Enterprise Information Management,Emerald,2
1062-7375,1533-7995,INFO MAN,Journal of Global Information Management,IGI Global Publishing,2
1097-198X,2333-6846,INFO MAN,Journal of Global Information Technology Management,Taylor & Francis,2
0165-5515,1741-6485,INFO MAN,Journal of Information Science,SAGE,2
0164-1212,1873-1228,INFO MAN,Journal of Systems and Software,Elsevier,2
1540-1960,1540-1979,INFO MAN,MIS Quarterly Executive,Association for Information Systems,2
1943-7536,1943-7544,INFO MAN,Pacific Asia Journal of the Association for Information Systems,Association for Information Systems,2
0947-3602,1432-010X,INFO MAN,Requirements Engineering,Springer Nature,2
0905-0167,1901-0990,INFO MAN,Scandinavian Journal of Information Systems,Association for Information Systems,2
0095-0033,1532-0936,INFO MAN,The Data Base for Advances in Information Systems,Association for Computing Machinery,2
2050-3806,2050-3814,INFO MAN,Aslib Journal of Information Management,Emerald,1
1449-8618,1326-2238,INFO MAN,Australasian Journal of Information Systems,"UQ Business School, The University of Queensland",1
1528-8226,1528-8234,INFO MAN,e-Service Journal,Indiana University Press,1
1388-1957,1572-8439,INFO MAN,Ethics and Information Technology,Springer Nature,1
0957-4174,1873-6793,INFO MAN,Expert Systems with Applications,Elsevier,1
2331-1231,2331-124X,INFO MAN,Foundations and Trends® in Information Systems,Now Publishers Inc.,1
0737-0024,1532-7051,INFO MAN,Human-Computer Interaction,Taylor & Francis,1
2056-4961,2056-497X,INFO MAN,Information and Computer Security,Emerald,1
,1368-1613,INFO MAN,Information Research,University of Boras,1
1040-1628,1533-7979,INFO MAN,Information Resources Management Journal,IGI Global Publishing,1
1098-3058,1943-4294,INFO MAN,Information Technology & Tourism,Springer Nature,1
1385-951X,1573-7667,INFO MAN,Information Technology and Management,Springer Nature,1
1751-200X,1751-2018,INFO MAN,International Journal of Business and Systems Research,Inderscience Publishers,1
1746-0972,1746-0980,INFO MAN,International Journal of Business Information Systems,Inderscience Publishers,1
1741-8763,1741-8771,INFO MAN,International Journal of Business Process Integration and Management,Inderscience Publishers,1
1755-8050,1755-8069,INFO MAN,International Journal of Data Analysis Techniques and Strategies,Inderscience Publishers,1
2643-8054,2643-8062,INFO MAN,"International Journal of Digital Strategy, Governance, and Business Transformation",IGI Global Publishing,1
1548-1131,1548-114X,INFO MAN,International Journal of e-Business Research,IGI Global Publishing,1
1470-6067,1741-5063,INFO MAN,International Journal of Electronic Business,Inderscience Publishers,1
1548-1115,1548-1123,INFO MAN,International Journal of Enterprise Information Systems,IGI Global Publishing,1
1479-3121,1479-313X,INFO MAN,International Journal of Information Systems and Change Management,Inderscience Publishers,1
1935-5688,1935-5696,INFO MAN,International Journal of Information Systems in the Service Sector,IGI Global Publishing,1
1461-4111,1741-5179,INFO MAN,International Journal of Information Technology and Management,Inderscience Publishers,1
1548-0666,1548-0658,INFO MAN,International Journal of Knowledge Management,IGI Global Publishing,1
1753-0822,1753-0830,INFO MAN,International Journal of Services Economics and Management,Inderscience Publishers,1
1744-0084,1744-0092,INFO MAN,International Journal of Web Information Systems,Emerald,1
1063-8016,1533-8010,INFO MAN,Journal of Database Management,IGI Global Publishing,1
1246-0125,2116-7052,INFO MAN,Journal of Decision Systems,Taylor & Francis,1
1539-2937,1539-2929,INFO MAN,Journal of Electronic Commerce in Organizations,IGI Global Publishing,1
1938-9027,1526-6133,INFO MAN,Journal of Electronic Commerce Research,California State University Press,1
1554-1908,1558-7940,INFO MAN,Journal of Emerging Technologies in Accounting,American Accounting Association,1
1055-3096,2574-3872,INFO MAN,Journal of Information Systems Education,ISCAP - Information Systems and Computing Academic Professionals,1
1522-8053,2333-6897,INFO MAN,Journal of Information Technology Case and Application Research,Taylor & Francis,1
2008-5893,2423-5059,INFO MAN,Journal of Information Technology Management,University of Tehran,1
2043-8869,2043-8869,INFO MAN,Journal of Information Technology Teaching Cases,SAGE,1
1751-1577,1875-5879,INFO MAN,Journal of Informetrics,Elsevier,1
1533-2861,1533-287X,INFO MAN,Journal of Internet Commerce,Taylor & Francis,1
1546-2234,1546-5012,INFO MAN,Journal of Organizational and End User Computing,IGI Global Publishing,1
1091-9392,1532-7744,INFO MAN,Journal of Organizational Computing and Electronic Commerce,Taylor & Francis,1
1328-7265,1758-8847,INFO MAN,Journal of Systems and Information Technology,Emerald,1
0718-1876,0718-1876,INFO MAN,Journal of Theoretical and Applied Electronic Commerce Research,Multidisciplinary Digital Publishing Institute (MDPI),1
1477-8238,1477-8246,INFO MAN,Knowledge Management Research and Practice,Taylor & Francis,1
0737-8831,0737-8831,INFO MAN,Library Hi Tech (LHT),Emerald,1
1468-4527,1468-4535,INFO MAN,Online Information Review,Emerald,1
,2325-4688,INFO MAN,Online Journal of Applied Knowledge Management,The International Institute for Applied Knowledge Management,1
,2665-9638,INFO MAN,Software Impacts,Elsevier,1
2078-1865,1560-683X,INFO MAN,South African Journal of Information Management,AOSIS (pty) Ltd,1
0888-045X,0888-045X,INFO MAN,The Bottom Line,Emerald,1
0048-7333,1873-7625,INNOV,Research Policy,Elsevier,4*
0737-6782,1540-5885,INNOV,Journal of Product Innovation Management,Wiley-Blackwell,4
1366-2716,1469-8390,INNOV,Industry and Innovation,Taylor & Francis,3
0892-9912,1573-7047,INNOV,Journal of Technology Transfer,Springer Nature,3
0033-6807,1467-9310,INNOV,R and D Management,Wiley-Blackwell,3
0040-1625,1873-5509,INNOV,Technological Forecasting and Social Change,Elsevier,3
0166-4972,1879-2383,INNOV,Technovation,Elsevier,3
0963-1690,1467-8691,INNOV,Creativity and Innovation Management,Wiley-Blackwell,2
1447-9338,2204-0226,INNOV,Innovation: Organization & Management,Taylor & Francis,2
1363-9196,1757-5877,INNOV,International Journal of Innovation Management,World Scientific,2
0923-4748,1879-1719,INNOV,Journal of Engineering and Technology Management - JET-M,Elsevier,2
1047-8310,1879-1638,INNOV,Journal of High Technology Management Research,Elsevier,2
2329-9460,2329-9037,INNOV,Journal of Responsible Innovation,Taylor & Francis,2
0810-9028,1470-1030,INNOV,Prometheus,Pluto Journals,2
0895-6308,1930-0166,INNOV,Research Technology Management,Taylor & Francis,2
2243-4690,2243-4690,INNOV,Science and Technology Studies,The Finnish Society for Science and Technology Studies,2
0162-2439,1552-8251,INNOV,Science Technology and Human Values,SAGE,2
0138-9130,1588-2861,INNOV,Scientometrics,Springer Nature,2
0306-3127,1460-3659,INNOV,Social Studies of Science,SAGE,2
0954-349X,1873-6017,INNOV,Structural Change and Economic Dynamics,Elsevier,2
2475-1820,2475-1812,INNOV,Annals of Science and Technology Policy,Now Publishers Inc.,1
1976-1597,2158-6721,INNOV,Asian Journal of Technology Innovation,Taylor & Francis,1
1460-1060,1758-7115,INNOV,European Journal of Innovation Management,Emerald,1
1751-0252,1751-0260,INNOV,International Journal of Business Innovation and Research,Inderscience Publishers,1
1368-275X,1741-5098,INNOV,International Journal of Entrepreneurship and Innovation Management,Inderscience Publishers,1
1740-2816,1740-2824,INNOV,International Journal of Foresight and Innovation Policy,Inderscience Publishers,1
1740-8822,1740-8830,INNOV,International Journal of Innovation and Sustainable Development,Inderscience Publishers,1
0219-8770,1793-6950,INNOV,International Journal of Innovation and Technology Management,World Scientific,1
1757-2223,1757-2231,INNOV,International Journal of Innovation Science,Emerald,1
1477-9056,1741-8178,INNOV,International Journal of Product Development,Inderscience Publishers,1
1753-1942,1753-1950,INNOV,"International Journal of Technological Learning, Innovation and Development",Inderscience Publishers,1
1476-5667,1741-8194,INNOV,International Journal of Technology and Globalisation,Inderscience Publishers,1
1740-2832,1740-2840,INNOV,International Journal of Technology Intelligence and Planning,Inderscience Publishers,1
1474-2748,2040-0551,INNOV,International Journal of Technology Management and Sustainable Development,Intellect Publishers,1
1470-6075,1741-5284,INNOV,International Journal of Technology Transfer and Commercialisation,Inderscience Publishers,1
1468-4322,1741-5292,INNOV,"International Journal of Technology, Policy and Management",Inderscience Publishers,1
2046-3375,2046-3383,INNOV,International Journal of the Digital Human,Inderscience Publishers,1
2530-7614,2444-569X,INNOV,Journal of Innovation and Knowledge,Elsevier,1
,2032-5355,INNOV,Journal of Innovation Economics & Management,De Boeck Supérieur,1
,2183-0606,INNOV,Journal of Innovation Management (JIM),"University of Porto (UNIVERSIDADE DO PORTO), Portugal",1
2053-4620,2053-4639,INNOV,Journal of Science and Technology Policy Management,Emerald,1
1868-7865,1868-7873,INNOV,Journal of the Knowledge Economy,Springer Nature,1
,1927-0321,INNOV,Technology Innovation Management Review,Carleton University,1
1537-260X,1944-9585,MDEV&EDU,Academy of Management Learning and Education,George Washington University,4*
1350-5076,1461-7307,MDEV&EDU,Management Learning,SAGE,3
0307-5079,1470-174X,MDEV&EDU,Studies in Higher Education,Taylor & Francis,3
0963-9284,1468-4489,MDEV&EDU,Accounting Education,Taylor & Francis,2
1523-4223,1552-3055,MDEV&EDU,Advances in Developing Human Resources,SAGE,2
0260-2938,1469-297X,MDEV&EDU,Assessment and Evaluation in Higher Education,Taylor & Francis,2
0141-1926,1469-3518,MDEV&EDU,British Educational Research Journal,Wiley-Blackwell,2
0306-9885,1469-3534,MDEV&EDU,British Journal of Guidance and Counselling,Taylor & Francis,2
2156-8235,2156-8243,MDEV&EDU,European Journal of Higher Education,Taylor & Francis,2
0018-1560,1573-174X,MDEV&EDU,Higher Education,Springer Nature,2
0952-8733,1740-3863,MDEV&EDU,Higher Education Policy,Springer Nature,2
0951-5224,0263-9769,MDEV&EDU,Higher Education Quarterly,Wiley-Blackwell,2
,1532-0545,MDEV&EDU,INFORMS Transactions on Education,Institute for Operations Research and the Management Sciences,2
1470-3297,1470-3300,MDEV&EDU,Innovations in Education and Teaching International,Taylor & Francis,2
0739-3172,1558-7983,MDEV&EDU,Issues in Accounting Education,American Accounting Association,2
0748-5751,1873-1996,MDEV&EDU,Journal of Accounting Education,Elsevier,2
1363-9080,1469-9435,MDEV&EDU,Journal of Education and Work,Taylor & Francis,2
0268-0939,1464-5106,MDEV&EDU,Journal of Education Policy,Taylor & Francis,2
0022-1546,1538-4640,MDEV&EDU,Journal of Higher Education,Taylor & Francis,2
1649-4946,2044-4575,MDEV&EDU,Journal of International Business Education,NeilsonJournals Publishing,2
1052-5629,1552-6658,MDEV&EDU,Journal of Management Education,SAGE,2
0273-4753,1552-6550,MDEV&EDU,Journal of Marketing Education,SAGE,2
2379-2981,2379-2981,MDEV&EDU,Management Teaching Review,SAGE,2
1356-2517,1470-1294,MDEV&EDU,Teaching in Higher Education,Taylor & Francis,2
1476-7333,1476-7341,MDEV&EDU,Action Learning: Research and Practice,Taylor & Francis,1
1469-7874,1741-2625,MDEV&EDU,Active Learning in Higher Education,SAGE,1
1085-4622,,MDEV&EDU,Advances in Accounting Education: Teaching and Curriculum Innovations,Emerald,1
1752-1882,1752-1890,MDEV&EDU,Coaching,Taylor & Francis,1
1540-4595,1540-4609,MDEV&EDU,Decision Sciences Journal of Innovative Education,Wiley-Blackwell,1
0040-0912,1758-6127,MDEV&EDU,Education and Training,Emerald,1
,1479-4403,MDEV&EDU,Electronic Journal of e-Learning,Academic Publishing Limited,1
2046-9012,2046-9020,MDEV&EDU,European Journal of Training and Development,Emerald,1
2042-3896,2042-390X,MDEV&EDU,"Higher Education, Skills and Work-based Learning",Emerald,1
0950-4222,2043-6858,MDEV&EDU,Industry and Higher Education,SAGE,1
1741-8305,1741-8305,MDEV&EDU,International Journal of Evidence Based Coaching and Mentoring,Oxford Brookes University,1
1471-8197,1741-8089,MDEV&EDU,International Journal of Innovation and Learning,Inderscience Publishers,1
1741-1009,1741-1017,MDEV&EDU,International Journal of Knowledge and Learning,Inderscience Publishers,1
1740-2875,1740-2883,MDEV&EDU,International Journal of Learning and Change,Inderscience Publishers,1
1752-8240,1752-850X,MDEV&EDU,International Journal of Management Development,Inderscience Publishers,1
1472-8117,2352-3565,MDEV&EDU,International Journal of Management Education,Elsevier,1
1749-9151,1749-916X,MDEV&EDU,International Journal of Teaching and Case Studies,Inderscience Publishers,1
2326-3296,1537-5137,MDEV&EDU,Journal for Advancement of Marketing Education,Marketing Management Association,1
1098-0482,2516-1873,MDEV&EDU,Journal of Advertising Education,SAGE,1
1649-5195,2044-4559,MDEV&EDU,Journal of Business Ethics Education,NeilsonJournals Publishing,1
0957-8234,1758-7395,MDEV&EDU,Journal of Educational Administration,Emerald,1
0309-877X,1469-9486,MDEV&EDU,Journal of Further and Higher Education,Taylor & Francis,1
1360-080X,1469-9508,MDEV&EDU,Journal of Higher Education Policy and Management,Taylor & Francis,1
2046-469X,1836-3261,MDEV&EDU,Journal of International Education in Business,Emerald,1
0262-1711,1758-7492,MDEV&EDU,Journal of Management Development,Emerald,1
1649-7627,2047-9999,MDEV&EDU,Journal of Organizational Behavior Education,NeilsonJournals Publishing,1
1363-6820,1747-5090,MDEV&EDU,Journal of Vocational Education and Training,Taylor & Francis,1
1366-5626,1758-7859,MDEV&EDU,Journal of Workplace Learning,Emerald,1
1052-8008,2153-9987,MDEV&EDU,Marketing Education Review,Taylor & Francis,1
1649-7082,2044-4567,MDEV&EDU,Operations Management Education Review,NeilsonJournals Publishing,1
0968-4883,1758-7662,MDEV&EDU,Quality Assurance in Education,Emerald,1
1358-3883,1573-1936,MDEV&EDU,Tertiary Education and Management,Springer Nature,1
2397-7604,2397-7604,MDEV&EDU,The Journal of Research in Innovative Teaching & Learning,Emerald,1
1057-7408,1532-7663,MKT,Journal of Consumer Psychology,Wiley-Blackwell,4*
0093-5301,1537-5277,MKT,Journal of Consumer Research,Oxford University Press,4*
0022-2429,1547-7185,MKT,Journal of Marketing,SAGE,4*
0022-2437,1547-7193,MKT,Journal of Marketing Research,American Marketing Association,4*
0092-0703,1552-7824,MKT,Journal of the Academy of Marketing Science,Springer Nature,4*
0732-2399,1526-548X,MKT,Marketing Science,Institute for Operations Research and the Management Sciences,4*
0167-8116,1873-8001,MKT,International Journal of Research in Marketing,Elsevier,4
0022-4359,1873-3271,MKT,Journal of Retailing,Elsevier,4
0309-0566,1758-7123,MKT,European Journal of Marketing,Emerald,3
0019-8501,1873-2062,MKT,Industrial Marketing Management,Elsevier,3
0265-1335,1758-6763,MKT,International Marketing Review,Emerald,3
0091-3367,1557-7805,MKT,Journal of Advertising,Taylor & Francis,3
0021-8499,1740-1909,MKT,Journal of Advertising Research,The Advertising Research Foundation,3
1094-9968,1520-6653,MKT,Journal of Interactive Marketing,SAGE,3
1069-031X,1547-7215,MKT,Journal of International Marketing,American Marketing Association,3
0743-9156,1547-7207,MKT,Journal of Public Policy and Marketing,American Marketing Association,3
0923-0645,1573-059X,MKT,Marketing Letters,Springer Nature,3
1470-5931,1741-301X,MKT,Marketing Theory,SAGE,3
0742-6046,1520-6793,MKT,Psychology and Marketing,Wiley-Blackwell,3
1570-7156,1573-711X,MKT,Quantitative Marketing and Economics,Springer Nature,3
1869-814X,1869-8182,MKT,Academy of Marketing Science Review,Springer Nature,2
0098-9258,,MKT,Advances in Consumer Research,Association for Consumer Research,2
1025-3866,1477-223X,MKT,Consumption Markets and Culture,Taylor & Francis,2
1019-6781,1422-8890,MKT,Electronic Markets,Springer Nature,2
0265-0487,1759-3948,MKT,International Journal of Advertising,Taylor & Francis,2
1470-6423,1470-6431,MKT,International Journal of Consumer Studies,Wiley-Blackwell,2
1470-7853,2515-2173,MKT,International Journal of Market Research,Market Research Society,2
0959-0552,1758-6690,MKT,International Journal of Retail and Distribution Management,Emerald,2
1350-231X,1479-1803,MKT,Journal of Brand Management,Springer Nature,2
0885-8624,2052-1189,MKT,Journal of Business and Industrial Marketing,Emerald,2
1472-0817,1479-1838,MKT,Journal of Consumer Behaviour,Wiley-Blackwell,2
0276-1467,1552-6534,MKT,Journal of Macromarketing,SAGE,2
0267-257X,1472-1376,MKT,Journal of Marketing Management,Taylor & Francis,2
0885-3134,1557-7813,MKT,Journal of Personal Selling and Sales Management,Taylor & Francis,2
0969-6989,1873-1384,MKT,Journal of Retailing and Consumer Services,Elsevier,2
0887-6045,0887-6045,MKT,Journal of Services Marketing,Emerald,2
0965-254X,1466-4488,MKT,Journal of Strategic Marketing,Taylor & Francis,2
2378-1815,2378-1823,MKT,Journal of the Association for Consumer Research,University of Chicago Press,2
1352-2752,1758-7646,MKT,Qualitative Market Research,Emerald,2
1355-5855,1758-4248,MKT,Asia Pacific Journal of Marketing and Logistics,Emerald,1
1441-3582,1839-3349,MKT,Australasian Marketing Journal,SAGE,1
1356-3289,1758-6046,MKT,Corporate Communications,Emerald,1
1363-3589,1479-1889,MKT,Corporate Reputation Review,Springer Nature,1
0735-9683,1545-0864,MKT,Health Marketing Quarterly,Taylor & Francis,1
0265-2323,1758-5937,MKT,International Journal of Bank Marketing,Emerald,1
1477-5212,1741-8100,MKT,International Journal of Internet Marketing and Advertising,Inderscience Publishers,1
1750-6123,1750-6131,MKT,International Journal of Pharmaceutical and Healthcare Marketing,Emerald,1
1741-878X,1741-8798,MKT,International Journal of Technology Marketing,Inderscience Publishers,1
0959-3969,1466-4402,MKT,"International Review of Retail, Distribution and Consumer Research",Taylor & Francis,1
,1865-1992,MKT,International Review on Public and Non-Profit Marketing,Springer Nature,1
1051-712X,1547-0628,MKT,Journal of Business-to-Business Marketing,Taylor & Francis,1
1363-254X,1478-0852,MKT,Journal of Communication Management,Emerald,1
0022-0078,1745-6606,MKT,Journal of Consumer Affairs,Wiley-Blackwell,1
0736-3761,2052-1200,MKT,Journal of Consumer Marketing,Emerald,1
1064-1734,2164-7313,MKT,Journal of Current Issues and Research in Advertising,Taylor & Francis,1
1361-2026,1758-7433,MKT,Journal of Fashion Marketing and Management,Emerald,1
1363-0539,1479-1846,MKT,Journal of Financial Services Marketing,Springer Nature,1
2093-2685,2325-4483,MKT,Journal of Global Fashion Marketing,Taylor & Francis,1
0891-1762,1528-6975,MKT,Journal of Global Marketing,Taylor & Francis,1
,1525-2019,MKT,Journal of Interactive Advertising,Taylor & Francis,1
0896-1530,1528-7068,MKT,Journal of International Consumer Marketing,Taylor & Francis,1
2050-3326,2050-3318,MKT,Journal of Marketing Analytics,Springer Nature,1
1352-7266,1466-4445,MKT,Journal of Marketing Communications,Taylor & Francis,1
0884-1241,1540-7144,MKT,Journal of Marketing for Higher Education,Taylor & Francis,1
1069-6679,1944-7175,MKT,Journal of Marketing Theory and Practice,Taylor & Francis,1
1049-5142,1540-6997,MKT,Journal of Non-Profit and Public Sector Marketing,Taylor & Francis,1
,2691-1361,MKT,Journal of Philanthropy and Marketing,Wiley-Blackwell,1
1061-0421,2054-1643,MKT,Journal of Product and Brand Management,Emerald,1
1533-2667,1533-2675,MKT,Journal of Relationship Marketing,Taylor & Francis,1
2040-7122,2040-7130,MKT,Journal of Research in Interactive Marketing,Emerald,1
2042-6763,2042-6771,MKT,Journal of Social Marketing,Emerald,1
0263-4503,1758-8049,MKT,Marketing Intelligence and Planning,Emerald,1
2051-5707,2051-5707,MKT,Recherche et Applications en Marketing,SAGE,1
,1546-5616,MKT,Review of Marketing Science,Walter de Gruyter,1
1533-2969,1533-2977,MKT,Services Marketing Quarterly,Taylor & Francis,1
1524-5004,1539-4093,MKT,Social Marketing Quarterly,SAGE,1
2444-9695,2444-9709,MKT,Spanish Journal of Marketing - ESIC,Emerald,1
1747-3616,1758-7212,MKT,Young Consumers,Emerald,1
0272-6963,1873-1317,OPS&TECH,Journal of Operations Management,Wiley-Blackwell,4*
0144-3577,1758-6593,OPS&TECH,International Journal of Operations and Production Management,Emerald,4
1523-2409,1745-493X,OPS&TECH,Journal of Supply Chain Management,Wiley-Blackwell,4
1059-1478,1937-5956,OPS&TECH,Production and Operations Management,SAGE,4
0166-3615,1872-6194,OPS&TECH,Computers in Industry,Elsevier,3
0018-9391,1558-0040,OPS&TECH,IEEE Transactions on Engineering Management,IEEE,3
0925-5273,1873-7579,OPS&TECH,International Journal of Production Economics,Elsevier,3
0020-7543,1366-588X,OPS&TECH,International Journal of Production Research,Taylor & Francis,3
0735-3766,2158-1592,OPS&TECH,Journal of Business Logistics,Wiley-Blackwell,3
1478-4092,1873-6505,OPS&TECH,Journal of Purchasing and Supply Management,Elsevier,3
1523-4614,1526-5498,OPS&TECH,Manufacturing and Service Operations Management,Institute for Operations Research and the Management Sciences,3
0953-7287,1366-5871,OPS&TECH,Production Planning and Control,Taylor & Francis,3
1359-8546,1758-6852,OPS&TECH,Supply Chain Management,Emerald,3
1463-7154,1758-4116,OPS&TECH,Business Process Management Journal,Emerald,2
0360-8352,1879-0550,OPS&TECH,Computers and Industrial Engineering,Elsevier,2
0951-192X,1362-3052,OPS&TECH,International Journal of Computer Integrated Manufacturing,Taylor & Francis,2
0960-0035,1758-664X,OPS&TECH,International Journal of Physical Distribution and Logistics Management,Emerald,2
0263-7863,1873-4634,OPS&TECH,International Journal of Project Management,Elsevier,2
0265-671X,0265-671X,OPS&TECH,International Journal of Quality and Reliability Management,Emerald,2
0267-5730,1741-5276,OPS&TECH,International Journal of Technology Management,Inderscience Publishers,2
0733-9364,1943-7862,OPS&TECH,Journal of Construction Engineering and Management - ASCE,American Society of Civil Engineers,2
1478-3363,1478-3371,OPS&TECH,Total Quality Management and Business Excellence,Taylor & Francis,2
1463-5771,1463-5771,OPS&TECH,Benchmarking,Emerald,1
1063-293X,1531-2003,OPS&TECH,Concurrent Engineering Research and Applications,SAGE,1
1936-6582,1936-6590,OPS&TECH,Flexible Services and Manufacturing Journal,Springer Nature,1
1571-9545,,OPS&TECH,"Foundations and Trends in Technology, Information and Operations Management",Now Publishers Inc.,1
1741-9174,1741-9182,OPS&TECH,International Journal of Agile Systems and Management,Inderscience Publishers,1
1758-9401,1758-941X,OPS&TECH,International Journal of Business Performance and Supply Chain Modelling,Inderscience Publishers,1
1368-4892,1741-5039,OPS&TECH,International Journal of Business Performance Management,Inderscience Publishers,1
1562-3599,2331-2327,OPS&TECH,International Journal of Construction Management,Taylor & Francis,1
1847-9790,1847-9790,OPS&TECH,International Journal of Engineering Business Management,SAGE,1
1748-1252,1748-1260,OPS&TECH,International Journal of Enterprise Network Management,Inderscience Publishers,1
1748-5037,1748-5045,OPS&TECH,International Journal of Industrial and Systems Engineering,Inderscience Publishers,1
2217-2661,2683-345X,OPS&TECH,International Journal of Industrial Engineering and Management,"University of Novi Sad, Faculty of Technical Sciences",1
1935-5726,1935-5734,OPS&TECH,International Journal of Information Systems and Supply Chain Management,IGI Global Publishing,1
1477-5360,1741-8097,OPS&TECH,International Journal of Integrated Supply Management,Inderscience Publishers,1
1751-6048,1751-6056,OPS&TECH,International Journal of Internet Manufacturing and Services,Inderscience Publishers,1
2040-4166,2040-4174,OPS&TECH,International Journal of Lean Six Sigma,Emerald,1
0957-4093,1758-6550,OPS&TECH,International Journal of Logistics Management,Emerald,1
1367-5567,1469-848X,OPS&TECH,International Journal of Logistics Research and Applications,Taylor & Francis,1
1742-7967,1742-7975,OPS&TECH,International Journal of Logistics Systems and Management,Inderscience Publishers,1
1368-2148,1741-5195,OPS&TECH,International Journal of Manufacturing Technology and Management,Inderscience Publishers,1
1460-6739,1741-816X,OPS&TECH,International Journal of Process Management and Benchmarking,Inderscience Publishers,1
1753-8432,1753-8440,OPS&TECH,International Journal of Procurement Management,Inderscience Publishers,1
1741-0401,1741-0401,OPS&TECH,International Journal of Productivity and Performance Management,Emerald,1
1746-6474,1746-6482,OPS&TECH,International Journal of Productivity and Quality Management,Inderscience Publishers,1
1756-669X,1756-6703,OPS&TECH,International Journal of Quality and Service Sciences,Emerald,1
1744-2370,1744-2389,OPS&TECH,International Journal of Services and Operations Management,Inderscience Publishers,1
1741-539X,1741-5403,OPS&TECH,International Journal of Services Operations and Informatics,Inderscience Publishers,1
1756-6517,1756-6525,OPS&TECH,International Journal of Shipping and Transport Logistics,Inderscience Publishers,1
1479-2494,1479-2753,OPS&TECH,International Journal of Six Sigma and Competitive Advantage,Inderscience Publishers,1
1741-5357,1741-5365,OPS&TECH,International Journal of Value Chain Management,Inderscience Publishers,1
2398-5364,2398-5364,OPS&TECH,Journal of Global Operations and Strategic Sourcing,Emerald,1
2042-6747,2042-6755,OPS&TECH,Journal of Humanitarian Logistics and Supply Chain Management,Emerald,1
0956-5515,1572-8145,OPS&TECH,Journal of Intelligent Manufacturing,Springer Nature,1
0278-6125,1878-6642,OPS&TECH,Journal of Manufacturing Systems,Elsevier,1
1741-038X,1758-7786,OPS&TECH,Journal of Manufacturing Technology Management,Emerald,1
1535-0118,2150-6930,OPS&TECH,Journal of Public Procurement,Emerald,1
1355-2511,1355-2511,OPS&TECH,Journal of Quality in Maintenance Engineering,Emerald,1
1094-6136,1099-1425,OPS&TECH,Journal of Scheduling,Springer Nature,1
2055-6225,2055-6225,OPS&TECH,Journal of Service Theory and Practice,Emerald,1
2310-8789,1995-5235,OPS&TECH,Journal of Transport and Supply Chain Management,AOSIS (pty) Ltd,1
1092-4604,1099-1441,OPS&TECH,Knowledge and Process Management,Wiley-Blackwell,1
1936-9735,1936-9743,OPS&TECH,Operations Management Research,Springer Nature,1
0954-4054,2041-2975,OPS&TECH,"Proceedings of the Institution of Mechanical Engineers, Part B: Journal of Engineering Manufacture",SAGE,1
,2169-3277,OPS&TECH,Production & Manufacturing Research,Taylor & Francis,1
8756-9728,1938-9507,OPS&TECH,Project Management Journal,SAGE,1
0748-8017,1099-1638,OPS&TECH,Quality and Reliability Engineering International,Wiley-Blackwell,1
1335-1745,1338-984X,OPS&TECH,Quality Innovation Prosperity,Technical University of Košice,1
0033-524X,,OPS&TECH,Quality Progress,American Society for Quality,1
2164-3962,2164-3970,OPS&TECH,Service Science,Institute for Operations Research and the Management Sciences,1
1625-8312,1624-6039,OPS&TECH,Supply Chain Forum,Taylor & Francis,1
1754-2731,1754-2731,OPS&TECH,TQM Journal,Emerald,1
1749-4729,1749-4737,OPS&TECH,World Review of Intermodal Transportation Research,Inderscience Publishers,1
0025-1909,1526-5501,OR&MANSCI,Management Science,Institute for Operations Research and the Management Sciences,4*
0030-364X,1526-5463,OR&MANSCI,Operations Research,Institute for Operations Research and the Management Sciences,4*
0377-2217,1872-6860,OR&MANSCI,European Journal of Operational Research,Elsevier,4
1089-778X,1941-0026,OR&MANSCI,IEEE Transactions on Evolutionary Computation,IEEE,4
0025-5610,1436-4646,OR&MANSCI,Mathematical Programming,Springer Nature,4
1049-3301,1558-1195,OR&MANSCI,ACM Transactions on Modeling and Computer Simulation,Association for Computing Machinery,3
0254-5330,1572-9338,OR&MANSCI,Annals of Operations Research,Springer Nature,3
0926-6003,1573-2894,OR&MANSCI,Computational Optimization and Applications,Springer Nature,3
0305-0548,1873-765X,OR&MANSCI,Computers and Operations Research,Elsevier,3
0011-7315,1540-5915,OR&MANSCI,Decision Sciences,Wiley-Blackwell,3
1063-6560,1530-9304,OR&MANSCI,Evolutionary Computation,MIT Press,3
1568-4539,1573-2908,OR&MANSCI,Fuzzy Optimization and Decision Making,Springer Nature,3
2168-2267,2168-2275,OR&MANSCI,IEEE Transactions on Cybernetics,IEEE,3
2168-2216,2168-2232,OR&MANSCI,"IEEE Transactions on Systems, Man, and Cybernetics: Systems",IEEE,3
2472-5854,2472-5862,OR&MANSCI,IISE Transactions,Taylor & Francis,3
1091-9856,1526-5528,OR&MANSCI,INFORMS Journal on Computing,Institute for Operations Research and the Management Sciences,3
0169-2070,1872-8200,OR&MANSCI,International Journal of Forecasting,Elsevier,3
1381-1231,1572-9397,OR&MANSCI,Journal of Heuristics,Springer Nature,3
0022-3239,1573-2878,OR&MANSCI,Journal of Optimization Theory and Applications,Springer Nature,3
0160-5682,1476-9360,OR&MANSCI,Journal of the Operational Research Society,Taylor & Francis,3
0364-765X,1526-5471,OR&MANSCI,Mathematics of Operations Research,Institute for Operations Research and the Management Sciences,3
0894-069X,1520-6750,OR&MANSCI,Naval Research Logistics,Wiley-Blackwell,3
0305-0483,1873-5274,OR&MANSCI,Omega,Elsevier,3
0171-6468,1436-6304,OR&MANSCI,OR Spectrum,Springer Nature,3
0951-8320,1879-0836,OR&MANSCI,Reliability Engineering and System Safety,Elsevier,3
1052-6234,1095-7189,OR&MANSCI,SIAM Journal on Optimization,Society for Industrial and Applied Mathematics,3
0041-1655,1526-5447,OR&MANSCI,Transportation Science,Institute for Operations Research and the Management Sciences,3
1619-4500,1614-2411,OR&MANSCI,4OR,Springer Nature,2
0166-218X,1872-6771,OR&MANSCI,Discrete Applied Mathematics,Elsevier,2
1572-5286,1873-636X,OR&MANSCI,Discrete Optimization,Elsevier,2
0305-215X,1029-0273,OR&MANSCI,Engineering Optimization,Taylor & Francis,2
2192-4406,2192-4414,OR&MANSCI,EURO Journal on Computational Optimization,Elsevier,2
2192-4376,2192-4384,OR&MANSCI,EURO Journal on Transportation and Logistics,Elsevier,2
1751-5254,1751-5262,OR&MANSCI,European Journal of Industrial Engineering,Inderscience Publishers,2
0926-2644,1572-9907,OR&MANSCI,Group Decision and Negotiation,Springer Nature,2
1471-678X,1471-6798,OR&MANSCI,IMA Journal of Management Mathematics,Oxford University Press,2
2644-0865,2644-0873,OR&MANSCI,INFORMS Journal on Applied Analytics,Institute for Operations Research and the Management Sciences,2
2330-2674,2330-2682,OR&MANSCI,International Journal of Systems Science: Operations & Logistics,Taylor & Francis,2
1382-6905,1573-2886,OR&MANSCI,Journal of Combinatorial Optimization,Springer Nature,2
0277-6693,1099-131X,OR&MANSCI,Journal of Forecasting,Wiley-Blackwell,2
0925-5001,1573-2916,OR&MANSCI,Journal of Global Optimization,Springer Nature,2
2327-0012,2327-0039,OR&MANSCI,Journal of Management Analytics,Taylor & Francis,2
1747-7778,1747-7786,OR&MANSCI,Journal of Simulation,Taylor & Francis,2
0167-6377,1872-7468,OR&MANSCI,Operations Research Letters,Elsevier,2
0257-0130,1572-9443,OR&MANSCI,Queueing Systems,Springer Nature,2
1569-190X,1878-1462,OR&MANSCI,Simulation Modelling Practice and Theory,Elsevier,2
0038-0121,1873-6041,OR&MANSCI,Socio-Economic Planning Sciences,Elsevier,2
0883-7066,1099-1727,OR&MANSCI,System Dynamics Review,Wiley-Blackwell,2
1092-7026,1099-1743,OR&MANSCI,Systems Research and Behavioral Science,Wiley-Blackwell,2
0040-5833,1573-7187,OR&MANSCI,Theory and Decision,Springer Nature,2
0217-5959,1793-7019,OR&MANSCI,Asia-Pacific Journal of Operational Research,World Scientific,1
1435-246X,1613-9178,OR&MANSCI,Central European Journal of Operations Research,Springer Nature,1
1619-697X,1619-6988,OR&MANSCI,Computational Management Science,Springer Nature,1
0196-9722,1087-6553,OR&MANSCI,Cybernetics and Systems,Taylor & Francis,1
1545-8490,1545-8504,OR&MANSCI,Decision Analysis,Institute for Operations Research and the Management Sciences,1
,2193-9446,OR&MANSCI,EURO Journal on Decision Processes,Elsevier,1
0315-5986,1916-0615,OR&MANSCI,INFOR: Information Systems and Operational Research,Taylor & Francis,1
1755-8077,1755-8085,OR&MANSCI,International Journal of Applied Decision Sciences,Inderscience Publishers,1
0308-1079,1563-5104,OR&MANSCI,International Journal of General Systems,Taylor & Francis,1
1757-5850,1757-5869,OR&MANSCI,International Journal of Mathematics in Operational Research,Inderscience Publishers,1
1745-7645,1745-7653,OR&MANSCI,International Journal of Operational Research,Inderscience Publishers,1
1082-1910,,OR&MANSCI,International Journal of Operations and Quantitative Management,International Forum of Management Scholars (INFOMS),1
0969-6016,1475-3995,OR&MANSCI,International Transactions in Operational Research,Wiley-Blackwell,1
2573-234X,2573-2358,OR&MANSCI,Journal of Business Analytics,Taylor & Francis,1
1547-5816,1553-166X,OR&MANSCI,Journal of Industrial and Management Optimization,American Institute of Mathematical Sciences,1
1746-5664,1746-5672,OR&MANSCI,Journal of Modelling in Management,Emerald,1
1057-9214,1099-1360,OR&MANSCI,Journal of Multi-Criteria Decision Analysis,Wiley-Blackwell,1
0368-492X,1758-7883,OR&MANSCI,Kybernetes,Emerald,1
1432-2994,1432-5217,OR&MANSCI,Mathematical Methods of Operations Research,Springer Nature,1
1109-2858,1866-1505,OR&MANSCI,Operational Research,Springer Nature,1
0030-3887,0975-0320,OR&MANSCI,OPSEARCH,Springer Nature,1
0233-1934,1029-4945,OR&MANSCI,Optimization,Taylor & Francis,1
1348-9151,1349-8169,OR&MANSCI,Pacific Journal of Optimization,Yokohama Publishers,1
0101-7438,1678-5142,OR&MANSCI,Pesquisa Operacional,Sociedade Brasileira de Pesquisa Operacional,1
0399-0559,1290-3868,OR&MANSCI,RAIRO - Operations Research,EDP Sciences,1
0037-5497,1741-3133,OR&MANSCI,SIMULATION: Transactions of The Society for Modeling and Simulation International,SAGE,1
1134-5764,1863-8279,OR&MANSCI,TOP,Springer Nature,1
1047-7039,1526-5455,ORG STUD,Organization Science,Institute for Operations Research and the Management Sciences,4*
0018-7267,1741-282X,ORG STUD,Human Relations,SAGE,4
1048-9843,1873-3409,ORG STUD,Leadership Quarterly,Elsevier,4
0170-8406,1741-3044,ORG STUD,Organization Studies,SAGE,4
1094-4281,1552-7425,ORG STUD,Organizational Research Methods,SAGE,4
1059-6011,1552-3993,ORG STUD,Group and Organization Management,SAGE,3
1350-5084,1461-7323,ORG STUD,Organization,SAGE,3
1086-0266,1552-7417,ORG STUD,Organization and Environment,SAGE,3
0090-2616,1873-3530,ORG STUD,Organizational Dynamics,Elsevier,3
0191-3085,2468-1741,ORG STUD,Research in Organizational Behavior,Elsevier,3
0733-558X,,ORG STUD,Research in the Sociology of Organizations,Emerald,3
1475-9551,1477-2760,ORG STUD,Culture and Organization,Taylor & Francis,2
1368-4302,1461-7188,ORG STUD,Group Processes and Intergroup Relations,SAGE,2
2213-297X,2213-2988,ORG STUD,Journal of Co-operative Organization and Management,Elsevier,2
1367-3270,1758-7484,ORG STUD,Journal of Knowledge Management,Emerald,2
0160-8061,1540-8604,ORG STUD,Journal of Organizational Behavior Management,Taylor & Francis,2
0953-4814,1758-7816,ORG STUD,Journal of Organizational Change Management,Emerald,2
2051-8803,2051-8811,ORG STUD,Journal of Professions and Organization,Oxford University Press,2
1742-7150,1742-7169,ORG STUD,Leadership,SAGE,2
0893-3189,1552-6798,ORG STUD,Management Communication Quarterly,SAGE,2
0748-4526,1571-9979,ORG STUD,Negotiation Journal,Wiley-Blackwell,2
0195-6086,1533-8665,ORG STUD,Symbolic Interaction,Wiley-Blackwell,2
1094-429X,1573-9295,ORG STUD,Systemic Practice and Action Research,Springer Nature,2
0021-8863,1552-6879,ORG STUD,The Journal of Applied Behavioral Science,SAGE,2
1476-7503,1741-2617,ORG STUD,Action Research,SAGE,1
1381-298X,1572-9346,ORG STUD,Computational and Mathematical Organization Theory,Springer Nature,1
2052-1499,1473-2866,ORG STUD,Ephemera: Critical Dialogues on Organization,Warwick Business School,1
1743-8268,1743-8276,ORG STUD,International Journal of Knowledge Management Studies,Inderscience Publishers,1
1093-4537,1532-4273,ORG STUD,International Journal of Organization Theory and Behavior,Emerald,1
1934-8835,,ORG STUD,International Journal of Organizational Analysis,Emerald,1
1740-2891,1740-2905,ORG STUD,International Journal of Project Organisation and Management,Inderscience Publishers,1
2046-6749,2046-6757,ORG STUD,Journal of Organizational Ethnography,Emerald,1
0143-7739,1472-5347,ORG STUD,Leadership and Organization Development Journal,Emerald,1
0969-6474,0969-6474,ORG STUD,Learning Organization,Emerald,1
2050-1242,2050-1250,ORG STUD,Network Science,Cambridge University Press,1
2029-4581,2345-0037,ORG STUD,Organizations and Markets in Emerging Economies,Vilnius University,1
1746-5648,1746-5656,ORG STUD,Qualitative Research in Organizations and Management,Emerald,1
,1532-5555,ORG STUD,Tamara: Journal for Critical Organization Inquiry,Kozminski University,1
0956-7976,1467-9280,PSYCH (GENERAL),Psychological Science,SAGE,4*
0066-4308,1545-2085,PSYCH (GENERAL),Annual Review of Psychology,Annual Reviews Inc.,4
0140-525X,1469-1825,PSYCH (GENERAL),Behavioral and Brain Sciences,Cambridge University Press,4
0010-0277,1873-7838,PSYCH (GENERAL),Cognition,Elsevier,4
0963-7214,1467-8721,PSYCH (GENERAL),Current Directions in Psychological Science,SAGE,4
1076-898X,1939-2192,PSYCH (GENERAL),Journal of Experimental Psychology: Applied,American Psychological Association,4
0096-3445,1939-2222,PSYCH (GENERAL),Journal of Experimental Psychology: General,American Psychological Association,4
0022-1031,1096-0465,PSYCH (GENERAL),Journal of Experimental Social Psychology,Elsevier,4
0022-3514,1939-1315,PSYCH (GENERAL),Journal of Personality and Social Psychology,American Psychological Association,4
,2397-3374,PSYCH (GENERAL),Nature Human Behaviour,Springer Nature,4
0146-1672,1552-7433,PSYCH (GENERAL),Personality and Social Psychology Bulletin,SAGE,4
0033-2909,1939-1455,PSYCH (GENERAL),Psychological Bulletin,American Psychological Association,4
0033-295X,1939-1471,PSYCH (GENERAL),Psychological Review,American Psychological Association,4
0007-1269,2044-8295,PSYCH (GENERAL),British Journal of Psychology,Wiley-Blackwell,3
0144-6665,2044-8309,PSYCH (GENERAL),British Journal of Social Psychology,Wiley-Blackwell,3
0364-0213,1551-6709,PSYCH (GENERAL),Cognitive Science,Wiley-Blackwell,3
0046-2772,1099-0992,PSYCH (GENERAL),European Journal of Social Psychology,Wiley-Blackwell,3
0894-3257,1099-0771,PSYCH (GENERAL),Journal of Behavioral Decision Making,Wiley-Blackwell,3
0022-0027,1552-8766,PSYCH (GENERAL),Journal of Conflict Resolution,SAGE,3
0022-0221,1552-5422,PSYCH (GENERAL),Journal of Cross-Cultural Psychology,SAGE,3
0272-4944,1522-9610,PSYCH (GENERAL),Journal of Environmental Psychology,Elsevier,3
0278-7393,1939-1285,PSYCH (GENERAL),Journal of Experimental Psychology: Learning Memory and Cognition,American Psychological Association,3
0022-2496,1096-0880,PSYCH (GENERAL),Journal of Mathematical Psychology,Elsevier,3
0022-3506,1467-6494,PSYCH (GENERAL),Journal of Personality,Wiley-Blackwell,3
1930-2975,1930-2975,PSYCH (GENERAL),Judgment and Decision Making,Society for Judgment and Decision Making,3
0191-8869,1873-3549,PSYCH (GENERAL),Personality and Individual Differences,Elsevier,3
0340-0727,1430-2772,PSYCH (GENERAL),Psychological Research,Springer Nature,3
0361-6843,1471-6402,PSYCH (GENERAL),Psychology of Women Quarterly,SAGE,3
0033-3123,1860-0980,PSYCH (GENERAL),Psychometrika,Springer Nature,3
1747-0218,1747-0226,PSYCH (GENERAL),Quarterly Journal of Experimental Psychology,SAGE,3
1948-5506,1948-5514,PSYCH (GENERAL),Social Psychological and Personality Science,SAGE,3
1532-2998,1532-3005,PSYCH (GENERAL),Stress and Health,Wiley-Blackwell,3
2515-2459,2515-2467,PSYCH (GENERAL),Advances in Methods and Practices in Psychological Science (AMPPS),SAGE,2
0888-4080,1099-0720,PSYCH (GENERAL),Applied Cognitive Psychology,Wiley-Blackwell,2
,2365-7464,PSYCH (GENERAL),Cognitive Research: Principles and Implications,Springer Nature,2
,2474-7394,PSYCH (GENERAL),Collabra: Psychology,University of California Press,2
1040-0419,1532-6934,PSYCH (GENERAL),Creativity Research Journal,Taylor & Francis,2
2325-9965,2325-9973,PSYCH (GENERAL),Decision,American Psychological Association,2
1015-5759,2151-2426,PSYCH (GENERAL),European Journal of Psychological Assessment,Hogrefe Publishing,2
1555-3434,2169-5032,PSYCH (GENERAL),Journal of Cognitive Engineering and Decision Making,SAGE,2
0090-4392,1520-6629,PSYCH (GENERAL),Journal of Community Psychology,Wiley-Blackwell,2
0167-4870,1872-7719,PSYCH (GENERAL),Journal of Economic Psychology,Elsevier,2
0261-927X,1552-6526,PSYCH (GENERAL),Journal of Language and Social Psychology,SAGE,2
0191-5886,1573-3653,PSYCH (GENERAL),Journal of Nonverbal Behavior,Springer Nature,2
0036-5564,1467-9450,PSYCH (GENERAL),Scandinavian Journal of Psychology,Wiley-Blackwell,2
2190-8370,2151-2604,PSYCH (GENERAL),Zeitschrift fur Psychologie / Journal of Psychology,Hogrefe Publishing,2
0002-7642,1552-3381,PSYCH (GENERAL),American Behavioral Scientist,SAGE,1
0002-9556,1939-8298,PSYCH (GENERAL),American Journal of Psychology,University of Illinois Press,1
0004-9530,1742-9536,PSYCH (GENERAL),Australian Journal of Psychology,Taylor & Francis,1
0197-3533,1532-4834,PSYCH (GENERAL),Basic and Applied Social Psychology,Taylor & Francis,1
0008-400X,1879-2669,PSYCH (GENERAL),Canadian Journal of Behavioural Science,American Psychological Association,1
0708-5591,1878-7304,PSYCH (GENERAL),Canadian Psychology,Canadian Psychological Association,1
1046-1310,1936-4733,PSYCH (GENERAL),Current Psychology,Springer Nature,1
,2673-8627,PSYCH (GENERAL),European Journal of Psychology Open,Hogrefe Publishing,1
1016-9040,1878-531X,PSYCH (GENERAL),European Psychologist,Hogrefe Publishing,1
0147-1767,1873-7552,PSYCH (GENERAL),International Journal of Intercultural Relations,Elsevier,1
0020-7594,1464-066X,PSYCH (GENERAL),International Journal of Psychology,Wiley-Blackwell,1
0021-5368,1468-5884,PSYCH (GENERAL),Japanese Psychological Research,Wiley-Blackwell,1
1072-0537,1521-0650,PSYCH (GENERAL),Journal of Constructivist Psychology,Taylor & Francis,1
1389-4978,1573-7780,PSYCH (GENERAL),Journal of Happiness Studies,Springer Nature,1
1834-4909,1834-4909,PSYCH (GENERAL),Journal of Pacific Rim Psychology,SAGE,1
1743-9760,1743-9779,PSYCH (GENERAL),Journal of Positive Psychology,Taylor & Francis,1
0022-4545,1940-1183,PSYCH (GENERAL),Journal of Social Psychology,Taylor & Francis,1
1901-2276,1904-0016,PSYCH (GENERAL),Nordic Psychology,Taylor & Francis,1
0214-9915,1886-144X,PSYCH (GENERAL),Psicothema,Colegio Oficial de Psicologos,1
0048-5705,1451-9283,PSYCH (GENERAL),Psihologija,Serbian Psychological Society,1
0033-2941,1558-691X,PSYCH (GENERAL),Psychological Reports,SAGE,1
0952-8229,0952-8229,PSYCH (GENERAL),Psychologist,The British Psychological Society,1
0885-7466,1573-6725,PSYCH (GENERAL),Social Justice Research,Springer Nature,1
0081-2463,2078-208X,PSYCH (GENERAL),South African Journal of Psychology,SAGE,1
1138-7416,1988-2904,PSYCH (GENERAL),Spanish Journal of Psychology,Cambridge University Press,1
0022-3980,1940-1019,PSYCH (GENERAL),The Journal of Psychology,Taylor & Francis,1
0021-9010,1939-1854,PSYCH (WOP-OB),Journal of Applied Psychology,American Psychological Association,4*
0031-5826,1744-6570,PSYCH (WOP-OB),Personnel Psychology,Wiley-Blackwell,4*
0963-1798,2044-8325,PSYCH (WOP-OB),Journal of Occupational and Organizational Psychology,Wiley-Blackwell,4
1076-8998,1939-1307,PSYCH (WOP-OB),Journal of Occupational Health Psychology,American Psychological Association,4
0894-3796,1099-1379,PSYCH (WOP-OB),Journal of Organizational Behavior,Wiley-Blackwell,4
0001-8791,1095-9084,PSYCH (WOP-OB),Journal of Vocational Behavior,Elsevier,4
0749-5978,1095-9920,PSYCH (WOP-OB),Organizational Behavior and Human Decision Processes,Elsevier,4
0267-8373,1464-5335,PSYCH (WOP-OB),Work and Stress,Taylor & Francis,4
0001-4575,1879-2057,PSYCH (WOP-OB),Accident Analysis and Prevention,Elsevier,3
0003-6870,1872-9126,PSYCH (WOP-OB),Applied Ergonomics,Elsevier,3
0269-994X,1464-0597,PSYCH (WOP-OB),Applied Psychology,Wiley-Blackwell,3
0014-0139,1366-5847,PSYCH (WOP-OB),Ergonomics,Taylor & Francis,3
1359-432X,1464-0643,PSYCH (WOP-OB),European Journal of Work and Organizational Psychology,Taylor & Francis,3
0018-7208,1547-8181,PSYCH (WOP-OB),Human Factors,SAGE,3
0895-9285,1532-7043,PSYCH (WOP-OB),Human Performance,Taylor & Francis,3
0342-5282,1473-5660,PSYCH (WOP-OB),International Journal of Rehabilitation Research,Wolters Kluwer Health,3
0889-3268,1573-353X,PSYCH (WOP-OB),Journal of Business and Psychology,Springer Nature,3
0268-3946,1758-7778,PSYCH (WOP-OB),Journal of Managerial Psychology,Emerald,3
0022-4405,1873-3506,PSYCH (WOP-OB),Journal of School Psychology,Elsevier,3
1351-0711,1470-7926,PSYCH (WOP-OB),Occupational and Environmental Medicine,BMJ Publishing Group,3
0355-3140,1795-990X,PSYCH (WOP-OB),"Scandinavian Journal of Work, Environment and Health",Finnish Institute of Occupational Health,3
0146-6216,1552-3497,PSYCH (WOP-OB),Applied Psychological Measurement,SAGE,2
1758-0846,1758-0854,PSYCH (WOP-OB),Applied Psychology: Health and Well-Being,Wiley-Blackwell,2
1435-5558,1435-5566,PSYCH (WOP-OB),"Cognition, Technology and Work",Springer Nature,2
1089-2699,1930-7802,PSYCH (WOP-OB),Group Dynamics,American Psychological Association,2
0340-0131,1432-1246,PSYCH (WOP-OB),International Archives of Occupational and Environmental Health,Springer Nature,2
0169-8141,1872-8219,PSYCH (WOP-OB),International Journal of Industrial Ergonomics,Elsevier,2
0965-075X,1468-2389,PSYCH (WOP-OB),International Journal of Selection and Assessment,Wiley-Blackwell,2
1072-5245,1573-3424,PSYCH (WOP-OB),International Journal of Stress Management,American Psychological Association,2
0021-9029,1559-1816,PSYCH (WOP-OB),Journal of Applied Social Psychology,Wiley-Blackwell,2
1069-0727,1552-4590,PSYCH (WOP-OB),Journal of Career Assessment,SAGE,2
1076-2752,1536-5948,PSYCH (WOP-OB),Journal of Occupational and Environmental Medicine,Wolters Kluwer Health,2
1053-0487,1573-3688,PSYCH (WOP-OB),Journal of Occupational Rehabilitation,Springer Nature,2
1866-5888,2190-5150,PSYCH (WOP-OB),Journal of Personnel Psychology,Hogrefe Publishing,2
0022-4375,1879-1247,PSYCH (WOP-OB),Journal of Safety Research,Elsevier,2
2041-3866,2041-3874,PSYCH (WOP-OB),Organizational Psychology Review,SAGE,2
0090-5550,1939-1544,PSYCH (WOP-OB),Rehabilitation Psychology,American Psychological Association,2
1046-4964,1552-8278,PSYCH (WOP-OB),Small Group Research,SAGE,2
1366-8803,1469-3615,PSYCH (WOP-OB),"Community, Work and Family",Taylor & Francis,1
0963-8288,1464-5165,PSYCH (WOP-OB),Disability and Rehabilitation,Taylor & Francis,1
,1736-6399,PSYCH (WOP-OB),European Work and Organizational Psychology in practice,European Association of Work and Organizational Psychology,1
0921-5077,1875-7235,PSYCH (WOP-OB),Gedrag en Organisatie,Amsterdam University Press,1
1090-8471,1520-6564,PSYCH (WOP-OB),Human Factors and Ergonomics In Manufacturing,Wiley-Blackwell,1
2472-5838,2472-5846,PSYCH (WOP-OB),IISE Transactions on Occupational Ergonomics and Human Factors,Taylor & Francis,1
1754-9426,1754-9434,PSYCH (WOP-OB),Industrial and Organizational Psychology,Cambridge University Press,1
1750-2764,2396-8753,PSYCH (WOP-OB),International Coaching Psychology Review,The British Psychological Society,1
1873-0388,1573-1782,PSYCH (WOP-OB),International Journal for Educational and Vocational Guidance,Springer Nature,1
1080-3548,2376-9130,PSYCH (WOP-OB),International Journal of Occupational Safety and Ergonomics,Taylor & Francis,1
1753-8351,1753-836X,PSYCH (WOP-OB),International Journal of Workplace Health Management,Emerald,1
1382-340X,1571-8069,PSYCH (WOP-OB),International Negotiation,Brill,1
0894-8453,1573-3548,PSYCH (WOP-OB),Journal of Career Development,SAGE,1
0022-0787,2161-1920,PSYCH (WOP-OB),Journal of Employment Counseling,Wiley-Blackwell,1
1607-2960,,PSYCH (WOP-OB),Journal of Rehabilitation,National Rehabilitation Association,1
0899-5605,1532-7876,PSYCH (WOP-OB),Military Psychology,Taylor & Francis,1
0962-7480,1471-8405,PSYCH (WOP-OB),Occupational Medicine,Oxford University Press,1
1420-2530,1778-3631,PSYCH (WOP-OB),Psychologie du Travail et des Organisations,Elsevier,1
1088-7156,1550-3461,PSYCH (WOP-OB),Psychologist-Manager Journal,American Psychological Association,1
0034-3552,1538-4853,PSYCH (WOP-OB),Rehabilitation Counseling Bulletin,SAGE,1
1479-3555,,PSYCH (WOP-OB),Research in Occupational Stress and Well Being,Emerald,1
1162-9088,1878-3457,PSYCH (WOP-OB),Revue Europeenne de Psychologie Appliquee,Elsevier,1
1937-1918,1937-190X,PSYCH (WOP-OB),Social Work in Public Health,Taylor & Francis,1
0258-5200,2071-0763,PSYCH (WOP-OB),South African Journal of Industrial Psychology,AOSIS (pty) Ltd,1
2157-3905,2157-3913,PSYCH (WOP-OB),"Sport, Exercise, and Performance Psychology",American Psychological Association,1
2472-1840,2472-1832,PSYCH (WOP-OB),The International Journal of Aerospace Psychology,Taylor & Francis,1
1972-6325,,PSYCH (WOP-OB),"TPM - Testing, Psychometrics, Methodology in Applied Psychology",Cises SRL,1
1051-9815,1875-9270,PSYCH (WOP-OB),Work,IOS Press,1
0932-4089,2190-6270,PSYCH (WOP-OB),Zeitschrift fur Arbeits- und Organisationspsychologie,Hogrefe Publishing,1
0033-3352,1540-6210,PUB SEC,Public Administration Review,Wiley-Blackwell,4*
0952-1895,1468-0491,PUB SEC,Governance,Wiley-Blackwell,4
1053-1858,1477-9803,PUB SEC,Journal of Public Administration Research and Theory,Oxford University Press,4
0033-3298,1467-9299,PUB SEC,Public Administration,Wiley-Blackwell,4
1471-9037,1471-9045,PUB SEC,Public Management Review,Taylor & Francis,4
0275-0740,1552-3357,PUB SEC,American Review of Public Administration,SAGE,3
2399-6544,2399-6552,PUB SEC,Environment and Planning C: Politics and Space,SAGE,3
0017-9124,1475-6773,PUB SEC,Health Services Research,Wiley-Blackwell,3
1096-7494,1559-3169,PUB SEC,International Public Management Journal,Taylor & Francis,3
0020-8523,1461-7226,PUB SEC,International Review of Administrative Sciences,SAGE,3
1350-1763,1466-4429,PUB SEC,Journal of European Public Policy,Taylor & Francis,3
0276-8739,1520-6688,PUB SEC,Journal of Policy Analysis and Management,Wiley-Blackwell,3
0887-378X,1468-0009,PUB SEC,Milbank Quarterly,Wiley-Blackwell,3
0305-5736,1470-8442,PUB SEC,Policy and Politics,Policy Press (Bristol University Press),3
0190-292X,1541-0072,PUB SEC,Policy Studies Journal,Wiley-Blackwell,3
1748-5983,1748-5991,PUB SEC,Regulation and Governance,Wiley-Blackwell,3
0095-3997,1552-3039,PUB SEC,Administration and Society,SAGE,2
0313-6647,1467-8500,PUB SEC,Australian Journal of Public Administration,Wiley-Blackwell,2
1741-1432,1741-1440,PUB SEC,Educational Management Administration and Leadership,SAGE,2
1744-2648,1744-2656,PUB SEC,Evidence and Policy,Policy Press (Bristol University Press),2
0361-6274,1550-5030,PUB SEC,Health Care Management Review,Wolters Kluwer Health,2
1386-9620,1572-9389,PUB SEC,Health Care Management Science,Springer Nature,2
0168-8510,1872-6054,PUB SEC,Health Policy,Elsevier,2
2047-0894,2047-0908,PUB SEC,International Journal of Emergency Services,Emerald,2
0190-0692,1532-4265,PUB SEC,International Journal of Public Administration,Taylor & Francis,2
1355-8196,1758-1060,PUB SEC,Journal of Health Services Research and Policy,SAGE,2
0143-814X,1469-7815,PUB SEC,Journal of Public Policy,Cambridge University Press,2
0300-3930,1743-9388,PUB SEC,Local Government Studies,Taylor & Francis,2
2398-4910,2398-4929,PUB SEC,Perspectives on Public Management & Governance,Oxford University Press,2
1363-951X,1758-695X,PUB SEC,Policing,Emerald,2
,2574-1292,PUB SEC,Policy Design and Practice,Taylor & Francis,2
0144-2872,1470-1006,PUB SEC,Policy Studies,Taylor & Francis,2
0271-2075,1099-162X,PUB SEC,Public Administration and Development,Wiley-Blackwell,2
1099-9922,1558-0989,PUB SEC,Public Integrity,Taylor & Francis,2
0954-0962,1467-9302,PUB SEC,Public Money and Management,Taylor & Francis,2
1566-7170,1573-7098,PUB SEC,Public Organization Review,Springer Nature,2
1530-9576,1557-9271,PUB SEC,Public Performance & Management Review,Taylor & Francis,2
0091-0260,1945-7421,PUB SEC,Public Personnel Management,SAGE,2
0952-0767,1749-4192,PUB SEC,Public Policy and Administration,SAGE,2
1541-132X,1541-1338,PUB SEC,Review of Policy Research,Wiley-Blackwell,2
0734-371X,1552-759X,PUB SEC,Review of Public Personnel Administration,SAGE,2
0144-5596,1467-9515,PUB SEC,Social Policy and Administration,Wiley-Blackwell,2
1532-4400,1946-1607,PUB SEC,State Politics and Policy Quarterly,Cambridge University Press,2
1750-6166,1750-6166,PUB SEC,"Transforming Government: People, Process and Policy",Emerald,2
1084-1806,1949-0461,PUB SEC,Administrative Theory and Praxis,Taylor & Francis,1
2050-2680,2050-2680,PUB SEC,Asia and the Pacific Policy Studies,Wiley-Blackwell,1
2327-6665,2327-6673,PUB SEC,Asia Pacific Journal of Public Administration,Taylor & Francis,1
0034-7612,1982-3134,PUB SEC,Brazilian Journal of Public Administration (Revista de Administração Pública - RAP),"Fundacao Getulio Vargas, Escola de Administracao de Empresas de Sao Paulo",1
1358-0574,1759-7382,PUB SEC,British Journal of Health Care Management,MA Healthcare Ltd,1
0008-4840,1754-7121,PUB SEC,Canadian Public Administration,Wiley-Blackwell,1
0317-0861,1911-9917,PUB SEC,Canadian Public Policy/Analyse de politiques,University of Toronto Press,1
0951-4848,1758-1044,PUB SEC,Health Services Management Research,SAGE,1
0951-354X,0951-354X,PUB SEC,International Journal of Educational Management,Emerald,1
0952-6862,0952-6862,PUB SEC,International Journal of Health Care Quality Assurance,Emerald,1
2059-4631,2059-464X,PUB SEC,International Journal of Health Governance,Emerald,1
1368-2156,1741-5144,PUB SEC,International Journal of Healthcare Technology and Management,Inderscience Publishers,1
2056-4929,2056-4937,PUB SEC,International Journal of Public Leadership,Emerald,1
0951-3558,0951-3558,PUB SEC,International Journal of Public Sector Management,Emerald,1
1229-4659,2331-7795,PUB SEC,International Review of Public Administration,Taylor & Francis,1
1751-6234,1751-6242,PUB SEC,Journal of Asian Public Policy,Taylor & Francis,1
1387-6988,1572-5448,PUB SEC,Journal of Comparative Policy Analysis,Taylor & Francis,1
1477-7266,1758-7247,PUB SEC,Journal of Health Organization and Management,Emerald,1
1472-3891,1479-1854,PUB SEC,Journal of Public Affairs,Wiley-Blackwell,1
1523-6803,2328-9643,PUB SEC,Journal of Public Affairs Education,Taylor & Francis,1
1751-1879,1751-1887,PUB SEC,Leadership in Health Services,Emerald,1
,1752-4520,PUB SEC,Policing: A journal of policy and practice,Oxford University Press,1
0734-9149,2327-4433,PUB SEC,Public Administration Quarterly,Southern Public Administration Education Foundation Inc.,1
1087-724X,1552-7549,PUB SEC,Public Works Management and Policy,SAGE,1
0160-323X,1943-3409,PUB SEC,State and Local Government Review,SAGE,1
0144-7394,2047-8720,PUB SEC,Teaching Public Administration,SAGE,1
2040-8056,2040-8064,PUB SEC,Voluntary Sector Review,Bristol University Press,1
0013-0095,1944-8287,"REGIONAL STUDIES, PLANNING AND ENVIRONMENT",Economic Geography,Taylor & Francis,4
1468-2702,1468-2710,"REGIONAL STUDIES, PLANNING AND ENVIRONMENT",Journal of Economic Geography,Oxford University Press,4
0034-3404,1360-0591,"REGIONAL STUDIES, PLANNING AND ENVIRONMENT",Regional Studies,Taylor & Francis,4
1752-1378,1752-1386,"REGIONAL STUDIES, PLANNING AND ENVIRONMENT","Cambridge Journal of Regions, Economy and Society",Oxford University Press,3
0308-518X,1472-3409,"REGIONAL STUDIES, PLANNING AND ENVIRONMENT",Environment and Planning A,SAGE,3
0969-7764,1461-7145,"REGIONAL STUDIES, PLANNING AND ENVIRONMENT",European Urban and Regional Studies,SAGE,3
0959-3780,1872-9495,"REGIONAL STUDIES, PLANNING AND ENVIRONMENT",Global Environmental Change,Elsevier,3
0022-4146,1467-9787,"REGIONAL STUDIES, PLANNING AND ENVIRONMENT",Journal of Regional Science,Wiley-Blackwell,3
0743-0167,1873-1392,"REGIONAL STUDIES, PLANNING AND ENVIRONMENT",Journal of Rural Studies,Elsevier,3
1056-8190,1435-5957,"REGIONAL STUDIES, PLANNING AND ENVIRONMENT",Papers in Regional Science,Elsevier,3
0166-0462,1879-2308,"REGIONAL STUDIES, PLANNING AND ENVIRONMENT",Regional Science and Urban Economics,Elsevier,3
0042-0980,1360-063X,"REGIONAL STUDIES, PLANNING AND ENVIRONMENT",Urban Studies,SAGE,3
0570-1864,1432-0592,"REGIONAL STUDIES, PLANNING AND ENVIRONMENT",Annals of Regional Science,Springer Nature,2
0264-2751,1873-6084,"REGIONAL STUDIES, PLANNING AND ENVIRONMENT",Cities,Elsevier,2
0144-6193,1466-433X,"REGIONAL STUDIES, PLANNING AND ENVIRONMENT",Construction Management and Economics,Taylor & Francis,2
0965-4313,1469-5944,"REGIONAL STUDIES, PLANNING AND ENVIRONMENT",European Planning Studies,Taylor & Francis,2
0017-4815,1468-2257,"REGIONAL STUDIES, PLANNING AND ENVIRONMENT",Growth and Change,Wiley-Blackwell,2
0309-1317,1468-2427,"REGIONAL STUDIES, PLANNING AND ENVIRONMENT",International Journal of Urban and Regional Research,Wiley-Blackwell,2
1753-8335,1753-8343,"REGIONAL STUDIES, PLANNING AND ENVIRONMENT",Journal of Place Management and Development,Emerald,2
0269-0942,1470-9325,"REGIONAL STUDIES, PLANNING AND ENVIRONMENT",Local Economy,SAGE,2
0041-0020,1478-341X,"REGIONAL STUDIES, PLANNING AND ENVIRONMENT",Town Planning Review,Liverpool University Press,2
2310-4988,2306-5133,"REGIONAL STUDIES, PLANNING AND ENVIRONMENT",African Evaluation Journal,AOSIS (pty) Ltd,1
2044-124X,2044-1258,"REGIONAL STUDIES, PLANNING AND ENVIRONMENT",Built Environment Project and Asset Management,Emerald,1
1535-3958,1535-3966,"REGIONAL STUDIES, PLANNING AND ENVIRONMENT",Corporate Social Responsibility and Environmental Management,Wiley-Blackwell,1
1750-6220,1750-6220,"REGIONAL STUDIES, PLANNING AND ENVIRONMENT",International Journal of Energy Sector Management,Emerald,1
1753-8270,1753-8289,"REGIONAL STUDIES, PLANNING AND ENVIRONMENT",International Journal of Housing Markets and Analysis,Emerald,1
1463-001X,1479-1048,"REGIONAL STUDIES, PLANNING AND ENVIRONMENT",Journal of Corporate Real Estate,Emerald,1
1753-9269,1753-9277,"REGIONAL STUDIES, PLANNING AND ENVIRONMENT",Journal of European Real Estate Research,Emerald,1
1366-4387,1759-8443,"REGIONAL STUDIES, PLANNING AND ENVIRONMENT",Journal of Financial Management of Property and Construction,Emerald,1
1435-5930,1435-5949,"REGIONAL STUDIES, PLANNING AND ENVIRONMENT",Journal of Geographical Systems,Springer Nature,1
1864-4031,1864-404X,"REGIONAL STUDIES, PLANNING AND ENVIRONMENT",Letters in Spatial and Resource Sciences,Springer Nature,1
1359-7566,1743-9434,"REGIONAL STUDIES, PLANNING AND ENVIRONMENT",Regional and Federal Studies,Taylor & Francis,1
0160-7383,1873-7722,SECTOR,Annals of Tourism Research,Elsevier,4
1094-6705,1552-7379,SECTOR,Journal of Service Research,SAGE,4
0047-2875,1552-6763,SECTOR,Journal of Travel Research,SAGE,4
0261-5177,1879-3193,SECTOR,Tourism Management,Elsevier,4
0191-2615,1879-2367,SECTOR,"Transportation Research, Series B: Methodological",Elsevier,4
0195-6574,1944-9089,SECTOR,Energy Journal,SAGE,3
1618-4742,1746-031X,SECTOR,European Sport Management Quarterly,Taylor & Francis,3
0306-9192,1873-5657,SECTOR,Food Policy,Elsevier,3
0959-6119,1757-1049,SECTOR,International Journal of Contemporary Hospitality Management,Emerald,3
0278-4319,1873-4693,SECTOR,International Journal of Hospitality Management,Elsevier,3
0966-9582,1747-7646,SECTOR,Journal of Sustainable Tourism,Taylor & Francis,3
0899-7640,1552-7395,SECTOR,Nonprofit and Voluntary Sector Quarterly,SAGE,3
0965-8564,1879-2375,SECTOR,"Transportation Research, Part A: Policy and Practice",Elsevier,3
1361-9209,1879-2340,SECTOR,"Transportation Research, Part D: Transport and Environment",Elsevier,3
1366-5545,1878-5794,SECTOR,"Transportation Research, Part E: Logistics and Transportation Review",Elsevier,3
1174-5398,2159-6816,SECTOR,Annals of Leisure Research,Taylor & Francis,2
0961-3218,1466-4321,SECTOR,Building Research and Information,Taylor & Francis,2
1938-9655,1938-9663,SECTOR,Cornell Hospitality Quarterly,SAGE,2
1368-3500,1747-7603,SECTOR,Current Issues in Tourism,Taylor & Francis,2
0301-4215,1873-6777,SECTOR,Energy Policy,Elsevier,2
0364-152X,1432-1009,SECTOR,Environmental Management,Springer Nature,2
1525-9951,1943-4308,SECTOR,Event Management,Cognizant Communication Corporation,2
2042-7913,2042-7921,SECTOR,Hospitality and Society,Intellect Publishers,2
1648-715X,1648-9179,SECTOR,International Journal of Strategic Property Management,Vilnius Gediminas Technical University,2
1099-2340,1522-1970,SECTOR,International Journal of Tourism Research,Wiley-Blackwell,2
1447-6770,1839-5260,SECTOR,Journal of Hospitality and Tourism Management,Elsevier,2
1096-3480,1557-7554,SECTOR,Journal of Hospitality and Tourism Research,SAGE,2
0742-597X,1943-5479,SECTOR,Journal of Management in Engineering - ASCE,American Society of Civil Engineers,2
1757-5818,1757-5826,SECTOR,Journal of Service Management,Emerald,2
0888-4773,1543-270X,SECTOR,Journal of Sport Management,Human Kinetics Publishers Inc.,2
1527-0025,1552-7794,SECTOR,Journal of Sports Economics,SAGE,2
0966-6923,1873-1236,SECTOR,Journal of Transport Geography,Elsevier,2
1054-8408,1540-7306,SECTOR,Journal of Travel and Tourism Marketing,Taylor & Francis,2
0149-0400,1521-0588,SECTOR,Leisure Sciences,Taylor & Francis,2
0261-4367,1466-4496,SECTOR,Leisure Studies,Taylor & Francis,2
0308-597X,1872-9460,SECTOR,Marine Policy,Elsevier,2
0308-8839,1464-5254,SECTOR,Maritime Policy and Management,Taylor & Francis,2
0964-7775,1872-9185,SECTOR,Museum Management and Curatorship,Taylor & Francis,2
1502-2250,1502-2269,SECTOR,Scandinavian Journal of Hospitality and Tourism,Taylor & Francis,2
0264-2069,1743-9507,SECTOR,Service Industries Journal,Taylor & Francis,2
1441-3523,1839-2083,SECTOR,Sport Management Review,Taylor & Francis,2
1083-5423,1943-3999,SECTOR,Tourism Analysis,Cognizant Communication Corporation,2
1354-8166,2044-0375,SECTOR,Tourism Economics,SAGE,2
1461-6688,1470-1340,SECTOR,Tourism Geographies,Taylor & Francis,2
2211-9736,2211-9744,SECTOR,Tourism Management Perspectives,Elsevier,2
2156-8316,2156-8324,SECTOR,Tourism Planning and Development,Taylor & Francis,2
0250-8281,2320-0308,SECTOR,Tourism Recreation Research,Taylor & Francis,2
0967-070X,1879-310X,SECTOR,Transport Policy,Elsevier,2
0144-1647,1464-5327,SECTOR,Transport Reviews,Taylor & Francis,2
0049-4488,1572-9435,SECTOR,Transportation,Springer Nature,2
0957-8765,1573-7888,SECTOR,Voluntas,Springer Nature,2
1745-3542,1745-3542,SECTOR,Advances in Hospitality and Leisure,Emerald,1
1303-2917,2156-6909,SECTOR,Anatolia: An International Journal of Tourism and Hospitality Research,Taylor & Francis,1
1094-1665,1741-6507,SECTOR,Asia Pacific Journal of Tourism Research,Taylor & Francis,1
0007-070X,1758-4108,SECTOR,British Food Journal,Emerald,1
,2398-5038,SECTOR,"Digital Policy, Regulation and Governance",Emerald,1
0969-9988,1365-232X,SECTOR,"Engineering, Construction and Architectural Management",Emerald,1
0263-2772,0263-2772,SECTOR,Facilities,Emerald,1
2516-8142,2516-8142,SECTOR,International Hospitality Review,Emerald,1
1750-6182,,SECTOR,"International Journal of Culture, Tourism and Hospitality Research",Emerald,1
1758-2954,1758-2962,SECTOR,International Journal of Event and Festival Management,Emerald,1
1352-7258,1470-3610,SECTOR,International Journal of Heritage Studies,Taylor & Francis,1
1525-6480,1525-6499,SECTOR,International Journal of Hospitality and Tourism Administration,Taylor & Francis,1
2152-7857,2152-7865,SECTOR,International Journal of Sport and Society,Sport & Society Research Network,1
1558-6235,1930-076X,SECTOR,International Journal of Sport Finance,FiT Publishing,1
1546-234X,,SECTOR,International Journal of Sport Management,American Press,1
1475-8962,1740-2808,SECTOR,International Journal of Sport Management and Marketing,Inderscience Publishers,1
1940-6940,1940-6959,SECTOR,International Journal of Sport Policy and Politics,Taylor & Francis,1
1464-6668,1464-6668,SECTOR,International Journal of Sports Marketing and Sponsorship,Emerald,1
1938-8160,1938-8179,SECTOR,Journal of China Tourism Research,Taylor & Francis,1
0959-6526,1879-1786,SECTOR,Journal of Cleaner Production,Elsevier,1
1547-0148,1547-0156,SECTOR,Journal of Convention and Event Tourism,Taylor & Francis,1
2212-571X,2212-5752,SECTOR,Journal of Destination Marketing and Management,Elsevier,1
1472-4049,1747-7638,SECTOR,Journal of Ecotourism,Taylor & Francis,1
1537-8020,1537-8039,SECTOR,Journal of Foodservice Business Research,Taylor & Francis,1
1743-873X,1747-6631,SECTOR,Journal of Heritage Tourism,Taylor & Francis,1
1096-3758,2325-6540,SECTOR,Journal of Hospitality and Tourism Education,Taylor & Francis,1
1757-9880,1757-9899,SECTOR,Journal of Hospitality and Tourism Technology,Emerald,1
1936-8623,1936-8631,SECTOR,Journal of Hospitality Marketing and Management,Taylor & Francis,1
1473-8376,1473-8376,SECTOR,"Journal of Hospitality, Leisure, Sport and Tourism Education",Elsevier,1
1533-2845,1533-2853,SECTOR,Journal of Human Resources in Hospitality and Tourism,Taylor & Francis,1
1652-2354,2376-2977,SECTOR,Journal of Media Business Studies,Taylor & Francis,1
2213-0780,2213-0799,SECTOR,Journal of Outdoor Recreation and Tourism,Elsevier,1
1940-7963,1940-7971,SECTOR,"Journal of Policy Research in Tourism, Leisure and Events",Taylor & Francis,1
1528-008X,,SECTOR,Journal of Quality Assurance in Hospitality and Tourism,Taylor & Francis,1
1477-5085,1029-5399,SECTOR,Journal of Sport and Tourism,Taylor & Francis,1
0040-5000,1754-2340,SECTOR,Journal of the Textile Institute,Taylor & Francis,1
0022-5258,1754-5951,SECTOR,Journal of Transport Economics and Policy,University of Bath,1
1356-7667,1479-1870,SECTOR,Journal of Vacation Marketing,SAGE,1
2375-0472,2375-0480,SECTOR,Managing Leisure: An International Journal,Taylor & Francis,1
0738-1360,2334-5985,SECTOR,Marine Resource Economics,University of Chicago Press,1
1479-2931,1479-294X,SECTOR,Maritime Economics and Logistics,Springer Nature,1
1048-6682,1542-7854,SECTOR,Non-Profit Management & Leadership,Wiley-Blackwell,1
0034-6659,0034-6659,SECTOR,Nutrition and Food Science,Emerald,1
2529-959X,1695-7121,SECTOR,PASOS Journal of Tourism and Cultural Heritage,Revista PASOS,1
0263-7472,0263-7472,SECTOR,Property Management,Emerald,1
1862-8516,1862-8508,SECTOR,Service Business,Springer Nature,1
1061-6934,1557-2528,SECTOR,Sport Marketing Quarterly,FiT Publishing,1
2042-678X,2042-6798,SECTOR,"Sport, Business and Management: An International Journal",Emerald,1
0308-5961,1879-3258,SECTOR,Telecommunications Policy,Elsevier,1
1660-5373,1759-8451,SECTOR,Tourism Review,Emerald,1
1098-304X,1943-4146,SECTOR,"Tourism, Culture and Communication",Cognizant Communication Corporation,1
1332-7461,1849-1545,SECTOR,Tourism: An International Interdisciplinary Journal,Institute for Tourism & Croatian Tourist Board,1
1468-7976,1741-3206,SECTOR,Tourist Studies,SAGE,1
0957-1787,1878-4356,SECTOR,Utilities Policy,Elsevier,1
1064-5578,1934-7715,SECTOR,Visitor Studies,Taylor & Francis,1
1607-8055,2333-4509,SECTOR,World Leisure Journal,Taylor & Francis,1
1755-4217,1755-4225,SECTOR,Worldwide Hospitality and Tourism Themes,Emerald,1
0092-5853,1540-5907,SOC SCI,American Journal of Political Science,Wiley-Blackwell,4*
0002-9602,1537-5390,SOC SCI,American Journal of Sociology,University of Chicago Press,4*
0003-0554,1537-5943,SOC SCI,American Political Science Review,Cambridge University Press,4*
0003-1224,1939-8271,SOC SCI,American Sociological Review,SAGE,4*
0360-0572,1545-2115,SOC SCI,Annual Review of Sociology,Annual Reviews Inc.,4*
0263-7758,1472-3433,SOC SCI,Environment and Planning D: Society and Space,SAGE,4
0020-8183,1531-5088,SOC SCI,International Organization,Cambridge University Press,4
0020-8833,1468-2478,SOC SCI,International Studies Quarterly,Oxford University Press,4
0022-3816,1468-2508,SOC SCI,Journal of Politics,University of Chicago Press,4
0272-4332,1539-6924,SOC SCI,Risk Analysis,Wiley-Blackwell,4
0277-9536,1873-5347,SOC SCI,Social Science and Medicine,Elsevier,4
1475-1461,1475-147X,SOC SCI,Socio-Economic Review,Oxford University Press,4
0038-0385,1469-8684,SOC SCI,Sociology,SAGE,4
0066-4812,1467-8330,SOC SCI,Antipode,Wiley-Blackwell,3
0007-1315,1468-4446,SOC SCI,British Journal of Sociology,Wiley-Blackwell,3
0964-4733,1099-0836,SOC SCI,Business Strategy and the Environment,Wiley-Blackwell,3
0012-155X,1467-7660,SOC SCI,Development and Change,Wiley-Blackwell,3
0308-5147,1469-5766,SOC SCI,Economy and Society,Taylor & Francis,3
0261-3794,1873-6890,SOC SCI,Electoral Studies,Elsevier,3
0013-936X,1520-5851,SOC SCI,Environmental Science & Technology,American Chemical Society,3
1462-9011,1873-6416,SOC SCI,Environmental Science and Policy,Elsevier,3
0266-7215,1468-2672,SOC SCI,European Sociological Review,Oxford University Press,3
1470-2266,1471-0374,SOC SCI,Global Networks,Wiley-Blackwell,3
0960-6491,1464-3650,SOC SCI,Industrial and Corporate Change,Oxford University Press,3
1753-0350,1753-0369,SOC SCI,Journal of Cultural Economy,Taylor & Francis,3
0022-0388,1743-9140,SOC SCI,Journal of Development Studies,Taylor & Francis,3
0301-4797,1095-8630,SOC SCI,Journal of Environmental Management,Elsevier,3
0958-9287,1461-7269,SOC SCI,Journal of European Social Policy,SAGE,3
0047-2794,1469-7823,SOC SCI,Journal of Social Policy,Cambridge University Press,3
1356-3467,1469-9923,SOC SCI,New Political Economy,Taylor & Francis,3
0032-3292,1552-7514,SOC SCI,Politics and Society,SAGE,3
0309-1325,1477-0288,SOC SCI,Progress in Human Geography,SAGE,3
0033-362X,1537-5331,SOC SCI,Public Opinion Quarterly,Oxford University Press,3
1554-0626,1554-0634,SOC SCI,Quarterly Journal of Political Science,Now Publishers Inc.,3
0276-5624,1878-5654,SOC SCI,Research in Social Stratification and Mobility,Elsevier,3
0969-2290,1466-4526,SOC SCI,Review of International Political Economy,Taylor & Francis,3
0037-7732,1534-7605,SOC SCI,Social Forces,Oxford University Press,3
0049-089X,1096-0317,SOC SCI,Social Science Research,Elsevier,3
0081-1750,1467-9531,SOC SCI,Sociological Methodology,SAGE,3
0038-0261,1467-954X,SOC SCI,Sociological Review,SAGE,3
0141-9889,1467-9566,SOC SCI,Sociology of Health and Illness,Wiley-Blackwell,3
0263-2764,1460-3616,SOC SCI,"Theory, Culture and Society",SAGE,3
0140-2382,1743-9655,SOC SCI,West European Politics,Taylor & Francis,3
0305-750X,1873-5991,SOC SCI,World Development,Elsevier,3
0002-9246,1536-7150,SOC SCI,American Journal of Economics and Sociology,Wiley-Blackwell,2
0309-8168,2041-0980,SOC SCI,Capital and Class,SAGE,2
0261-0183,1461-703X,SOC SCI,Critical Social Policy,SAGE,2
0011-3921,1461-7064,SOC SCI,Current Sociology,SAGE,2
1356-3890,1461-7153,SOC SCI,Evaluation,SAGE,2
0016-3287,1873-6378,SOC SCI,Futures,Elsevier,2
0016-7185,1872-9398,SOC SCI,Geoforum,Elsevier,2
0197-3975,1873-5428,SOC SCI,Habitat International,Elsevier,2
0018-7259,1938-3525,SOC SCI,Human Organization,Taylor & Francis,2
1369-118X,1468-4462,SOC SCI,Information Communication and Society,Taylor & Francis,2
1446-8956,1758-8553,SOC SCI,International Journal of Development Issues,Emerald,2
1543-5075,1543-5083,SOC SCI,International Journal of Green Energy,Taylor & Francis,2
0268-5809,1461-7242,SOC SCI,International Sociology,SAGE,2
0021-9460,2754-205X,SOC SCI,Journal of Business Law,Sweet & Maxwell,2
0168-7034,1573-0700,SOC SCI,Journal of Consumer Policy,Springer Nature,2
1369-183X,1469-9451,SOC SCI,Journal of Ethnic and Migration Studies,Taylor & Francis,2
1088-1980,1530-9290,SOC SCI,Journal of Industrial Ecology,Wiley-Blackwell,2
0263-323X,1467-6478,SOC SCI,Journal of Law and Society,Wiley-Blackwell,2
1366-9877,1466-4461,SOC SCI,Journal of Risk Research,Taylor & Francis,2
0023-5962,1467-6435,SOC SCI,Kyklos,Wiley-Blackwell,2
0264-8377,1873-5754,SOC SCI,Land Use Policy,Elsevier,2
0031-2290,1460-2482,SOC SCI,Parliamentary Affairs,Oxford University Press,2
0032-3179,1467-923X,SOC SCI,Political Quarterly,Wiley-Blackwell,2
0032-3217,1467-9248,SOC SCI,Political Studies,SAGE,2
0958-2029,1471-5449,SOC SCI,Research Evaluation,Oxford University Press,2
0034-6764,1470-1162,SOC SCI,Review of Social Economy,Taylor & Francis,2
0925-7535,1879-1042,SOC SCI,Safety Science,Elsevier,2
0302-3427,1471-5430,SOC SCI,Science and Public Policy,Oxford University Press,2
0036-8237,1943-2801,SOC SCI,Science and Society,Guilford Press,2
0971-7218,0973-0796,SOC SCI,"Science, Technology and Society",SAGE,2
0378-8733,1879-2111,SOC SCI,Social Networks,Elsevier,2
1746-5680,1746-5699,SOC SCI,Society and Business Review,Emerald,2
0160-791X,1879-3274,SOC SCI,Technology in Society,Elsevier,2
0961-463X,1461-7463,SOC SCI,Time and Society,SAGE,2
0004-0894,1475-4762,SOC SCI,Area,Wiley-Blackwell,1
2056-4945,2056-4953,SOC SCI,Arts and the Market,Emerald,1
1610-2932,1612-1031,SOC SCI,Asia Europe Journal,Springer Nature,1
0009-4455,0973-063X,SOC SCI,China Report,SAGE,1
0973-1849,2249-5320,SOC SCI,Contemporary Education Dialogue,SAGE,1
1998-6041,1998-605X,SOC SCI,Environmental Economics,Business Perspectives,1
0141-9870,1466-4356,SOC SCI,Ethnic and Racial Studies,Taylor & Francis,1
0193-841X,1552-3926,SOC SCI,Evaluation Review,SAGE,1
0016-7398,1475-4959,SOC SCI,Geographical Journal,Wiley-Blackwell,1
2543-5493,2543-9820,SOC SCI,Geopolitics under Globalization,Business Perspectives,1
2073-7203,2073-7211,SOC SCI,"Gosudarstvo, Religiia, Tserkov' v Rossii i za Rubezhom / State, Religion and Church in Russia and Worldwide",The Russian Academy of National Economy and Public Administration (RANEPA),1
1756-0616,1876-763X,SOC SCI,"International Journal of Law, Crime and Justice",Elsevier,1
0144-333X,1758-6720,SOC SCI,International Journal of Sociology and Social Policy,Emerald,1
1750-4090,1750-4104,SOC SCI,International Journal of Tourism Policy,Inderscience Publishers,1
0197-9183,1747-7379,SOC SCI,International Migration Review,Wiley-Blackwell,1
2347-7970,2349-0039,SOC SCI,Journal of Asian Security and International Affairs,SAGE,1
2194-6353,1948-1837,SOC SCI,Journal of Globalization and Development,Walter de Gruyter,1
2632-279X,2632-279X,SOC SCI,Journal of Humanities and Applied Social Sciences,Emerald,1
2071-8330,2306-3483,SOC SCI,Journal of International Studies,Centre of Sociological Research,1
1935-2611,1935-262X,SOC SCI,Journal of Leadership Studies,Wiley-Blackwell,1
1028-3153,1552-7808,SOC SCI,Journal of Studies in International Education,SAGE,1
2151-5581,2151-559X,SOC SCI,Journal of Trust Research,Taylor & Francis,1
1477-7835,1477-7835,SOC SCI,Management of Environmental Quality,Emerald,1
0976-3996,2321-7081,SOC SCI,Millennial Asia,SAGE,1
1780-9231,1782-1452,SOC SCI,Négociations,De Boeck Supérieur,1
1740-3812,2052-9597,SOC SCI,Philosophy of Management,Springer Nature,1
0032-2687,1573-0891,SOC SCI,Policy Sciences,Springer Nature,1
0032-4728,1477-4747,SOC SCI,Population Studies,Taylor & Francis,1
1464-9934,1477-027X,SOC SCI,Progress in Development Studies,SAGE,1
1918-7173,1918-7181,SOC SCI,Review of European Studies,Canadian Center of Science and Education,1
,2446-9580,SOC SCI,Revista Produção e Desenvolvimento,Cefet-RJ,1
2405-8726,2405-8718,SOC SCI,"She Ji: The Journal of Design, Economics, and Innovation",Elsevier,1
2321-0230,2321-7472,SOC SCI,Studies in Indian Politics,SAGE,1
2666-1888,2666-1888,SOC SCI,Sustainable Futures,Elsevier,1
2516-6026,2516-6034,SOC SCI,The International Journal of Community and Social Development,SAGE,1
0020-2754,1475-5661,SOC SCI,Transactions of the Institute of British Geographers,Wiley-Blackwell,1
2001-5992,,SOC SCI,Valuation Studies,Linköping University Electronic Press,1
2701-4193,2701-4207,SOC SCI,Z'GuG Zeitschrift für Gemeinwirtschaft und Gemeinwohl - Journal of Social Economy and Social Welfare,Nomos Verlagsgesellschaft mbH und Co,1
0143-2095,1097-0266,STRAT,Strategic Management Journal,Wiley-Blackwell,4*
2042-5791,2042-5805,STRAT,Global Strategy Journal,Wiley-Blackwell,4
0024-6301,1873-1872,STRAT,Long Range Planning,Elsevier,4
1476-1270,1741-315X,STRAT,Strategic Organization,SAGE,3
2333-2050,2333-2077,STRAT,Strategy Science,Institute for Operations Research and the Management Sciences,3
0742-3322,,STRAT,Advances in Strategic Management,Emerald,2
2444-8451,2444-8494,STRAT,European Journal of Management and Business Economics,Emerald,2
1804-171X,1804-1728,STRAT,Journal of Competitiveness,Tomas Bata University in Zlín,2
1058-6407,1530-9134,STRAT,Journal of Economics and Management Strategy,Wiley-Blackwell,2
,2245-408X,STRAT,Journal of Organization Design,Springer Nature,2
1086-1718,1099-1697,STRAT,Strategic Change,Wiley-Blackwell,2
0953-7325,1465-3990,STRAT,Technology Analysis and Strategic Management,Taylor & Francis,2
2658-0845,2658-2430,STRAT,Central European Management Journal,Emerald,1
1463-6689,1465-9832,STRAT,Foresight,Emerald,1
1947-8569,1947-8577,STRAT,International Journal of Strategic Decision Sciences,IGI Global Publishing,1
0972-7981,2049-3207,STRAT,Journal of Advances in Management Research,Emerald,1
,2246-2465,STRAT,Journal of Business Models,Business Design Lab,1
0275-6668,0275-6668,STRAT,Journal of Business Strategy,Emerald,1
1469-7017,1479-1811,STRAT,Journal of Change Management,Taylor & Francis,1
1472-5967,1741-0983,STRAT,Journal of Facilities Management,Emerald,1
2055-5636,2055-5644,STRAT,Journal of Strategic Contracting and Negotiation,SAGE,1
1755-425X,1755-4268,STRAT,Journal of Strategy and Management,Emerald,1
,1286-4692,STRAT,M@n@gement,Association Internationale de Management Stratégique,1
2198-1620,2198-1639,STRAT,Management Review Quarterly,Springer Nature,1
1750-4708,1750-4716,STRAT,Negotiation and Conflict Management Research,International Association for Conflict Management,1
1806-4892,1983-0807,STRAT,Revista Brasileira de Gestão de Negócios,Fundação Escola de Comércio Álvares Penteado (FECAP),1
1087-8572,1087-8572,STRAT,Strategy and Leadership,Emerald,1