Source title,Source Type,ISSN,EISSN,Publisher,Country/Region,Language,Subject 1,Subject 2,Subject 3,Subject 4,Subject 5,Subject 6,Subject 7,Subject 8
2D Materials,Journal,-,20531583,Institute of Physics,United States,ENGLISH,Chemistry (all),Mechanical Engineering,Mechanics of Materials,Materials Science (all),Condensed Matter Physics,-,-,-
3D Printing and Additive Manufacturing,Journal,23297662,23297670,SAGE Publications Ltd,United States,ENGLISH,Industrial and Manufacturing Engineering,Materials Science (miscellaneous),-,-,-,-,-,-
3D Printing in Medicine,Journal,-,23656271,BioMed Central Ltd,Switzerland,ENGLISH,Computer Science Applications,Biomedical Engineering,"Radiology, Nuclear Medicine and Imaging",-,-,-,-,-
4OR,Journal,16194500,16142411,Springer,Germany,ENGLISH,Management Information Systems,Computational Theory and Mathematics,Management Science and Operations Research,Theoretical Computer Science,-,-,-,-
AAC: Augmentative and Alternative Communication,Journal,07434618,14773848,Taylor and Francis Ltd.,United Kingdom,ENGLISH,Rehabilitation,Speech and Hearing,-,-,-,-,-,-
AAPG Bulletin,Journal,01491423,-,American Association of Petroleum Geologists,United States,ENGLISH,Earth and Planetary Sciences (miscellaneous),Geochemistry and Petrology,Geology,Energy Engineering and Power Technology,Fuel Technology,-,-,-
AATCC Journal of Research,Journal,24723444,23305517,SAGE Publications Inc.,United States,ENGLISH,Process Chemistry and Technology,Materials Chemistry,Polymers and Plastics,-,-,-,-,-
ABB Review,Journal,10133119,-,ABB Corporate Management Services AG,Switzerland,ENGLISH,Electrical and Electronic Engineering,Mechanical Engineering,-,-,-,-,-,-
aBIOTECH,Journal,20966326,26621738,Editorial Department of Scientia Agricultura Sinica,Singapore,ENGLISH,Agronomy and Crop Science,Plant Science,"Biochemistry, Genetics and Molecular Biology (miscellaneous)",Biotechnology,Genetics,Molecular Biology,-,-
ABU Technical Review,Journal,01266209,-,Asia Pacific Broadcasting Union,Malaysia,ENGLISH,Electrical and Electronic Engineering,-,-,-,-,-,-,-
Accident Analysis and Prevention,Journal,00014575,18792057,Elsevier Ltd,United Kingdom,ENGLISH,"Safety, Risk, Reliability and Quality","Public Health, Environmental and Occupational Health",Human Factors and Ergonomics,Law,Transportation,-,-,-
ACI Materials Journal,Journal,0889325X,-,American Concrete Institute,United States,ENGLISH,Civil and Structural Engineering,Building and Construction,Materials Science (all),-,-,-,-,-
ACI Structural Journal,Journal,08893241,-,American Concrete Institute,United States,ENGLISH,Civil and Structural Engineering,Building and Construction,-,-,-,-,-,-
ACM Communications in Computer Algebra,Journal,19322232,19322240,Association for Computing Machinery,United States,ENGLISH,Computational Theory and Mathematics,Computational Mathematics,-,-,-,-,-,-
ACM Computing Surveys,Journal,03600300,15577341,Association for Computing Machinery,United States,ENGLISH,Computer Science (all),Theoretical Computer Science,-,-,-,-,-,-
ACM Journal on Emerging Technologies in Computing Systems,Journal,15504832,15504840,Association for Computing Machinery,United States,ENGLISH,Hardware and Architecture,Software,Electrical and Electronic Engineering,-,-,-,-,-
ACM SIGPLAN Notices,Journal,15232867,15581160,Association for Computing Machinery,United States,ENGLISH,Computer Science (all),-,-,-,-,-,-,-
ACM Transactions on Accessible Computing,Journal,19367228,-,Association for Computing Machinery,United States,ENGLISH,Computer Science Applications,Human-Computer Interaction,-,-,-,-,-,-
ACM Transactions on Algorithms,Journal,15496325,15496333,Association for Computing Machinery,United States,ENGLISH,Mathematics (miscellaneous),-,-,-,-,-,-,-
ACM Transactions on Applied Perception,Journal,15443558,15443965,Association for Computing Machinery,United States,ENGLISH,Computer Science (all),Theoretical Computer Science,Experimental and Cognitive Psychology,-,-,-,-,-
ACM Transactions on Architecture and Code Optimization,Journal,15443566,15443973,Association for Computing Machinery,United States,ENGLISH,Hardware and Architecture,Information Systems,Software,-,-,-,-,-
ACM Transactions on Asian and Low-Resource Language Information Processing,Journal,23754699,23754702,Association for Computing Machinery,United States,ENGLISH,Computer Science (all),-,-,-,-,-,-,-
ACM Transactions on Autonomous and Adaptive Systems,Journal,15564665,15564703,Association for Computing Machinery,United States,ENGLISH,Computer Science (miscellaneous),Software,Control and Systems Engineering,-,-,-,-,-
ACM Transactions on Computation Theory,Journal,19423454,19423462,Association for Computing Machinery,United States,ENGLISH,Computational Theory and Mathematics,Theoretical Computer Science,-,-,-,-,-,-
ACM Transactions on Computational Logic,Journal,15293785,1557945X,Association for Computing Machinery,United States,ENGLISH,Computer Science (all),Computational Mathematics,Logic,Theoretical Computer Science,-,-,-,-
ACM Transactions on Computer Systems,Journal,07342071,15577333,Association for Computing Machinery,United States,ENGLISH,Computer Science (all),-,-,-,-,-,-,-
ACM Transactions on Computer-Human Interaction,Journal,10730516,15577325,Association for Computing Machinery,United States,ENGLISH,Human-Computer Interaction,-,-,-,-,-,-,-
ACM Transactions on Computing Education,Journal,-,19466226,Association for Computing Machinery,United States,ENGLISH,Computer Science (all),Education,-,-,-,-,-,-
ACM Transactions on Computing for Healthcare,Journal,26911957,26378051,Association for Computing Machinery,United States,ENGLISH,Computer Science Applications,Information Systems,Software,Biomedical Engineering,Medicine (miscellaneous),Health Informatics,Health Information Management,-
ACM Transactions on Cyber-Physical Systems,Journal,2378962X,23789638,Association for Computing Machinery,United States,ENGLISH,Artificial Intelligence,Computer Networks and Communications,Hardware and Architecture,Human-Computer Interaction,Control and Optimization,-,-,-
ACM Transactions on Database Systems,Journal,03625915,15574644,Association for Computing Machinery,United States,ENGLISH,Information Systems,-,-,-,-,-,-,-
ACM Transactions on Design Automation of Electronic Systems,Journal,10844309,15577309,Association for Computing Machinery,United States,ENGLISH,Computer Graphics and Computer-Aided Design,Computer Science Applications,Electrical and Electronic Engineering,-,-,-,-,-
ACM Transactions on Economics and Computation,Journal,21678375,21678383,Association for Computing Machinery,United States,ENGLISH,Marketing,Computer Science (miscellaneous),Economics and Econometrics,Computational Mathematics,Statistics and Probability,-,-,-
ACM Transactions on Embedded Computing Systems,Journal,15399087,15583465,Association for Computing Machinery,United States,ENGLISH,Hardware and Architecture,Software,-,-,-,-,-,-
ACM Transactions on Evolutionary Learning and Optimization,Journal,2688299X,26883007,Association for Computing Machinery,United States,ENGLISH,Computer Science (miscellaneous),Artificial Intelligence,Computational Theory and Mathematics,Computer Science Applications,Computer Vision and Pattern Recognition,Software,-,-
ACM Transactions on Graphics,Journal,07300301,15577368,Association for Computing Machinery,United States,ENGLISH,Computer Graphics and Computer-Aided Design,-,-,-,-,-,-,-
ACM Transactions on Human-Robot Interaction,Journal,-,25739522,Association for Computing Machinery,United States,ENGLISH,Artificial Intelligence,Human-Computer Interaction,-,-,-,-,-,-
ACM Transactions on Information Systems,Journal,10468188,15582868,Association for Computing Machinery,United States,ENGLISH,"Business, Management and Accounting (all)",Computer Science Applications,Information Systems,-,-,-,-,-
ACM Transactions on Intelligent Systems and Technology,Journal,21576904,21576912,Association for Computing Machinery,United States,ENGLISH,Artificial Intelligence,Theoretical Computer Science,-,-,-,-,-,-
ACM Transactions on Interactive Intelligent Systems,Journal,21606455,21606463,Association for Computing Machinery,United States,ENGLISH,Artificial Intelligence,Human-Computer Interaction,-,-,-,-,-,-
ACM Transactions on Internet of Things,Journal,25776207,-,Association for Computing Machinery,United States,ENGLISH,Computer Networks and Communications,Computer Science Applications,Hardware and Architecture,Information Systems,Software,-,-,-
ACM Transactions on Internet Technology,Journal,15335399,15576051,Association for Computing Machinery,United States,ENGLISH,Computer Networks and Communications,-,-,-,-,-,-,-
ACM Transactions on Knowledge Discovery from Data,Journal,15564681,1556472X,Association for Computing Machinery,United States,ENGLISH,Computer Science (all),-,-,-,-,-,-,-
ACM Transactions on Management Information Systems,Journal,2158656X,21586578,Association for Computing Machinery,United States,ENGLISH,Management Information Systems,Computer Science (all),-,-,-,-,-,-
ACM Transactions on Mathematical Software,Journal,00983500,15577295,Association for Computing Machinery,United States,ENGLISH,Software,Applied Mathematics,-,-,-,-,-,-
ACM Transactions on Modeling and Computer Simulation,Journal,10493301,15581195,Association for Computing Machinery,United States,ENGLISH,Computer Science Applications,Modeling and Simulation,-,-,-,-,-,-
ACM Transactions on Modeling and Performance Evaluation of Computing Systems,Journal,23763639,23763647,Association for Computing Machinery,United States,ENGLISH,Computer Science (miscellaneous),Computer Networks and Communications,Hardware and Architecture,Information Systems,Software,"Safety, Risk, Reliability and Quality",Media Technology,-
"ACM Transactions on Multimedia Computing, Communications and Applications",Journal,15516857,15516865,Association for Computing Machinery,United States,ENGLISH,Computer Networks and Communications,Hardware and Architecture,-,-,-,-,-,-
ACM Transactions on Parallel Computing,Journal,23294949,23294957,Association for Computing Machinery,United States,ENGLISH,Computational Theory and Mathematics,Computer Science Applications,Hardware and Architecture,Software,Modeling and Simulation,-,-,-
ACM Transactions on Privacy and Security,Journal,24712566,24712574,Association for Computing Machinery,United States,ENGLISH,Computer Science (all),"Safety, Risk, Reliability and Quality",-,-,-,-,-,-
ACM Transactions on Programming Languages and Systems,Journal,01640925,15584593,Association for Computing Machinery,United States,ENGLISH,Software,-,-,-,-,-,-,-
ACM Transactions on Quantum Computing,Journal,-,26436817,Association for Computing Machinery,United States,ENGLISH,Computer Science (miscellaneous),Computational Theory and Mathematics,Theoretical Computer Science,Statistical and Nonlinear Physics,-,-,-,-
ACM Transactions on Reconfigurable Technology and Systems,Journal,19367406,19367414,Association for Computing Machinery,United States,ENGLISH,Computer Science (all),-,-,-,-,-,-,-
ACM Transactions on Sensor Networks,Journal,15504859,15504867,Association for Computing Machinery,United States,ENGLISH,Computer Networks and Communications,-,-,-,-,-,-,-
ACM Transactions on Social Computing,Journal,24697818,24697826,Association for Computing Machinery,United States,ENGLISH,Computer Networks and Communications,Information Systems,-,-,-,-,-,-
ACM Transactions on Software Engineering and Methodology,Journal,1049331X,15577392,Association for Computing Machinery,United States,ENGLISH,Software,-,-,-,-,-,-,-
ACM Transactions on Spatial Algorithms and Systems,Journal,23740353,23740361,Association for Computing Machinery,United States,ENGLISH,Computer Science Applications,Information Systems,Signal Processing,Discrete Mathematics and Combinatorics,Geometry and Topology,Modeling and Simulation,-,-
ACM Transactions on Storage,Journal,15533077,15533093,Association for Computing Machinery,United States,ENGLISH,Hardware and Architecture,-,-,-,-,-,-,-
ACM Transactions on the Web,Journal,15591131,1559114X,Association for Computing Machinery,United States,ENGLISH,Computer Networks and Communications,-,-,-,-,-,-,-
Acoustical Physics,Journal,10637710,15626865,Pleiades Publishing,Russian Federation,ENGLISH,Acoustics and Ultrasonics,-,-,-,-,-,-,-
Acoustical Science and Technology,Journal,13463969,13475177,Acoustical Society of Japan,Japan,ENGLISH,Acoustics and Ultrasonics,-,-,-,-,-,-,-
Acoustics Australia,Journal,08146039,18392571,Springer,Singapore,ENGLISH,Acoustics and Ultrasonics,-,-,-,-,-,-,-
Acoustics Bulletin,Journal,0308437X,-,Institute of Acoustics,United Kingdom,ENGLISH,Acoustics and Ultrasonics,-,-,-,-,-,-,-
ACS Applied Bio Materials,Journal,-,25766422,American Chemical Society,United States,ENGLISH,Chemistry (all),Biomedical Engineering,Biomaterials,Biochemistry (medical),-,-,-,-
ACS Applied Electronic Materials,Journal,-,26376113,American Chemical Society,United States,ENGLISH,Electrochemistry,"Electronic, Optical and Magnetic Materials",Materials Chemistry,-,-,-,-,-
ACS Applied Energy Materials,Journal,-,25740962,American Chemical Society,United States,ENGLISH,Chemical Engineering (miscellaneous),Electrochemistry,Energy Engineering and Power Technology,Electrical and Electronic Engineering,Materials Chemistry,-,-,-
ACS Applied Materials and Interfaces,Journal,19448244,19448252,American Chemical Society,United States,ENGLISH,Materials Science (all),-,-,-,-,-,-,-
ACS Applied Nano Materials,Journal,-,25740970,American Chemical Society,United States,ENGLISH,Materials Science (all),-,-,-,-,-,-,-
ACS Applied Polymer Materials,Journal,-,26376105,American Chemical Society,United States,ENGLISH,Process Chemistry and Technology,Organic Chemistry,Polymers and Plastics,-,-,-,-,-
ACS Biomaterials Science and Engineering,Journal,-,23739878,American Chemical Society,United States,ENGLISH,Biomedical Engineering,Biomaterials,-,-,-,-,-,-
ACS Catalysis,Journal,-,21555435,American Chemical Society,United States,ENGLISH,Catalysis,Chemistry (all),-,-,-,-,-,-
ACS Central Science,Journal,23747943,23747951,American Chemical Society,United States,ENGLISH,Chemical Engineering (all),Chemistry (all),-,-,-,-,-,-
ACS Chemical Health and Safety,Journal,-,18780504,American Chemical Society,United States,ENGLISH,Chemical Health and Safety,Chemistry (all),"Public Health, Environmental and Occupational Health",-,-,-,-,-
ACS Energy Letters,Journal,-,23808195,American Chemical Society,United States,ENGLISH,Chemistry (miscellaneous),Energy Engineering and Power Technology,Fuel Technology,"Renewable Energy, Sustainability and the Environment",Materials Chemistry,-,-,-
ACS Macro Letters,Journal,-,21611653,American Chemical Society,United States,ENGLISH,Inorganic Chemistry,Organic Chemistry,Materials Chemistry,Polymers and Plastics,-,-,-,-
ACS Materials Letters,Journal,-,26394979,American Chemical Society,United States,ENGLISH,Chemical Engineering (all),Biomedical Engineering,Materials Science (all),-,-,-,-,-
ACS Nano,Journal,19360851,1936086X,American Chemical Society,United States,ENGLISH,Engineering (all),Materials Science (all),Physics and Astronomy (all),-,-,-,-,-
ACS Photonics,Journal,-,23304022,American Chemical Society,United States,ENGLISH,Biotechnology,Electrical and Electronic Engineering,"Electronic, Optical and Magnetic Materials","Atomic and Molecular Physics, and Optics",-,-,-,-
ACS Sensors,Journal,-,23793694,American Chemical Society,United States,ENGLISH,Bioengineering,Fluid Flow and Transfer Processes,Process Chemistry and Technology,Instrumentation,-,-,-,-
ACS Sustainable Chemistry and Engineering,Journal,-,21680485,American Chemical Society,United States,ENGLISH,Chemical Engineering (all),Chemistry (all),"Renewable Energy, Sustainability and the Environment",Environmental Chemistry,-,-,-,-
Acta Acustica,Journal,-,26814617,"European Acoustics Association, EAA",France,ENGLISH,Music,Computer Science Applications,Electrical and Electronic Engineering,Acoustics and Ultrasonics,Speech and Hearing,-,-,-
Acta Applicandae Mathematicae,Journal,01678019,15729036,Springer Science and Business Media B.V.,Netherlands,ENGLISH,Applied Mathematics,-,-,-,-,-,-,-
Acta Astronautica,Journal,00945765,-,Elsevier Ltd,United Kingdom,ENGLISH,Aerospace Engineering,-,-,-,-,-,-,-
Acta Biomaterialia,Journal,17427061,18787568,Acta Materialia Inc,United Kingdom,ENGLISH,Biochemistry,Biotechnology,Molecular Biology,Biomedical Engineering,Biomaterials,-,-,-
"Acta Crystallographica Section B: Structural Science, Crystal Engineering and Materials",Journal,20525192,20525206,International Union of Crystallography,United Kingdom,ENGLISH,"Electronic, Optical and Magnetic Materials",Materials Chemistry,Metals and Alloys,"Atomic and Molecular Physics, and Optics",-,-,-,-
Acta Crystallographica Section C: Structural Chemistry,Journal,-,20532296,International Union of Crystallography,United Kingdom,ENGLISH,Inorganic Chemistry,Physical and Theoretical Chemistry,Materials Chemistry,Condensed Matter Physics,-,-,-,-
Acta Cybernetica,Journal,0324721X,2676993X,"University of Szeged, Institute of Informatics",Hungary,ENGLISH,Computer Science (miscellaneous),Computational Theory and Mathematics,Computer Vision and Pattern Recognition,Software,Information Systems and Management,Management Science and Operations Research,Electrical and Electronic Engineering,Theoretical Computer Science
Acta Geochimica,Journal,20960956,23657499,Science Press,United States,ENGLISH,Geochemistry and Petrology,-,-,-,-,-,-,-
Acta Geodaetica et Geophysica,Journal,22135812,22135820,Springer Nature,Switzerland,ENGLISH,Geology,Geophysics,Building and Construction,-,-,-,-,-
Acta Geophysica,Journal,18956572,18957455,Springer Science and Business Media Deutschland GmbH,Switzerland,ENGLISH,Geophysics,-,-,-,-,-,-,-
Acta Informatica,Journal,00015903,14320525,Springer Science and Business Media Deutschland GmbH,Germany,ENGLISH,Computer Networks and Communications,Information Systems,Software,-,-,-,-,-
Acta Materialia,Journal,13596454,-,Acta Materialia Inc,United Kingdom,ENGLISH,Ceramics and Composites,"Electronic, Optical and Magnetic Materials",Metals and Alloys,Polymers and Plastics,-,-,-,-
Acta Mechanica,Journal,00015970,16196937,Springer,Austria,ENGLISH,Computational Mechanics,Mechanical Engineering,-,-,-,-,-,-
Acta Mechanica Sinica/Lixue Xuebao,Journal,05677718,16143116,Springer Verlag,Germany,ENGLISH,Computational Mechanics,Mechanical Engineering,-,-,-,-,-,-
Acta Mechanica Solida Sinica,Journal,08949166,18602134,Springer,Singapore,ENGLISH,Computational Mechanics,Mechanical Engineering,Mechanics of Materials,-,-,-,-,-
Acta Petrologica Sinica,Journal,10000569,20958927,Science Press,China,CHINESE,Geochemistry and Petrology,-,-,-,-,-,-,-
Acta Physica Polonica A,Journal,05874246,1898794X,Polska Akademia Nauk,Poland,ENGLISH,Physics and Astronomy (all),-,-,-,-,-,-,-
Acta Physica Polonica B,Journal,05874254,15095770,Jagiellonian University,Poland,ENGLISH/FRENCH/GERMAN,Physics and Astronomy (all),-,-,-,-,-,-,-
"Acta Physica Polonica B, Proceedings Supplement",Journal,18992358,-,Jagiellonian University,Poland,ENGLISH/FRENCH/GERMAN,Physics and Astronomy (all),-,-,-,-,-,-,-
Acta Radiologica,Journal,02841851,16000455,SAGE Publications Inc.,United Kingdom,ENGLISH,"Radiology, Nuclear Medicine and Imaging",Radiological and Ultrasound Technology,-,-,-,-,-,-
"Acta Scientiarum Polonorum, Technologia Alimentaria",Journal,16440730,18989594,Wydawnictwo Uniwersytetu Przyrodniczego w Poznaniu,Poland,ENGLISH,Food Science,-,-,-,-,-,-,-
Acta Universitatis Cibiniensis - Series E: Food Technology,Journal,23441496,2344150X,Sciendo,Romania,ENGLISH,Food Science,Industrial and Manufacturing Engineering,-,-,-,-,-,-
Active and Passive Electronic Components,Journal,08827516,15635031,John Wiley and Sons Ltd,United Kingdom,ENGLISH,Electrical and Electronic Engineering,"Electronic, Optical and Magnetic Materials",-,-,-,-,-,-
Ad Hoc Networks,Journal,15708705,15708713,Elsevier B.V.,Netherlands,ENGLISH,Computer Networks and Communications,Hardware and Architecture,Software,-,-,-,-,-
Ada User Journal,Journal,13816551,-,Ada-Europe,Portugal,ENGLISH,Software,-,-,-,-,-,-,-
Additive Manufacturing,Journal,-,22148604,Elsevier B.V.,Netherlands,ENGLISH,Engineering (miscellaneous),Biomedical Engineering,Industrial and Manufacturing Engineering,Materials Science (all),-,-,-,-
Adsorption,Journal,09295607,15728757,Springer,United States,ENGLISH,Chemical Engineering (all),Chemistry (all),Surfaces and Interfaces,-,-,-,-,-
Adsorption Science and Technology,Journal,02636174,20484038,SAGE Publications Ltd,United Kingdom,ENGLISH,Chemical Engineering (all),Chemistry (all),Surfaces and Interfaces,-,-,-,-,-
Advanced Biology,Journal,-,27010198,John Wiley and Sons Inc,Germany,ENGLISH,"Biochemistry, Genetics and Molecular Biology (all)",Biomedical Engineering,Biomaterials,-,-,-,-,-
Advanced Biomedical Engineering,Journal,-,21875219,Japan Soc. of Med. Electronics and Biol. Engineering,Japan,ENGLISH,Biotechnology,Computer Science Applications,Computer Vision and Pattern Recognition,Biomedical Engineering,Biomaterials,-,-,-
Advanced Composite Materials,Journal,09243046,15685519,Taylor and Francis Ltd.,United Kingdom,ENGLISH,Mechanical Engineering,Mechanics of Materials,Ceramics and Composites,-,-,-,-,-
Advanced Composites and Hybrid Materials,Journal,25220128,25220136,Springer Science and Business Media B.V.,Netherlands,ENGLISH,Materials Science (miscellaneous),Ceramics and Composites,Materials Chemistry,Polymers and Plastics,-,-,-,-
Advanced Control for Applications: Engineering and Industrial Systems,Journal,-,25780727,John Wiley and Sons Inc,United States,ENGLISH,Artificial Intelligence,Computer Networks and Communications,Computer Science Applications,Signal Processing,Energy (miscellaneous),Control and Systems Engineering,Modeling and Simulation,-
Advanced Devices and Instrumentation,Journal,-,27679713,American Association for the Advancement of Science,United States,ENGLISH,Engineering (miscellaneous),Electrical and Electronic Engineering,Instrumentation,"Atomic and Molecular Physics, and Optics",-,-,-,-
Advanced Drug Delivery Reviews,Journal,0169409X,18728294,Elsevier B.V.,Netherlands,ENGLISH,Pharmaceutical Science,-,-,-,-,-,-,-
Advanced Electromagnetics,Journal,-,21190275,Advanced Electromagnetics,France,ENGLISH,Electrical and Electronic Engineering,"Electronic, Optical and Magnetic Materials",Radiation,-,-,-,-,-
Advanced Electronic Materials,Journal,-,2199160X,John Wiley and Sons Inc,United Kingdom,ENGLISH,"Electronic, Optical and Magnetic Materials",-,-,-,-,-,-,-
Advanced Energy and Sustainability Research,Journal,-,26999412,Wiley-VCH Verlag,Germany,ENGLISH,Energy Engineering and Power Technology,Environmental Science (miscellaneous),Ecology,Waste Management and Disposal,-,-,-,-
Advanced Energy Materials,Journal,16146832,16146840,John Wiley and Sons Inc,Germany,ENGLISH,"Renewable Energy, Sustainability and the Environment",Materials Science (all),-,-,-,-,-,-
Advanced Engineering Informatics,Journal,14740346,-,Elsevier Ltd,United Kingdom,ENGLISH,Artificial Intelligence,Information Systems,-,-,-,-,-,-
Advanced Engineering Materials,Journal,14381656,15272648,John Wiley and Sons Inc,Germany,ENGLISH,Materials Science (all),Condensed Matter Physics,-,-,-,-,-,-
Advanced Fiber Materials,Journal,25247921,2524793X,Springer,China,ENGLISH,Materials Science (miscellaneous),"Electronic, Optical and Magnetic Materials",Materials Chemistry,Polymers and Plastics,-,-,-,-
Advanced Functional Materials,Journal,1616301X,16163028,John Wiley and Sons Inc,Germany,ENGLISH,Chemistry (all),Electrochemistry,Materials Science (all),Biomaterials,"Electronic, Optical and Magnetic Materials",Condensed Matter Physics,-,-
Advanced Healthcare Materials,Journal,21922640,21922659,John Wiley and Sons Inc,Germany,ENGLISH,Biomedical Engineering,Biomaterials,Pharmaceutical Science,-,-,-,-,-
Advanced Industrial and Engineering Polymer Research,Journal,-,25425048,KeAi Communications Co.,China,ENGLISH,Chemical Engineering (miscellaneous),Industrial and Manufacturing Engineering,Materials Science (miscellaneous),Polymers and Plastics,-,-,-,-
Advanced Intelligent Systems,Journal,-,26404567,John Wiley and Sons Inc,United States,ENGLISH,Artificial Intelligence,Computer Vision and Pattern Recognition,Human-Computer Interaction,Control and Systems Engineering,Electrical and Electronic Engineering,Mechanical Engineering,Materials Science (miscellaneous),-
Advanced Manufacturing: Polymer and Composites Science,Journal,-,20550359,Taylor and Francis Ltd.,United Kingdom,ENGLISH,Management of Technology and Innovation,Electrical and Electronic Engineering,Polymers and Plastics,-,-,-,-,-
Advanced Materials,Journal,09359648,15214095,John Wiley and Sons Inc,Germany,ENGLISH,Mechanical Engineering,Mechanics of Materials,Materials Science (all),-,-,-,-,-
Advanced Materials Interfaces,Journal,-,21967350,John Wiley and Sons Inc,Germany,ENGLISH,Mechanical Engineering,Mechanics of Materials,-,-,-,-,-,-
Advanced Materials Technologies,Journal,-,2365709X,John Wiley and Sons Inc,United Kingdom,ENGLISH,Industrial and Manufacturing Engineering,Mechanics of Materials,Materials Science (all),-,-,-,-,-
Advanced Membranes,Journal,-,27728234,KeAi Communications Co.,China,ENGLISH,Chemical Engineering (miscellaneous),Filtration and Separation,Process Chemistry and Technology,Materials Science (miscellaneous),-,-,-,-
Advanced NanoBiomed Research,Journal,-,26999307,John Wiley and Sons Inc,United States,ENGLISH,Engineering (miscellaneous),Applied Microbiology and Biotechnology,Biomaterials,Medicine (miscellaneous),-,-,-,-
Advanced Optical Materials,Journal,-,21951071,John Wiley and Sons Inc,Germany,ENGLISH,"Electronic, Optical and Magnetic Materials","Atomic and Molecular Physics, and Optics",-,-,-,-,-,-
Advanced Photonics,Journal,-,25775421,SPIE,United States,ENGLISH,Biomedical Engineering,"Electronic, Optical and Magnetic Materials","Atomic and Molecular Physics, and Optics",-,-,-,-,-
Advanced Photonics Research,Journal,-,26999293,John Wiley and Sons Inc,United States,ENGLISH,Engineering (miscellaneous),"Electronic, Optical and Magnetic Materials",Condensed Matter Physics,"Atomic and Molecular Physics, and Optics",-,-,-,-
Advanced Powder Materials,Journal,-,2772834X,KeAi Communications Co.,China,ENGLISH,Catalysis,Filtration and Separation,Fluid Flow and Transfer Processes,Process Chemistry and Technology,Energy (miscellaneous),Materials Science (miscellaneous),Ceramics and Composites,Metals and Alloys
Advanced Powder Technology,Journal,09218831,15685527,Elsevier B.V.,Netherlands,ENGLISH,Chemical Engineering (all),Mechanics of Materials,-,-,-,-,-,-
Advanced Quantum Technologies,Journal,-,25119044,John Wiley and Sons Inc,Germany,ENGLISH,Computational Theory and Mathematics,Electrical and Electronic Engineering,"Electronic, Optical and Magnetic Materials",Mathematical Physics,Condensed Matter Physics,Nuclear and High Energy Physics,Statistical and Nonlinear Physics,-
Advanced Robotics,Journal,01691864,15685535,Robotics Society of Japan,Japan,ENGLISH,Computer Science Applications,Hardware and Architecture,Human-Computer Interaction,Software,Control and Systems Engineering,-,-,-
Advanced Science,Journal,-,21983844,John Wiley and Sons Inc,Germany,ENGLISH,"Biochemistry, Genetics and Molecular Biology (miscellaneous)",Chemical Engineering (all),Engineering (all),Materials Science (all),Medicine (miscellaneous),Physics and Astronomy (all),-,-
Advanced Sensor Research,Journal,-,27511219,Wiley-VCH Verlag,Germany,ENGLISH,"Biochemistry, Genetics and Molecular Biology (miscellaneous)",Computer Science Applications,Medicine (miscellaneous),-,-,-,-,-
Advanced Steel Construction,Journal,1816112X,-,Hong Kong Institute of Steel Construction,Hong Kong,ENGLISH,Civil and Structural Engineering,Mechanical Engineering,Mechanics of Materials,Building and Construction,-,-,-,-
Advanced Sustainable Systems,Journal,-,23667486,John Wiley and Sons Inc,Germany,ENGLISH,"Renewable Energy, Sustainability and the Environment",Environmental Science (all),-,-,-,-,-,-
Advanced Theory and Simulations,Journal,-,25130390,John Wiley and Sons Inc,Germany,ENGLISH,Multidisciplinary,Modeling and Simulation,Numerical Analysis,Statistics and Probability,-,-,-,-
Advances in Aerodynamics ,Journal,20973462,25246992,Springer Nature,China,ENGLISH,"Renewable Energy, Sustainability and the Environment",Aerospace Engineering,Civil and Structural Engineering,Mechanical Engineering,Modeling and Simulation,-,-,-
Advances in Applied Ceramics,Journal,17436753,17436761,SAGE Publications Ltd,United Kingdom,ENGLISH,Industrial and Manufacturing Engineering,Ceramics and Composites,-,-,-,-,-,-
Advances in Applied Mathematics,Journal,01968858,10902074,Academic Press Inc.,United States,ENGLISH,Applied Mathematics,-,-,-,-,-,-,-
Advances in Applied Probability,Journal,00018678,14756064,Cambridge University Press,United Kingdom,ENGLISH,Applied Mathematics,Statistics and Probability,-,-,-,-,-,-
Advances in Astronautics,Journal,30592968,30592976,Springer,Singapore,ENGLISH,Space and Planetary Science,Aerospace Engineering,-,-,-,-,-,-
Advances in Bridge Engineering,Journal,-,26625407,Springer,Singapore,ENGLISH,Civil and Structural Engineering,Building and Construction,-,-,-,-,-,-
Advances in Building Energy Research,Journal,17512549,17562201,Taylor and Francis Ltd.,United Kingdom,ENGLISH,Building and Construction,-,-,-,-,-,-,-
Advances in Cement Research,Journal,09517197,17517605,Emerald Publishing,United Kingdom,ENGLISH,Building and Construction,Materials Science (all),-,-,-,-,-,-
Advances in Civil Engineering Materials,Journal,23791357,21653984,ASTM International,United States,ENGLISH,Civil and Structural Engineering,Mechanics of Materials,Ceramics and Composites,Materials Chemistry,Metals and Alloys,Polymers and Plastics,-,-
Advances in Colloid and Interface Science,Journal,00018686,-,Elsevier B.V.,Netherlands,ENGLISH,Colloid and Surface Chemistry,Physical and Theoretical Chemistry,Surfaces and Interfaces,-,-,-,-,-
Advances in Data Analysis and Classification,Journal,18625347,18625355,Springer Science and Business Media Deutschland GmbH,Germany,ENGLISH,Computer Science Applications,Applied Mathematics,-,-,-,-,-,-
Advances in Engineering Education,Journal,-,19411766,American Society for Engineering Education,United States,ENGLISH,Engineering (all),Education,-,-,-,-,-,-
Advances in Engineering Software,Journal,09659978,18735339,Elsevier Ltd,United Kingdom,ENGLISH,Software,Engineering (all),-,-,-,-,-,-
Advances in Geo-Energy Research,Journal,22079963,2208598X,Yandy Scientific Press,Hong Kong,ENGLISH,Geotechnical Engineering and Engineering Geology,Energy Engineering and Power Technology,Mechanics of Materials,-,-,-,-,-
Advances in High Energy Physics,Journal,16877357,16877365,John Wiley and Sons Ltd,United Kingdom,ENGLISH,Nuclear and High Energy Physics,-,-,-,-,-,-,-
Advances in Manufacturing,Journal,20953127,21953597,Shanghai University,China,ENGLISH,Industrial and Manufacturing Engineering,Mechanical Engineering,Mechanics of Materials,Polymers and Plastics,-,-,-,-
Advances in Materials Science and Engineering,Journal,16878434,16878442,John Wiley and Sons Ltd,United Kingdom,ENGLISH,Engineering (all),Materials Science (all),-,-,-,-,-,-
Advances in Materials Technology for Fossil Power Plants,Journal,29944023,29944031,ASM International,United States,ENGLISH,Energy Engineering and Power Technology,Fuel Technology,"Renewable Energy, Sustainability and the Environment",-,-,-,-,-
Advances in Mechanics,Journal,10000992,-,Chinese Academy of Mechanics,China,CHINESE,Mechanical Engineering,Mathematical Physics,-,-,-,-,-,-
Advances in Nano Research,Journal,2287237X,22872388,Techno-Press,South Korea,ENGLISH,Biotechnology,Catalysis,Fluid Flow and Transfer Processes,Electrical and Electronic Engineering,Mechanical Engineering,Ceramics and Composites,"Electronic, Optical and Magnetic Materials","Atomic and Molecular Physics, and Optics"
Advances in Natural Sciences: Nanoscience and Nanotechnology,Journal,-,20436262,Institute of Physics,United Kingdom,ENGLISH,Electrical and Electronic Engineering,Industrial and Manufacturing Engineering,Materials Science (all),-,-,-,-,-
Advances in Optics and Photonics,Journal,-,19438206,Optica Publishing Group (formerly OSA),United States,ENGLISH,Water Science and Technology,"Atomic and Molecular Physics, and Optics",-,-,-,-,-,-
Advances in Physics,Journal,00018732,14606976,Taylor and Francis Ltd.,United Kingdom,ENGLISH,Condensed Matter Physics,-,-,-,-,-,-,-
Advances in Polymer Technology,Journal,07306679,10982329,John Wiley and Sons Inc,China,ENGLISH,Chemical Engineering (all),Organic Chemistry,Polymers and Plastics,-,-,-,-,-
Advances in Radio Science,Journal,16849965,16849973,Copernicus Publications,Germany,ENGLISH,Electrical and Electronic Engineering,-,-,-,-,-,-,-
"Advances in Science and Engineering Technology International Conferences, ASET",Journal,28316886,28316878,Institute of Electrical and Electronics Engineers Inc.,United States,ENGLISH,Energy Engineering and Power Technology,"Renewable Energy, Sustainability and the Environment",Civil and Structural Engineering,Mechanics of Materials,"Safety, Risk, Reliability and Quality",Waste Management and Disposal,Water Science and Technology,-
Advances in Space Research,Journal,02731177,18791948,Elsevier Ltd,United Kingdom,ENGLISH,Earth and Planetary Sciences (all),Atmospheric Science,Geophysics,Space and Planetary Science,Aerospace Engineering,Astronomy and Astrophysics,-,-
Advances in Structural Engineering,Journal,13694332,20484011,SAGE Publications Inc.,United Kingdom,ENGLISH,Civil and Structural Engineering,Building and Construction,-,-,-,-,-,-
Advances in Transportation Studies,Journal,18245463,-,Aracne Editrice,Italy,ENGLISH,Automotive Engineering,Civil and Structural Engineering,"Safety, Risk, Reliability and Quality",Transportation,-,-,-,-
Advances in Water Resources,Journal,03091708,-,Elsevier Ltd,United Kingdom,ENGLISH,Water Science and Technology,-,-,-,-,-,-,-
Advances in Water Science,Journal,10016791,-,Science Press,China,CHINESE,Earth and Planetary Sciences (all),-,-,-,-,-,-,-
Advancing Microelectronics,Journal,22228748,-,IMAPS-International Microelectronics and Packaging Society,United States,ENGLISH,Electrical and Electronic Engineering,-,-,-,-,-,-,-
Aeronautical Journal,Journal,00019240,20596464,Cambridge University Press,United Kingdom,ENGLISH,Aerospace Engineering,-,-,-,-,-,-,-
Aerosol and Air Quality Research,Journal,16808584,20711409,Springer International Publishing,Switzerland,ENGLISH,Environmental Chemistry,Pollution,-,-,-,-,-,-
Aerosol Science and Engineering,Journal,2510375X,25103768,Springer,Singapore,ENGLISH,Environmental Chemistry,Pollution,Materials Science (all),-,-,-,-,-
Aerosol Science and Technology,Journal,02786826,15217388,Taylor and Francis Ltd.,United States,ENGLISH,Environmental Chemistry,Pollution,Materials Science (all),-,-,-,-,-
Aerospace,Journal,-,22264310,Multidisciplinary Digital Publishing Institute (MDPI),Switzerland,ENGLISH,Aerospace Engineering,-,-,-,-,-,-,-
Aerospace Science and Technology,Journal,12709638,-,Elsevier Masson s.r.l.,France,ENGLISH,Aerospace Engineering,-,-,-,-,-,-,-
Aerospace Systems,Journal,-,25233955,Springer Nature,Singapore,ENGLISH,Computers in Earth Sciences,Space and Planetary Science,Aerospace Engineering,Control and Systems Engineering,Mechanical Engineering,Social Sciences (miscellaneous),-,-
AES: Journal of the Audio Engineering Society,Journal,15494950,-,Audio Engineering Society,United States,ENGLISH,Music,Engineering (all),-,-,-,-,-,-
AEU - International Journal of Electronics and Communications,Journal,14348411,16180399,Elsevier GmbH,Germany,ENGLISH,Electrical and Electronic Engineering,-,-,-,-,-,-,-
Aggregate,Journal,27668541,26924560,John Wiley and Sons Inc,United States,ENGLISH,Molecular Biology,Chemistry (miscellaneous),Materials Science (miscellaneous),Materials Chemistry,-,-,-,-
Agricultural Research,Journal,2249720X,22497218,Springer,India,ENGLISH,Agronomy and Crop Science,Food Science,Plant Science,-,-,-,-,-
Agricultural Water Management,Journal,03783774,18732283,Elsevier B.V.,Netherlands,ENGLISH,Agronomy and Crop Science,Soil Science,Earth-Surface Processes,Water Science and Technology,-,-,-,-
AI and Society,Journal,09515666,14355655,Springer Science and Business Media Deutschland GmbH,United Kingdom,ENGLISH,Philosophy,Artificial Intelligence,Human-Computer Interaction,-,-,-,-,-
AI in Civil Engineering,Journal,20970943,27305392,Springer Nature,Singapore,ENGLISH,Artificial Intelligence,Civil and Structural Engineering,Building and Construction,-,-,-,-,-
AI Magazine,Journal,07384602,23719621,John Wiley and Sons Inc,United States,ENGLISH,Artificial Intelligence,-,-,-,-,-,-,-
AI Open,Journal,-,26666510,KeAi Communications Co.,China,ENGLISH,Computer Science (miscellaneous),Artificial Intelligence,Computer Science Applications,Computer Vision and Pattern Recognition,Human-Computer Interaction,Information Systems,Software,-
AIAA Journal,Journal,00011452,1533385X,AIAA International,United States,ENGLISH,Aerospace Engineering,-,-,-,-,-,-,-
AIChE Journal,Journal,00011541,15475905,John Wiley and Sons Inc,United States,ENGLISH,Biotechnology,Chemical Engineering (all),Environmental Engineering,-,-,-,-,-
AIJ Journal of Technology and Design,Journal,13419463,18818188,Architectural Institute of Japan,Japan,JAPANESE,Building and Construction,Architecture,-,-,-,-,-,-
AIMS Bioengineering,Journal,-,23751495,American Institute of Mathematical Sciences,United States,ENGLISH,Biotechnology,Bioengineering,Engineering (miscellaneous),Biomedical Engineering,-,-,-,-
AIMS Electronics and Electrical Engineering,Journal,-,25781588,American Institute of Mathematical Sciences,United States,ENGLISH,Computer Science Applications,Control and Systems Engineering,Electrical and Electronic Engineering,-,-,-,-,-
AIMS Energy,Journal,23338326,23338334,AIMS Press,United States,ENGLISH,Energy Engineering and Power Technology,Fuel Technology,"Renewable Energy, Sustainability and the Environment",-,-,-,-,-
AIMS Environmental Science,Journal,-,23720352,American Institute of Mathematical Sciences,United States,ENGLISH,Environmental Science (all),-,-,-,-,-,-,-
Ain Shams Engineering Journal,Journal,20904479,20904495,Ain Shams University,Egypt,ENGLISH,Engineering (all),-,-,-,-,-,-,-
AIP Advances,Journal,-,21583226,American Institute of Physics,United States,ENGLISH,Physics and Astronomy (all),-,-,-,-,-,-,-
Aircraft Engineering and Aerospace Technology,Journal,17488842,17584213,Emerald Publishing,United Kingdom,ENGLISH,Aerospace Engineering,-,-,-,-,-,-,-
Algebras and Representation Theory,Journal,1386923X,15729079,Springer Science and Business Media B.V.,Netherlands,ENGLISH,Mathematics (all),-,-,-,-,-,-,-
Algorithmica,Journal,01784617,14320541,Springer,United States,ENGLISH,Computer Science (all),Computer Science Applications,Applied Mathematics,-,-,-,-,-
Algorithms,Journal,-,19994893,Multidisciplinary Digital Publishing Institute (MDPI),Switzerland,ENGLISH,Computational Theory and Mathematics,Computational Mathematics,Numerical Analysis,Theoretical Computer Science,-,-,-,-
American City and County,Journal,0149337X,-,UBM Exhibition Singapore PTE LTD,United States,ENGLISH,Civil and Structural Engineering,Water Science and Technology,-,-,-,-,-,-
American Heart Journal Plus: Cardiology Research and Practice,Journal,-,26666022,Elsevier Inc.,United States,ENGLISH,Cardiology and Cardiovascular Medicine,-,-,-,-,-,-,-
American Journal of Biochemistry and Biotechnology,Journal,15533468,15586332,Science Publications,United States,ENGLISH,Biochemistry,Biotechnology,-,-,-,-,-,-
American Journal of Mathematical and Management Sciences,Journal,01966324,-,Taylor and Francis Ltd.,United States,ENGLISH,"Business, Management and Accounting (all)",Applied Mathematics,-,-,-,-,-,-
American Mineralogist,Journal,0003004X,19453027,Walter de Gruyter GmbH,United States,ENGLISH,Geochemistry and Petrology,Geophysics,-,-,-,-,-,-
Analog Integrated Circuits and Signal Processing,Journal,09251030,15731979,Springer,United States,ENGLISH,Hardware and Architecture,Signal Processing,"Surfaces, Coatings and Films",-,-,-,-,-
Analysis and Sensing,Journal,-,26292742,Wiley-VCH Verlag,Germany,ENGLISH,Biochemistry,Analytical Chemistry,Electrochemistry,Spectroscopy,Environmental Science (miscellaneous),-,-,-
Analyst ,Journal,00032654,13645528,Royal Society of Chemistry,United Kingdom,ENGLISH,Biochemistry,Analytical Chemistry,Electrochemistry,Spectroscopy,Environmental Chemistry,-,-,-
Analytic Methods in Accident Research,Journal,22136657,-,Elsevier Ltd,United Kingdom,ENGLISH,Safety Research,Transportation,-,-,-,-,-,-
Analytica Chimica Acta,Journal,00032670,18734324,Elsevier B.V.,Netherlands,ENGLISH/FRENCH/GERMAN,Biochemistry,Analytical Chemistry,Spectroscopy,Environmental Chemistry,-,-,-,-
Analytical and Bioanalytical Chemistry,Journal,16182642,16182650,Springer Science and Business Media Deutschland GmbH,Germany,ENGLISH,Biochemistry,Analytical Chemistry,-,-,-,-,-,-
Analytical Biochemistry,Journal,00032697,10960309,Academic Press Inc.,United States,ENGLISH,Biochemistry,Biophysics,Cell Biology,Molecular Biology,-,-,-,-
Analytical Chemistry,Journal,00032700,15206882,American Chemical Society,United States,ENGLISH,Analytical Chemistry,-,-,-,-,-,-,-
Analytical Chemistry Letters,Journal,22297928,22307532,Taylor and Francis Ltd.,United Kingdom,ENGLISH,Food Science,Chemistry (all),Analytical Chemistry,Electrochemistry,Spectroscopy,Environmental Chemistry,Materials Science (all),Materials Chemistry
Analytical Methods,Journal,17599660,17599679,Royal Society of Chemistry,United Kingdom,ENGLISH,Chemical Engineering (all),Analytical Chemistry,Engineering (all),-,-,-,-,-
Analytical Science Advances,Journal,-,26285452,John Wiley and Sons Inc,United States,ENGLISH,Chemical Engineering (miscellaneous),Process Chemistry and Technology,Analytical Chemistry,Biomedical Engineering,Environmental Science (miscellaneous),Materials Science (all),-,-
Analytical Sciences,Journal,09106340,13482246,Springer,Singapore,ENGLISH,Analytical Chemistry,-,-,-,-,-,-,-
Angewandte Chemie - International Edition,Journal,14337851,15213773,John Wiley and Sons Inc,Germany,ENGLISH,Catalysis,Chemistry (all),-,-,-,-,-,-
Animal Biotechnology,Journal,10495398,15322378,Taylor and Francis Ltd.,United States,ENGLISH,Animal Science and Zoology,Biotechnology,Bioengineering,-,-,-,-,-
Annalen der Physik,Journal,00033804,15213889,John Wiley and Sons Inc,Germany,ENGLISH,Physics and Astronomy (all),-,-,-,-,-,-,-
Annales de l'Institut Henri Poincare (C) Analyse Non Lineaire,Journal,02941449,18731430,European Mathematical Society Publishing House,France,ENGLISH,Analysis,Applied Mathematics,Mathematical Physics,-,-,-,-,-
Annales des Telecommunications/Annals of Telecommunications,Journal,00034347,19589395,Springer Science and Business Media Deutschland GmbH,Switzerland,ENGLISH/FRENCH,Electrical and Electronic Engineering,-,-,-,-,-,-,-
Annals of Biomedical Engineering,Journal,00906964,15739686,Springer,United States,ENGLISH,Biomedical Engineering,-,-,-,-,-,-,-
Annals of Computer Science and Information Systems,Journal,-,23005963,Polskie Towarzystwo Informatyczne,United States,ENGLISH,Artificial Intelligence,Computer Science Applications,Information Systems,Information Systems and Management,-,-,-,-
Annals of Data Science,Journal,21985804,21985812,Springer Science and Business Media Deutschland GmbH,Germany,ENGLISH,"Business, Management and Accounting (miscellaneous)",Artificial Intelligence,Computer Science Applications,"Statistics, Probability and Uncertainty",-,-,-,-
Annals of Emerging Technologies in Computing,Journal,25160281,2516029X,International Association for Educators and Researchers (IAER),United Kingdom,ENGLISH,Computer Science (all),Electrical and Electronic Engineering,-,-,-,-,-,-
Annals of Human Biology,Journal,03014460,14645033,Taylor and Francis Ltd.,United Kingdom,ENGLISH,Aging,Genetics,Physiology,Epidemiology,"Public Health, Environmental and Occupational Health",-,-,-
Annals of Nuclear Energy,Journal,03064549,18732100,Elsevier Ltd,United Kingdom,ENGLISH,Nuclear Energy and Engineering,-,-,-,-,-,-,-
Annals of Science,Journal,00033790,1464505X,Taylor and Francis Ltd.,United Kingdom,ENGLISH,History and Philosophy of Science,-,-,-,-,-,-,-
Annals of the Institute of Statistical Mathematics,Journal,00203157,15729052,Springer,Japan,ENGLISH,Statistics and Probability,-,-,-,-,-,-,-
"Annals of the University Dunarea de Jos of Galati, Fascicle VI: Food Technology",Journal,18435157,2068259X,Galati University Press,Romania,ENGLISH,Food Science,Industrial and Manufacturing Engineering,-,-,-,-,-,-
Annals of Work Exposures and Health,Journal,23987308,23987316,Oxford University Press,United Kingdom,ENGLISH,"Public Health, Environmental and Occupational Health",-,-,-,-,-,-,-
Annual Conference for Protective Relay Engineers (United States),Journal,24749753,24749745,Institute of Electrical and Electronics Engineers Inc.,United States,ENGLISH,Energy Engineering and Power Technology,Electrical and Electronic Engineering,"Safety, Risk, Reliability and Quality",-,-,-,-,-
"Annual Conference of the International Group for Lean Construction, IGLC",Journal,23090979,27890015,International Group for Lean Construction,United States,ENGLISH,Civil and Structural Engineering,Building and Construction,-,-,-,-,-,-
"Annual Conference on Wireless On-demand Network Systems and Services, WONS",Journal,26884917,26884909,Institute of Electrical and Electronics Engineers Inc.,United States,ENGLISH,Artificial Intelligence,Computer Networks and Communications,Information Systems,"Safety, Risk, Reliability and Quality",Modeling and Simulation,-,-,-
Annual Review of Chemical and Biomolecular Engineering,Journal,19475438,19475446,Annual Reviews Inc.,United States,ENGLISH,Chemical Engineering (all),Chemistry (all),"Renewable Energy, Sustainability and the Environment",-,-,-,-,-
Annual Review of Condensed Matter Physics,Journal,19475454,19475462,Annual Reviews Inc.,United States,ENGLISH,Materials Science (all),Condensed Matter Physics,-,-,-,-,-,-
Annual Review of Food Science and Technology ,Journal,19411413,19411421,Annual Reviews Inc.,United States,ENGLISH,Food Science,-,-,-,-,-,-,-
Annual Review of Marine Science,Journal,19411405,19410611,Annual Reviews Inc.,United States,ENGLISH,Oceanography,-,-,-,-,-,-,-
Annual Reviews in Control,Journal,13675788,-,Elsevier Ltd,United Kingdom,ENGLISH,Software,Control and Systems Engineering,-,-,-,-,-,-
"Annual Symposium of the Antenna Measurement Techniques Association, AMTA",Journal,23801840,24742740,Institute of Electrical and Electronics Engineers Inc.,United States,ENGLISH,Computer Networks and Communications,Instrumentation,-,-,-,-,-,-
Anti-Corrosion Methods and Materials,Journal,00035599,17584221,Emerald Publishing,United Kingdom,ENGLISH,Chemical Engineering (all),Materials Science (all),-,-,-,-,-,-
APL Bioengineering,Journal,-,24732877,American Institute of Physics,United States,ENGLISH,Biophysics,Bioengineering,Biomedical Engineering,Biomaterials,-,-,-,-
APL Materials,Journal,-,2166532X,American Institute of Physics,United States,ENGLISH,Engineering (all),Materials Science (all),-,-,-,-,-,-
APL Photonics,Journal,-,23780967,American Institute of Physics,United States,ENGLISH,Computer Networks and Communications,"Atomic and Molecular Physics, and Optics",-,-,-,-,-,-
"Applicable Algebra in Engineering, Communications and Computing",Journal,09381279,14320622,Springer Science and Business Media Deutschland GmbH,Germany,ENGLISH,Algebra and Number Theory,Applied Mathematics,-,-,-,-,-,-
Applications of Mathematics,Journal,08627940,15729109,Springer Science and Business Media Deutschland GmbH,Germany,ENGLISH,Applied Mathematics,-,-,-,-,-,-,-
Applied Acoustics,Journal,0003682X,1872910X,Elsevier Ltd,United Kingdom,ENGLISH,Acoustics and Ultrasonics,-,-,-,-,-,-,-
Applied and Computational Harmonic Analysis,Journal,10635203,1096603X,Academic Press Inc.,United States,ENGLISH,Applied Mathematics,-,-,-,-,-,-,-
Applied and Environmental Microbiology,Journal,00992240,10985336,American Society for Microbiology,United States,ENGLISH,Food Science,Biotechnology,Ecology,Applied Microbiology and Biotechnology,-,-,-,-
Applied Artificial Intelligence,Journal,08839514,10876545,Taylor and Francis Ltd.,United States,ENGLISH,Artificial Intelligence,Electrical and Electronic Engineering,-,-,-,-,-,-
Applied Biochemistry and Biotechnology,Journal,02732289,15590291,Springer,United States,ENGLISH,Biochemistry,Biotechnology,Molecular Biology,Bioengineering,Applied Microbiology and Biotechnology,-,-,-
Applied Biological Chemistry,Journal,24680834,24680842,Springer Nature,Netherlands,ENGLISH,"Biochemistry, Genetics and Molecular Biology (all)",Organic Chemistry,-,-,-,-,-,-
Applied Bionics and Biomechanics,Journal,11762322,17542103,John Wiley and Sons Ltd,United Kingdom,ENGLISH,Biotechnology,Bioengineering,Biomedical Engineering,Medicine (miscellaneous),-,-,-,-
Applied Catalysis A: General,Journal,0926860X,-,Elsevier B.V.,Netherlands,ENGLISH,Catalysis,Process Chemistry and Technology,-,-,-,-,-,-
Applied Catalysis B: Environmental,Journal,09263373,-,Elsevier B.V.,Netherlands,ENGLISH,Catalysis,Process Chemistry and Technology,Environmental Science (all),-,-,-,-,-
Applied Catalysis O: Open,Journal,-,29506484,Elsevier B.V.,Netherlands,ENGLISH,Catalysis,Process Chemistry and Technology,Chemistry (all),-,-,-,-,-
Applied Clay Science,Journal,01691317,-,Elsevier Ltd,United Kingdom,ENGLISH,Soil Science,Geochemistry and Petrology,Geology,Water Science and Technology,-,-,-,-
Applied Composite Materials,Journal,0929189X,15734897,Springer Nature,Netherlands,ENGLISH,Ceramics and Composites,-,-,-,-,-,-,-
Applied Computational Electromagnetics Society Journal,Journal,10544887,19435711,River Publishers,Denmark,ENGLISH,Electrical and Electronic Engineering,Astronomy and Astrophysics,-,-,-,-,-,-
Applied Computing and Geosciences,Journal,-,25901974,International Association for Mathematical Geosciences,United States,ENGLISH,Computer Science (all),Geology,-,-,-,-,-,-
Applied Earth Science: Transactions of the Institute of Mining and Metallurgy,Journal,25726838,25726846,SAGE Publications Ltd,United Kingdom,ENGLISH,Earth and Planetary Sciences (miscellaneous),Geochemistry and Petrology,Geotechnical Engineering and Engineering Geology,-,-,-,-,-
Applied Energy,Journal,03062619,-,Elsevier Ltd,United Kingdom,ENGLISH,Energy (all),"Renewable Energy, Sustainability and the Environment",Civil and Structural Engineering,Mechanical Engineering,Building and Construction,"Management, Monitoring, Policy and Law",-,-
Applied Engineering in Agriculture,Journal,08838542,19437838,American Society of Agricultural and Biological Engineers,United States,ENGLISH,Engineering (all),-,-,-,-,-,-,-
Applied Ergonomics,Journal,00036870,18729126,Elsevier Ltd,United Kingdom,ENGLISH,Engineering (miscellaneous),"Safety, Risk, Reliability and Quality",Human Factors and Ergonomics,"Physical Therapy, Sports Therapy and Rehabilitation",-,-,-,-
Applied Geochemistry,Journal,08832927,18729134,Elsevier Ltd,United Kingdom,ENGLISH,Geochemistry and Petrology,Environmental Chemistry,Pollution,-,-,-,-,-
Applied Intelligence,Journal,0924669X,15737497,Springer,United States,ENGLISH,Artificial Intelligence,-,-,-,-,-,-,-
Applied Magnetic Resonance,Journal,09379347,16137507,Springer,Austria,ENGLISH,"Atomic and Molecular Physics, and Optics",-,-,-,-,-,-,-
Applied Materials Today,Journal,23529407,23529415,Elsevier Ltd,United Kingdom,ENGLISH,Materials Science (all),-,-,-,-,-,-,-
Applied Mathematical Modelling,Journal,0307904X,-,Elsevier Inc.,United States,ENGLISH,Applied Mathematics,Modeling and Simulation,-,-,-,-,-,-
Applied Mathematics and Computation,Journal,00963003,18735649,Elsevier Inc.,United States,ENGLISH,Computer Science (all),Applied Mathematics,Computational Mathematics,-,-,-,-,-
Applied Mathematics and Mechanics (English Edition),Journal,02534827,15732754,Springer Science and Business Media B.V.,Netherlands,ENGLISH,Mechanical Engineering,Mechanics of Materials,Applied Mathematics,-,-,-,-,-
Applied Mathematics and Optimization,Journal,00954616,14320606,Springer,United States,ENGLISH,Applied Mathematics,Control and Optimization,-,-,-,-,-,-
Applied Mathematics in Science and Engineering,Journal,-,27690911,Routledge,United Kingdom,ENGLISH,Computer Science Applications,Engineering (all),Applied Mathematics,-,-,-,-,-
Applied Mathematics Letters,Journal,08939659,18735452,Elsevier Ltd,United Kingdom,ENGLISH,Applied Mathematics,-,-,-,-,-,-,-
Applied Mechanics Reviews,Journal,00036900,-,American Society of Mechanical Engineers (ASME),United States,ENGLISH,Mechanical Engineering,-,-,-,-,-,-,-
Applied Microbiology and Biotechnology,Journal,01757598,14320614,Springer Science and Business Media Deutschland GmbH,Germany,ENGLISH,Biotechnology,Applied Microbiology and Biotechnology,-,-,-,-,-,-
Applied Microscopy,Journal,22875123,22874445,Springer,Singapore,ENGLISH,Applied Microbiology and Biotechnology,Microbiology,-,-,-,-,-,-
Applied Nanoscience (Switzerland),Journal,21905509,21905517,Springer Science and Business Media Deutschland GmbH,Switzerland,ENGLISH,Biotechnology,Cell Biology,Physical and Theoretical Chemistry,Electrical and Electronic Engineering,Materials Science (miscellaneous),"Atomic and Molecular Physics, and Optics",-,-
Applied Network Science,Journal,-,23648228,Springer Nature,Switzerland,ENGLISH,Multidisciplinary,Computer Networks and Communications,Computational Mathematics,-,-,-,-,-
Applied Numerical Mathematics,Journal,01689274,-,Elsevier B.V.,Netherlands,ENGLISH,Applied Mathematics,Computational Mathematics,Numerical Analysis,-,-,-,-,-
Applied Ocean Research,Journal,01411187,-,Elsevier Ltd,United Kingdom,ENGLISH,Ocean Engineering,-,-,-,-,-,-,-
Applied Ontology,Journal,15705838,18758533,SAGE Publications Ltd,United Kingdom,ENGLISH,Language and Linguistics,Computer Science (all),Linguistics and Language,-,-,-,-,-
Applied Optics,Journal,1559128X,21553165,Optica Publishing Group (formerly OSA),United States,ENGLISH,Engineering (miscellaneous),Electrical and Electronic Engineering,"Atomic and Molecular Physics, and Optics",-,-,-,-,-
Applied Organometallic Chemistry,Journal,02682605,10990739,John Wiley and Sons Ltd,United Kingdom,ENGLISH,Chemistry (all),Inorganic Chemistry,-,-,-,-,-,-
Applied Physics,Journal,03403793,-,ORION Research-and-Production Association,Russian Federation,RUSSIAN,Physics and Astronomy (all),-,-,-,-,-,-,-
Applied Physics A: Materials Science and Processing,Journal,09478396,14320630,Springer Science and Business Media Deutschland GmbH,Germany,ENGLISH,Chemistry (all),Materials Science (all),-,-,-,-,-,-
Applied Physics B: Lasers and Optics,Journal,09462171,-,Springer Science and Business Media Deutschland GmbH,Germany,ENGLISH,Physics and Astronomy (all),Physics and Astronomy (miscellaneous),-,-,-,-,-,-
Applied Physics Express,Journal,18820778,18820786,Institute of Physics,Japan,ENGLISH,Engineering (all),Physics and Astronomy (all),-,-,-,-,-,-
Applied Physics Letters,Journal,00036951,10773118,American Institute of Physics,United States,ENGLISH,Physics and Astronomy (miscellaneous),-,-,-,-,-,-,-
Applied Physics Reviews,Journal,-,19319401,American Institute of Physics,United States,ENGLISH,Physics and Astronomy (all),-,-,-,-,-,-,-
Applied Radiation and Isotopes,Journal,09698043,18729800,Elsevier Ltd,United Kingdom,ENGLISH,Radiation,-,-,-,-,-,-,-
Applied Research,Journal,-,27024288,Wiley-VCH Verlag,Germany,ENGLISH,Multidisciplinary,Food Science,"Biochemistry, Genetics and Molecular Biology (all)",Biochemistry,Bioengineering,Engineering (miscellaneous),Biomedical Engineering,Materials Science (miscellaneous)
Applied Sciences (Switzerland),Journal,-,20763417,Multidisciplinary Digital Publishing Institute (MDPI),Switzerland,ENGLISH,Fluid Flow and Transfer Processes,Process Chemistry and Technology,Computer Science Applications,Engineering (all),Materials Science (all),Instrumentation,-,-
Applied Set-Valued Analysis and Optimization,Journal,25627775,25627783,Biemdas Academic Publishers,Canada,ENGLISH,Mathematics (miscellaneous),Analysis,Applied Mathematics,Control and Optimization,Modeling and Simulation,Numerical Analysis,-,-
Applied Soft Computing,Journal,15684946,-,Elsevier Ltd,United Kingdom,ENGLISH,Software,-,-,-,-,-,-,-
Applied Solar Energy (English translation of Geliotekhnika),Journal,0003701X,19349424,Pleiades Publishing,United States,ENGLISH,"Renewable Energy, Sustainability and the Environment",-,-,-,-,-,-,-
Applied Spectroscopy,Journal,00037028,19433530,SAGE Publications Inc.,United States,ENGLISH,Spectroscopy,Instrumentation,-,-,-,-,-,-
Applied Spectroscopy Reviews,Journal,05704928,1520569X,Taylor and Francis Ltd.,United States,ENGLISH,Spectroscopy,Instrumentation,-,-,-,-,-,-
Applied Stochastic Models in Business and Industry,Journal,15241904,15264025,John Wiley and Sons Ltd,United Kingdom,ENGLISH,"Business, Management and Accounting (all)",Management Science and Operations Research,Modeling and Simulation,-,-,-,-,-
Applied Surface Science,Journal,01694332,-,Elsevier B.V.,Netherlands,ENGLISH,"Surfaces, Coatings and Films",Condensed Matter Physics,Surfaces and Interfaces,-,-,-,-,-
Applied System Innovation,Journal,-,25715577,Multidisciplinary Digital Publishing Institute (MDPI),Switzerland,ENGLISH,Artificial Intelligence,Human-Computer Interaction,Information Systems,Control and Systems Engineering,Industrial and Manufacturing Engineering,Applied Mathematics,-,-
Applied Thermal Engineering,Journal,13594311,-,Elsevier Ltd,United Kingdom,ENGLISH,Fluid Flow and Transfer Processes,Energy Engineering and Power Technology,Industrial and Manufacturing Engineering,Mechanical Engineering,-,-,-,-
Applied Water Science,Journal,21905487,21905495,Springer Science and Business Media Deutschland GmbH,Germany,ENGLISH,Water Science and Technology,-,-,-,-,-,-,-
APSIPA Transactions on Signal and Information Processing,Journal,-,20487703,Now Publishers Inc,United States,ENGLISH,Information Systems,Signal Processing,-,-,-,-,-,-
"Aqua Water Infrastructure, Ecosystems and Society",Journal,27098028,27098036,IWA Publishing,United Kingdom,ENGLISH,Civil and Structural Engineering,Ecology,Environmental Engineering,"Management, Monitoring, Policy and Law",Pollution,Water Science and Technology,-,-
Aquacultural Engineering,Journal,01448609,-,Elsevier B.V.,Netherlands,ENGLISH,Aquatic Science,-,-,-,-,-,-,-
Architectural Engineering and Design Management,Journal,17452007,17527589,Taylor and Francis Ltd.,United Kingdom,ENGLISH,"Business, Management and Accounting (all)",Building and Construction,Architecture,-,-,-,-,-
Architectural Intelligence,Journal,-,27316726,Springer,Singapore,ENGLISH,Computer Science (miscellaneous),Computer Science Applications,Civil and Structural Engineering,Architecture,Environmental Engineering,Urban Studies,-,-
Architectural Science Review,Journal,00038628,17589622,Taylor and Francis Ltd.,United Kingdom,ENGLISH,Architecture,-,-,-,-,-,-,-
Archive of Applied Mechanics,Journal,09391533,14320681,Springer Science and Business Media Deutschland GmbH,Germany,ENGLISH,Mechanical Engineering,-,-,-,-,-,-,-
Archives des Sciences,Journal,1661464X,26246848,Societe de Physique et d'Histoire Naturelle de Geneve,Switzerland,ENGLISH/FRENCH,Multidisciplinary,-,-,-,-,-,-,-
Archives of Acoustics,Journal,01375075,2300262X,Polska Akademia Nauk,Poland,ENGLISH,Acoustics and Ultrasonics,-,-,-,-,-,-,-
Archives of Civil and Mechanical Engineering ,Journal,16449665,20833318,Springer Science and Business Media Deutschland GmbH,United Kingdom,ENGLISH,Civil and Structural Engineering,Mechanical Engineering,-,-,-,-,-,-
Archives of Civil Engineering,Journal,12302945,23003103,Polska Akademia Nauk,Poland,ENGLISH,Civil and Structural Engineering,-,-,-,-,-,-,-
Archives of Computational Methods in Engineering,Journal,11343060,18861784,Springer Science and Business Media B.V.,Netherlands,ENGLISH,Computer Science Applications,Applied Mathematics,-,-,-,-,-,-
Archives of Control Sciences,Journal,12302384,23002611,Polska Akademia Nauk,Poland,ENGLISH/POLISH,Control and Systems Engineering,Control and Optimization,Modeling and Simulation,-,-,-,-,-
Archives of Electrical Engineering,Journal,14274221,23002506,Polska Akademia Nauk,Poland,ENGLISH,Electrical and Electronic Engineering,-,-,-,-,-,-,-
Archives of Foundry Engineering,Journal,18973310,22992944,Polska Akademia Nauk,Poland,ENGLISH,Industrial and Manufacturing Engineering,Metals and Alloys,-,-,-,-,-,-
Archives of Metallurgy and Materials,Journal,17333490,-,Polska Akademia Nauk,Poland,ENGLISH,Metals and Alloys,-,-,-,-,-,-,-
Archives of Thermodynamics,Journal,12310956,20836023,Polska Akademia Nauk,Poland,ENGLISH,Physics and Astronomy (all),-,-,-,-,-,-,-
Archives of Transport,Journal,08669546,23008830,Warsaw University of Technology,Poland,ENGLISH,Automotive Engineering,Transportation,-,-,-,-,-,-
"ARFTG Microwave Measurement Conference, ARFTG",Journal,28361407,27678776,Institute of Electrical and Electronics Engineers Inc.,United States,ENGLISH,Computer Networks and Communications,Signal Processing,Electrical and Electronic Engineering,Instrumentation,-,-,-,-
"Argentine Conference on Electronics, CAE",Journal,-,28361024,Institute of Electrical and Electronics Engineers Inc.,United States,ENGLISH,Electrical and Electronic Engineering,"Electronic, Optical and Magnetic Materials",Instrumentation,-,-,-,-,-
Argument and Computation,Journal,19462166,19462174,SAGE Publications Ltd,United Kingdom,ENGLISH,Computer Science (miscellaneous),Artificial Intelligence,Computer Science Applications,Computational Mathematics,Linguistics and Language,-,-,-
Array,Journal,-,25900056,Elsevier B.V.,Netherlands,ENGLISH,Computer Science (all),-,-,-,-,-,-,-
"Artificial Cells, Nanomedicine and Biotechnology",Journal,21691401,2169141X,Taylor and Francis Ltd.,United Kingdom,ENGLISH,Biotechnology,Biomedical Engineering,Medicine (miscellaneous),Pharmaceutical Science,-,-,-,-
Artificial Intelligence,Journal,00043702,-,Elsevier B.V.,Netherlands,ENGLISH,Language and Linguistics,Artificial Intelligence,Linguistics and Language,-,-,-,-,-
Artificial Intelligence and Law,Journal,09248463,15728382,Springer Nature,Netherlands,ENGLISH,Artificial Intelligence,Law,-,-,-,-,-,-
"Artificial Intelligence for Engineering Design, Analysis and Manufacturing: AIEDAM",Journal,08900604,14691760,Cambridge University Press,United Kingdom,ENGLISH,Artificial Intelligence,Industrial and Manufacturing Engineering,-,-,-,-,-,-
Artificial Intelligence in Agriculture,Journal,-,25897217,KeAi Communications Co.,China,ENGLISH,Agricultural and Biological Sciences (all),Computer Science (miscellaneous),Artificial Intelligence,Computer Science Applications,Engineering (miscellaneous),-,-,-
Artificial Intelligence in Geosciences,Journal,-,26665441,KeAi Communications Co.,China,ENGLISH,Artificial Intelligence,Earth and Planetary Sciences (miscellaneous),Computers in Earth Sciences,Control and Systems Engineering,Industrial and Manufacturing Engineering,-,-,-
Artificial Intelligence in Medicine,Journal,09333657,18732860,Elsevier B.V.,Netherlands,ENGLISH,Artificial Intelligence,Medicine (miscellaneous),Health Informatics,-,-,-,-,-
Artificial Intelligence Review,Journal,02692821,15737462,Springer Nature,Netherlands,ENGLISH,Language and Linguistics,Artificial Intelligence,Linguistics and Language,-,-,-,-,-
Artificial Life,Journal,10645462,15309185,Massachusetts Institute of Technology,United States,ENGLISH,"Ecology, Evolution, Behavior and Systematics","Biochemistry, Genetics and Molecular Biology (all)","Biochemistry, Genetics and Molecular Biology (miscellaneous)",Computer Science (miscellaneous),Artificial Intelligence,-,-,-
Artificial Life and Robotics,Journal,14335298,16147456,Springer,Japan,ENGLISH,"Biochemistry, Genetics and Molecular Biology (all)",Artificial Intelligence,-,-,-,-,-,-
Artificial Organs,Journal,0160564X,15251594,John Wiley and Sons Inc,United States,ENGLISH,Bioengineering,Biomedical Engineering,Biomaterials,Medicine (miscellaneous),-,-,-,-
Artificial Satellites,Journal,0208841X,20836104,Paradigm Publishing Services,Poland,ENGLISH,Space and Planetary Science,-,-,-,-,-,-,-
ASAIO Journal,Journal,10582916,1538943X,Lippincott Williams and Wilkins,United States,ENGLISH,Biophysics,Bioengineering,Biomedical Engineering,Biomaterials,Medicine (all),-,-,-
ASCE Open: Multidisciplinary Journal of Civil Engineering,Journal,-,29954266,American Society of Civil Engineers (ASCE),United States,ENGLISH,Civil and Structural Engineering,-,-,-,-,-,-,-
"ASCE-ASME Journal of Risk and Uncertainty in Engineering Systems, Part A: Civil Engineering",Journal,-,23767642,American Society of Civil Engineers (ASCE),United States,ENGLISH,Civil and Structural Engineering,"Safety, Risk, Reliability and Quality",Building and Construction,-,-,-,-,-
"ASCE-ASME Journal of Risk and Uncertainty in Engineering Systems, Part B: Mechanical Engineering",Journal,23329017,23329025,American Society of Mechanical Engineers (ASME),United States,ENGLISH,Mechanical Engineering,"Safety, Risk, Reliability and Quality",Safety Research,-,-,-,-,-
ASHRAE Journal,Journal,00012491,-,American Society of Heating Refrigerating and Air-Conditioning Engineers,United States,ENGLISH,Mechanical Engineering,Building and Construction,-,-,-,-,-,-
"Asian and Pacific Conference on Synthetic Aperture Radar proceedings, APSAR",Journal,-,24742333,Institute of Electrical and Electronics Engineers Inc.,United States,ENGLISH,Artificial Intelligence,Computer Networks and Communications,Computers in Earth Sciences,Earth-Surface Processes,Instrumentation,-,-,-
Asian Journal of Control,Journal,15618625,19346093,John Wiley and Sons Inc,United States,ENGLISH,Control and Systems Engineering,Electrical and Electronic Engineering,Mathematics (miscellaneous),-,-,-,-,-
Asia-Pacific Journal of Chemical Engineering,Journal,19322135,19322143,John Wiley and Sons Ltd,United Kingdom,ENGLISH,Chemical Engineering (all),"Renewable Energy, Sustainability and the Environment",Waste Management and Disposal,-,-,-,-,-
Asia-Pacific Journal of Operational Research,Journal,02175959,17937019,World Scientific,Singapore,ENGLISH,Management Science and Operations Research,-,-,-,-,-,-,-
Aslib Journal of Information Management,Journal,20503806,20503814,Emerald Publishing,United Kingdom,ENGLISH,Information Systems,Library and Information Sciences,-,-,-,-,-,-
ASME Journal of Heat and Mass Transfer,Journal,28328450,28328469,American Society of Mechanical Engineers (ASME),United States,ENGLISH,Mechanical Engineering,Mechanics of Materials,Materials Science (all),-,-,-,-,-
ASME Letters in Dynamic Systems and Control,Journal,26896117,26896125,American Society of Mechanical Engineers (ASME),United States,ENGLISH,Computer Science Applications,Information Systems,Automotive Engineering,Biomedical Engineering,Control and Systems Engineering,Industrial and Manufacturing Engineering,Mechanical Engineering,-
ASME Open Journal of Engineering,Journal,-,27703495,American Society of Mechanical Engineers (ASME),United States,ENGLISH,Engineering (all),-,-,-,-,-,-,-
Assistive Technology,Journal,10400435,19493614,Taylor and Francis Ltd.,United States,ENGLISH,Rehabilitation,"Physical Therapy, Sports Therapy and Rehabilitation",-,-,-,-,-,-
Astrodynamics,Journal,-,25220098,Tsinghua University,Singapore,ENGLISH,Space and Planetary Science,Aerospace Engineering,Astronomy and Astrophysics,-,-,-,-,-
Astronomy and Astrophysics,Journal,00046361,14320746,EDP Sciences,France,ENGLISH,Space and Planetary Science,Astronomy and Astrophysics,-,-,-,-,-,-
Astronomy and Astrophysics Review,Journal,09354956,14320754,Springer Science and Business Media Deutschland GmbH,Germany,ENGLISH,Space and Planetary Science,Astronomy and Astrophysics,-,-,-,-,-,-
Astronomy and Computing,Journal,22131337,-,Elsevier B.V.,Netherlands,ENGLISH,Computer Science Applications,Space and Planetary Science,Astronomy and Astrophysics,-,-,-,-,-
Astronomy and Geophysics,Journal,13668781,14684004,Oxford University Press,United Kingdom,ENGLISH,Geochemistry and Petrology,Geophysics,Astronomy and Astrophysics,-,-,-,-,-
Astroparticle Physics,Journal,09276505,-,Elsevier B.V.,Netherlands,ENGLISH,Astronomy and Astrophysics,-,-,-,-,-,-,-
Asymptotic Analysis,Journal,09217134,18758576,SAGE Publications Ltd,United Kingdom,ENGLISH,Mathematics (all),-,-,-,-,-,-,-
Atmosphere,Journal,-,20734433,Multidisciplinary Digital Publishing Institute (MDPI),Switzerland,ENGLISH,Atmospheric Science,Environmental Science (miscellaneous),-,-,-,-,-,-
Atmospheric Environment,Journal,13522310,18732844,Elsevier Ltd,United Kingdom,ENGLISH,Atmospheric Science,Environmental Science (all),-,-,-,-,-,-
Atmospheric Environment: X,Journal,-,25901621,Elsevier Ltd,United Kingdom,ENGLISH,Atmospheric Science,Environmental Science (all),-,-,-,-,-,-
Atmospheric Research,Journal,01698095,-,Elsevier Ltd,United Kingdom,ENGLISH,Atmospheric Science,-,-,-,-,-,-,-
Atomic Data and Nuclear Data Tables,Journal,0092640X,10902090,Elsevier Inc.,United States,ENGLISH,Nuclear and High Energy Physics,"Atomic and Molecular Physics, and Optics",-,-,-,-,-,-
Atomic Energy,Journal,10634258,15738205,Springer,United States,ENGLISH,Nuclear Energy and Engineering,-,-,-,-,-,-,-
Atomization and Sprays,Journal,10445110,-,Begell House Inc.,United States,ENGLISH,Chemical Engineering (all),-,-,-,-,-,-,-
"Atti della Accademia Nazionale dei Lincei, Classe di Scienze Fisiche, Matematiche e Naturali, Rendiconti Lincei Matematica e Applicazioni",Journal,11206330,17200768,European Mathematical Society Publishing House,Switzerland,ENGLISH,Mathematics (all),-,-,-,-,-,-,-
ATZ worldwide,Journal,-,21929076,Springer Nature,Germany,ENGLISH,Automotive Engineering,-,-,-,-,-,-,-
ATZheavy Duty Worldwide,Journal,-,25248774,Springer Vieweg,Germany,ENGLISH,Automotive Engineering,-,-,-,-,-,-,-
Australasian Journal of Engineering Education,Journal,22054952,13254340,Taylor and Francis Ltd.,United Kingdom,ENGLISH,Human-Computer Interaction,Engineering (all),Education,-,-,-,-,-
"Australasian Universities Power Engineering Conference, AUPEC",Journal,-,24741507,Institute of Electrical and Electronics Engineers Inc.,United States,ENGLISH,Energy Engineering and Power Technology,"Renewable Energy, Sustainability and the Environment",Electrical and Electronic Engineering,Control and Optimization,-,-,-,-
Australian Forestry,Journal,00049158,-,Taylor and Francis Ltd.,United Kingdom,ENGLISH,Forestry,-,-,-,-,-,-,-
Australian Geomechanics Journal,Journal,08189110,-,Australian Geomechanics Society,Australia,ENGLISH,Geotechnical Engineering and Engineering Geology,-,-,-,-,-,-,-
Australian Journal of Chemistry,Journal,00049425,14450038,CSIRO Publishing,Australia,ENGLISH,Chemistry (all),-,-,-,-,-,-,-
Australian Journal of Civil Engineering,Journal,14488353,-,Taylor and Francis Ltd.,Australia,ENGLISH,Civil and Structural Engineering,-,-,-,-,-,-,-
Australian Journal of Electrical and Electronics Engineering,Journal,1448837X,-,Taylor and Francis Ltd.,Australia,ENGLISH,Electrical and Electronic Engineering,-,-,-,-,-,-,-
Australian Journal of Mechanical Engineering,Journal,14484846,-,Taylor and Francis Ltd.,Australia,ENGLISH,Mechanical Engineering,-,-,-,-,-,-,-
Australian Journal of Structural Engineering,Journal,13287982,-,Taylor and Francis Ltd.,Australia,ENGLISH,Civil and Structural Engineering,Mechanical Engineering,Mechanics of Materials,-,-,-,-,-
Australian Journal of Water Resources,Journal,13241583,-,Taylor and Francis Ltd.,United Kingdom,ENGLISH,Water Science and Technology,-,-,-,-,-,-,-
Automated Software Engineering,Journal,09288910,15737535,Springer,United States,ENGLISH,Software,-,-,-,-,-,-,-
Automatic Control and Computer Sciences,Journal,01464116,1558108X,Pleiades Publishing,United States,ENGLISH,Signal Processing,Software,Control and Systems Engineering,-,-,-,-,-
Automatic Documentation and Mathematical Linguistics,Journal,00051055,19348371,Pleiades Publishing,Russian Federation,ENGLISH,Computer Science (all),Library and Information Sciences,Linguistics and Language,-,-,-,-,-
Automatica,Journal,00051098,-,Elsevier Ltd,United Kingdom,ENGLISH,Control and Systems Engineering,Electrical and Electronic Engineering,-,-,-,-,-,-
Automation and Remote Control,Journal,00051179,16083032,Pleiades Publishing,Russian Federation,ENGLISH,Control and Systems Engineering,Electrical and Electronic Engineering,-,-,-,-,-,-
Automation in Construction,Journal,09265805,-,Elsevier B.V.,Netherlands,ENGLISH,Civil and Structural Engineering,Control and Systems Engineering,Building and Construction,-,-,-,-,-
Automotive Innovation,Journal,20964250,25228765,Springer Nature,China,ENGLISH,Automotive Engineering,-,-,-,-,-,-,-
Autonomous Agents and Multi-Agent Systems,Journal,13872532,15737454,Springer,United States,ENGLISH,Artificial Intelligence,-,-,-,-,-,-,-
Autonomous Intelligent Systems,Journal,-,2730616X,Springer,Singapore,ENGLISH,Computer Science (all),Computer Science (miscellaneous),Electrical and Electronic Engineering,-,-,-,-,-
Autonomous Robots,Journal,09295593,15737527,Springer,United States,ENGLISH,Artificial Intelligence,-,-,-,-,-,-,-
Aviation,Journal,16487788,18224180,Vilnius Gediminas Technical University,Lithuania,ENGLISH,Aerospace Engineering,-,-,-,-,-,-,-
AWWA Water Science,Journal,-,25778161,John Wiley and Sons Inc,United States,ENGLISH,Filtration and Separation,Chemistry (all),Oceanography,Ocean Engineering,Environmental Engineering,Waste Management and Disposal,Water Science and Technology,-
Baltic Journal of Road and Bridge Engineering,Journal,1822427X,18224288,Riga Technical University,Lithuania,ENGLISH,Civil and Structural Engineering,Building and Construction,-,-,-,-,-,-
Batteries,Journal,-,23130105,Multidisciplinary Digital Publishing Institute (MDPI),Switzerland,ENGLISH,Electrochemistry,Energy Engineering and Power Technology,Electrical and Electronic Engineering,-,-,-,-,-
Batteries and Supercaps,Journal,-,25666223,John Wiley and Sons Inc,Germany,ENGLISH,Electrochemistry,Energy Engineering and Power Technology,Electrical and Electronic Engineering,-,-,-,-,-
Battery Energy,Journal,-,27681696,John Wiley and Sons Inc,United States,ENGLISH,Energy (miscellaneous),"Renewable Energy, Sustainability and the Environment",-,-,-,-,-,-
Behaviour and Information Technology,Journal,0144929X,13623001,Taylor and Francis Ltd.,United Kingdom,ENGLISH,Arts and Humanities (miscellaneous),Human-Computer Interaction,Developmental and Educational Psychology,Social Sciences (all),-,-,-,-
Beijing Daxue Xuebao (Ziran Kexue Ban)/Acta Scientiarum Naturalium Universitatis Pekinensis,Journal,04798023,-,Peking University,China,CHINESE,Multidisciplinary,-,-,-,-,-,-,-
Beijing Ligong Daxue Xuebao/Transaction of Beijing Institute of Technology,Journal,10010645,-,Beijing Institute of Technology,China,CHINESE,Engineering (all),-,-,-,-,-,-,-
Beijing Youdian Daxue Xuebao/Journal of Beijing University of Posts and Telecommunications,Journal,10075321,-,Beijing University of Posts and Telecommunications,China,CHINESE,Computer Networks and Communications,Electrical and Electronic Engineering,-,-,-,-,-,-
Beilstein Journal of Nanotechnology,Journal,-,21904286,Beilstein-Institut Zur Forderung der Chemischen Wissenschaften,Germany,ENGLISH,Electrical and Electronic Engineering,Materials Science (all),Physics and Astronomy (all),-,-,-,-,-
Bell Labs Technical Journal,Journal,10897089,15387305,Institute of Electrical and Electronics Engineers Inc.,United States,ENGLISH,Electrical and Electronic Engineering,-,-,-,-,-,-,-
"BenchCouncil Transactions on Benchmarks, Standards and Evaluations",Journal,-,27724859,BenchCouncil Press,China,ENGLISH,Multidisciplinary,Business and International Management,Strategy and Management,Computer Science (miscellaneous),Artificial Intelligence,-,-,-
Beton- und Stahlbetonbau,Journal,00059900,14371006,Ernst und Sohn,Germany,GERMAN,Building and Construction,-,-,-,-,-,-,-
BHM Berg- und Huttenmannische Monatshefte,Journal,00058912,16137531,Springer,Austria,ENGLISH/GERMAN,Geology,Geotechnical Engineering and Engineering Geology,-,-,-,-,-,-
Big Data,Journal,21676461,2167647X,SAGE Publications Ltd,United States,ENGLISH,Computer Science Applications,Information Systems,Information Systems and Management,-,-,-,-,-
Big Data and Cognitive Computing,Journal,-,25042289,Multidisciplinary Digital Publishing Institute (MDPI),Switzerland,ENGLISH,Management Information Systems,Artificial Intelligence,Computer Science Applications,Information Systems,-,-,-,-
Big Data and Society,Journal,-,20539517,SAGE Publications Ltd,United Kingdom,ENGLISH,Computer Science Applications,Information Systems,Information Systems and Management,Library and Information Sciences,Communication,-,-,-
Big Data Mining and Analytics,Journal,20960654,2097406X,Tsinghua University Press,China,ENGLISH,Artificial Intelligence,Computer Networks and Communications,Computer Science Applications,Information Systems,-,-,-,-
Big Data Research,Journal,22145796,2214580X,Elsevier Inc.,United States,ENGLISH,Management Information Systems,Computer Science Applications,Information Systems,Information Systems and Management,-,-,-,-
Big Earth Data,Journal,20964471,25745417,Taylor and Francis Ltd.,United Kingdom,ENGLISH,Computer Science Applications,Computers in Earth Sciences,-,-,-,-,-,-
Binggong Xuebao/Acta Armamentarii,Journal,10001093,-,China Ordnance Industry Corporation,China,CHINESE,Aerospace Engineering,Automotive Engineering,Computational Mechanics,Control and Systems Engineering,Mechanical Engineering,Ocean Engineering,-,-
Bio-Algorithms and Med-Systems,Journal,18959091,1896530X,Index Copernicus International,Poland,ENGLISH,"Biochemistry, Genetics and Molecular Biology (miscellaneous)",Computer Science (all),Medicine (miscellaneous),Health Informatics,-,-,-,-
Biocatalysis and Biotransformation,Journal,10242422,10292446,Taylor and Francis Ltd.,United Kingdom,ENGLISH,Biochemistry,Biotechnology,Catalysis,-,-,-,-,-
Biochemical Engineering Journal,Journal,1369703X,1873295X,Elsevier B.V.,Netherlands,ENGLISH,Biotechnology,Bioengineering,Biomedical Engineering,Environmental Engineering,-,-,-,-
Biochemistry,Journal,00062960,15204995,American Chemical Society,United States,ENGLISH,Biochemistry,-,-,-,-,-,-,-
Biochemistry and Cell Biology,Journal,08298211,12086002,Canadian Science Publishing,Canada,ENGLISH,Biochemistry,Cell Biology,Molecular Biology,-,-,-,-,-
Biochip Journal,Journal,19760280,20927843,SpringerOpen,Germany,ENGLISH,Biotechnology,Bioengineering,Biomedical Engineering,Electrical and Electronic Engineering,-,-,-,-
Bioconjugate Chemistry,Journal,10431802,15204812,American Chemical Society,United States,ENGLISH,Biotechnology,Bioengineering,Organic Chemistry,Biomedical Engineering,Pharmaceutical Science,Pharmacology,-,-
Biodegradation,Journal,09239820,15729729,Springer Science and Business Media B.V.,Netherlands,ENGLISH,Bioengineering,Environmental Chemistry,Environmental Engineering,Pollution,Microbiology,-,-,-
Bio-Design and Manufacturing,Journal,20965524,25228552,Zhejiang University,China,ENGLISH,Biotechnology,Biomedical Engineering,Industrial and Manufacturing Engineering,Materials Science (miscellaneous),-,-,-,-
Bioelectrochemistry,Journal,15675394,1878562X,Elsevier B.V.,Netherlands,ENGLISH,Biophysics,Electrochemistry,Physical and Theoretical Chemistry,-,-,-,-,-
Bioelectromagnetics,Journal,01978462,1521186X,John Wiley and Sons Inc,United States,ENGLISH,Biophysics,Physiology,"Radiology, Nuclear Medicine and Imaging",-,-,-,-,-
Bioelectronic Medicine,Journal,-,23328886,BioMed Central Ltd,United Kingdom,ENGLISH,Biotechnology,Molecular Medicine,Computer Science Applications,Biomedical Engineering,Medicine (miscellaneous),Neuroscience (all),-,-
Bioenergy Research,Journal,19391234,19391242,Springer,United States,ENGLISH,Agronomy and Crop Science,Energy (miscellaneous),"Renewable Energy, Sustainability and the Environment",-,-,-,-,-
Bioengineering and Translational Medicine,Journal,-,23806761,John Wiley and Sons Inc,United States,ENGLISH,Biotechnology,Biomedical Engineering,Medicine (all),Pharmaceutical Science,-,-,-,-
Biofabrication,Journal,17585082,17585090,Institute of Physics,United Kingdom,ENGLISH,Biochemistry,Biotechnology,Bioengineering,Biomedical Engineering,Biomaterials,-,-,-
Biofuel Research Journal,Journal,-,22928782,Alpha Creation Enterprise,Malaysia,ENGLISH,Biotechnology,Chemical Engineering (miscellaneous),Energy Engineering and Power Technology,Fuel Technology,"Renewable Energy, Sustainability and the Environment",Environmental Engineering,Waste Management and Disposal,-
Biofuels,Journal,17597269,17597277,Taylor and Francis Ltd.,United Kingdom,ENGLISH,"Renewable Energy, Sustainability and the Environment",Waste Management and Disposal,-,-,-,-,-,-
"Biofuels, Bioproducts and Biorefining",Journal,1932104X,19321031,John Wiley and Sons Ltd,United Kingdom,ENGLISH,Bioengineering,"Renewable Energy, Sustainability and the Environment",-,-,-,-,-,-
Bioinspiration and Biomimetics,Journal,17483182,17483190,Institute of Physics,United Kingdom,ENGLISH,Biochemistry,Biophysics,Biotechnology,Molecular Medicine,Engineering (miscellaneous),-,-,-
"Bioinspired, Biomimetic and Nanobiomaterials",Journal,20459858,20459866,Emerald Publishing,United Kingdom,ENGLISH,Engineering (all),Biomaterials,-,-,-,-,-,-
Biointerphases,Journal,19348630,15594106,American Institute of Physics,United States,ENGLISH,"Biochemistry, Genetics and Molecular Biology (all)",Chemistry (all),Materials Science (all),Biomaterials,Physics and Astronomy (all),-,-,-
Biological Cybernetics,Journal,03401200,14320770,Springer Science and Business Media Deutschland GmbH,Germany,ENGLISH,Biotechnology,Computer Science (all),-,-,-,-,-,-
Biomacromolecules,Journal,15257797,15264602,American Chemical Society,United States,ENGLISH,Bioengineering,Biomaterials,Materials Chemistry,Polymers and Plastics,-,-,-,-
Biomass and Bioenergy,Journal,09619534,18732909,Elsevier Ltd,United Kingdom,ENGLISH,Agronomy and Crop Science,Forestry,"Renewable Energy, Sustainability and the Environment",Waste Management and Disposal,-,-,-,-
Biomass Conversion and Biorefinery,Journal,21906815,21906823,Springer Science and Business Media Deutschland GmbH,Germany,ENGLISH,"Renewable Energy, Sustainability and the Environment",-,-,-,-,-,-,-
Biomaterials,Journal,01429612,18785905,Elsevier Ltd,United Kingdom,ENGLISH,Biophysics,Bioengineering,Mechanics of Materials,Biomaterials,Ceramics and Composites,-,-,-
Biomaterials Advances,Journal,-,27729508,Elsevier Ltd,United Kingdom,ENGLISH,Bioengineering,Biomedical Engineering,Biomaterials,-,-,-,-,-
Biomaterials Science,Journal,20474830,20474849,Royal Society of Chemistry,United Kingdom,ENGLISH,Biomedical Engineering,Materials Science (all),-,-,-,-,-,-
Biomechanics and Modeling in Mechanobiology,Journal,16177959,16177940,Springer Science and Business Media Deutschland GmbH,Germany,ENGLISH,Biotechnology,Biomedical Engineering,Mechanical Engineering,Modeling and Simulation,-,-,-,-
Biomedical Chromatography,Journal,02693879,10990801,John Wiley and Sons Ltd,United Kingdom,ENGLISH,Biochemistry,Clinical Biochemistry,Molecular Biology,Analytical Chemistry,Drug Discovery,Pharmacology,-,-
Biomedical Engineering,Journal,00063398,15738256,Springer,United States,ENGLISH,Biomedical Engineering,Medicine (miscellaneous),Medical Laboratory Technology,-,-,-,-,-
"Biomedical Engineering - Applications, Basis and Communications",Journal,10162372,17937132,World Scientific,Singapore,ENGLISH,Biophysics,Bioengineering,Biomedical Engineering,-,-,-,-,-
Biomedical Engineering Letters,Journal,20939868,2093985X,Springer Verlag,Germany,ENGLISH,Biomedical Engineering,-,-,-,-,-,-,-
BioMedical Engineering Online,Journal,-,1475925X,BioMed Central Ltd,United Kingdom,ENGLISH,Biomedical Engineering,Biomaterials,"Radiology, Nuclear Medicine and Imaging",Radiological and Ultrasound Technology,-,-,-,-
Biomedical Instrumentation and Technology,Journal,08998205,19435967,Allen Press Inc.,United States,ENGLISH,Computer Networks and Communications,Biomedical Engineering,-,-,-,-,-,-
Biomedical Materials (Bristol),Journal,17486041,1748605X,Institute of Physics,United Kingdom,ENGLISH,Biochemistry,Business and International Management,Bioengineering,Chemistry (miscellaneous),Biomedical Engineering,Mechanics of Materials,Biomaterials,-
Bio-Medical Materials and Engineering,Journal,09592989,18783619,SAGE Publications Ltd,United Kingdom,ENGLISH,Biomedical Engineering,Biomaterials,-,-,-,-,-,-
Biomedical Microdevices,Journal,13872176,15728781,Springer,United States,ENGLISH,Molecular Biology,Biomedical Engineering,-,-,-,-,-,-
Biomedical Optics Express,Journal,-,21567085,Optica Publishing Group (formerly OSA),United States,ENGLISH,Biotechnology,"Atomic and Molecular Physics, and Optics",-,-,-,-,-,-
Biomedical Physics and Engineering Express,Journal,-,20571976,Institute of Physics,United States,ENGLISH,Biophysics,Nursing (all),-,-,-,-,-,-
Biomedical Sciences Instrumentation,Journal,00678856,-,International Academic Express,United States,ENGLISH,Biophysics,Medical Laboratory Technology,-,-,-,-,-,-
Biomedical Signal Processing and Control,Journal,17468094,17468108,Elsevier Ltd,United Kingdom,ENGLISH,Signal Processing,Biomedical Engineering,Health Informatics,-,-,-,-,-
Biomedizinische Technik,Journal,00135585,1862278X,Walter de Gruyter GmbH,Germany,ENGLISH/GERMAN,Biomedical Engineering,-,-,-,-,-,-,-
Biometrical Journal,Journal,03233847,15214036,John Wiley and Sons Inc,Germany,ENGLISH,"Statistics, Probability and Uncertainty",Statistics and Probability,Medicine (all),-,-,-,-,-
Biometrics,Journal,0006341X,15410420,Oxford University Press,United States,ENGLISH,Agricultural and Biological Sciences (all),"Biochemistry, Genetics and Molecular Biology (all)",Immunology and Microbiology (all),Applied Mathematics,Statistics and Probability,Medicine (all),-,-
Biomicrofluidics,Journal,-,19321058,American Institute of Physics,United States,ENGLISH,Genetics,Molecular Biology,Colloid and Surface Chemistry,Fluid Flow and Transfer Processes,Physical and Theoretical Chemistry,Biomedical Engineering,Materials Science (all),Condensed Matter Physics
Biomimetic Intelligence and Robotics,Journal,20970242,26673797,KeAi Communications Co.,Netherlands,ENGLISH,Computer Science (miscellaneous),Artificial Intelligence,Control and Systems Engineering,-,-,-,-,-
Biomimetics,Journal,-,23137673,Multidisciplinary Digital Publishing Institute (MDPI),Switzerland,ENGLISH,Biochemistry,Biotechnology,Molecular Medicine,Bioengineering,Biomedical Engineering,Biomaterials,-,-
BioNanoScience,Journal,21911630,21911649,Springer,United States,ENGLISH,Bioengineering,Biomedical Engineering,-,-,-,-,-,-
Biopolymers,Journal,00063525,10970282,John Wiley and Sons Inc,United States,ENGLISH,Biochemistry,Biophysics,Organic Chemistry,Biomaterials,-,-,-,-
Bioprocess and Biosystems Engineering,Journal,16157591,16157605,Springer Science and Business Media Deutschland GmbH,Germany,ENGLISH,Biotechnology,Bioengineering,-,-,-,-,-,-
Bioremediation Journal,Journal,10889868,15476529,Taylor and Francis Ltd.,United States,ENGLISH,Environmental Science (all),-,-,-,-,-,-,-
Bioresource Technology,Journal,09608524,18732976,Elsevier Ltd,United Kingdom,ENGLISH,Bioengineering,"Renewable Energy, Sustainability and the Environment",Environmental Engineering,Waste Management and Disposal,-,-,-,-
Bioresource Technology Reports,Journal,-,2589014X,Elsevier Ltd,United Kingdom,ENGLISH,Bioengineering,"Renewable Energy, Sustainability and the Environment",Environmental Engineering,Waste Management and Disposal,-,-,-,-
BioResources ,Journal,-,19302126,North Carolina State University,United States,ENGLISH,Bioengineering,Environmental Engineering,Waste Management and Disposal,-,-,-,-,-
Bioresources and Bioprocessing,Journal,-,21974365,Springer,Germany,ENGLISH,Food Science,Biotechnology,"Renewable Energy, Sustainability and the Environment",Biomedical Engineering,-,-,-,-
"Bioscience, Biotechnology and Biochemistry",Journal,09168451,13476947,Oxford University Press,Japan,ENGLISH,Biochemistry,Biotechnology,Molecular Biology,Analytical Chemistry,Organic Chemistry,Applied Microbiology and Biotechnology,-,-
Biosensors,Journal,-,20796374,Multidisciplinary Digital Publishing Institute (MDPI),Switzerland,ENGLISH,Biophysics,Biotechnology,Clinical Biochemistry,Analytical Chemistry,Engineering (miscellaneous),Biomedical Engineering,Instrumentation,-
Biosensors and Bioelectronics,Journal,09565663,18734235,Elsevier Ltd,United Kingdom,ENGLISH,Biophysics,Biotechnology,Electrochemistry,Biomedical Engineering,-,-,-,-
Biosensors and Bioelectronics: X,Journal,-,25901370,Elsevier Ltd,United Kingdom,ENGLISH,Biophysics,Biotechnology,Electrochemistry,Biomedical Engineering,-,-,-,-
Biosurface and Biotribology,Journal,-,24054518,John Wiley and Sons Inc,United Kingdom,ENGLISH,Biophysics,Biomedical Engineering,Mechanical Engineering,Biomaterials,"Surfaces, Coatings and Films",-,-,-
Biosystems Engineering,Journal,15375110,15375129,Academic Press,United Kingdom,ENGLISH,Agronomy and Crop Science,Animal Science and Zoology,Food Science,Soil Science,Control and Systems Engineering,-,-,-
Biotechnology Advances,Journal,07349750,18731899,Elsevier Inc.,United States,ENGLISH,Biotechnology,Bioengineering,Applied Microbiology and Biotechnology,-,-,-,-,-
Biotechnology and Applied Biochemistry,Journal,08854513,14708744,John Wiley and Sons Inc,United Kingdom,ENGLISH,Biotechnology,Molecular Medicine,Bioengineering,Process Chemistry and Technology,Biomedical Engineering,Applied Microbiology and Biotechnology,Drug Discovery,-
Biotechnology and Bioengineering,Journal,00063592,10970290,John Wiley and Sons Inc,United States,ENGLISH,Biotechnology,Bioengineering,Applied Microbiology and Biotechnology,-,-,-,-,-
Biotechnology and Bioprocess Engineering,Journal,12268372,19763816,Korean Society for Biotechnology and Bioengineering,Germany,ENGLISH,Biotechnology,Bioengineering,Biomedical Engineering,Applied Microbiology and Biotechnology,-,-,-,-
Biotechnology and Biotechnological Equipment,Journal,13102818,13143530,Taylor and Francis Ltd.,United Kingdom,ENGLISH,Biotechnology,-,-,-,-,-,-,-
Biotechnology Bulletin,Journal,10025464,-,The Editorial Office of Biotechnology Bulletin,China,CHINESE,"Biochemistry, Genetics and Molecular Biology (miscellaneous)",Biotechnology,Genetics,Molecular Biology,-,-,-,-
Biotechnology for Biofuels and Bioproducts,Journal,-,27313654,BioMed Central Ltd,United Kingdom,ENGLISH,Biotechnology,Energy (miscellaneous),"Renewable Energy, Sustainability and the Environment","Management, Monitoring, Policy and Law",Applied Microbiology and Biotechnology,-,-,-
Biotechnology Journal,Journal,18606768,18607314,John Wiley and Sons Inc,Germany,ENGLISH,Molecular Medicine,Applied Microbiology and Biotechnology,-,-,-,-,-,-
Biotechnology Letters,Journal,01415492,15736776,Springer Science and Business Media B.V.,Netherlands,ENGLISH,Biotechnology,Bioengineering,Applied Microbiology and Biotechnology,-,-,-,-,-
Biotechnology Progress,Journal,87567938,15206033,John Wiley and Sons Inc,United States,ENGLISH,Biotechnology,-,-,-,-,-,-,-
Blockchain in Healthcare Today,Journal,-,25738240,Partners in Digital Health,United States,ENGLISH,Computer Science Applications,Health Information Management,-,-,-,-,-,-
Blockchain: Research and Applications,Journal,20967209,26669536,Zhejiang University,China,ENGLISH,Computer Science (miscellaneous),Computer Networks and Communications,Computer Science Applications,Information Systems,-,-,-,-
BMC Bioinformatics,Journal,-,14712105,BioMed Central Ltd,United Kingdom,ENGLISH,Biochemistry,Molecular Biology,Structural Biology,Computer Science Applications,Applied Mathematics,-,-,-
BMC Biotechnology,Journal,-,14726750,BioMed Central Ltd,United Kingdom,ENGLISH,Biotechnology,-,-,-,-,-,-,-
BME Frontiers,Journal,-,27658031,American Association for the Advancement of Science,United States,ENGLISH,Biomedical Engineering,Medicine (miscellaneous),-,-,-,-,-,-
BMEMat,Journal,27517438,27517446,John Wiley and Sons Inc,China,ENGLISH,Biomedical Engineering,Materials Science (miscellaneous),Biomaterials,-,-,-,-,-
Boletin de la Sociedad Espanola de Ceramica y Vidrio,Journal,03663175,21730431,Sociedad Espanola de Ceramica y Vidrio,Spain,ENGLISH/SPANISH,Industrial and Manufacturing Engineering,Mechanics of Materials,Ceramics and Composites,-,-,-,-,-
Boundary-Layer Meteorology,Journal,00068314,15731472,Springer Science and Business Media B.V.,Netherlands,ENGLISH,Atmospheric Science,-,-,-,-,-,-,-
Brain Informatics,Journal,21984018,21984026,Springer Science and Business Media Deutschland GmbH,Germany,ENGLISH,Computer Science Applications,Cognitive Neuroscience,Neurology,-,-,-,-,-
Brain-Computer Interfaces,Journal,2326263X,23262621,Taylor and Francis Ltd.,United Kingdom,ENGLISH,Human-Computer Interaction,Biomedical Engineering,Electrical and Electronic Engineering,Behavioral Neuroscience,-,-,-,-
Brazilian Journal of Chemical Engineering,Journal,01046632,16784383,Springer Science and Business Media Deutschland GmbH,Switzerland,ENGLISH,Chemical Engineering (all),-,-,-,-,-,-,-
BrewingScience,Journal,18665195,-,Fachverlag Hans Carl,Germany,ENGLISH,Food Science,Biotechnology,Applied Microbiology and Biotechnology,-,-,-,-,-
Bridge,Journal,07376278,-,National Academy of Sciences,United States,ENGLISH,Computer Science (all),Energy (all),Engineering (all),Education,-,-,-,-
Bridge Construction,Journal,10034722,-,"Wuhan Bridge Media Co., Ltd., MBEC",China,CHINESE,Building and Construction,-,-,-,-,-,-,-
Bridge Structures,Journal,15732487,17448999,SAGE Publications Ltd,United Kingdom,ENGLISH,Building and Construction,-,-,-,-,-,-,-
British Journal of Educational Technology,Journal,00071013,14678535,John Wiley and Sons Inc,United Kingdom,ENGLISH,Education,-,-,-,-,-,-,-
Brodogradnja,Journal,0007215X,18455859,University of Zagreb Faculty of Mechanical Engineering and Naval Architecture,Croatia,CROATIAN/ENGLISH,Mechanical Engineering,Ocean Engineering,-,-,-,-,-,-
Building Acoustics,Journal,1351010X,20598025,SAGE Publications Inc.,United Kingdom,ENGLISH,Mechanical Engineering,Building and Construction,Acoustics and Ultrasonics,-,-,-,-,-
Building and Environment,Journal,03601323,-,Elsevier Ltd,United Kingdom,ENGLISH,Civil and Structural Engineering,Building and Construction,Environmental Engineering,"Geography, Planning and Development",-,-,-,-
Building Engineer,Journal,09698213,-,Chartered Association of Building Engineers,United Kingdom,ENGLISH,Civil and Structural Engineering,Building and Construction,-,-,-,-,-,-
Building Research and Information,Journal,09613218,14664321,Routledge,United Kingdom,ENGLISH,Civil and Structural Engineering,Building and Construction,-,-,-,-,-,-
Building Services Engineering Research and Technology,Journal,01436244,14770849,SAGE Publications Ltd,United Kingdom,ENGLISH,Building and Construction,-,-,-,-,-,-,-
Building Simulation,Journal,19963599,19968744,Tsinghua University,China,ENGLISH,Energy (miscellaneous),Building and Construction,-,-,-,-,-,-
Buildings,Journal,-,20755309,Multidisciplinary Digital Publishing Institute (MDPI),Switzerland,ENGLISH,Civil and Structural Engineering,Building and Construction,Architecture,-,-,-,-,-
Bulletin de la Societe Royale des Sciences de Liege,Journal,00379565,17835720,Societe Royale des Sciences de Liege,Belgium,FRENCH,Multidisciplinary,-,-,-,-,-,-,-
Bulletin of Canadian Energy Geoscience,Journal,-,28162188,Canadian Society of Petroleum Geology,Canada,ENGLISH,Earth and Planetary Sciences (miscellaneous),Geochemistry and Petrology,Geology,Energy Engineering and Power Technology,-,-,-,-
Bulletin of Chemical Reaction Engineering and Catalysis,Journal,19782993,-,Masyarakat Katalis Indonesia - Indonesian Catalyst Society (MKICS),Indonesia,ENGLISH,Chemical Engineering (miscellaneous),Catalysis,Process Chemistry and Technology,Chemistry (all),-,-,-,-
Bulletin of Earthquake Engineering,Journal,1570761X,15731456,Springer Science and Business Media B.V.,Netherlands,ENGLISH,Geophysics,Geotechnical Engineering and Engineering Geology,Civil and Structural Engineering,Building and Construction,-,-,-,-
Bulletin of Engineering Geology and the Environment,Journal,14359529,14359537,Springer Science and Business Media Deutschland GmbH,Germany,ENGLISH,Geology,Geotechnical Engineering and Engineering Geology,-,-,-,-,-,-
Bulletin of Environmental Contamination and Toxicology,Journal,00074861,14320800,Springer,United States,ENGLISH,"Health, Toxicology and Mutagenesis",Pollution,Toxicology,-,-,-,-,-
Bulletin of Japan Association for Fire Science and Engineering,Journal,05460794,18835600,Japan Association for Fire Science and Engineering,Japan,ENGLISH/JAPANESE,Engineering (all),"Safety, Risk, Reliability and Quality",Materials Science (all),-,-,-,-,-
Bulletin of Materials Science,Journal,02504707,09737669,Springer,India,ENGLISH,Mechanics of Materials,Materials Science (all),-,-,-,-,-,-
Bulletin of the American Meteorological Society,Journal,00030007,15200477,American Meteorological Society,United States,ENGLISH,Atmospheric Science,-,-,-,-,-,-,-
Bulletin of the Atomic Scientists,Journal,00963402,19383282,Taylor and Francis Ltd.,United States,ENGLISH,Political Science and International Relations,-,-,-,-,-,-,-
Bulletin of the Chemical Society of Japan,Journal,00092673,13480634,Oxford University Press,United Kingdom,ENGLISH,Chemistry (all),-,-,-,-,-,-,-
Bulletin of the Chinese Ceramic Society,Journal,10011625,-,Bulletin of the Chinese Ceramic Society Press,China,CHINESE,Chemical Engineering (miscellaneous),Engineering (miscellaneous),Materials Science (miscellaneous),-,-,-,-,-
Bulletin of the European Association for Theoretical Computer Science,Journal,02529742,-,European Association for Theoretical Computer Science,Greece,ENGLISH,Theoretical Computer Science,-,-,-,-,-,-,-
Bulletin of the Geological Society of America,Journal,00167606,19432674,Geological Society of America,United States,ENGLISH,Geology,-,-,-,-,-,-,-
Bulletin of the Korean Chemical Society,Journal,02532964,12295949,John Wiley and Sons Inc,South Korea,ENGLISH,Chemistry (all),-,-,-,-,-,-,-
Bulletin of the Kyushu Institute of Technology - Pure and Applied Mathematics,Journal,13438670,-,Kyushu Institute of Technology,Japan,ENGLISH,Mathematics (all),-,-,-,-,-,-,-
Bulletin of the New Zealand Society for Earthquake Engineering,Journal,11749857,-,New Zealand Society for Earthquake Engineering,New Zealand,ENGLISH,Geotechnical Engineering and Engineering Geology,Civil and Structural Engineering,-,-,-,-,-,-
Bulletin of the Polish Academy of Sciences: Technical Sciences,Journal,02397528,23001917,Polska Akademia Nauk,Poland,ENGLISH,Artificial Intelligence,Computer Networks and Communications,Information Systems,Engineering (all),"Atomic and Molecular Physics, and Optics",-,-,-
Bulletin of the Russian Academy of Sciences: Physics,Journal,10628738,19349432,Pleiades Publishing,Russian Federation,ENGLISH,Physics and Astronomy (all),-,-,-,-,-,-,-
Bulletin of the Seismological Society of America,Journal,00371106,19433573,Seismological Society of America,United States,ENGLISH,Geochemistry and Petrology,Geophysics,-,-,-,-,-,-
CAAI Transactions on Intelligence Technology,Journal,24686557,24682322,John Wiley and Sons Inc,United Kingdom,ENGLISH,Artificial Intelligence,Computer Networks and Communications,Computer Vision and Pattern Recognition,Human-Computer Interaction,Information Systems,-,-,-
CAD Computer Aided Design,Journal,00104485,-,Elsevier Ltd,United Kingdom,ENGLISH,Computer Graphics and Computer-Aided Design,Computer Science Applications,Industrial and Manufacturing Engineering,-,-,-,-,-
Caikuang yu Anquan Gongcheng Xuebao/Journal of Mining and Safety Engineering,Journal,16733363,-,China University of Mining and Technology,China,CHINESE,"Safety, Risk, Reliability and Quality",-,-,-,-,-,-,-
Cailiao Yanjiu Xuebao/Chinese Journal of Materials Research,Journal,10053093,-,Chinese Journal of Materials Research,China,CHINESE,Materials Science (all),-,-,-,-,-,-,-
Calcolo,Journal,00080624,11265434,Springer International Publishing,Switzerland,ENGLISH,Algebra and Number Theory,Computational Mathematics,-,-,-,-,-,-
Calphad: Computer Coupling of Phase Diagrams and Thermochemistry,Journal,03645916,-,Elsevier Ltd,United Kingdom,ENGLISH,Chemical Engineering (all),Chemistry (all),Computer Science Applications,-,-,-,-,-
Canadian Acoustics - Acoustique Canadienne,Journal,07116659,22911391,Canadian Acoustical Association,Canada,ENGLISH,Acoustics and Ultrasonics,-,-,-,-,-,-,-
Canadian Geotechnical Journal,Journal,00083674,12086010,Canadian Science Publishing,Canada,ENGLISH,Geotechnical Engineering and Engineering Geology,Civil and Structural Engineering,-,-,-,-,-,-
Canadian Journal of Chemical Engineering,Journal,00084034,1939019X,John Wiley and Sons Inc,United States,ENGLISH,Chemical Engineering (all),-,-,-,-,-,-,-
Canadian Journal of Chemistry,Journal,00084042,-,Canadian Science Publishing,Canada,ENGLISH/FRENCH,Catalysis,Chemistry (all),Organic Chemistry,-,-,-,-,-
Canadian Journal of Civil Engineering,Journal,03151468,12086029,Canadian Science Publishing,Canada,ENGLISH,Civil and Structural Engineering,Environmental Science (all),-,-,-,-,-,-
Canadian Journal of Earth Sciences,Journal,00084077,14803313,Canadian Science Publishing,Canada,ENGLISH,Earth and Planetary Sciences (all),-,-,-,-,-,-,-
Canadian Journal of Forest Research,Journal,00455067,12086037,Canadian Science Publishing,Canada,ENGLISH,Forestry,Ecology,Global and Planetary Change,-,-,-,-,-
Canadian Journal of Mineralogy and Petrology,Journal,-,28171713,Mineralogical Association of Canada,Canada,ENGLISH,Geochemistry and Petrology,-,-,-,-,-,-,-
Canadian Journal of Physics,Journal,00084204,-,Canadian Science Publishing,Canada,ENGLISH,Physics and Astronomy (all),-,-,-,-,-,-,-
Canadian Journal of Remote Sensing,Journal,07038992,17127971,Taylor and Francis Ltd.,United Kingdom,ENGLISH,Earth and Planetary Sciences (all),-,-,-,-,-,-,-
Canadian Metallurgical Quarterly,Journal,00084433,18791395,Taylor and Francis Ltd.,United Kingdom,ENGLISH,Industrial and Manufacturing Engineering,Metals and Alloys,-,-,-,-,-,-
Canadian Water Resources Journal,Journal,07011784,-,Taylor and Francis Ltd.,United Kingdom,ENGLISH,Water Science and Technology,-,-,-,-,-,-,-
Carbohydrate Polymers,Journal,01448617,18791344,Elsevier Ltd,United Kingdom,ENGLISH,Organic Chemistry,Materials Chemistry,Polymers and Plastics,-,-,-,-,-
Carbohydrate Research,Journal,00086215,1873426X,Elsevier Ltd,United Kingdom,ENGLISH,Biochemistry,Analytical Chemistry,Organic Chemistry,-,-,-,-,-
Carbon,Journal,00086223,-,Elsevier Ltd,United Kingdom,ENGLISH,Chemistry (all),Materials Science (all),-,-,-,-,-,-
Carbon Energy,Journal,-,26379368,John Wiley and Sons Inc,United States,ENGLISH,Energy (miscellaneous),"Renewable Energy, Sustainability and the Environment",Materials Science (miscellaneous),Materials Chemistry,-,-,-,-
Carbon Letters,Journal,19764251,22334998,Springer,Singapore,ENGLISH,Process Chemistry and Technology,Inorganic Chemistry,Organic Chemistry,Energy Engineering and Power Technology,"Renewable Energy, Sustainability and the Environment",Ceramics and Composites,Materials Chemistry,-
Carbon Management,Journal,17583004,17583012,Taylor and Francis Ltd.,United Kingdom,ENGLISH,Environmental Science (all),-,-,-,-,-,-,-
Carbon Neutrality,Journal,27888614,27313948,Springer,China,ENGLISH,"Economics, Econometrics and Finance (miscellaneous)",Energy (miscellaneous),Environmental Science (miscellaneous),-,-,-,-,-
Carbon Neutralization,Journal,27693333,27693325,John Wiley and Sons Inc,United States,ENGLISH,Energy (miscellaneous),"Renewable Energy, Sustainability and the Environment",Materials Science (miscellaneous),Materials Chemistry,-,-,-,-
Carbon Research,Journal,-,27316696,Springer Nature,China,ENGLISH,Earth-Surface Processes,Engineering (miscellaneous),Environmental Science (miscellaneous),-,-,-,-,-
Carbon Resources Conversion,Journal,-,25889133,KeAi Publishing Communications Ltd.,China,ENGLISH,Catalysis,Process Chemistry and Technology,Fuel Technology,Materials Science (miscellaneous),-,-,-,-
Carbon Trends,Journal,-,26670569,Elsevier Ltd,United Kingdom,ENGLISH,Chemistry (miscellaneous),Materials Science (miscellaneous),Materials Chemistry,-,-,-,-,-
Cardiovascular Engineering and Technology,Journal,1869408X,18694098,Springer,United States,ENGLISH,Biomedical Engineering,Cardiology and Cardiovascular Medicine,-,-,-,-,-,-
Carreteras,Journal,02126389,-,Asociacion Espanola de la Carretera,Spain,ENGLISH/SPANISH,Civil and Structural Engineering,-,-,-,-,-,-,-
Cartography and Geographic Information Science,Journal,15230406,15450465,Taylor and Francis Ltd.,United States,ENGLISH,Management of Technology and Innovation,Civil and Structural Engineering,"Geography, Planning and Development",-,-,-,-,-
Case Studies in Construction Materials,Journal,22145095,-,Elsevier Ltd,United Kingdom,ENGLISH,Materials Science (miscellaneous),-,-,-,-,-,-,-
Catalysis in Industry,Journal,20700504,20700555,Pleiades Publishing,Russian Federation,ENGLISH,Catalysis,-,-,-,-,-,-,-
Catalysis Letters,Journal,1011372X,1572879X,Springer,United States,ENGLISH,Catalysis,Chemistry (all),-,-,-,-,-,-
Catalysis Reviews - Science and Engineering,Journal,01614940,15205703,Taylor and Francis Ltd.,United States,ENGLISH,Catalysis,Process Chemistry and Technology,Chemistry (all),-,-,-,-,-
Catalysis Science and Technology,Journal,20444753,20444761,Royal Society of Chemistry,United Kingdom,ENGLISH,Catalysis,-,-,-,-,-,-,-
Catalysis Surveys from Asia,Journal,15711013,15749266,Springer,United States,ENGLISH,Catalysis,Chemistry (all),-,-,-,-,-,-
Catalysis Today,Journal,09205861,-,Elsevier B.V.,Netherlands,ENGLISH,Catalysis,Chemistry (all),-,-,-,-,-,-
Catalysts,Journal,-,20734344,Multidisciplinary Digital Publishing Institute (MDPI),Switzerland,ENGLISH,Catalysis,Physical and Theoretical Chemistry,Environmental Science (all),-,-,-,-,-
CCF Transactions on High Performance Computing,Journal,25244922,25244930,Springer Nature,China,ENGLISH,Computer Science (miscellaneous),Computer Science Applications,Hardware and Architecture,Information Systems,-,-,-,-
CCF Transactions on Pervasive Computing and Interaction,Journal,2524521X,25245228,Springer,Singapore,ENGLISH,Artificial Intelligence,Computer Networks and Communications,Computer Science Applications,Human-Computer Interaction,-,-,-,-
ce/papers,Journal,-,25097075,John Wiley and Sons Inc,United States,ENGLISH/GERMAN,Civil and Structural Engineering,Architecture,-,-,-,-,-,-
CEAS Aeronautical Journal,Journal,18695582,18695590,Springer,Austria,ENGLISH,Aerospace Engineering,Transportation,-,-,-,-,-,-
CEAS Space Journal,Journal,18682502,18682510,Springer,Austria,ENGLISH,Space and Planetary Science,Aerospace Engineering,-,-,-,-,-,-
Cehui Xuebao/Acta Geodaetica et Cartographica Sinica,Journal,10011595,-,SinoMaps Press,China,CHINESE,Earth and Planetary Sciences (all),-,-,-,-,-,-,-
Cellular Polymers,Journal,02624893,14782421,SAGE Publications Ltd,United Kingdom,ENGLISH,Organic Chemistry,Polymers and Plastics,-,-,-,-,-,-
Cellulose,Journal,09690239,1572882X,Springer Science and Business Media B.V.,Netherlands,ENGLISH,Polymers and Plastics,-,-,-,-,-,-,-
Cellulose Chemistry and Technology,Journal,05769787,-,Publishing House of the Romanian Academy,Romania,ENGLISH,Organic Chemistry,Materials Chemistry,-,-,-,-,-,-
Cement and Concrete Composites,Journal,09589465,-,Elsevier Ltd,United Kingdom,ENGLISH,Building and Construction,Materials Science (all),-,-,-,-,-,-
Cement and Concrete Research,Journal,00088846,-,Elsevier Ltd,United Kingdom,ENGLISH,Building and Construction,Materials Science (all),-,-,-,-,-,-
Central European Journal of Energetic Materials,Journal,17337178,-,Institute of Industrial Organic Chemistry,Poland,ENGLISH,Organic Chemistry,Materials Chemistry,-,-,-,-,-,-
Central European Journal of Operations Research,Journal,1435246X,16139178,Springer,Germany,ENGLISH,Management Science and Operations Research,-,-,-,-,-,-,-
Ceramics - Silikaty,Journal,08625468,18045847,"University of Chemistry and Technology, Faculty of Environmental Technology",Czech Republic,ENGLISH,Chemical Engineering (all),Analytical Chemistry,Physical and Theoretical Chemistry,Ceramics and Composites,Materials Chemistry,-,-,-
Ceramics International,Journal,02728842,-,Elsevier Ltd,United Kingdom,ENGLISH,Process Chemistry and Technology,Ceramics and Composites,"Electronic, Optical and Magnetic Materials",Materials Chemistry,"Surfaces, Coatings and Films",-,-,-
Cereal Chemistry,Journal,00090352,19433638,John Wiley and Sons Inc,United States,ENGLISH,Food Science,Organic Chemistry,-,-,-,-,-,-
CERN Yellow Reports: School Proceedings,Journal,25198041,2519805X,CERN,Switzerland,ENGLISH,Nuclear and High Energy Physics,-,-,-,-,-,-,-
CES Transactions on Electrical Machines and Systems,Journal,20963564,-,China Electrotechnical Society,China,ENGLISH,Control and Systems Engineering,Electrical and Electronic Engineering,-,-,-,-,-,-
"Chaos, Solitons and Fractals",Journal,09600779,-,Elsevier Ltd,United Kingdom,ENGLISH,Engineering (all),Mathematics (all),Applied Mathematics,Mathematical Physics,Physics and Astronomy (all),Statistical and Nonlinear Physics,-,-
"Chaos, Solitons and Fractals: X",Journal,-,25900544,Elsevier Ltd,United Kingdom,ENGLISH,Mathematics (all),Applied Mathematics,Mathematical Physics,Physics and Astronomy (all),Statistical and Nonlinear Physics,-,-,-
Chem and Bio Engineering,Journal,-,2836967X,American Chemical Society,United States,ENGLISH,Chemical Engineering (all),Biomedical Engineering,-,-,-,-,-,-
ChemBioEng Reviews,Journal,-,21969744,John Wiley and Sons Inc,United Kingdom,ENGLISH,Biochemistry,Chemical Engineering (miscellaneous),Bioengineering,Filtration and Separation,Process Chemistry and Technology,Industrial and Manufacturing Engineering,-,-
ChemCatChem,Journal,18673880,18673899,John Wiley and Sons Inc,United States,ENGLISH,Catalysis,Inorganic Chemistry,Organic Chemistry,Physical and Theoretical Chemistry,-,-,-,-
ChemElectroChem,Journal,-,21960216,John Wiley and Sons Inc,Germany,ENGLISH,Catalysis,Electrochemistry,-,-,-,-,-,-
Chemical and Biochemical Engineering Quarterly,Journal,03529568,18465153,Assoc. of Chemists and Chemical Engineers of Croatia,Croatia,ENGLISH,Biochemistry,Process Chemistry and Technology,Chemistry (all),-,-,-,-,-
Chemical and Petroleum Engineering,Journal,00092355,15738329,Springer,United States,ENGLISH,Chemical Engineering (all),Geochemistry and Petrology,Energy Engineering and Power Technology,Fuel Technology,-,-,-,-
Chemical and Process Engineering: New Frontiers,Journal,-,23001925,Polska Akademia Nauk,Poland,ENGLISH,Chemical Engineering (all),Chemistry (all),-,-,-,-,-,-
Chemical Communications,Journal,13597345,1364548X,Royal Society of Chemistry,United Kingdom,ENGLISH,Catalysis,Chemistry (all),Ceramics and Composites,"Electronic, Optical and Magnetic Materials",Materials Chemistry,Metals and Alloys,"Surfaces, Coatings and Films",-
Chemical Data Collections,Journal,-,24058300,Elsevier B.V.,Netherlands,ENGLISH,Chemistry (all),-,-,-,-,-,-,-
Chemical Engineering and Processing - Process Intensification,Journal,02552701,-,Elsevier B.V.,Netherlands,ENGLISH,Chemical Engineering (all),Chemistry (all),Energy Engineering and Power Technology,Industrial and Manufacturing Engineering,-,-,-,-
Chemical Engineering and Technology,Journal,09307516,15214125,John Wiley and Sons Inc,Germany,ENGLISH,Chemical Engineering (all),Chemistry (all),Industrial and Manufacturing Engineering,-,-,-,-,-
Chemical Engineering Communications,Journal,00986445,15635201,Taylor and Francis Ltd.,United Kingdom,ENGLISH,Chemical Engineering (all),Chemistry (all),-,-,-,-,-,-
Chemical Engineering Journal,Journal,13858947,-,Elsevier B.V.,Netherlands,ENGLISH,Chemical Engineering (all),Chemistry (all),Industrial and Manufacturing Engineering,Environmental Chemistry,-,-,-,-
Chemical Engineering Research and Design,Journal,02638762,-,Institution of Chemical Engineers,United Kingdom,ENGLISH,Chemical Engineering (all),Chemistry (all),-,-,-,-,-,-
Chemical Engineering Science,Journal,00092509,-,Elsevier Ltd,United Kingdom,ENGLISH,Chemical Engineering (all),Chemistry (all),Industrial and Manufacturing Engineering,Applied Mathematics,-,-,-,-
Chemical Geology,Journal,00092541,-,Elsevier B.V.,Netherlands,ENGLISH,Geochemistry and Petrology,Geology,-,-,-,-,-,-
Chemical Physics Letters,Journal,00092614,-,Elsevier B.V.,Netherlands,ENGLISH,Physical and Theoretical Chemistry,Physics and Astronomy (all),-,-,-,-,-,-
Chemical Product and Process Modeling,Journal,-,19342659,Walter de Gruyter GmbH,Germany,ENGLISH,Chemical Engineering (all),Modeling and Simulation,-,-,-,-,-,-
Chemical Reviews,Journal,00092665,15206890,American Chemical Society,United States,ENGLISH,Chemistry (all),-,-,-,-,-,-,-
Chemical Science,Journal,20416520,20416539,Royal Society of Chemistry,United Kingdom,ENGLISH,Chemistry (all),-,-,-,-,-,-,-
Chemical Society Reviews,Journal,03060012,14604744,Royal Society of Chemistry,United Kingdom,ENGLISH,Chemistry (all),-,-,-,-,-,-,-
Chemie-Ingenieur-Technik,Journal,0009286X,15222640,John Wiley and Sons Inc,Germany,GERMAN,Chemical Engineering (all),Chemistry (all),Industrial and Manufacturing Engineering,-,-,-,-,-
Chemistry - A European Journal,Journal,09476539,15213765,John Wiley and Sons Inc,Germany,ENGLISH,Catalysis,Chemistry (all),Organic Chemistry,-,-,-,-,-
Chemistry - An Asian Journal,Journal,18614728,1861471X,John Wiley and Sons Ltd,United Kingdom,ENGLISH,Biochemistry,Chemistry (all),Organic Chemistry,-,-,-,-,-
Chemistry and Technology of Fuels and Oils,Journal,00093092,15738310,Springer,United States,ENGLISH,Chemical Engineering (all),Chemistry (all),Energy Engineering and Power Technology,Fuel Technology,-,-,-,-
Chemistry of Heterocyclic Compounds,Journal,00093122,15738353,Springer,United States,ENGLISH,Organic Chemistry,-,-,-,-,-,-,-
Chemistry of Materials,Journal,08974756,15205002,American Chemical Society,United States,ENGLISH,Chemical Engineering (all),Chemistry (all),Materials Chemistry,-,-,-,-,-
Chemistry-Methods,Journal,-,26289725,Wiley-VCH Verlag,Germany,ENGLISH,Catalysis,Fluid Flow and Transfer Processes,Chemistry (all),Electrochemistry,Spectroscopy,-,-,-
ChemistryOpen,Journal,-,21911363,John Wiley and Sons Inc,United States,ENGLISH,Chemistry (all),-,-,-,-,-,-,-
ChemNanoMat,Journal,-,2199692X,John Wiley and Sons Inc,Germany,ENGLISH,Energy Engineering and Power Technology,"Renewable Energy, Sustainability and the Environment",Biomaterials,Materials Chemistry,-,-,-,-
Chemometrics and Intelligent Laboratory Systems,Journal,01697439,18733239,Elsevier B.V.,Netherlands,ENGLISH,Process Chemistry and Technology,Analytical Chemistry,Spectroscopy,Computer Science Applications,Software,-,-,-
Chemosensors,Journal,-,22279040,Multidisciplinary Digital Publishing Institute (MDPI),Switzerland,ENGLISH,Analytical Chemistry,Physical and Theoretical Chemistry,-,-,-,-,-,-
Chemosphere,Journal,00456535,18791298,Elsevier Ltd,United Kingdom,ENGLISH,Chemistry (all),Environmental Chemistry,Environmental Engineering,"Health, Toxicology and Mutagenesis",Pollution,"Public Health, Environmental and Occupational Health",-,-
ChemPhotoChem,Journal,-,23670932,John Wiley and Sons Inc,United Kingdom,ENGLISH,Analytical Chemistry,Organic Chemistry,Physical and Theoretical Chemistry,-,-,-,-,-
ChemPhysChem,Journal,14394235,14397641,John Wiley and Sons Inc,Germany,ENGLISH,Physical and Theoretical Chemistry,"Atomic and Molecular Physics, and Optics",-,-,-,-,-,-
ChemPhysMater,Journal,27725715,20970323,KeAi Communications Co.,China,ENGLISH,Chemistry (all),Materials Science (all),Physics and Astronomy (all),Condensed Matter Physics,-,-,-,-
ChemSusChem,Journal,18645631,1864564X,John Wiley and Sons Inc,Germany,ENGLISH,Chemical Engineering (all),Energy (all),Environmental Chemistry,Materials Science (all),-,-,-,-
ChemSystemsChem,Journal,-,25704206,John Wiley and Sons Inc,Germany,ENGLISH,Biochemistry,Bioengineering,Catalysis,Chemistry (miscellaneous),-,-,-,-
China Communications,Journal,16735447,-,Editorial Board of Journal on Communications,China,ENGLISH,Computer Networks and Communications,Electrical and Electronic Engineering,-,-,-,-,-,-
China Foundry,Journal,16726421,23659459,Springer Nature,China,ENGLISH,Materials Chemistry,Metals and Alloys,-,-,-,-,-,-
China Metallurgy,Journal,10069356,-,Editorial Office of China Metallurgy,China,CHINESE/ENGLISH,Metals and Alloys,-,-,-,-,-,-,-
China Ocean Engineering,Journal,08905487,21918945,Springer Verlag,United Kingdom,ENGLISH,Oceanography,"Renewable Energy, Sustainability and the Environment",Mechanical Engineering,Ocean Engineering,-,-,-,-
China Petroleum Exploration,Journal,16727703,-,Petroleum Industry Press,China,CHINESE,Geochemistry and Petrology,Geology,Geotechnical Engineering and Engineering Geology,Energy Engineering and Power Technology,Fuel Technology,-,-,-
China Safety Science Journal,Journal,10033033,-,Editorial Department of China Safety Science Journal,China,ENGLISH,"Safety, Risk, Reliability and Quality","Public Health, Environmental and Occupational Health",Safety Research,-,-,-,-,-
Chinese Journal of Aeronautics,Journal,10009361,-,Elsevier B.V.,China,ENGLISH,Aerospace Engineering,Mechanical Engineering,-,-,-,-,-,-
Chinese Journal of Analysis Laboratory,Journal,10000720,-,"Youke Publishing Co.,Ltd",China,CHINESE/ENGLISH,Food Science,Analytical Chemistry,Environmental Chemistry,Materials Chemistry,Instrumentation,-,-,-
Chinese Journal of Analytical Chemistry,Journal,-,18722040,Chinese Academy of Sciences,China,CHINESE,Analytical Chemistry,-,-,-,-,-,-,-
Chinese Journal of Catalysis,Journal,-,18722067,Science Press,China,CHINESE/ENGLISH,Catalysis,Chemistry (all),-,-,-,-,-,-
Chinese Journal of Chemical Engineering,Journal,10049541,-,Materials China,China,ENGLISH,Biochemistry,Chemical Engineering (all),Chemistry (all),Environmental Engineering,-,-,-,-
Chinese Journal of Chemical Physics,Journal,16740068,23272244,American Institute of Physics,United States,ENGLISH,Physical and Theoretical Chemistry,-,-,-,-,-,-,-
Chinese Journal of Electrical Engineering,Journal,20961529,-,Institute of Electrical and Electronics Engineers Inc.,United States,ENGLISH,Energy Engineering and Power Technology,Control and Systems Engineering,Electrical and Electronic Engineering,-,-,-,-,-
Chinese Journal of Electronics,Journal,10224653,20755597,Institute of Electrical and Electronics Engineers Inc.,United States,ENGLISH,Electrical and Electronic Engineering,Applied Mathematics,-,-,-,-,-,-
Chinese Journal of Geophysics,Journal,00015733,-,Science Press,China,CHINESE,Geochemistry and Petrology,Geophysics,-,-,-,-,-,-
Chinese Journal of Mechanical Engineering (English Edition),Journal,10009345,21928258,KeAi Communications Co.,China,ENGLISH,Industrial and Manufacturing Engineering,Mechanical Engineering,-,-,-,-,-,-
Chinese Journal of Pesticide Science,Journal,10087303,-,Editorial Office of Chinese Journal of Pesticide Science,China,CHINESE/ENGLISH,Insect Science,"Health, Toxicology and Mutagenesis",-,-,-,-,-,-
Chinese Journal of Pharmaceuticals,Journal,10018255,-,Shanghai Institute of Pharmaceutical Industry,China,CHINESE,Pharmacology (medical),Pharmaceutical Science,Pharmacology,-,-,-,-,-
Chinese Journal of Polymer Science (English Edition),Journal,02567679,14396203,Springer Verlag,China,ENGLISH,Chemical Engineering (all),Organic Chemistry,Polymers and Plastics,-,-,-,-,-
Chinese Journal of Rock Mechanics and Engineering,Journal,10006915,-,Science Press,China,CHINESE,Geology,Geotechnical Engineering and Engineering Geology,Civil and Structural Engineering,-,-,-,-,-
Chinese Optics,Journal,20971842,-,Editorial Office of Chinese Optics,China,CHINESE,"Atomic and Molecular Physics, and Optics",-,-,-,-,-,-,-
Chinese Optics Letters,Journal,16717694,-,Optica Publishing Group (formerly OSA),China,ENGLISH,Electrical and Electronic Engineering,"Electronic, Optical and Magnetic Materials","Atomic and Molecular Physics, and Optics",-,-,-,-,-
Chinese Physics B,Journal,16741056,20583834,Institute of Physics,United Kingdom,ENGLISH,Physics and Astronomy (all),-,-,-,-,-,-,-
Chinese Physics Letters,Journal,0256307X,17413540,Institute of Physics,United Kingdom,ENGLISH,Physics and Astronomy (all),-,-,-,-,-,-,-
Chinese Science Bulletin,Journal,0023074X,20959419,Science Press,China,CHINESE,Multidisciplinary,-,-,-,-,-,-,-
Chip,Journal,27094723,27722724,Elsevier B.V.,Netherlands,ENGLISH,Computer Science (miscellaneous),Artificial Intelligence,Computer Networks and Communications,Hardware and Architecture,Electrical and Electronic Engineering,-,-,-
Chromatographia,Journal,00095893,16121112,Springer,Germany,ENGLISH,Biochemistry,Clinical Biochemistry,Analytical Chemistry,Organic Chemistry,-,-,-,-
Chuan Bo Li Xue/Journal of Ship Mechanics,Journal,10077294,-,China Ship Scientific Research Center,China,CHINESE,Mechanical Engineering,Ocean Engineering,-,-,-,-,-,-
Circuit World,Journal,03056120,1758602X,Emerald Publishing,United Kingdom,ENGLISH,Electrical and Electronic Engineering,Industrial and Manufacturing Engineering,-,-,-,-,-,-
"Circuits, Systems, and Signal Processing",Journal,0278081X,15315878,Springer Nature,United States,ENGLISH,Signal Processing,Applied Mathematics,-,-,-,-,-,-
Circular Economy,Journal,27731685,27731677,Elsevier B.V.,Netherlands,ENGLISH,"Renewable Energy, Sustainability and the Environment",Environmental Science (miscellaneous),Waste Management and Disposal,-,-,-,-,-
CIRP Annals,Journal,00078506,17260604,Elsevier Inc.,United States,ENGLISH,Industrial and Manufacturing Engineering,Mechanical Engineering,-,-,-,-,-,-
CIRP Journal of Manufacturing Science and Technology,Journal,17555817,18780016,Elsevier Ltd,United Kingdom,ENGLISH,Industrial and Manufacturing Engineering,-,-,-,-,-,-,-
"CISCI - Conferencia Iberoamericana en Sistemas, Cibernetica e Informatica",Journal,28317270,-,International Institute of Informatics and Cybernetics,United States,ENGLISH,Artificial Intelligence,Computer Networks and Communications,Information Systems,-,-,-,-,-
Civil Engineering and Environmental Systems,Journal,10286608,10290249,Taylor and Francis Ltd.,United Kingdom,ENGLISH,Civil and Structural Engineering,-,-,-,-,-,-,-
Civil Engineering Design,Journal,-,2625073X,John Wiley and Sons Inc,Germany,ENGLISH,Civil and Structural Engineering,-,-,-,-,-,-,-
Civil Engineering Journal,Journal,12104027,18052576,Czech Technical University in Prague,Czech Republic,CZECH/SLOVAK,Civil and Structural Engineering,-,-,-,-,-,-,-
CivilEng,Journal,-,26734109,Multidisciplinary Digital Publishing Institute (MDPI),Switzerland,ENGLISH,Civil and Structural Engineering,"Safety, Risk, Reliability and Quality",-,-,-,-,-,-
Clay Minerals,Journal,00098558,14718030,Cambridge University Press,United Kingdom,ENGLISH,Geochemistry and Petrology,-,-,-,-,-,-,-
Clays and Clay Minerals,Journal,00098604,15528367,Cambridge University Press,United Kingdom,ENGLISH,Soil Science,Earth and Planetary Sciences (miscellaneous),Geochemistry and Petrology,Water Science and Technology,-,-,-,-
Clean Energy,Journal,25154230,2515396X,Oxford University Press,United Kingdom,ENGLISH,Energy Engineering and Power Technology,"Renewable Energy, Sustainability and the Environment",Environmental Engineering,"Management, Monitoring, Policy and Law",-,-,-,-
Clean Technologies and Environmental Policy,Journal,1618954X,16189558,Springer Science and Business Media Deutschland GmbH,Germany,ENGLISH,"Business, Management and Accounting (all)",Economics and Econometrics,Environmental Chemistry,Environmental Engineering,"Management, Monitoring, Policy and Law",-,-,-
Cleaner Energy Systems,Journal,-,27727831,Elsevier B.V.,Netherlands,ENGLISH,"Renewable Energy, Sustainability and the Environment",-,-,-,-,-,-,-
Cleaner Engineering and Technology,Journal,-,26667908,Elsevier Ltd,United Kingdom,ENGLISH,Engineering (miscellaneous),Environmental Engineering,-,-,-,-,-,-
Cleaner Environmental Systems,Journal,-,26667894,Elsevier Ltd,United Kingdom,ENGLISH,"Renewable Energy, Sustainability and the Environment",Environmental Science (miscellaneous),Environmental Engineering,"Management, Monitoring, Policy and Law",-,-,-,-
Cleaner Materials,Journal,-,27723976,Elsevier Ltd,United Kingdom,ENGLISH,Mechanics of Materials,Environmental Engineering,Waste Management and Disposal,Polymers and Plastics,-,-,-,-
Climatic Change,Journal,01650009,15731480,Springer Science and Business Media B.V.,Netherlands,ENGLISH,Atmospheric Science,Global and Planetary Change,-,-,-,-,-,-
Clinical Biomechanics,Journal,02680033,18791271,Elsevier Ltd,United Kingdom,ENGLISH,Biophysics,Orthopedics and Sports Medicine,-,-,-,-,-,-
Clinical Imaging,Journal,08997071,18734499,Elsevier Inc.,United States,ENGLISH,"Radiology, Nuclear Medicine and Imaging",-,-,-,-,-,-,-
Clothing and Textiles Research Journal,Journal,0887302X,19402473,SAGE Publications Inc.,United States,ENGLISH,"Business, Management and Accounting (all)","Business, Management and Accounting (miscellaneous)",Materials Science (miscellaneous),Polymers and Plastics,-,-,-,-
Cluster Computing,Journal,13867857,15737543,Springer,United States,ENGLISH,Computer Networks and Communications,Software,-,-,-,-,-,-
CMES - Computer Modeling in Engineering and Sciences,Journal,15261492,15261506,Tech Science Press,United States,ENGLISH,Computer Science Applications,Software,Modeling and Simulation,-,-,-,-,-
Coastal Engineering,Journal,03783839,-,Elsevier B.V.,Netherlands,ENGLISH,Ocean Engineering,Environmental Engineering,-,-,-,-,-,-
Coastal Engineering Journal,Journal,21664250,17936292,Taylor and Francis Ltd.,United Kingdom,ENGLISH,Civil and Structural Engineering,Ocean Engineering,Modeling and Simulation,-,-,-,-,-
Coastal Management,Journal,08920753,15210421,Taylor and Francis Ltd.,United Kingdom,ENGLISH,Environmental Science (all),Environmental Chemistry,-,-,-,-,-,-
Coatings,Journal,-,20796412,Multidisciplinary Digital Publishing Institute (MDPI),Switzerland,ENGLISH,Materials Chemistry,"Surfaces, Coatings and Films",Surfaces and Interfaces,-,-,-,-,-
"Cognition, Technology and Work",Journal,14355558,14355566,Springer Science and Business Media Deutschland GmbH,United Kingdom,ENGLISH,Philosophy,Computer Science Applications,Human-Computer Interaction,-,-,-,-,-
Cognitive Computation,Journal,18669956,18669964,Springer,United States,ENGLISH,Computer Science Applications,Computer Vision and Pattern Recognition,Cognitive Neuroscience,-,-,-,-,-
Cognitive Computation and Systems,Journal,-,25177567,John Wiley and Sons Inc,United Kingdom,ENGLISH,Artificial Intelligence,Computer Science Applications,Computer Vision and Pattern Recognition,Cognitive Neuroscience,Experimental and Cognitive Psychology,-,-,-
Cognitive Robotics,Journal,-,26672413,KeAi Communications Co.,China,ENGLISH,Artificial Intelligence,Control and Systems Engineering,-,-,-,-,-,-
Cognitive Systems Research,Journal,22144366,13890417,Elsevier B.V.,Netherlands,ENGLISH,Artificial Intelligence,Software,Cognitive Neuroscience,Experimental and Cognitive Psychology,-,-,-,-
Cold Regions Science and Technology,Journal,0165232X,18727441,Elsevier B.V.,Netherlands,ENGLISH,Earth and Planetary Sciences (all),Geotechnical Engineering and Engineering Geology,-,-,-,-,-,-
Collagen and Leather,Journal,20971419,27316998,Springer,Singapore,ENGLISH,Chemical Engineering (miscellaneous),Process Chemistry and Technology,Chemistry (miscellaneous),Biomedical Engineering,-,-,-,-
Colloid and Polymer Science,Journal,0303402X,14351536,Springer Science and Business Media Deutschland GmbH,Germany,ENGLISH,Colloid and Surface Chemistry,Physical and Theoretical Chemistry,Materials Chemistry,Polymers and Plastics,-,-,-,-
Colloid Journal,Journal,1061933X,16083067,Pleiades Publishing,Russian Federation,ENGLISH,Colloid and Surface Chemistry,Physical and Theoretical Chemistry,Surfaces and Interfaces,-,-,-,-,-
Colloids and Surfaces A: Physicochemical and Engineering Aspects,Journal,09277757,18734359,Elsevier B.V.,Netherlands,ENGLISH,Colloid and Surface Chemistry,Physical and Theoretical Chemistry,Surfaces and Interfaces,-,-,-,-,-
Colloids and Surfaces B: Biointerfaces,Journal,09277765,18734367,Elsevier B.V.,Netherlands,ENGLISH,Biotechnology,Colloid and Surface Chemistry,Physical and Theoretical Chemistry,Surfaces and Interfaces,-,-,-,-
Color Research and Application,Journal,03612317,15206378,John Wiley and Sons Inc,United States,ENGLISH,Chemical Engineering (all),Chemistry (all),Human Factors and Ergonomics,-,-,-,-,-
Coloration Technology,Journal,14723581,14784408,John Wiley and Sons Inc,United Kingdom,ENGLISH,Chemical Engineering (all),Chemistry (miscellaneous),Materials Science (miscellaneous),-,-,-,-,-
Combinatorics Probability and Computing,Journal,09635483,14692163,Cambridge University Press,United States,ENGLISH,Computational Theory and Mathematics,Applied Mathematics,Statistics and Probability,Theoretical Computer Science,-,-,-,-
Combustion and Flame,Journal,00102180,15562921,Elsevier Inc.,United States,ENGLISH,Chemical Engineering (all),Chemistry (all),Energy Engineering and Power Technology,Fuel Technology,Physics and Astronomy (all),-,-,-
Combustion Science and Technology,Journal,00102202,1563521X,Taylor and Francis Ltd.,United States,ENGLISH,Chemical Engineering (all),Chemistry (all),Energy Engineering and Power Technology,Fuel Technology,Physics and Astronomy (all),-,-,-
Combustion Theory and Modelling,Journal,13647830,17413559,Taylor and Francis Ltd.,United Kingdom,ENGLISH,Chemical Engineering (all),Chemistry (all),Energy Engineering and Power Technology,Fuel Technology,Modeling and Simulation,Physics and Astronomy (all),-,-
"Combustion, Explosion and Shock Waves",Journal,00105082,15738345,Pleiades Publishing,Russian Federation,ENGLISH,Chemical Engineering (all),Chemistry (all),Energy Engineering and Power Technology,Fuel Technology,Physics and Astronomy (all),-,-,-
Communications in Nonlinear Science and Numerical Simulation,Journal,10075704,-,Elsevier B.V.,Netherlands,ENGLISH,Engineering (all),Applied Mathematics,Modeling and Simulation,Numerical Analysis,-,-,-,-
Communications in Statistics - Theory and Methods,Journal,03610926,1532415X,Taylor and Francis Ltd.,United States,ENGLISH,Statistics and Probability,-,-,-,-,-,-,-
Communications in Statistics: Simulation and Computation,Journal,03610918,15324141,Taylor and Francis Ltd.,United States,ENGLISH,Modeling and Simulation,Statistics and Probability,-,-,-,-,-,-
Communications in Transportation Research,Journal,-,27724247,Tsinghua University Press,China,ENGLISH,Decision Sciences (miscellaneous),Control and Systems Engineering,Transportation,-,-,-,-,-
Communications Materials,Journal,-,26624443,Springer Nature,United Kingdom,ENGLISH,Mechanics of Materials,Materials Science (all),-,-,-,-,-,-
Communications of the ACM,Journal,00010782,15577317,Association for Computing Machinery,United States,ENGLISH,Computer Science (all),-,-,-,-,-,-,-
Communications of the Association for Information Systems,Journal,15293181,-,Association for Information Systems,United States,ENGLISH,Information Systems,-,-,-,-,-,-,-
Communications on Applied Mathematics and Computation,Journal,20966385,26618893,Springer Nature,China,ENGLISH,Applied Mathematics,Computational Mathematics,-,-,-,-,-,-
Communications Physics,Journal,-,23993650,Nature Research,United Kingdom,ENGLISH,Physics and Astronomy (all),-,-,-,-,-,-,-
COMPEL - The International Journal for Computation and Mathematics in Electrical and Electronic Engineering,Journal,03321649,20545606,Emerald Publishing,United Kingdom,ENGLISH,Computational Theory and Mathematics,Computer Science Applications,Electrical and Electronic Engineering,Applied Mathematics,-,-,-,-
Complex System Modeling and Simulation,Journal,20969929,-,Tsinghua University Press,China,ENGLISH,Control and Systems Engineering,Electrical and Electronic Engineering,Industrial and Manufacturing Engineering,-,-,-,-,-
Complex Systems,Journal,08912513,-,"Complex Systems Publications, Inc",United States,ENGLISH,Computer Science (all),Control and Systems Engineering,-,-,-,-,-,-
Complexity,Journal,10762787,10990526,John Wiley and Sons Inc,United States,ENGLISH,Multidisciplinary,Computer Science (all),-,-,-,-,-,-
Composite Interfaces,Journal,09276440,15685543,Taylor and Francis Ltd.,United Kingdom,ENGLISH,Ceramics and Composites,"Surfaces, Coatings and Films",Physics and Astronomy (all),-,-,-,-,-
Composite Structures,Journal,02638223,-,Elsevier Ltd,United Kingdom,ENGLISH,Civil and Structural Engineering,Ceramics and Composites,-,-,-,-,-,-
Composites and Advanced Materials,Journal,-,26349833,SAGE Publications Ltd,United Kingdom,ENGLISH,Materials Science (miscellaneous),Biomaterials,"Surfaces, Coatings and Films",-,-,-,-,-
Composites Part A: Applied Science and Manufacturing,Journal,1359835X,-,Elsevier Ltd,United Kingdom,ENGLISH,Mechanics of Materials,Ceramics and Composites,-,-,-,-,-,-
Composites Part B: Engineering,Journal,13598368,-,Elsevier Ltd,United Kingdom,ENGLISH,Industrial and Manufacturing Engineering,Mechanical Engineering,Mechanics of Materials,Ceramics and Composites,-,-,-,-
Composites Science and Technology,Journal,02663538,-,Elsevier Ltd,United Kingdom,ENGLISH,Engineering (all),Ceramics and Composites,-,-,-,-,-,-
"Composites: Mechanics, Computations, Applications",Journal,21522057,21522073,Begell House Inc.,United States,ENGLISH,Mechanics of Materials,Ceramics and Composites,-,-,-,-,-,-
Compost Science and Utilization,Journal,1065657X,-,Taylor and Francis Ltd.,United States,ENGLISH,Soil Science,Ecology,Waste Management and Disposal,-,-,-,-,-
Comprehensive Reviews in Food Science and Food Safety ,Journal,-,15414337,John Wiley and Sons Inc,United States,ENGLISH,Food Science,-,-,-,-,-,-,-
Computational and Applied Mathematics,Journal,22383603,18070302,Springer Nature,Switzerland,ENGLISH,Mathematics (miscellaneous),Applied Mathematics,Computational Mathematics,Modeling and Simulation,-,-,-,-
Computational and Mathematical Organization Theory,Journal,1381298X,15729346,Springer,United States,ENGLISH,Computer Science (all),Decision Sciences (all),Applied Mathematics,Computational Mathematics,Modeling and Simulation,-,-,-
Computational and Structural Biotechnology Journal,Journal,-,20010370,American Association for the Advancement of Science,Sweden,ENGLISH,Biochemistry,Biophysics,Biotechnology,Genetics,Structural Biology,Computer Science Applications,-,-
Computational Biology and Chemistry,Journal,14769271,-,Elsevier Ltd,United Kingdom,ENGLISH,Biochemistry,Structural Biology,Organic Chemistry,Computational Mathematics,-,-,-,-
Computational Geometry: Theory and Applications,Journal,09257721,-,Elsevier B.V.,Netherlands,ENGLISH,Computational Theory and Mathematics,Computer Science Applications,Computational Mathematics,Control and Optimization,Geometry and Topology,-,-,-
Computational Intelligence,Journal,08247935,14678640,John Wiley and Sons Inc,United States,ENGLISH,Artificial Intelligence,Computational Mathematics,-,-,-,-,-,-
Computational Linguistics,Journal,08912017,15309312,Massachusetts Institute of Technology,United States,ENGLISH,Language and Linguistics,Artificial Intelligence,Computer Science Applications,Linguistics and Language,-,-,-,-
Computational Management Science,Journal,1619697X,16196988,Springer,Germany,ENGLISH,"Business, Management and Accounting (miscellaneous)",Management Information Systems,Information Systems,Management Science and Operations Research,"Statistics, Probability and Uncertainty",-,-,-
Computational Materials Science,Journal,09270256,-,Elsevier B.V.,Netherlands,ENGLISH,Chemistry (all),Computer Science (all),Mechanics of Materials,Materials Science (all),Computational Mathematics,Physics and Astronomy (all),-,-
Computational Mechanics,Journal,01787675,14320924,Springer Science and Business Media Deutschland GmbH,Germany,ENGLISH,Computational Theory and Mathematics,Computational Mechanics,Mechanical Engineering,Ocean Engineering,Applied Mathematics,Computational Mathematics,-,-
Computational Methods in Applied Mathematics,Journal,16094840,16099389,Walter de Gruyter GmbH,Germany,ENGLISH,Applied Mathematics,Computational Mathematics,Numerical Analysis,-,-,-,-,-
Computational Optimization and Applications,Journal,09266003,15732894,Springer,United States,ENGLISH,Applied Mathematics,Computational Mathematics,Control and Optimization,-,-,-,-,-
Computational Statistics and Data Analysis,Journal,01679473,-,Elsevier B.V.,Netherlands,ENGLISH,Computational Theory and Mathematics,Applied Mathematics,Computational Mathematics,Statistics and Probability,-,-,-,-
Computational Thermal Sciences,Journal,19402503,19402554,Begell House Inc.,United States,ENGLISH,Fluid Flow and Transfer Processes,Energy Engineering and Power Technology,Computational Mechanics,Computational Mathematics,Numerical Analysis,Surfaces and Interfaces,-,-
Computational Toxicology,Journal,24681113,-,Elsevier B.V.,Netherlands,ENGLISH,Computer Science Applications,"Health, Toxicology and Mutagenesis",Toxicology,-,-,-,-,-
Computational Urban Science,Journal,-,27306852,Springer,Singapore,ENGLISH,Artificial Intelligence,Computer Science Applications,Environmental Science (miscellaneous),"Geography, Planning and Development",Urban Studies,-,-,-
Computational Visual Media,Journal,20960433,20960662,Institute of Electrical and Electronics Engineers Inc.,United States,ENGLISH,Artificial Intelligence,Computer Graphics and Computer-Aided Design,Computer Vision and Pattern Recognition,-,-,-,-,-
Computer Aided Geometric Design,Journal,01678396,-,Elsevier B.V.,Netherlands,ENGLISH,Computer Graphics and Computer-Aided Design,Aerospace Engineering,Automotive Engineering,Modeling and Simulation,-,-,-,-
Computer Animation and Virtual Worlds,Journal,15464261,1546427X,John Wiley and Sons Ltd,United Kingdom,ENGLISH,Computer Graphics and Computer-Aided Design,Software,-,-,-,-,-,-
Computer Applications in Engineering Education,Journal,10613773,10990542,John Wiley and Sons Inc,United States,ENGLISH,Computer Science (all),Engineering (all),Education,-,-,-,-,-
Computer Communication Review,Journal,01464833,19435819,Association for Computing Machinery,United States,ENGLISH,Computer Networks and Communications,Software,-,-,-,-,-,-
Computer Communications,Journal,01403664,1873703X,Elsevier B.V.,Netherlands,ENGLISH,Computer Networks and Communications,-,-,-,-,-,-,-
Computer Engineering and Applications,Journal,10028331,20972938,"Journal of Computer Engineering and Applications Beijing Co., Ltd.; Science Press",China,CHINESE,Artificial Intelligence,Computational Theory and Mathematics,Computer Networks and Communications,Computer Vision and Pattern Recognition,Hardware and Architecture,Electrical and Electronic Engineering,-,-
Computer Graphics Forum,Journal,01677055,14678659,John Wiley and Sons Inc,United Kingdom,ENGLISH,Computer Graphics and Computer-Aided Design,Computer Networks and Communications,-,-,-,-,-,-
Computer Journal,Journal,00104620,14602067,Oxford University Press,United Kingdom,ENGLISH,Computer Science (all),-,-,-,-,-,-,-
Computer Law and Security Review,Journal,2212473X,22124748,Elsevier Ltd,United Kingdom,ENGLISH,"Business, Management and Accounting (all)",Computer Networks and Communications,Law,-,-,-,-,-
Computer Methods and Programs in Biomedicine,Journal,01692607,18727565,Elsevier Ireland Ltd,Ireland,ENGLISH,Computer Science Applications,Software,Health Informatics,-,-,-,-,-
Computer Methods in Applied Mechanics and Engineering,Journal,00457825,-,Elsevier B.V.,Netherlands,ENGLISH,Computer Science Applications,Computational Mechanics,Mechanical Engineering,Mechanics of Materials,Physics and Astronomy (all),-,-,-
Computer Methods in Biomechanics and Biomedical Engineering,Journal,10255842,14768259,Taylor and Francis Ltd.,United Kingdom,ENGLISH,Bioengineering,Computer Science Applications,Human-Computer Interaction,Biomedical Engineering,-,-,-,-
Computer Methods in Biomechanics and Biomedical Engineering: Imaging and Visualization,Journal,21681163,21681171,Taylor and Francis Ltd.,United Kingdom,ENGLISH,Computer Science Applications,Biomedical Engineering,Computational Mechanics,"Radiology, Nuclear Medicine and Imaging",-,-,-,-
Computer Music Journal,Journal,01489267,15315169,Massachusetts Institute of Technology,United States,ENGLISH,Music,Computer Science Applications,Media Technology,-,-,-,-,-
Computer Networks,Journal,13891286,-,Elsevier B.V.,Netherlands,ENGLISH,Computer Networks and Communications,-,-,-,-,-,-,-
Computer Optics,Journal,01342452,24126179,Institution of Russian Academy of Sciences,Russian Federation,RUSSIAN,Computer Science Applications,Computer Vision and Pattern Recognition,Engineering (miscellaneous),Electrical and Electronic Engineering,"Atomic and Molecular Physics, and Optics",-,-,-
Computer Physics Communications,Journal,00104655,-,Elsevier B.V.,Netherlands,ENGLISH,Hardware and Architecture,Physics and Astronomy (all),-,-,-,-,-,-
Computer Science Research Notes,Journal,24644617,24644625,University of West Bohemia,Czech Republic,ENGLISH,Computer Science (miscellaneous),Computational Theory and Mathematics,Computer Graphics and Computer-Aided Design,Computer Vision and Pattern Recognition,Human-Computer Interaction,Mathematics (miscellaneous),Applied Mathematics,Computational Mathematics
Computer Science Review,Journal,15740137,-,Elsevier Ireland Ltd,Ireland,ENGLISH,Computer Science (all),Theoretical Computer Science,-,-,-,-,-,-
Computer Software,Journal,02896540,-,Japan Society for Software Science and Technology,Japan,ENGLISH,Software,-,-,-,-,-,-,-
Computer Speech and Language,Journal,08852308,10958363,Academic Press,United Kingdom,ENGLISH,Human-Computer Interaction,Software,Theoretical Computer Science,-,-,-,-,-
Computer Standards and Interfaces,Journal,09205489,-,Elsevier B.V.,Netherlands,ENGLISH,Computer Science (all),Computer Science Applications,Hardware and Architecture,Software,Law,-,-,-
Computer Supported Cooperative Work: CSCW: An International Journal,Journal,09259724,15737551,Springer Science and Business Media B.V.,Netherlands,ENGLISH,Computer Science (all),-,-,-,-,-,-,-
Computer Vision and Image Understanding,Journal,10773142,1090235X,Academic Press Inc.,United States,ENGLISH,Computer Vision and Pattern Recognition,Signal Processing,Software,-,-,-,-,-
Computer-Aided Civil and Infrastructure Engineering,Journal,10939687,14678667,Elsevier Inc.,United States,ENGLISH,Computational Theory and Mathematics,Computer Graphics and Computer-Aided Design,Computer Science Applications,Civil and Structural Engineering,-,-,-,-
Computerized Medical Imaging and Graphics,Journal,08956111,18790771,Elsevier Ltd,United Kingdom,ENGLISH,Computer Graphics and Computer-Aided Design,Computer Vision and Pattern Recognition,Health Informatics,"Radiology, Nuclear Medicine and Imaging",Radiological and Ultrasound Technology,-,-,-
Computers,Journal,-,2073431X,Multidisciplinary Digital Publishing Institute (MDPI),Switzerland,ENGLISH,Computer Science (miscellaneous),Computer Networks and Communications,Human-Computer Interaction,-,-,-,-,-
Computers and Chemical Engineering,Journal,00981354,-,Elsevier Ltd,United Kingdom,ENGLISH,Chemical Engineering (all),Computer Science Applications,-,-,-,-,-,-
Computers and Concrete,Journal,15988198,1598818X,Techno-Press,South Korea,ENGLISH,Computational Mechanics,-,-,-,-,-,-,-
Computers and Education,Journal,03601315,-,Elsevier Ltd,United Kingdom,ENGLISH,Computer Science (all),Education,-,-,-,-,-,-
Computers and Education: Artificial Intelligence,Journal,-,2666920X,Elsevier B.V.,Netherlands,ENGLISH,Artificial Intelligence,Computer Science Applications,Education,-,-,-,-,-
Computers and Electrical Engineering,Journal,00457906,-,Elsevier Ltd,United Kingdom,ENGLISH,Computer Science (all),Control and Systems Engineering,Electrical and Electronic Engineering,-,-,-,-,-
Computers and Electronics in Agriculture,Journal,01681699,-,Elsevier B.V.,Netherlands,ENGLISH,Agronomy and Crop Science,Animal Science and Zoology,Forestry,Horticulture,Computer Science Applications,-,-,-
Computers and Fluids,Journal,00457930,-,Elsevier Ltd,United Kingdom,ENGLISH,Computer Science (all),Engineering (all),-,-,-,-,-,-
Computers and Geosciences,Journal,00983004,-,Elsevier Ltd,United Kingdom,ENGLISH,Information Systems,Computers in Earth Sciences,-,-,-,-,-,-
Computers and Geotechnics,Journal,0266352X,18737633,Elsevier Ltd,United Kingdom,ENGLISH,Computer Science Applications,Geotechnical Engineering and Engineering Geology,-,-,-,-,-,-
Computers and Graphics,Journal,00978493,-,Elsevier Ltd,United Kingdom,ENGLISH,Computer Graphics and Computer-Aided Design,Computer Vision and Pattern Recognition,Human-Computer Interaction,Signal Processing,Software,Engineering (all),-,-
Computers and Industrial Engineering,Journal,03608352,-,Elsevier Ltd,United Kingdom,ENGLISH,Computer Science (all),Management Science and Operations Research,Engineering (all),-,-,-,-,-
Computers and Mathematics with Applications,Journal,18737668,-,Elsevier Ltd,United Kingdom,ENGLISH,Computational Theory and Mathematics,Computational Mathematics,Modeling and Simulation,-,-,-,-,-
Computers and Operations Research,Journal,03050548,1873765X,Elsevier Ltd,United Kingdom,ENGLISH,Computer Science (all),Management Science and Operations Research,Modeling and Simulation,-,-,-,-,-
Computers and Security,Journal,01674048,-,Elsevier Ltd,United Kingdom,ENGLISH,Computer Science (all),Law,-,-,-,-,-,-
Computers and Structures,Journal,00457949,-,Elsevier Ltd,United Kingdom,ENGLISH,Computer Science Applications,Civil and Structural Engineering,Mechanical Engineering,Materials Science (all),Modeling and Simulation,-,-,-
Computers in Biology and Medicine,Journal,00104825,18790534,Elsevier Ltd,United Kingdom,ENGLISH,Computer Science Applications,Health Informatics,-,-,-,-,-,-
Computers in Education Journal,Journal,10693769,-,American Society for Engineering Education,United States,ENGLISH,Computer Science (all),Education,-,-,-,-,-,-
Computers in Entertainment ,Journal,-,15443574,Association for Computing Machinery,United States,ENGLISH,Computer Science Applications,-,-,-,-,-,-,-
Computers in Human Behavior,Journal,07475632,-,Elsevier Ltd,United Kingdom,ENGLISH,Arts and Humanities (miscellaneous),Human-Computer Interaction,Psychology (all),-,-,-,-,-
Computers in Industry,Journal,01663615,-,Elsevier B.V.,Netherlands,ENGLISH,Computer Science (all),Engineering (all),-,-,-,-,-,-
Computers in the Schools,Journal,07380569,15287033,Routledge,United States,ENGLISH,Computer Science (all),Education,Library and Information Sciences,-,-,-,-,-
"Computers, Environment and Urban Systems",Journal,01989715,-,Elsevier Ltd,United Kingdom,ENGLISH,Environmental Science (all),Ecological Modeling,"Geography, Planning and Development",Urban Studies,-,-,-,-
"Computers, Materials and Continua",Journal,15462218,15462226,Tech Science Press,United States,ENGLISH,Computer Science Applications,Electrical and Electronic Engineering,Mechanics of Materials,Biomaterials,Modeling and Simulation,-,-,-
Computing,Journal,0010485X,14365057,Springer,Austria,ENGLISH,Computational Theory and Mathematics,Computer Science Applications,Software,Computational Mathematics,Numerical Analysis,Theoretical Computer Science,-,-
Computing and Informatics,Journal,13359150,25858807,Slovak Academy of Sciences,Slovakia,ENGLISH,Computational Theory and Mathematics,Computer Networks and Communications,Hardware and Architecture,Software,-,-,-,-
Computing in Science and Engineering,Journal,15219615,1558366X,IEEE Computer Society,United States,ENGLISH,Computer Science (all),Engineering (all),-,-,-,-,-,-
CONCAWE Reports,Journal,01660810,-,Concawe,Belgium,ENGLISH,Process Chemistry and Technology,Energy (all),"Safety, Risk, Reliability and Quality",Environmental Science (all),-,-,-,-
Concurrency and Computation: Practice and Experience,Journal,15320626,15320634,John Wiley and Sons Ltd,United Kingdom,ENGLISH,Computational Theory and Mathematics,Computer Networks and Communications,Computer Science Applications,Software,Theoretical Computer Science,-,-,-
Concurrent Engineering Research and Applications,Journal,1063293X,15312003,SAGE Publications Ltd,United Kingdom,ENGLISH,Computer Science Applications,Engineering (all),Modeling and Simulation,-,-,-,-,-
"Congreso Internacional de Innovacion y Tendencias en Ingenieria, CONIITI",Journal,-,25394320,Institute of Electrical and Electronics Engineers Inc.,United States,ENGLISH,Engineering (miscellaneous),Civil and Structural Engineering,Mechanical Engineering,Mechanics of Materials,Building and Construction,Education,-,-
Connection Science,Journal,09540091,13600494,Taylor and Francis Ltd.,United Kingdom,ENGLISH,Artificial Intelligence,Human-Computer Interaction,Software,-,-,-,-,-
Constraints,Journal,13837133,15729354,Springer,United States,ENGLISH,Artificial Intelligence,Computational Theory and Mathematics,Software,Discrete Mathematics and Combinatorics,-,-,-,-
Construction and Building Materials,Journal,09500618,-,Elsevier Ltd,United Kingdom,ENGLISH,Civil and Structural Engineering,Building and Construction,Materials Science (all),-,-,-,-,-
Construction Innovation,Journal,14714175,14770857,Emerald Publishing,United Kingdom,ENGLISH,Computer Science (all),Civil and Structural Engineering,Control and Systems Engineering,Building and Construction,Architecture,-,-,-
Construction Management and Economics,Journal,01446193,1466433X,Routledge,United Kingdom,ENGLISH,Management Information Systems,Industrial and Manufacturing Engineering,Building and Construction,-,-,-,-,-
Continuum Mechanics and Thermodynamics,Journal,09351175,14320959,Springer Science and Business Media Deutschland GmbH,Germany,ENGLISH,Mechanics of Materials,Materials Science (all),Physics and Astronomy (all),-,-,-,-,-
Contributions to Plasma Physics,Journal,08631042,15213986,John Wiley and Sons Inc,Germany,ENGLISH,Condensed Matter Physics,-,-,-,-,-,-,-
Control Engineering Practice,Journal,09670661,-,Elsevier Ltd,United Kingdom,ENGLISH,Computer Science Applications,Control and Systems Engineering,Electrical and Electronic Engineering,Applied Mathematics,-,-,-,-
Control Theory and Technology,Journal,20956983,21980942,South China University of Technology,China,ENGLISH,Information Systems,Signal Processing,Aerospace Engineering,Control and Systems Engineering,Electrical and Electronic Engineering,Control and Optimization,Modeling and Simulation,-
Corrosion,Journal,00109312,-,Association for Materials Protection and Performance,United States,ENGLISH,Chemical Engineering (all),Chemistry (all),Materials Science (all),-,-,-,-,-
Corrosion and Materials,Journal,13261932,-,Australasian Corrosion Association,Australia,ENGLISH,Chemistry (all),Materials Science (all),-,-,-,-,-,-
Corrosion Communications,Journal,-,26672669,Elsevier B.V.,Netherlands,ENGLISH,Metals and Alloys,-,-,-,-,-,-,-
Corrosion Engineering Science and Technology,Journal,1478422X,17432782,SAGE Publications Ltd,United Kingdom,ENGLISH,Chemical Engineering (all),Chemistry (all),Materials Science (all),-,-,-,-,-
Corrosion Reviews,Journal,03346005,21910316,Walter de Gruyter GmbH,Germany,ENGLISH,Chemical Engineering (all),Chemistry (all),Materials Science (all),-,-,-,-,-
Corrosion Science,Journal,0010938X,-,Elsevier Ltd,United Kingdom,ENGLISH,Chemical Engineering (all),Chemistry (all),Materials Science (all),-,-,-,-,-
CPSS Transactions on Power Electronics and Applications,Journal,2475742X,-,China Power Supply Society,China,ENGLISH,"Renewable Energy, Sustainability and the Environment",Control and Systems Engineering,Electrical and Electronic Engineering,-,-,-,-,-
CRC Reports,Journal,-,-,Coordinating Research Council Inc.,United States,ENGLISH,Energy (all),-,-,-,-,-,-,-
Critical Reviews in Analytical Chemistry,Journal,10408347,15476510,Taylor and Francis Ltd.,United Kingdom,ENGLISH,Analytical Chemistry,-,-,-,-,-,-,-
Critical Reviews in Biomedical Engineering,Journal,0278940X,1943619X,Begell House Inc.,United States,ENGLISH,Biomedical Engineering,-,-,-,-,-,-,-
Critical Reviews in Biotechnology,Journal,07388551,15497801,Taylor and Francis Ltd.,United States,ENGLISH,Biotechnology,Applied Microbiology and Biotechnology,-,-,-,-,-,-
Critical Reviews in Environmental Science and Technology,Journal,10643389,15476537,Taylor and Francis Ltd.,United States,ENGLISH,Environmental Engineering,Pollution,Waste Management and Disposal,Water Science and Technology,-,-,-,-
Critical Reviews in Food Science and Nutrition,Journal,10408398,15497852,Taylor and Francis Ltd.,United States,ENGLISH,Food Science,Industrial and Manufacturing Engineering,-,-,-,-,-,-
Critical Reviews in Solid State and Materials Sciences,Journal,10408436,15476561,Taylor and Francis Ltd.,United States,ENGLISH,Chemical Engineering (all),Physical and Theoretical Chemistry,Electrical and Electronic Engineering,"Electronic, Optical and Magnetic Materials",Condensed Matter Physics,-,-,-
Croatian Journal of Forest Engineering,Journal,18455719,-,University of Zagreb Faculty of Forestry and Wood Technology,Croatia,ENGLISH,Forestry,-,-,-,-,-,-,-
Cryogenics,Journal,00112275,18792235,Elsevier Ltd,United Kingdom,ENGLISH,Materials Science (all),Physics and Astronomy (all),-,-,-,-,-,-
Cryptography and Communications,Journal,19362447,19362455,Springer,United States,ENGLISH,Computational Theory and Mathematics,Computer Networks and Communications,Applied Mathematics,-,-,-,-,-
Cryptologia,Journal,01611194,15581586,Taylor and Francis Ltd.,United Kingdom,ENGLISH,Computer Science Applications,Applied Mathematics,-,-,-,-,-,-
Crystal Growth and Design,Journal,15287483,15287505,American Chemical Society,United States,ENGLISH,Chemistry (all),Materials Science (all),Condensed Matter Physics,-,-,-,-,-
Crystal Research and Technology,Journal,02321300,15214079,John Wiley and Sons Inc,Germany,ENGLISH,Chemistry (all),Materials Science (all),Condensed Matter Physics,-,-,-,-,-
Crystallography Reports,Journal,10637745,1562689X,Pleiades Publishing,Russian Federation,ENGLISH,Chemistry (all),Materials Science (all),Condensed Matter Physics,-,-,-,-,-
Crystallography Reviews,Journal,0889311X,14763508,Taylor and Francis Ltd.,United Kingdom,ENGLISH,Biochemistry,Structural Biology,Chemistry (all),Materials Science (all),Condensed Matter Physics,-,-,-
Crystals,Journal,-,20734352,Multidisciplinary Digital Publishing Institute (MDPI),Switzerland,ENGLISH,Chemical Engineering (all),Inorganic Chemistry,Materials Science (all),Condensed Matter Physics,-,-,-,-
CrystEngComm,Journal,-,14668033,Royal Society of Chemistry,United Kingdom,ENGLISH,Chemistry (all),Materials Science (all),Condensed Matter Physics,-,-,-,-,-
CSEE Journal of Power and Energy Systems,Journal,20960042,-,China Electric Power Research Institute,United States,ENGLISH,Energy (all),Electrical and Electronic Engineering,"Electronic, Optical and Magnetic Materials",-,-,-,-,-
CTBUH Journal,Journal,19461186,19461194,Council on Tall Buildings and Urban Habitat,United States,ENGLISH,Building and Construction,Architecture,Urban Studies,-,-,-,-,-
"CTyF - Ciencia, Tecnologia y Futuro",Journal,01225383,23824581,Ecopetrol S.A.,Colombia,SPANISH,Chemical Engineering (all),Geology,Geophysics,Energy (all),Fuel Technology,"Renewable Energy, Sustainability and the Environment",Engineering (miscellaneous),-
Current Analytical Chemistry,Journal,15734110,18756727,Bentham Science Publishers,United Arab Emirates,ENGLISH,Analytical Chemistry,-,-,-,-,-,-,-
Current Applied Physics,Journal,15671739,-,Elsevier B.V.,Netherlands,ENGLISH,Materials Science (all),Physics and Astronomy (all),-,-,-,-,-,-
Current Bioinformatics,Journal,15748936,2212392X,Bentham Science Publishers,United Arab Emirates,ENGLISH,Biochemistry,Genetics,Molecular Biology,Computational Mathematics,-,-,-,-
Current Computer-Aided Drug Design,Journal,15734099,18756697,Bentham Science Publishers,United Arab Emirates,ENGLISH,Molecular Medicine,Drug Discovery,-,-,-,-,-,-
Current Materials Science,Journal,26661454,26661462,Bentham Science Publishers,United Arab Emirates,ENGLISH,Materials Science (all),-,-,-,-,-,-,-
Current Medical Imaging,Journal,15734056,18756603,Bentham Science Publishers,United Arab Emirates,ENGLISH,"Radiology, Nuclear Medicine and Imaging",-,-,-,-,-,-,-
Current Nanomaterials,Journal,24054615,24054623,Bentham Science Publishers,Netherlands,ENGLISH,Materials Science (miscellaneous),Biomaterials,Ceramics and Composites,-,-,-,-,-
Current Nanoscience,Journal,15734137,18756786,Bentham Science Publishers,United Arab Emirates,ENGLISH,Biotechnology,Bioengineering,Biomedical Engineering,Medicine (miscellaneous),Pharmaceutical Science,-,-,-
Current Opinion in Biotechnology,Journal,09581669,18790429,Elsevier Ltd,United Kingdom,ENGLISH,Biotechnology,Bioengineering,Biomedical Engineering,-,-,-,-,-
Current Opinion in Chemical Engineering,Journal,-,22113398,Elsevier Ltd,United Kingdom,ENGLISH,Chemical Engineering (miscellaneous),Process Chemistry and Technology,Chemistry (miscellaneous),Energy (all),Engineering (miscellaneous),Environmental Chemistry,Environmental Engineering,-
Current Opinion in Colloid and Interface Science,Journal,13590294,18790399,Elsevier Ltd,United Kingdom,ENGLISH,Colloid and Surface Chemistry,Physical and Theoretical Chemistry,Polymers and Plastics,Surfaces and Interfaces,-,-,-,-
Current Opinion in Electrochemistry,Journal,24519103,24519111,Elsevier B.V.,Netherlands,ENGLISH,Analytical Chemistry,Electrochemistry,-,-,-,-,-,-
Current Opinion in Green and Sustainable Chemistry,Journal,24522236,-,Elsevier B.V.,Netherlands,ENGLISH,Catalysis,Process Chemistry and Technology,Chemistry (miscellaneous),"Management, Monitoring, Policy and Law",Waste Management and Disposal,-,-,-
Current Opinion in Solid State and Materials Science,Journal,13590286,-,Elsevier Ltd,United Kingdom,ENGLISH,Materials Science (all),-,-,-,-,-,-,-
Current Optics and Photonics,Journal,25087266,25087274,Optical Society of Korea,South Korea,ENGLISH,"Atomic and Molecular Physics, and Optics",-,-,-,-,-,-,-
Current Organic Chemistry,Journal,13852728,18755348,Bentham Science Publishers,United Arab Emirates,ENGLISH,Organic Chemistry,-,-,-,-,-,-,-
Current Science,Journal,00113891,-,Indian Academy of Sciences,India,ENGLISH,Multidisciplinary,-,-,-,-,-,-,-
Current Sustainable/Renewable Energy Reports,Journal,-,21963010,Springer Nature,Switzerland,ENGLISH,Energy Engineering and Power Technology,Fuel Technology,"Renewable Energy, Sustainability and the Environment",Engineering (miscellaneous),-,-,-,-
Curved and Layered Structures,Journal,-,23537396,Walter de Gruyter GmbH,Poland,ENGLISH,Aerospace Engineering,Civil and Structural Engineering,Computational Mechanics,Mechanics of Materials,"Safety, Risk, Reliability and Quality",Building and Construction,Architecture,-
Cyber Security and Applications,Journal,-,27729184,KeAi Communications Co.,China,ENGLISH,Computer Science (miscellaneous),Computer Networks and Communications,Computer Science Applications,Information Systems,-,-,-,-
Cybernetics and Systems,Journal,01969722,10876553,Taylor and Francis Ltd.,United States,ENGLISH,Artificial Intelligence,Information Systems,Software,-,-,-,-,-
Cybernetics and Systems Analysis,Journal,10600396,15738337,Springer,United States,ENGLISH,Computer Science (all),-,-,-,-,-,-,-
Cyber-Physical Systems,Journal,-,23335785,Taylor and Francis Ltd.,United Kingdom,ENGLISH,Computer Graphics and Computer-Aided Design,Computer Networks and Communications,Computer Vision and Pattern Recognition,Hardware and Architecture,Information Systems,Computational Mechanics,Control and Systems Engineering,-
Cybersecurity,Journal,20964862,25233246,Springer Science and Business Media B.V.,Singapore,ENGLISH,Artificial Intelligence,Computer Networks and Communications,Information Systems,Software,-,-,-,-
Cyborg and Bionic Systems,Journal,20971087,26927632,American Association for the Advancement of Science,United States,ENGLISH,Artificial Intelligence,Human-Computer Interaction,Biomedical Engineering,Mechanical Engineering,-,-,-,-
CYTA - Journal of Food,Journal,19476337,19476345,Taylor and Francis Ltd.,United Kingdom,ENGLISH,Chemical Engineering (all),Chemistry (all),Industrial and Manufacturing Engineering,-,-,-,-,-
Cytotechnology,Journal,09209069,15730778,Springer,Netherlands,ENGLISH,Biotechnology,Cell Biology,Clinical Biochemistry,Bioengineering,Biomedical Engineering,-,-,-
Czech Journal of Food Sciences,Journal,12121800,18059317,Czech Academy of Agricultural Sciences,Czech Republic,ENGLISH,Food Science,-,-,-,-,-,-,-
Dalton Transactions,Journal,14779226,14779234,Royal Society of Chemistry,United Kingdom,ENGLISH,Inorganic Chemistry,-,-,-,-,-,-,-
Dams and Reservoirs,Journal,13681494,17568404,Emerald Publishing,United Kingdom,ENGLISH,Geotechnical Engineering and Engineering Geology,Civil and Structural Engineering,-,-,-,-,-,-
Data,Journal,-,23065729,Multidisciplinary Digital Publishing Institute (MDPI),Switzerland,ENGLISH,Computer Science Applications,Information Systems,Information Systems and Management,-,-,-,-,-
Data Analysis and Knowledge Discovery,Journal,20963467,-,Chinese Academy of Sciences,China,CHINESE,Artificial Intelligence,Computer Science Applications,Information Systems,Library and Information Sciences,-,-,-,-
Data and Information Management,Journal,-,25439251,Elsevier Ltd,United Kingdom,ENGLISH,Computer Science (miscellaneous),Library and Information Sciences,-,-,-,-,-,-
Data and Knowledge Engineering,Journal,0169023X,-,Elsevier B.V.,Netherlands,ENGLISH,Information Systems and Management,-,-,-,-,-,-,-
Data Base for Advances in Information Systems,Journal,15320936,-,Association for Computing Machinery,United States,ENGLISH,Management Information Systems,Computer Networks and Communications,-,-,-,-,-,-
Data in Brief,Journal,-,23523409,Elsevier Inc.,United States,ENGLISH,Multidisciplinary,Education,-,-,-,-,-,-
Data Intelligence,Journal,20967004,2641435X,Science Press,China,ENGLISH,Artificial Intelligence,Computer Science Applications,Information Systems,Library and Information Sciences,-,-,-,-
Data Mining and Knowledge Discovery,Journal,13845810,1573756X,Springer,United States,ENGLISH,Computer Networks and Communications,Computer Science Applications,Information Systems,-,-,-,-,-
Data Science and Engineering,Journal,23641185,23641541,Springer Nature,China,ENGLISH,Artificial Intelligence,Computer Science Applications,Information Systems,Software,Computational Mechanics,-,-,-
Data Science and Management,Journal,-,26667649,KeAi Communications Co.,China,ENGLISH,Management Information Systems,Artificial Intelligence,Computer Networks and Communications,Computer Science Applications,Information Systems,Information Systems and Management,Management Science and Operations Research,-
Data Science Journal,Journal,-,16831470,Ubiquity Press,France,ENGLISH,Computer Science (miscellaneous),Computer Science Applications,-,-,-,-,-,-
Data Technologies and Applications,Journal,25149288,25149318,Emerald Publishing,United Kingdom,ENGLISH,Information Systems,Library and Information Sciences,-,-,-,-,-,-
Data-Centric Engineering,Journal,-,26326736,Cambridge University Press,United Kingdom,ENGLISH,Computer Science Applications,Engineering (all),Applied Mathematics,Statistics and Probability,-,-,-,-
Datenbank-Spektrum,Journal,16182162,16101995,Springer Medizin,Germany,ENGLISH/GERMAN,Computer Science (all),Information Systems and Management,-,-,-,-,-,-
DeCarbon,Journal,-,29498813,Elsevier B.V.,Netherlands,ENGLISH,Energy (all),Energy (miscellaneous),Engineering (miscellaneous),Environmental Science (all),Materials Science (all),-,-,-
Decision Making: Applications in Management and Engineering,Journal,25606018,26200104,Regional Association for Security and crisis management,Serbia,ENGLISH,Decision Sciences (all),-,-,-,-,-,-,-
Decision Support Systems,Journal,01679236,-,Elsevier B.V.,Netherlands,ENGLISH,Arts and Humanities (miscellaneous),Management Information Systems,Information Systems,Information Systems and Management,Developmental and Educational Psychology,-,-,-
Deep Underground Science and Engineering,Journal,20970668,27701328,John Wiley and Sons Inc,Australia,ENGLISH,Engineering (miscellaneous),-,-,-,-,-,-,-
Deep-Sea Research Part I: Oceanographic Research Papers,Journal,09670637,-,Elsevier Ltd,United Kingdom,ENGLISH,Aquatic Science,Oceanography,-,-,-,-,-,-
Deep-Sea Research Part II: Topical Studies in Oceanography,Journal,09670645,-,Elsevier Ltd,United Kingdom,ENGLISH,Oceanography,-,-,-,-,-,-,-
Defect and Diffusion Forum,Journal,10120386,16629507,Trans Tech Publications Ltd,Switzerland,ENGLISH,Materials Science (all),Condensed Matter Physics,Radiation,-,-,-,-,-
Defence Science Journal,Journal,0011748X,0976464X,Defence Scientific Information and Documentation Centre,India,ENGLISH,Multidisciplinary,Chemical Engineering (all),Computer Science Applications,Biomedical Engineering,Electrical and Electronic Engineering,Mechanical Engineering,Physics and Astronomy (all),-
Defence Technology,Journal,20963459,22149147,KeAi Communications Co.,China,ENGLISH,Computational Mechanics,Mechanical Engineering,Ceramics and Composites,Metals and Alloys,-,-,-,-
Denki Kagaku,Journal,24333255,24333263,Electrochemical Society of Japan,Japan,JAPANESE,Electrochemistry,-,-,-,-,-,-,-
Dental Materials,Journal,01095641,18790097,Elsevier Inc.,United States,ENGLISH,Mechanics of Materials,Materials Science (all),Dentistry (all),-,-,-,-,-
Dental Materials Journal,Journal,02874547,18811361,Japanese Society for Dental Materials and Devices,Japan,ENGLISH,Ceramics and Composites,Dentistry (all),-,-,-,-,-,-
Desalination,Journal,00119164,-,Elsevier B.V.,Netherlands,ENGLISH,Chemical Engineering (all),Chemistry (all),Mechanical Engineering,Water Science and Technology,Materials Science (all),-,-,-
Design Automation for Embedded Systems,Journal,09295585,15728080,Springer,United States,ENGLISH,Hardware and Architecture,Software,-,-,-,-,-,-
Design Issues,Journal,07479360,15314790,Massachusetts Institute of Technology,United States,ENGLISH,Arts and Humanities (miscellaneous),Computer Graphics and Computer-Aided Design,-,-,-,-,-,-
Design Science,Journal,-,20534701,Cambridge University Press,United Kingdom,ENGLISH,Visual Arts and Performing Arts,Engineering (all),Modeling and Simulation,-,-,-,-,-
Design Studies,Journal,0142694X,-,Elsevier Ltd,United Kingdom,ENGLISH,Arts and Humanities (miscellaneous),Artificial Intelligence,Computer Science Applications,Engineering (all),Architecture,Social Sciences (all),-,-
Designed Monomers and Polymers,Journal,1385772X,15685551,Taylor and Francis Ltd.,United Kingdom,ENGLISH,Chemical Engineering (all),Chemistry (all),Materials Chemistry,Polymers and Plastics,-,-,-,-
Designs,Journal,-,24119660,Multidisciplinary Digital Publishing Institute (MDPI),Switzerland,ENGLISH,Engineering (miscellaneous),Industrial and Manufacturing Engineering,Mechanical Engineering,-,-,-,-,-
"Designs, Codes, and Cryptography",Journal,09251022,15737586,Springer,United States,ENGLISH,Computer Science Applications,Applied Mathematics,Discrete Mathematics and Combinatorics,Theoretical Computer Science,-,-,-,-
Developments in the Built Environment,Journal,-,26661659,Elsevier Ltd,United Kingdom,ENGLISH,Computer Graphics and Computer-Aided Design,Computer Science Applications,Civil and Structural Engineering,Building and Construction,Architecture,Materials Science (miscellaneous),-,-
Diagnostyka,Journal,16416414,24495220,Polish Society of Technical Diagnostics,Poland,ENGLISH,Signal Processing,Software,Biomedical Engineering,Electrical and Electronic Engineering,Mechanical Engineering,"Safety, Risk, Reliability and Quality",-,-
Diamond and Related Materials,Journal,09259635,-,Elsevier Ltd,United Kingdom,ENGLISH,Chemistry (all),Electrical and Electronic Engineering,Mechanical Engineering,"Electronic, Optical and Magnetic Materials",Materials Chemistry,Physics and Astronomy (all),-,-
Diangong Jishu Xuebao/Transactions of China Electrotechnical Society,Journal,10006753,-,China Machine Press,China,CHINESE,Electrical and Electronic Engineering,-,-,-,-,-,-,-
Dianji yu Kongzhi Xuebao/Electric Machines and Control,Journal,1007449X,-,Editorial Department of Electric Machines and Control,China,CHINESE,Computer Science Applications,Energy Engineering and Power Technology,Control and Systems Engineering,Electrical and Electronic Engineering,-,-,-,-
Dianli Xitong Baohu yu Kongzhi/Power System Protection and Control,Journal,16743415,-,Power System Protection and Control Press,China,CHINESE,Control and Systems Engineering,Electrical and Electronic Engineering,-,-,-,-,-,-
Dianli Xitong Zidonghua/Automation of Electric Power Systems,Journal,10001026,-,Automation of Electric Power Systems Press,China,CHINESE,Computer Science Applications,Energy Engineering and Power Technology,Control and Systems Engineering,Electrical and Electronic Engineering,-,-,-,-
Dianli Zidonghua Shebei/Electric Power Automation Equipment,Journal,10066047,-,Electric Power Automation Equipment Press,China,ENGLISH,Energy Engineering and Power Technology,Control and Systems Engineering,Electrical and Electronic Engineering,-,-,-,-,-
Dianwang Jishu/Power System Technology,Journal,10003673,-,Power System Technology Press,China,CHINESE/ENGLISH,Energy Engineering and Power Technology,Electrical and Electronic Engineering,Mechanical Engineering,-,-,-,-,-
Dianzi Keji Daxue Xuebao/Journal of the University of Electronic Science and Technology of China,Journal,10010548,-,University of Electronic Science and Technology of China,China,CHINESE,Electrical and Electronic Engineering,-,-,-,-,-,-,-
Dianzi Yu Xinxi Xuebao/Journal of Electronics and Information Technology,Journal,10095896,-,Science Press,China,CHINESE,Electrical and Electronic Engineering,-,-,-,-,-,-,-
"Digest of papers of the Topical Meeting on Silicon Monolithic Integrated Circuits in RF Systems, SiRF",Journal,-,24749761,Institute of Electrical and Electronics Engineers Inc.,United States,ENGLISH,Computer Networks and Communications,Signal Processing,Electrical and Electronic Engineering,"Safety, Risk, Reliability and Quality",-,-,-,-
Digital,Journal,-,26736470,Multidisciplinary Digital Publishing Institute (MDPI),Switzerland,ENGLISH,Computer Science (miscellaneous),-,-,-,-,-,-,-
Digital Biomarkers,Journal,-,2504110X,S. Karger AG,Switzerland,ENGLISH,Computer Science Applications,Medicine (miscellaneous),Health Informatics,-,-,-,-,-
Digital Communications and Networks,Journal,24685925,23528648,KeAi Communications Co.,China,ENGLISH,Computer Networks and Communications,Hardware and Architecture,Communication,-,-,-,-,-
Digital Creativity,Journal,14626268,17443806,Routledge,United Kingdom,ENGLISH,Arts and Humanities (miscellaneous),Computational Theory and Mathematics,Computer Graphics and Computer-Aided Design,Human-Computer Interaction,-,-,-,-
Digital Engineering,Journal,-,2950550X,Elsevier B.V.,Netherlands,ENGLISH,Computer Science (miscellaneous),Information Systems,Engineering (miscellaneous),Industrial and Manufacturing Engineering,-,-,-,-
Digital Government: Research and Practice,Journal,26390175,-,Association for Computing Machinery,United States,ENGLISH,Computer Networks and Communications,Computer Science Applications,Information Systems,Software,Public Administration,-,-,-
Digital Library Perspectives,Journal,20595816,20595824,Emerald Publishing,United Kingdom,ENGLISH,Information Systems,Education,Library and Information Sciences,-,-,-,-,-
Digital Signal Processing: A Review Journal,Journal,10512004,10954333,Elsevier Inc.,United States,ENGLISH,Artificial Intelligence,Computational Theory and Mathematics,Computer Vision and Pattern Recognition,Signal Processing,"Statistics, Probability and Uncertainty",Electrical and Electronic Engineering,Applied Mathematics,-
Digital Threats: Research and Practice,Journal,-,25765337,Association for Computing Machinery,United States,ENGLISH,Computer Networks and Communications,Computer Science Applications,Hardware and Architecture,Information Systems,Software,Safety Research,-,-
Digital Twins and Applications,Journal,29955629,29952182,John Wiley and Sons Inc,United States,ENGLISH,Computer Science (all),-,-,-,-,-,-,-
Dili Xuebao/Acta Geographica Sinica,Journal,03755444,-,Science Press,China,CHINESE,Earth and Planetary Sciences (all),"Geography, Planning and Development",-,-,-,-,-,-
Diqiu Kexue - Zhongguo Dizhi Daxue Xuebao/Earth Science - Journal of China University of Geosciences,Journal,10002383,-,China University of Geosciences,China,CHINESE,Computer Science Applications,Earth and Planetary Sciences (all),Building and Construction,-,-,-,-,-
Discover Applied Sciences,Journal,-,30049261,Springer Nature,Switzerland,ENGLISH,Chemical Engineering (all),Earth and Planetary Sciences (all),Engineering (all),Environmental Science (all),Materials Science (all),Physics and Astronomy (all),-,-
Discover Artificial Intelligence,Journal,-,27310809,Springer Nature,Switzerland,ENGLISH,Artificial Intelligence,Computer Vision and Pattern Recognition,Human-Computer Interaction,Information Systems,-,-,-,-
Discover Environment,Journal,-,27319431,Springer Nature,Switzerland,ENGLISH,Earth and Planetary Sciences (miscellaneous),Atmospheric Science,Earth-Surface Processes,Waste Management and Disposal,-,-,-,-
Discover Food,Journal,-,27314286,Springer Nature,Switzerland,ENGLISH,Agricultural and Biological Sciences (miscellaneous),Agronomy and Crop Science,Aquatic Science,"Biochemistry, Genetics and Molecular Biology (miscellaneous)",-,-,-,-
Discover Internet of Things,Journal,-,27307239,Springer Nature,Switzerland,ENGLISH,Computer Graphics and Computer-Aided Design,Computer Networks and Communications,Hardware and Architecture,Human-Computer Interaction,Information Systems,Software,Electrical and Electronic Engineering,Architecture
Discover Metals,Journal,-,30913462,Springer Science and Business Media Deutschland GmbH,Germany,ENGLISH,Inorganic Chemistry,Materials Science (all),-,-,-,-,-,-
Discover Nano,Journal,-,27319229,Springer,United States,ENGLISH,Materials Science (all),Condensed Matter Physics,-,-,-,-,-,-
Discrete Applied Mathematics,Journal,0166218X,-,Elsevier B.V.,Netherlands,ENGLISH,Applied Mathematics,Discrete Mathematics and Combinatorics,-,-,-,-,-,-
Discrete Event Dynamic Systems: Theory and Applications,Journal,09246703,15737594,Springer,United States,ENGLISH,Control and Systems Engineering,Electrical and Electronic Engineering,Modeling and Simulation,-,-,-,-,-
Discrete Mathematics and Applications,Journal,09249265,15693929,Walter de Gruyter GmbH,Germany,ENGLISH,Applied Mathematics,Discrete Mathematics and Combinatorics,-,-,-,-,-,-
Discrete Mathematics and Theoretical Computer Science,Journal,14627264,13658050,Discrete Mathematics and Theoretical Computer Science,France,ENGLISH,Computer Science (all),Discrete Mathematics and Combinatorics,Theoretical Computer Science,-,-,-,-,-
Discrete Optimization,Journal,15725286,-,Elsevier B.V.,Netherlands,ENGLISH,Computational Theory and Mathematics,Applied Mathematics,Theoretical Computer Science,-,-,-,-,-
Displays,Journal,01419382,-,Elsevier B.V.,Netherlands,ENGLISH,Hardware and Architecture,Human-Computer Interaction,Electrical and Electronic Engineering,-,-,-,-,-
Distributed and Parallel Databases,Journal,09268782,15737578,Springer,United States,ENGLISH,Hardware and Architecture,Information Systems,Software,Information Systems and Management,-,-,-,-
Distributed Computing,Journal,01782770,14320452,Springer Science and Business Media Deutschland GmbH,Germany,ENGLISH,Computational Theory and Mathematics,Computer Networks and Communications,Hardware and Architecture,Theoretical Computer Science,-,-,-,-
Distributed Generation and Alternative Energy Journal,Journal,21563306,21566550,River Publishers,Denmark,ENGLISH,Energy Engineering and Power Technology,Electrical and Electronic Engineering,-,-,-,-,-,-
Dizhen Dizhi,Journal,02534967,-,Editorial Office of Dizhen Dizhi,China,CHINESE,Geology,-,-,-,-,-,-,-
Dizhi Xuebao/Acta Geologica Sinica,Journal,00015717,-,Geological Society of China,China,CHINESE,Geology,-,-,-,-,-,-,-
Doklady Earth Sciences,Journal,1028334X,15318354,Pleiades Publishing,Russian Federation,ENGLISH,Earth and Planetary Sciences (all),Earth and Planetary Sciences (miscellaneous),-,-,-,-,-,-
Doklady Physical Chemistry,Journal,00125016,16083121,Pleiades Publishing,Russian Federation,ENGLISH,Physical and Theoretical Chemistry,-,-,-,-,-,-,-
Doklady Physics,Journal,10283358,15626903,Pleiades Publishing,Russian Federation,ENGLISH,Computational Mechanics,Mechanics of Materials,Physics and Astronomy (all),-,-,-,-,-
Dongbei Daxue Xuebao/Journal of Northeastern University,Journal,10053026,-,Northeast University,China,CHINESE,Computer Science Applications,Engineering (all),Applied Mathematics,-,-,-,-,-
Dongnan Daxue Xuebao (Ziran Kexue Ban)/Journal of Southeast University (Natural Science Edition),Journal,10010505,-,Southeast University,China,CHINESE,Engineering (all),-,-,-,-,-,-,-
Drinking Water Engineering and Science,Journal,19969457,19969465,Copernicus Publications,Germany,ENGLISH,Civil and Structural Engineering,Pollution,Water Science and Technology,-,-,-,-,-
Drone Systems and Applications,Journal,-,25644939,Canadian Science Publishing,Canada,ENGLISH,Computer Science Applications,Aerospace Engineering,Automotive Engineering,Control and Systems Engineering,Electrical and Electronic Engineering,Control and Optimization,-,-
Drones,Journal,-,2504446X,Multidisciplinary Digital Publishing Institute (MDPI),Switzerland,ENGLISH,Artificial Intelligence,Computer Science Applications,Information Systems,Aerospace Engineering,Control and Systems Engineering,-,-,-
Droplet,Journal,27692159,27314375,John Wiley and Sons Inc,United States,ENGLISH,Aquatic Science,Water Science and Technology,-,-,-,-,-,-
Drug Testing and Analysis,Journal,19427603,19427611,John Wiley and Sons Ltd,United Kingdom,ENGLISH,Analytical Chemistry,Spectroscopy,Environmental Chemistry,Pharmaceutical Science,-,-,-,-
Drvna Industrija,Journal,00126772,18471153,University of Zagreb Faculty of Forestry and Wood Technology,Croatia,CROATIAN/ENGLISH,Forestry,-,-,-,-,-,-,-
Drying Technology,Journal,07373937,15322300,Taylor and Francis Ltd.,United States,ENGLISH,Chemical Engineering (all),Physical and Theoretical Chemistry,-,-,-,-,-,-
Dummy Source SPI,Journal,-,-,Institute of Electrical and Electronics Engineers Inc.,United States,ENGLISH,Artificial Intelligence,-,-,-,-,-,-,-
Dyes and Pigments,Journal,01437208,18733743,Elsevier Ltd,United Kingdom,ENGLISH,Chemical Engineering (all),Process Chemistry and Technology,-,-,-,-,-,-
Dynamical Systems,Journal,14689367,14689375,Taylor and Francis Ltd.,United Kingdom,ENGLISH,Computer Science Applications,Mathematics (all),-,-,-,-,-,-
Dynamics of Atmospheres and Oceans,Journal,03770265,-,Elsevier Ltd,United Kingdom,ENGLISH,Atmospheric Science,Computers in Earth Sciences,Geology,Oceanography,-,-,-,-
EAI Endorsed Transactions on Energy Web,Journal,-,2032944X,European Alliance for Innovation,Belgium,ENGLISH,Marketing,Information Systems,Energy Engineering and Power Technology,"Renewable Energy, Sustainability and the Environment",Control and Systems Engineering,-,-,-
EAI Endorsed Transactions on Industrial Networks and Intelligent Systems,Journal,-,24100218,European Alliance for Innovation,Belgium,ENGLISH,Computer Networks and Communications,Computer Science Applications,Information Systems,Control and Systems Engineering,-,-,-,-
EAI Endorsed Transactions on Pervasive Health and Technology,Journal,-,24117145,European Alliance for Innovation,Belgium,ENGLISH,Computer Science (miscellaneous),Health Informatics,-,-,-,-,-,-
EAI Endorsed Transactions on Scalable Information Systems,Journal,-,20329407,European Alliance for Innovation,Belgium,ENGLISH,Computer Networks and Communications,Computer Science Applications,Hardware and Architecture,Information Systems,Software,Information Systems and Management,-,-
Earth and Planetary Physics,Journal,20963955,20976860,Science Press,China,ENGLISH,Atmospheric Science,Space and Planetary Science,Astronomy and Astrophysics,-,-,-,-,-
Earth and Planetary Science Letters,Journal,0012821X,-,Elsevier B.V.,Netherlands,ENGLISH,Earth and Planetary Sciences (miscellaneous),Geochemistry and Petrology,Geophysics,Space and Planetary Science,-,-,-,-
Earth Interactions,Journal,-,10873562,American Meteorological Society,United States,ENGLISH,Earth and Planetary Sciences (all),-,-,-,-,-,-,-
Earth Science Frontiers,Journal,10052321,-,Science Frontiers editorial department,China,CHINESE,Geology,-,-,-,-,-,-,-
Earth Surface Processes and Landforms,Journal,01979337,10969837,John Wiley and Sons Ltd,United Kingdom,ENGLISH,Earth and Planetary Sciences (miscellaneous),Earth-Surface Processes,"Geography, Planning and Development",-,-,-,-,-
Earth System Dynamics,Journal,21904979,21904987,Copernicus Publications,Germany,ENGLISH,Earth and Planetary Sciences (all),-,-,-,-,-,-,-
Earthquake and Structures,Journal,20927614,20927622,Techno-Press,South Korea,ENGLISH,Civil and Structural Engineering,-,-,-,-,-,-,-
Earthquake Engineering and Engineering Vibration,Journal,16713664,1993503X,Institute of Engineering Mechanics (IEM),China,ENGLISH,Geotechnical Engineering and Engineering Geology,Civil and Structural Engineering,Mechanical Engineering,Building and Construction,-,-,-,-
Earthquake Engineering and Resilience,Journal,-,27705706,John Wiley and Sons Inc,United States,ENGLISH,Geophysics,Geotechnical Engineering and Engineering Geology,Civil and Structural Engineering,-,-,-,-,-
Earthquake Engineering and Structural Dynamics,Journal,00988847,10969845,John Wiley and Sons Ltd,United Kingdom,ENGLISH,Earth and Planetary Sciences (miscellaneous),Geotechnical Engineering and Engineering Geology,Civil and Structural Engineering,-,-,-,-,-
Earthquake Spectra,Journal,87552930,19448201,John Wiley and Sons Inc,United States,ENGLISH,Geophysics,Geotechnical Engineering and Engineering Geology,-,-,-,-,-,-
Ecohydrology,Journal,19360584,19360592,John Wiley and Sons Ltd,United Kingdom,ENGLISH,Aquatic Science,"Ecology, Evolution, Behavior and Systematics",Earth-Surface Processes,Ecology,-,-,-,-
Ecological Engineering,Journal,09258574,-,Elsevier B.V.,Netherlands,ENGLISH,Environmental Engineering,"Management, Monitoring, Policy and Law",Nature and Landscape Conservation,-,-,-,-,-
Ecological Indicators,Journal,1470160X,-,Elsevier B.V.,Netherlands,ENGLISH,"Ecology, Evolution, Behavior and Systematics",Decision Sciences (all),Ecology,-,-,-,-,-
Ecological Modelling,Journal,03043800,18727026,Elsevier B.V.,Netherlands,ENGLISH,Ecological Modeling,Ecology,-,-,-,-,-,-
Ecological Processes,Journal,-,21921709,Springer Science and Business Media Deutschland GmbH,Germany,ENGLISH,Ecological Modeling,Ecology,-,-,-,-,-,-
Ecology and Civil Engineering,Journal,13443755,18825974,Ecology and Civil Engineering Society,Japan,ENGLISH/JAPANESE,Civil and Structural Engineering,Ecology,-,-,-,-,-,-
Economic Geology,Journal,03610128,15540774,"Society of Economic Geologists, Inc",United States,ENGLISH,Economic Geology,Geochemistry and Petrology,Geology,Geophysics,-,-,-,-
ECS Journal of Solid State Science and Technology,Journal,21628769,21628777,Institute of Physics,United States,ENGLISH,"Electronic, Optical and Magnetic Materials",-,-,-,-,-,-,-
Education for Chemical Engineers,Journal,17497728,-,Elsevier B.V.,Netherlands,ENGLISH,Chemical Engineering (all),Education,-,-,-,-,-,-
Education for Information,Journal,01678329,18758649,SAGE Publications Ltd,United Kingdom,ENGLISH,Information Systems,Education,Library and Information Sciences,-,-,-,-,-
"EEA - Electrotehnica, Electronica, Automatica",Journal,15825175,2392828X,Editura ELECTRA,Romania,ROMANIAN,Control and Systems Engineering,Electrical and Electronic Engineering,-,-,-,-,-,-
eFood,Journal,-,26663066,John Wiley and Sons Inc,United States,ENGLISH,Food Science,-,-,-,-,-,-,-
Egyptian Informatics Journal,Journal,11108665,20904754,Elsevier B.V.,Netherlands,ENGLISH,Computer Science Applications,Information Systems,Management Science and Operations Research,-,-,-,-,-
Egyptian Journal of Remote Sensing and Space Science,Journal,11109823,20902476,Elsevier B.V.,Netherlands,ENGLISH,Earth and Planetary Sciences (all),-,-,-,-,-,-,-
E-Informatica Software Engineering Journal,Journal,18977979,20844840,Wroclaw University of Science and Technology,Poland,ENGLISH,Computer Science (miscellaneous),Software,Engineering (all),Engineering (miscellaneous),-,-,-,-
e-Journal of Surface Science and Nanotechnology,Journal,-,13480391,The Japan Society of Vacuum and Surface Science,Japan,ENGLISH,Biotechnology,Bioengineering,Mechanics of Materials,"Surfaces, Coatings and Films",Condensed Matter Physics,Surfaces and Interfaces,-,-
Eksploatacja i Niezawodnosc,Journal,15072711,-,Polish Academy of Sciences Branch Lublin,Poland,ENGLISH/POLISH,Industrial and Manufacturing Engineering,"Safety, Risk, Reliability and Quality",-,-,-,-,-,-
Electric Power Components and Systems,Journal,15325008,15325016,Taylor and Francis Ltd.,United States,ENGLISH,Energy Engineering and Power Technology,Electrical and Electronic Engineering,Mechanical Engineering,-,-,-,-,-
Electric Power Systems Research,Journal,03787796,-,Elsevier Ltd,United Kingdom,ENGLISH,Energy Engineering and Power Technology,Electrical and Electronic Engineering,-,-,-,-,-,-
Electrica,Journal,-,26199831,Istanbul University,Turkey,ENGLISH,Electrical and Electronic Engineering,-,-,-,-,-,-,-
Electrical Engineering,Journal,09487921,14320487,Springer Science and Business Media Deutschland GmbH,Germany,ENGLISH,Electrical and Electronic Engineering,Applied Mathematics,-,-,-,-,-,-
Electrical Engineering in Japan (English translation of Denki Gakkai Ronbunshi),Journal,04247760,15206416,John Wiley and Sons Inc,United States,ENGLISH,Energy Engineering and Power Technology,Electrical and Electronic Engineering,-,-,-,-,-,-
Electricity Journal,Journal,10406190,-,Elsevier Inc.,United States,ENGLISH,Business and International Management,Management of Technology and Innovation,Energy (miscellaneous),Law,-,-,-,-
Electroanalysis,Journal,10400397,15214109,John Wiley and Sons Inc,Germany,ENGLISH,Analytical Chemistry,Electrochemistry,-,-,-,-,-,-
Electrochemical Energy Reviews,Journal,25208489,25208136,Springer,Singapore,ENGLISH,Chemical Engineering (miscellaneous),Electrochemistry,Energy Engineering and Power Technology,Materials Science (miscellaneous),-,-,-,-
Electrochemical Science Advances,Journal,-,26985977,John Wiley and Sons Inc,United States,ENGLISH,Chemistry (miscellaneous),Electrochemistry,Engineering (miscellaneous),Materials Science (miscellaneous),-,-,-,-
Electrochemical Society Interface,Journal,10648208,19448783,Institute of Physics,United States,ENGLISH,Electrochemistry,-,-,-,-,-,-,-
Electrochemistry,Journal,13443542,21862451,Electrochemical Society of Japan,Japan,ENGLISH/JAPANESE,Electrochemistry,-,-,-,-,-,-,-
Electrochemistry Communications,Journal,13882481,-,Elsevier Inc.,United States,ENGLISH,Electrochemistry,-,-,-,-,-,-,-
Electrochimica Acta,Journal,00134686,-,Elsevier Ltd,United Kingdom,ENGLISH,Chemical Engineering (all),Electrochemistry,-,-,-,-,-,-
Electromagnetic Biology and Medicine,Journal,15368378,15368386,Taylor and Francis Ltd.,United Kingdom,ENGLISH,Biophysics,Medicine (miscellaneous),-,-,-,-,-,-
Electromagnetic Science,Journal,28369440,28368282,Chinese Institute of Electronics,China,ENGLISH,Electrical and Electronic Engineering,-,-,-,-,-,-,-
Electromagnetics,Journal,02726343,1532527X,Taylor and Francis Ltd.,United States,ENGLISH,Electrical and Electronic Engineering,"Electronic, Optical and Magnetic Materials",Radiation,-,-,-,-,-
Electronic Commerce Research,Journal,13895753,15729362,Springer,United States,ENGLISH,Human-Computer Interaction,"Economics, Econometrics and Finance (miscellaneous)",-,-,-,-,-,-
Electronic Commerce Research and Applications,Journal,15674223,-,Elsevier B.V.,Netherlands,ENGLISH,Management of Technology and Innovation,Marketing,Computer Networks and Communications,Computer Science Applications,-,-,-,-
Electronic Device Failure Analysis,Journal,15370755,-,ASM International,United States,ENGLISH,Electrical and Electronic Engineering,"Safety, Risk, Reliability and Quality",-,-,-,-,-,-
Electronic Journal of Biotechnology,Journal,-,07173458,Pontificia Universidad Catolica de Valparaiso,Chile,ENGLISH,Biotechnology,Applied Microbiology and Biotechnology,-,-,-,-,-,-
Electronic Journal of Structural Engineering ,Journal,-,14439255,Electronic Journals for Science and Engineering International,Australia,ENGLISH,Civil and Structural Engineering,-,-,-,-,-,-,-
Electronic Materials,Journal,-,26733978,Multidisciplinary Digital Publishing Institute (MDPI),Switzerland,ENGLISH,Chemistry (miscellaneous),Electrical and Electronic Engineering,Materials Science (miscellaneous),"Electronic, Optical and Magnetic Materials",-,-,-,-
Electronic Materials Letters,Journal,17388090,20936788,Korean Institute of Metals and Materials,South Korea,ENGLISH,"Electronic, Optical and Magnetic Materials",-,-,-,-,-,-,-
Electronic Structure,Journal,-,25161075,Institute of Physics,United Kingdom,ENGLISH,Electrochemistry,Electrical and Electronic Engineering,"Electronic, Optical and Magnetic Materials",Materials Chemistry,Condensed Matter Physics,-,-,-
Electronic Transactions on Numerical Analysis,Journal,-,10689613,Kent State University,United States,ENGLISH,Analysis,Applied Mathematics,-,-,-,-,-,-
Electronics,Journal,14505843,-,"University of Banja Luka, Faculty of Electrical Engineering",Bosnia and Herzegovina,ENGLISH,Electrical and Electronic Engineering,-,-,-,-,-,-,-
Electronics (Switzerland),Journal,-,20799292,Multidisciplinary Digital Publishing Institute (MDPI),Switzerland,ENGLISH,Computer Networks and Communications,Hardware and Architecture,Signal Processing,Control and Systems Engineering,Electrical and Electronic Engineering,-,-,-
Electronics and Communications in Japan,Journal,19429533,19429541,John Wiley and Sons Inc,United States,ENGLISH,Computer Networks and Communications,Signal Processing,Electrical and Electronic Engineering,Applied Mathematics,Physics and Astronomy (all),-,-,-
Electronics Letters,Journal,00135194,1350911X,John Wiley and Sons Inc,United Kingdom,ENGLISH,Electrical and Electronic Engineering,-,-,-,-,-,-,-
Electrophoresis,Journal,01730835,15222683,John Wiley and Sons Inc,United States,ENGLISH,Biochemistry,Clinical Biochemistry,-,-,-,-,-,-
Elektrotechnik und Informationstechnik,Journal,0932383X,-,Springer,Austria,ENGLISH/FRENCH/GERMAN,Electrical and Electronic Engineering,-,-,-,-,-,-,-
Elektrotehniski Vestnik/Electrotechnical Review,Journal,00135852,22323228,Electrotechnical Society of Slovenia,Slovenia,ENGLISH/SLOVENIAN,Electrical and Electronic Engineering,-,-,-,-,-,-,-
Elements,Journal,18115209,18115217,Mineralogical Society of America,United States,ENGLISH,Earth and Planetary Sciences (miscellaneous),Geochemistry and Petrology,-,-,-,-,-,-
eLight,Journal,20971710,26628643,Springer,Singapore,ENGLISH,"Electronic, Optical and Magnetic Materials","Atomic and Molecular Physics, and Optics",-,-,-,-,-,-
Emergent Materials,Journal,25225731,2522574X,Springer Nature,Switzerland,ENGLISH,"Renewable Energy, Sustainability and the Environment",Waste Management and Disposal,Biomaterials,Ceramics and Composites,-,-,-,-
Emerging Materials Research,Journal,20460147,20460155,Emerald Publishing,United Kingdom,ENGLISH,Materials Science (all),Condensed Matter Physics,-,-,-,-,-,-
Emission Control Science and Technology,Journal,21993629,21993637,Springer Science and Business Media Deutschland GmbH,Switzerland,ENGLISH,Automotive Engineering,"Health, Toxicology and Mutagenesis","Management, Monitoring, Policy and Law",Pollution,-,-,-,-
EMJ - Engineering Management Journal,Journal,10429247,-,Taylor and Francis Ltd.,United States,ENGLISH,Organizational Behavior and Human Resource Management,Engineering (all),-,-,-,-,-,-
Empirical Software Engineering,Journal,13823256,15737616,Springer,United States,ENGLISH,Software,-,-,-,-,-,-,-
Energetic Materials Frontiers,Journal,-,26666472,KeAi Communications Co.,China,ENGLISH,Chemical Engineering (miscellaneous),Process Chemistry and Technology,Fuel Technology,Industrial and Manufacturing Engineering,Materials Science (miscellaneous),Materials Chemistry,-,-
Energies,Journal,-,19961073,Multidisciplinary Digital Publishing Institute (MDPI),Switzerland,ENGLISH,Computer Science (all),Energy (miscellaneous),Energy Engineering and Power Technology,Fuel Technology,"Renewable Energy, Sustainability and the Environment",Engineering (miscellaneous),Electrical and Electronic Engineering,Control and Optimization
Energy,Journal,03605442,18736785,Elsevier Ltd,United Kingdom,ENGLISH,Energy (all),Energy Engineering and Power Technology,Fuel Technology,"Renewable Energy, Sustainability and the Environment",Civil and Structural Engineering,Electrical and Electronic Engineering,Industrial and Manufacturing Engineering,Mechanical Engineering
Energy and AI,Journal,-,26665468,Elsevier B.V.,Netherlands,ENGLISH,Artificial Intelligence,Energy (all),Engineering (miscellaneous),-,-,-,-,-
Energy and Buildings,Journal,03787788,-,Elsevier Ltd,United Kingdom,ENGLISH,Civil and Structural Engineering,Electrical and Electronic Engineering,Mechanical Engineering,Building and Construction,-,-,-,-
Energy and Built Environment,Journal,-,26661233,KeAi Communications Co.,China,ENGLISH,"Renewable Energy, Sustainability and the Environment",Civil and Structural Engineering,Building and Construction,Transportation,-,-,-,-
Energy and Environment,Journal,0958305X,20484070,SAGE Publications Inc.,United Kingdom,ENGLISH,Energy (miscellaneous),Energy Engineering and Power Technology,"Renewable Energy, Sustainability and the Environment",Environmental Engineering,-,-,-,-
Energy and Environmental Materials,Journal,25750348,25750356,John Wiley and Sons Inc,United States,ENGLISH,Energy (miscellaneous),"Renewable Energy, Sustainability and the Environment",Environmental Science (miscellaneous),Waste Management and Disposal,Water Science and Technology,Materials Science (all),-,-
Energy and Environmental Science,Journal,17545692,17545706,Royal Society of Chemistry,United Kingdom,ENGLISH,Nuclear Energy and Engineering,"Renewable Energy, Sustainability and the Environment",Environmental Chemistry,Pollution,-,-,-,-
Energy and Fuels,Journal,08870624,15205029,American Chemical Society,United States,ENGLISH,Chemical Engineering (all),Energy Engineering and Power Technology,Fuel Technology,-,-,-,-,-
Energy Conversion and Economics,Journal,-,26341581,John Wiley and Sons Inc,United States,ENGLISH,Energy Engineering and Power Technology,"Renewable Energy, Sustainability and the Environment",Electrical and Electronic Engineering,Environmental Engineering,-,-,-,-
Energy Conversion and Management,Journal,01968904,-,Elsevier Ltd,United Kingdom,ENGLISH,Energy Engineering and Power Technology,Fuel Technology,Nuclear Energy and Engineering,"Renewable Energy, Sustainability and the Environment",-,-,-,-
Energy Conversion and Management: X,Journal,-,25901745,Elsevier Ltd,United Kingdom,ENGLISH,Energy Engineering and Power Technology,Fuel Technology,Nuclear Energy and Engineering,"Renewable Energy, Sustainability and the Environment",-,-,-,-
Energy Economics,Journal,01409883,18736181,Elsevier B.V.,Netherlands,ENGLISH,Economics and Econometrics,Energy (all),-,-,-,-,-,-
Energy Efficiency,Journal,1570646X,15706478,Springer Science and Business Media B.V.,Netherlands,ENGLISH,Energy (all),-,-,-,-,-,-,-
Energy Engineering: Journal of the Association of Energy Engineering,Journal,01998595,15460118,Tech Science Press,United States,ENGLISH,Energy Engineering and Power Technology,"Renewable Energy, Sustainability and the Environment",Building and Construction,-,-,-,-,-
Energy Exploration and Exploitation,Journal,01445987,20484054,SAGE Publications Inc.,United Kingdom,ENGLISH,Energy Engineering and Power Technology,Fuel Technology,Nuclear Energy and Engineering,"Renewable Energy, Sustainability and the Environment",-,-,-,-
Energy for Sustainable Development,Journal,09730826,23524669,Elsevier B.V.,Netherlands,ENGLISH,"Renewable Energy, Sustainability and the Environment","Management, Monitoring, Policy and Law","Geography, Planning and Development",-,-,-,-,-
Energy Geoscience,Journal,-,26667592,KeAi Communications Co.,China,ENGLISH,Geology,Geophysics,Energy (all),Energy (miscellaneous),"Renewable Energy, Sustainability and the Environment",-,-,-
Energy Harvesting and Systems,Journal,23298774,23298766,Walter de Gruyter GmbH,Germany,ENGLISH,Electrochemistry,Energy Engineering and Power Technology,"Renewable Energy, Sustainability and the Environment",Electrical and Electronic Engineering,-,-,-,-
Energy Informatics,Journal,-,25208942,Springer Nature,Switzerland,ENGLISH,Computer Networks and Communications,Information Systems,Energy Engineering and Power Technology,-,-,-,-,-
Energy Material Advances,Journal,-,26927640,American Association for the Advancement of Science,United States,ENGLISH,Energy (miscellaneous),Fuel Technology,"Renewable Energy, Sustainability and the Environment",Materials Science (miscellaneous),-,-,-,-
Energy Policy,Journal,03014215,-,Elsevier Ltd,United Kingdom,ENGLISH,Energy (all),"Management, Monitoring, Policy and Law",-,-,-,-,-,-
Energy Reports,Journal,-,23524847,Elsevier Ltd,United Kingdom,ENGLISH,Chemical Engineering (miscellaneous),Energy (all),Energy Engineering and Power Technology,"Renewable Energy, Sustainability and the Environment",Civil and Structural Engineering,Electrical and Electronic Engineering,Mechanical Engineering,Building and Construction
Energy Reviews,Journal,-,27729702,Elsevier B.V.,Netherlands,ENGLISH,"Renewable Energy, Sustainability and the Environment",-,-,-,-,-,-,-
Energy Science and Engineering,Journal,-,20500505,John Wiley and Sons Ltd,United Kingdom,ENGLISH,Energy (all),"Safety, Risk, Reliability and Quality",-,-,-,-,-,-
"Energy Sources, Part A: Recovery, Utilization and Environmental Effects",Journal,15567036,15567230,Taylor and Francis Ltd.,United States,ENGLISH,Energy Engineering and Power Technology,Fuel Technology,Nuclear Energy and Engineering,"Renewable Energy, Sustainability and the Environment",-,-,-,-
"Energy Sources, Part B: Economics, Planning and Policy",Journal,15567249,15567257,Taylor and Francis Ltd.,United States,ENGLISH,Chemical Engineering (all),Energy Engineering and Power Technology,Fuel Technology,-,-,-,-,-
Energy Storage,Journal,-,25784862,John Wiley and Sons Inc,United States,ENGLISH,Energy Engineering and Power Technology,"Renewable Energy, Sustainability and the Environment",-,-,-,-,-,-
Energy Storage and Saving,Journal,20973047,27726835,KeAi Publishing Communications Ltd.,Netherlands,ENGLISH,Energy Engineering and Power Technology,Fuel Technology,"Renewable Energy, Sustainability and the Environment",Control and Systems Engineering,Pollution,-,-,-
Energy Storage Materials,Journal,-,24058297,Elsevier B.V.,Netherlands,ENGLISH,Energy Engineering and Power Technology,"Renewable Energy, Sustainability and the Environment",Materials Science (all),-,-,-,-,-
Energy Strategy Reviews,Journal,2211467X,-,Elsevier Ltd,United Kingdom,ENGLISH,Energy (miscellaneous),-,-,-,-,-,-,-
Energy Systems,Journal,18683967,18683975,Springer Science and Business Media Deutschland GmbH,Germany,ENGLISH,Economics and Econometrics,Energy (all),Modeling and Simulation,-,-,-,-,-
Energy Technology,Journal,21944288,21944296,John Wiley and Sons Inc,Germany,ENGLISH,Energy (all),-,-,-,-,-,-,-
"Energy, Sustainability and Society",Journal,-,21920567,BioMed Central Ltd,United Kingdom,ENGLISH,Energy Engineering and Power Technology,"Renewable Energy, Sustainability and the Environment",Development,-,-,-,-,-
EnergyChem,Journal,-,25897780,Elsevier B.V.,Netherlands,ENGLISH,Chemistry (all),Energy (all),Biomaterials,-,-,-,-,-
Eng,Journal,-,26734117,Multidisciplinary Digital Publishing Institute (MDPI),Switzerland,ENGLISH,Chemical Engineering (miscellaneous),Engineering (miscellaneous),-,-,-,-,-,-
Engineered Regeneration,Journal,-,26661381,KeAi Communications Co.,China,ENGLISH,Developmental Biology,Biomedical Engineering,Biomaterials,Medicine (miscellaneous),-,-,-,-
Engineering,Journal,00137782,-,Gillard Welch Ltd,United Kingdom,ENGLISH,Electrical and Electronic Engineering,Industrial and Manufacturing Engineering,Mechanical Engineering,-,-,-,-,-
Engineering,Journal,20958099,-,Elsevier Ltd,United Kingdom,ENGLISH,Chemical Engineering (all),Computer Science (all),Energy Engineering and Power Technology,Engineering (all),Environmental Engineering,Materials Science (miscellaneous),-,-
Engineering Analysis with Boundary Elements,Journal,09557997,-,Elsevier Ltd,United Kingdom,ENGLISH,Engineering (all),Analysis,Applied Mathematics,Computational Mathematics,-,-,-,-
Engineering Applications of Artificial Intelligence,Journal,09521976,-,Elsevier Ltd,United Kingdom,ENGLISH,Artificial Intelligence,Control and Systems Engineering,Electrical and Electronic Engineering,-,-,-,-,-
Engineering Biology,Journal,-,23986182,John Wiley and Sons Inc,United Kingdom,ENGLISH,Biotechnology,Computer Science Applications,Biomedical Engineering,Control and Systems Engineering,Biomaterials,-,-,-
ENGINEERING Chemical Engineering,Journal,3091499X,30915007,Higher Education Press Limited Company,China,ENGLISH,Chemical Engineering (all),-,-,-,-,-,-,-
"Engineering Computations (Swansea, Wales)",Journal,02644401,17587077,Emerald Publishing,United Kingdom,ENGLISH,Computational Theory and Mathematics,Computer Science Applications,Software,Engineering (all),-,-,-,-
Engineering Design Graphics Journal,Journal,00462012,-,American Society for Engineering Education,United States,ENGLISH,Engineering (all),Education,-,-,-,-,-,-
Engineering Economist,Journal,0013791X,15472701,Taylor and Francis Ltd.,United States,ENGLISH,Economics and Econometrics,Engineering (all),Education,-,-,-,-,-
ENGINEERING Energy,Journal,30915015,30915023,Higher Education Press Limited Company,China,ENGLISH,Energy Engineering and Power Technology,-,-,-,-,-,-,-
ENGINEERING Environment,Journal,30915058,30915066,Higher Education Press Limited Company,China,ENGLISH,Environmental Science (all),-,-,-,-,-,-,-
Engineering Failure Analysis,Journal,13506307,-,Elsevier Ltd,United Kingdom,ENGLISH,Engineering (all),Materials Science (all),-,-,-,-,-,-
Engineering Fracture Mechanics,Journal,00137944,-,Elsevier Ltd,United Kingdom,ENGLISH,Mechanical Engineering,Mechanics of Materials,Materials Science (all),-,-,-,-,-
Engineering Geology,Journal,00137952,-,Elsevier B.V.,Netherlands,ENGLISH,Geology,Geotechnical Engineering and Engineering Geology,-,-,-,-,-,-
"Engineering in Agriculture, Environment and Food",Journal,-,18818366,Asian Agricultural and Biological Engineering Association,Netherlands,ENGLISH,Food Science,Chemical Engineering (all),Industrial and Manufacturing Engineering,-,-,-,-,-
Engineering in Life Sciences,Journal,16180240,16182863,Maximum Academic Press,Germany,ENGLISH,Biotechnology,Bioengineering,Environmental Engineering,-,-,-,-,-
Engineering Intelligent Systems,Journal,14728915,-,CRL Publishing,United Kingdom,ENGLISH,Computer Science Applications,Control and Systems Engineering,Electrical and Electronic Engineering,-,-,-,-,-
Engineering Letters,Journal,1816093X,18160948,International Association of Engineers,Hong Kong,ENGLISH,Engineering (all),-,-,-,-,-,-,-
Engineering Management in Production and Services,Journal,25436597,2543912X,Paradigm Publishing Services,Poland,ENGLISH,Business and International Management,Management Information Systems,Management of Technology and Innovation,Strategy and Management,Management Science and Operations Research,Control and Systems Engineering,Industrial and Manufacturing Engineering,-
Engineering Optimization,Journal,0305215X,10290273,Taylor and Francis Ltd.,United Kingdom,ENGLISH,Computer Science Applications,Management Science and Operations Research,Industrial and Manufacturing Engineering,Applied Mathematics,Control and Optimization,-,-,-
Engineering Plastics Application,Journal,10013539,-,Engineering Plastics Application Magazine,China,CHINESE/ENGLISH,Chemical Engineering (all),Materials Chemistry,Polymers and Plastics,-,-,-,-,-
Engineering Reports,Journal,-,25778196,John Wiley and Sons Inc,United States,ENGLISH,Computer Science (all),Engineering (all),-,-,-,-,-,-
Engineering Research Express,Journal,-,26318695,Institute of Physics,United Kingdom,ENGLISH,Engineering (all),-,-,-,-,-,-,-
ENGINEERING Structure and Civil Engineering,Journal,30915031,3091504X,Higher Education Press Limited Company,China,ENGLISH,Civil and Structural Engineering,Architecture,-,-,-,-,-,-
Engineering Structures,Journal,01410296,18737323,Elsevier Ltd,United Kingdom,ENGLISH,Civil and Structural Engineering,-,-,-,-,-,-,-
Engineering Studies,Journal,19378629,19408374,Routledge,United Kingdom,ENGLISH,History and Philosophy of Science,Engineering (all),Education,-,-,-,-,-
Engineering Transactions,Journal,0867888X,24508071,Polska Akademia Nauk,Poland,ENGLISH,Engineering (all),-,-,-,-,-,-,-
Engineering with Computers,Journal,01770667,14355663,Springer Science and Business Media Deutschland GmbH,United Kingdom,ENGLISH,Computer Science Applications,Software,Engineering (all),Modeling and Simulation,-,-,-,-
"Engineering, Construction and Architectural Management",Journal,09699988,1365232X,Emerald Publishing,United Kingdom,ENGLISH,"Business, Management and Accounting (all)",Civil and Structural Engineering,Building and Construction,Architecture,-,-,-,-
Enterprise Information Systems,Journal,17517575,17517583,Taylor and Francis Ltd.,United Kingdom,ENGLISH,Computer Science Applications,Information Systems and Management,-,-,-,-,-,-
Entertainment Computing,Journal,18759521,-,Elsevier B.V.,Netherlands,ENGLISH,Human-Computer Interaction,Software,-,-,-,-,-,-
Environment International,Journal,01604120,18736750,Elsevier Ltd,United Kingdom,ENGLISH,Environmental Science (all),-,-,-,-,-,-,-
Environment Protection Engineering,Journal,03248828,2450260X,Wroclaw University of Science and Technology,Poland,ENGLISH,Environmental Engineering,Waste Management and Disposal,-,-,-,-,-,-
Environmental and Climate Technologies,Journal,-,22558837,Paradigm Publishing Services,Poland,ENGLISH,"Renewable Energy, Sustainability and the Environment",Environmental Science (all),-,-,-,-,-,-
Environmental and Engineering Geoscience,Journal,10787275,15589161,Geological Society of America,United States,ENGLISH,Earth and Planetary Sciences (miscellaneous),Geotechnical Engineering and Engineering Geology,Environmental Engineering,-,-,-,-,-
Environmental and Resource Economics,Journal,09246460,15731502,Springer Science and Business Media B.V.,Netherlands,ENGLISH,Economics and Econometrics,Aerospace Engineering,"Management, Monitoring, Policy and Law",-,-,-,-,-
Environmental Chemistry and Ecotoxicology,Journal,-,25901826,KeAi Communications Co.,China,ENGLISH,"Ecology, Evolution, Behavior and Systematics",Environmental Science (miscellaneous),Ecology,Environmental Chemistry,Toxicology,-,-,-
Environmental Chemistry Letters,Journal,16103653,16103661,Springer Nature,Switzerland,ENGLISH,Environmental Chemistry,-,-,-,-,-,-,-
Environmental Conservation,Journal,03768929,14694387,Cambridge University Press,United Kingdom,ENGLISH,"Health, Toxicology and Mutagenesis","Management, Monitoring, Policy and Law",Nature and Landscape Conservation,Pollution,Water Science and Technology,-,-,-
Environmental Earth Sciences,Journal,18666280,18666299,Springer Science and Business Media Deutschland GmbH,Germany,ENGLISH,Soil Science,Earth-Surface Processes,Geology,Environmental Chemistry,Global and Planetary Change,Pollution,Water Science and Technology,-
Environmental Engineering (Lithuania),Journal,-,20297092,Vilnius Gediminas Technical University,Lithuania,ENGLISH,Environmental Engineering,-,-,-,-,-,-,-
Environmental Engineering Research,Journal,12261025,2005968X,Korean Society of Environmental Engineers,South Korea,ENGLISH,Environmental Engineering,-,-,-,-,-,-,-
Environmental Engineering Science,Journal,10928758,15579018,SAGE Publications Ltd,United States,ENGLISH,Environmental Chemistry,Pollution,Waste Management and Disposal,-,-,-,-,-
Environmental Forensics,Journal,15275922,15275930,Taylor and Francis Ltd.,United Kingdom,ENGLISH,"Management, Monitoring, Policy and Law",Waste Management and Disposal,-,-,-,-,-,-
Environmental Geochemistry and Health,Journal,02694042,15732983,Springer,Netherlands,ENGLISH,Geochemistry and Petrology,Environmental Science (all),Environmental Chemistry,Environmental Engineering,Water Science and Technology,-,-,-
Environmental Geotechnics,Journal,-,2051803X,Emerald Publishing,United Kingdom,ENGLISH,Geochemistry and Petrology,Geotechnical Engineering and Engineering Geology,Environmental Science (miscellaneous),Ecological Modeling,Environmental Chemistry,Environmental Engineering,"Management, Monitoring, Policy and Law",Nature and Landscape Conservation
Environmental Impact Assessment Review,Journal,01959255,-,Elsevier Inc.,United States,ENGLISH,Ecology,"Management, Monitoring, Policy and Law","Geography, Planning and Development",-,-,-,-,-
Environmental Management,Journal,0364152X,14321009,Springer,United States,ENGLISH,Ecology,Global and Planetary Change,Pollution,-,-,-,-,-
Environmental Modeling and Assessment,Journal,14202026,15732967,Springer Science and Business Media Deutschland GmbH,Switzerland,ENGLISH,Environmental Science (all),-,-,-,-,-,-,-
Environmental Modelling and Software,Journal,13648152,-,Elsevier Ltd,United Kingdom,ENGLISH,Software,Ecological Modeling,Environmental Engineering,Modeling and Simulation,-,-,-,-
Environmental Monitoring and Assessment,Journal,01676369,15732959,Springer Science and Business Media Deutschland GmbH,Switzerland,ENGLISH,Environmental Science (all),"Management, Monitoring, Policy and Law",Pollution,-,-,-,-,-
Environmental Pollution,Journal,02697491,18736424,Elsevier Ltd,United Kingdom,ENGLISH,"Health, Toxicology and Mutagenesis",Pollution,Toxicology,-,-,-,-,-
Environmental Processes,Journal,21987491,21987505,Springer Science and Business Media Deutschland GmbH,Switzerland,ENGLISH,Environmental Engineering,"Health, Toxicology and Mutagenesis","Management, Monitoring, Policy and Law",Pollution,Water Science and Technology,-,-,-
Environmental Progress and Sustainable Energy,Journal,19447442,19447450,John Wiley and Sons Inc,United States,ENGLISH,Chemical Engineering (all),"Renewable Energy, Sustainability and the Environment",Environmental Science (all),Environmental Chemistry,Environmental Engineering,Waste Management and Disposal,Water Science and Technology,-
Environmental Research,Journal,00139351,10960953,Academic Press Inc.,United States,ENGLISH,Biochemistry,Environmental Science (all),"Public Health, Environmental and Occupational Health",-,-,-,-,-
Environmental Research Letters ,Journal,-,17489326,Institute of Physics,United Kingdom,ENGLISH,"Renewable Energy, Sustainability and the Environment",Environmental Science (all),"Public Health, Environmental and Occupational Health",-,-,-,-,-
Environmental Reviews,Journal,11818700,-,Canadian Science Publishing,Canada,ENGLISH,Environmental Science (all),-,-,-,-,-,-,-
Environmental Science and Pollution Research,Journal,09441344,16147499,Springer,Germany,ENGLISH,Environmental Chemistry,"Health, Toxicology and Mutagenesis",Pollution,-,-,-,-,-
Environmental Science and Technology,Journal,0013936X,15205851,American Chemical Society,United States,ENGLISH,Chemistry (all),Environmental Chemistry,-,-,-,-,-,-
Environmental Science and Technology Letters,Journal,-,23288930,American Chemical Society,United States,ENGLISH,Ecology,Environmental Chemistry,"Health, Toxicology and Mutagenesis",Pollution,Waste Management and Disposal,Water Science and Technology,-,-
Environmental Science: Nano,Journal,20518153,20518161,Royal Society of Chemistry,United Kingdom,ENGLISH,Environmental Science (all),Materials Science (miscellaneous),-,-,-,-,-,-
Environmental Science: Processes and Impacts,Journal,20507887,20507895,Royal Society of Chemistry,United Kingdom,ENGLISH,Environmental Chemistry,"Management, Monitoring, Policy and Law","Public Health, Environmental and Occupational Health",-,-,-,-,-
Environmental Science: Water Research and Technology,Journal,20531400,20531419,Royal Society of Chemistry,United Kingdom,ENGLISH,Environmental Engineering,Water Science and Technology,-,-,-,-,-,-
Environmental Sciences Europe,Journal,21904707,21904715,Springer,Germany,ENGLISH/GERMAN,Pollution,-,-,-,-,-,-,-
Environmental Systems Research,Journal,-,21932697,Springer Medizin,Germany,ENGLISH,Organizational Behavior and Human Resource Management,Environmental Science (all),Environmental Science (miscellaneous),Ecological Modeling,Environmental Engineering,Materials Science (miscellaneous),-,-
Environmental Technology (United Kingdom),Journal,09593330,1479487X,Taylor and Francis Ltd.,United Kingdom,ENGLISH/FRENCH,Environmental Chemistry,Waste Management and Disposal,Water Science and Technology,-,-,-,-,-
Environmental Technology and Innovation,Journal,-,23521864,Elsevier B.V.,Netherlands,ENGLISH,Plant Science,Soil Science,Environmental Science (all),-,-,-,-,-
Environmental Technology Reviews,Journal,21622515,21622523,Taylor and Francis Ltd.,United Kingdom,ENGLISH,Environmental Engineering,Pollution,Waste Management and Disposal,Water Science and Technology,-,-,-,-
Environmental Toxicology,Journal,15204081,15227278,John Wiley and Sons Inc,United States,ENGLISH,"Health, Toxicology and Mutagenesis","Management, Monitoring, Policy and Law",Toxicology,-,-,-,-,-
Environmental Toxicology and Chemistry,Journal,07307268,15528618,Oxford University Press,United States,ENGLISH,Environmental Chemistry,"Health, Toxicology and Mutagenesis",-,-,-,-,-,-
Enzyme and Microbial Technology,Journal,01410229,18790909,Elsevier Inc.,United States,ENGLISH,Biochemistry,Biotechnology,Bioengineering,Applied Microbiology and Biotechnology,-,-,-,-
EPJ Applied Metamaterials,Journal,-,22722394,EDP Sciences,France,ENGLISH,Mechanics of Materials,Materials Science (all),Condensed Matter Physics,-,-,-,-,-
EPJ Applied Physics,Journal,12860042,12860050,EDP Sciences,France,ENGLISH,"Electronic, Optical and Magnetic Materials",Condensed Matter Physics,Instrumentation,-,-,-,-,-
EPJ Data Science,Journal,-,21931127,Springer Science and Business Media Deutschland GmbH,Germany,ENGLISH,Computer Science Applications,Computational Mathematics,Modeling and Simulation,-,-,-,-,-
EPJ Nuclear Sciences and Technologies,Journal,-,24919292,EDP Sciences,France,ENGLISH,Energy Engineering and Power Technology,Nuclear Energy and Engineering,Electrical and Electronic Engineering,Nuclear and High Energy Physics,-,-,-,-
EPJ Photovoltaics,Journal,-,21050716,EDP Sciences,France,ENGLISH,"Renewable Energy, Sustainability and the Environment",Electrical and Electronic Engineering,"Electronic, Optical and Magnetic Materials",Condensed Matter Physics,-,-,-,-
EPJ Quantum Technology,Journal,26624400,21960763,Springer Science and Business Media Deutschland GmbH,Germany,ENGLISH,Control and Systems Engineering,Electrical and Electronic Engineering,Condensed Matter Physics,"Atomic and Molecular Physics, and Optics",-,-,-,-
EPJ Techniques and Instrumentation,Journal,-,21957045,Springer Science and Business Media Deutschland GmbH,Germany,ENGLISH,Instrumentation,-,-,-,-,-,-,-
E-Polymers,Journal,-,16187229,Walter de Gruyter GmbH,France,ENGLISH,Chemical Engineering (all),Physical and Theoretical Chemistry,Polymers and Plastics,-,-,-,-,-
Ergonomics,Journal,00140139,13665847,Taylor and Francis Ltd.,United Kingdom,ENGLISH,Human Factors and Ergonomics,"Physical Therapy, Sports Therapy and Rehabilitation",-,-,-,-,-,-
Ergonomics in Design,Journal,10648046,-,SAGE Publications Inc.,United States,ENGLISH,Engineering (all),Human Factors and Ergonomics,-,-,-,-,-,-
"ESAIM - Control, Optimisation and Calculus of Variations",Journal,12928119,12623377,EDP Sciences,France,ENGLISH,Control and Systems Engineering,Computational Mathematics,Control and Optimization,-,-,-,-,-
ESAIM - Probability and Statistics,Journal,12928100,12623318,EDP Sciences,France,ENGLISH,Statistics and Probability,-,-,-,-,-,-,-
ESAIM: Mathematical Modelling and Numerical Analysis,Journal,28227840,28047214,EDP Sciences,France,ENGLISH,Analysis,Applied Mathematics,Computational Mathematics,Modeling and Simulation,Numerical Analysis,-,-,-
eScience,Journal,20972431,26671417,KeAi Communications Co.,China,ENGLISH,Electrochemistry,Energy (all),"Renewable Energy, Sustainability and the Environment",Environmental Science (miscellaneous),Materials Chemistry,-,-,-
Ethics and Information Technology,Journal,13881957,15728439,Springer Science and Business Media B.V.,Netherlands,ENGLISH,Computer Science Applications,Library and Information Sciences,-,-,-,-,-,-
eTransportation,Journal,-,25901168,Elsevier B.V.,Netherlands,ENGLISH,Energy Engineering and Power Technology,Automotive Engineering,Electrical and Electronic Engineering,Transportation,-,-,-,-
ETRI Journal,Journal,12256463,22337326,John Wiley and Sons Inc,United Kingdom,ENGLISH,Computer Science (all),Electrical and Electronic Engineering,"Electronic, Optical and Magnetic Materials",-,-,-,-,-
"Eurasip Journal on Audio, Speech, and Music Processing",Journal,16874714,30914523,Springer Science and Business Media Deutschland GmbH,Switzerland,ENGLISH,Electrical and Electronic Engineering,Acoustics and Ultrasonics,-,-,-,-,-,-
Eurasip Journal on Image and Video Processing,Journal,16875176,3091454X,Springer Science and Business Media Deutschland GmbH,Switzerland,ENGLISH,Information Systems,Signal Processing,Electrical and Electronic Engineering,-,-,-,-,-
EURO Journal on Computational Optimization,Journal,21924406,21924414,Elsevier B.V.,Germany,ENGLISH,Management Science and Operations Research,Computational Mathematics,Control and Optimization,Modeling and Simulation,-,-,-,-
EURO Journal on Transportation and Logistics,Journal,21924376,21924384,Elsevier B.V.,Netherlands,ENGLISH,Management Science and Operations Research,Modeling and Simulation,Transportation,-,-,-,-,-
Euroheat and Power (English Edition),Journal,16130200,-,Verlags und Wirtschaftsges. der Elektrizitatswerke,Germany,ENGLISH,Energy Engineering and Power Technology,-,-,-,-,-,-,-
"European Control Conference (Piscataway, N.J. Online), ECC",Journal,-,29968895,Institute of Electrical and Electronics Engineers Inc.,United States,ENGLISH,Control and Optimization,Modeling and Simulation,-,-,-,-,-,-
European Food Research and Technology,Journal,14382377,14382385,Springer Science and Business Media Deutschland GmbH,Germany,ENGLISH,Food Science,Biochemistry,Biotechnology,Chemistry (all),Industrial and Manufacturing Engineering,-,-,-
European Journal of Applied Mathematics,Journal,09567925,14694425,Cambridge University Press,United Kingdom,ENGLISH,Applied Mathematics,-,-,-,-,-,-,-
European Journal of Computational Mechanics,Journal,26422085,26422050,River Publishers,United Kingdom,ENGLISH/FRENCH,Mechanical Engineering,Mechanics of Materials,Modeling and Simulation,-,-,-,-,-
European Journal of Control,Journal,09473580,-,Elsevier Ltd,United Kingdom,ENGLISH,Engineering (all),Control and Systems Engineering,Electrical and Electronic Engineering,-,-,-,-,-
European Journal of Engineering Education,Journal,03043797,14695898,Taylor and Francis Ltd.,United Kingdom,ENGLISH,Engineering (all),Education,-,-,-,-,-,-
European Journal of Environmental and Civil Engineering,Journal,19648189,21167214,Taylor and Francis Ltd.,United Kingdom,ENGLISH,Civil and Structural Engineering,Environmental Engineering,-,-,-,-,-,-
European Journal of Industrial Engineering,Journal,17515254,17515262,Inderscience Publishers,United Kingdom,ENGLISH,Industrial and Manufacturing Engineering,-,-,-,-,-,-,-
European Journal of Information Systems,Journal,0960085X,14769344,Taylor and Francis Ltd.,United Kingdom,ENGLISH,Management Information Systems,Information Systems,Information Systems and Management,Library and Information Sciences,-,-,-,-
European Journal of Inorganic Chemistry,Journal,14341948,10990682,John Wiley and Sons Inc,United States,ENGLISH,Inorganic Chemistry,-,-,-,-,-,-,-
European Journal of Mass Spectrometry,Journal,14690667,17516838,SAGE Publications Ltd,United Kingdom,ENGLISH,Spectroscopy,"Atomic and Molecular Physics, and Optics",-,-,-,-,-,-
"European Journal of Mechanics, A/Solids",Journal,09977538,-,Elsevier Ltd,United Kingdom,ENGLISH,Mechanical Engineering,Mechanics of Materials,Materials Science (all),Mathematical Physics,Physics and Astronomy (all),-,-,-
"European Journal of Mechanics, B/Fluids",Journal,09977546,-,Elsevier Ltd,United Kingdom,ENGLISH,Mathematical Physics,Physics and Astronomy (all),-,-,-,-,-,-
European Journal of Mineralogy,Journal,09351221,16174011,Copernicus Publications,Germany,ENGLISH,Geochemistry and Petrology,-,-,-,-,-,-,-
European Journal of Nuclear Medicine and Molecular Imaging,Journal,16197070,16197089,Springer,Germany,ENGLISH,"Radiology, Nuclear Medicine and Imaging",-,-,-,-,-,-,-
European Journal of Operational Research,Journal,03772217,-,Elsevier B.V.,Netherlands,ENGLISH,Computer Science (all),Information Systems and Management,Management Science and Operations Research,Modeling and Simulation,-,-,-,-
European Journal of Physics,Journal,01430807,13616404,Institute of Physics,United Kingdom,ENGLISH,Physics and Astronomy (all),Education,-,-,-,-,-,-
European Journal of Remote Sensing,Journal,-,22797254,Taylor and Francis Ltd.,United Kingdom,ENGLISH,Atmospheric Science,Computers in Earth Sciences,Environmental Science (all),Applied Mathematics,-,-,-,-
European Journal of Transport and Infrastructure Research,Journal,15677133,15677141,TU Delft,Netherlands,ENGLISH,"Geography, Planning and Development",Transportation,Urban Studies,-,-,-,-,-
European Journal of Wood and Wood Products,Journal,00183768,1436736X,Springer Science and Business Media Deutschland GmbH,Germany,ENGLISH,Forestry,Materials Science (all),-,-,-,-,-,-
European Journal on Artificial Intelligence,Journal,30504554,30504546,SAGE Publications Ltd,United Kingdom,ENGLISH,Artificial Intelligence,-,-,-,-,-,-,-
European Physical Journal A,Journal,14346001,1434601X,Springer,Germany,ENGLISH,Nuclear and High Energy Physics,-,-,-,-,-,-,-
European Physical Journal B,Journal,14346028,14346036,Springer Science and Business Media Deutschland GmbH,Germany,ENGLISH,"Electronic, Optical and Magnetic Materials",Condensed Matter Physics,-,-,-,-,-,-
European Physical Journal C,Journal,14346044,14346052,Springer Nature,Germany,ENGLISH,Engineering (miscellaneous),Physics and Astronomy (miscellaneous),-,-,-,-,-,-
European Physical Journal D,Journal,14346060,14346079,Springer Science and Business Media Deutschland GmbH,Germany,ENGLISH,"Atomic and Molecular Physics, and Optics",-,-,-,-,-,-,-
European Physical Journal E,Journal,12928941,1292895X,Springer Science and Business Media Deutschland GmbH,Germany,ENGLISH,Biophysics,Biotechnology,Chemistry (all),Materials Science (all),Surfaces and Interfaces,-,-,-
European Polymer Journal,Journal,00143057,-,Elsevier Ltd,United Kingdom,ENGLISH,Organic Chemistry,Materials Chemistry,Polymers and Plastics,Physics and Astronomy (all),-,-,-,-
European Space Agency (Scientific and Technical Memoranda) ESA STM,Journal,03794075,-,European Space Agency,Netherlands,ENGLISH,Space and Planetary Science,Aerospace Engineering,-,-,-,-,-,-
European Space Agency (Scientific and Technical Reports) ESA STR,Journal,03794067,-,European Space Agency,Netherlands,ENGLISH,Space and Planetary Science,Aerospace Engineering,-,-,-,-,-,-
European Transport - Trasporti Europei,Journal,18253997,-,Institute for Transport Studies in the European Economic Integration,Italy,ENGLISH,Automotive Engineering,Transportation,-,-,-,-,-,-
European Transport Research Review,Journal,18670717,18668887,Springer Science and Business Media Deutschland GmbH,Switzerland,ENGLISH,Automotive Engineering,Mechanical Engineering,Transportation,-,-,-,-,-
Evolutionary Computation,Journal,10636560,15309304,Massachusetts Institute of Technology,United States,ENGLISH,Computational Mathematics,-,-,-,-,-,-,-
Evolutionary Intelligence,Journal,18645909,18645917,Springer Science and Business Media Deutschland GmbH,Germany,ENGLISH,Artificial Intelligence,Computer Vision and Pattern Recognition,Mathematics (miscellaneous),Cognitive Neuroscience,-,-,-,-
Evolving Systems,Journal,18686478,18686486,Springer Nature,Germany,ENGLISH,Computer Science Applications,Control and Systems Engineering,Control and Optimization,Modeling and Simulation,-,-,-,-
Experience of Designing and Application of CAD Systems in Microelectronics,Journal,25727591,-,Institute of Electrical and Electronics Engineers Inc.,United States,ENGLISH,Computer Graphics and Computer-Aided Design,Computer Science Applications,Software,Electrical and Electronic Engineering,"Safety, Risk, Reliability and Quality",Modeling and Simulation,-,-
Experimental and Computational Multiphase Flow,Journal,26618869,26618877,Tsinghua University Press,China,ENGLISH,Fluid Flow and Transfer Processes,Nuclear Energy and Engineering,Mechanical Engineering,Nuclear and High Energy Physics,-,-,-,-
Experimental Heat Transfer,Journal,08916152,15210480,Taylor and Francis Ltd.,United Kingdom,ENGLISH,Control and Systems Engineering,Electrical and Electronic Engineering,Instrumentation,-,-,-,-,-
Experimental Mechanics,Journal,00144851,17412765,Springer,United States,ENGLISH,Aerospace Engineering,Mechanical Engineering,Mechanics of Materials,-,-,-,-,-
Experimental Techniques,Journal,07328818,17471567,Springer Science and Business Media Deutschland GmbH,Switzerland,ENGLISH,Mechanical Engineering,Mechanics of Materials,-,-,-,-,-,-
Experimental Thermal and Fluid Science,Journal,08941777,-,Elsevier Inc.,United States,ENGLISH,Chemical Engineering (all),Fluid Flow and Transfer Processes,Nuclear Energy and Engineering,Aerospace Engineering,Mechanical Engineering,-,-,-
Experiments in Fluids,Journal,07234864,14321114,Springer Science and Business Media Deutschland GmbH,Germany,ENGLISH,Fluid Flow and Transfer Processes,Computational Mechanics,Mechanics of Materials,Physics and Astronomy (all),-,-,-,-
Expert Review of Medical Devices,Journal,17434440,17452422,Taylor and Francis Ltd.,United Kingdom,ENGLISH,Biomedical Engineering,Surgery,-,-,-,-,-,-
Expert Systems,Journal,02664720,14680394,John Wiley and Sons Inc,United Kingdom,ENGLISH,Artificial Intelligence,Computational Theory and Mathematics,Control and Systems Engineering,Theoretical Computer Science,-,-,-,-
Expert Systems with Applications,Journal,09574174,-,Elsevier Ltd,United Kingdom,ENGLISH,Artificial Intelligence,Computer Science Applications,Engineering (all),-,-,-,-,-
Exploration Geophysics,Journal,08123985,18347533,Taylor and Francis,Australia,ENGLISH,Geology,Geophysics,-,-,-,-,-,-
Explosion and Shock Waves,Journal,10011455,-,Science Press,China,CHINESE,Physics and Astronomy (all),-,-,-,-,-,-,-
Exposure and Health,Journal,24519766,24519685,Springer,Netherlands,ENGLISH,"Health, Toxicology and Mutagenesis",Pollution,Water Science and Technology,"Public Health, Environmental and Occupational Health",-,-,-,-
Express Polymer Letters,Journal,1788618X,-,BME-PT and GTE,Hungary,ENGLISH,Chemical Engineering (all),Organic Chemistry,Physical and Theoretical Chemistry,Materials Chemistry,Polymers and Plastics,-,-,-
Extreme Mechanics Letters,Journal,-,23524316,Elsevier Ltd,United States,ENGLISH,Chemical Engineering (miscellaneous),Bioengineering,Engineering (miscellaneous),Mechanical Engineering,Mechanics of Materials,-,-,-
"Facta Universitatis, Series: Mechanical Engineering",Journal,03542025,23350164,University of Nis,Serbia,ENGLISH,Civil and Structural Engineering,Industrial and Manufacturing Engineering,Mechanical Engineering,Mechanics of Materials,Polymers and Plastics,-,-,-
Faguang Xuebao/Chinese Journal of Luminescence,Journal,10007032,-,Editorial Office of Chinese Optics,China,CHINESE/ENGLISH,"Electronic, Optical and Magnetic Materials",Condensed Matter Physics,Radiation,-,-,-,-,-
Fangzhi Xuebao/Journal of Textile Research,Journal,02539721,-,China Textile Engineering Society,China,CHINESE,Materials Science (miscellaneous),Materials Chemistry,Polymers and Plastics,-,-,-,-,-
Faraday Discussions,Journal,13596640,13645498,Royal Society of Chemistry,United Kingdom,ENGLISH,Physical and Theoretical Chemistry,-,-,-,-,-,-,-
Fatigue and Fracture of Engineering Materials and Structures,Journal,8756758X,14602695,John Wiley and Sons Inc,United Kingdom,ENGLISH,Mechanical Engineering,Mechanics of Materials,Materials Science (all),-,-,-,-,-
Ferroelectrics,Journal,00150193,15635112,Taylor and Francis Ltd.,United States,ENGLISH,"Electronic, Optical and Magnetic Materials",Condensed Matter Physics,-,-,-,-,-,-
"Ferroelectrics, Letters Section",Journal,07315171,15635228,Taylor and Francis Ltd.,United States,ENGLISH,"Electronic, Optical and Magnetic Materials",Condensed Matter Physics,-,-,-,-,-,-
Fiber and Integrated Optics,Journal,01468030,10964681,Taylor and Francis Ltd.,United States,ENGLISH,Electrical and Electronic Engineering,"Electronic, Optical and Magnetic Materials","Atomic and Molecular Physics, and Optics",-,-,-,-,-
Fibers,Journal,-,20796439,Multidisciplinary Digital Publishing Institute (MDPI),Switzerland,ENGLISH,Civil and Structural Engineering,Mechanics of Materials,Biomaterials,Ceramics and Composites,-,-,-,-
Fibers and Polymers,Journal,12299197,18750052,Korean Fiber Society,South Korea,ENGLISH,Chemical Engineering (all),Chemistry (all),Polymers and Plastics,-,-,-,-,-
Fibre Chemistry,Journal,00150541,15738493,Springer,United States,ENGLISH,Chemical Engineering (all),Chemistry (all),Materials Science (all),-,-,-,-,-
Fibres and Textiles in Eastern Europe,Journal,12303666,23007354,Paradigm Publishing Services,Poland,ENGLISH,Business and International Management,Industrial and Manufacturing Engineering,Environmental Science (all),Materials Science (miscellaneous),-,-,-,-
Finite Elements in Analysis and Design,Journal,0168874X,-,Elsevier B.V.,Netherlands,ENGLISH,Computer Graphics and Computer-Aided Design,Engineering (all),Analysis,Applied Mathematics,-,-,-,-
Finite Fields and their Applications,Journal,10715797,10902465,Academic Press Inc.,United States,ENGLISH,Engineering (all),Algebra and Number Theory,Applied Mathematics,Theoretical Computer Science,-,-,-,-
Fire and Materials,Journal,03080501,10991018,John Wiley and Sons Ltd,United Kingdom,ENGLISH,Chemistry (all),Ceramics and Composites,"Electronic, Optical and Magnetic Materials",Metals and Alloys,Polymers and Plastics,-,-,-
Fire Safety Journal,Journal,03797112,-,Elsevier Ltd,United Kingdom,ENGLISH,Chemistry (all),"Safety, Risk, Reliability and Quality",Building and Construction,Materials Science (all),Physics and Astronomy (all),-,-,-
Fire Technology,Journal,00152684,15728099,Springer,United States,ENGLISH,"Safety, Risk, Reliability and Quality",Materials Science (all),-,-,-,-,-,-
FirePhysChem,Journal,-,26671344,KeAi Communications Co.,China,ENGLISH,Chemical Health and Safety,Process Chemistry and Technology,Physical and Theoretical Chemistry,Fuel Technology,Materials Science (miscellaneous),-,-,-
Fizika Nizkikh Temperatur,Journal,01326414,18160328,B.Verkin Institute for Low Temperature Physics and Engineering of the NAS of Ukraine,Ukraine,RUSSIAN,Physics and Astronomy (all),-,-,-,-,-,-,-
Flavour and Fragrance Journal,Journal,08825734,10991026,John Wiley and Sons Ltd,United Kingdom,ENGLISH,Food Science,Chemistry (all),-,-,-,-,-,-
Flexible and Printed Electronics,Journal,-,20588585,Institute of Physics,United Kingdom,ENGLISH,Electrical and Electronic Engineering,"Electronic, Optical and Magnetic Materials",-,-,-,-,-,-
Flexible Services and Manufacturing Journal,Journal,19366582,19366590,Springer,United States,ENGLISH,Management Science and Operations Research,Industrial and Manufacturing Engineering,-,-,-,-,-,-
Flow Measurement and Instrumentation,Journal,09555986,-,Elsevier Ltd,United Kingdom,ENGLISH,Computer Science Applications,Electrical and Electronic Engineering,Modeling and Simulation,Instrumentation,-,-,-,-
"Flow, Turbulence and Combustion",Journal,13866184,15731987,Springer Science and Business Media B.V.,Netherlands,ENGLISH,Chemical Engineering (all),Physical and Theoretical Chemistry,Physics and Astronomy (all),-,-,-,-,-
Fluid Dynamics,Journal,00154628,15738507,Pleiades Publishing,Russian Federation,ENGLISH,Fluid Flow and Transfer Processes,Mechanical Engineering,Physics and Astronomy (all),-,-,-,-,-
Fluid Dynamics and Materials Processing,Journal,1555256X,15552578,Tech Science Press,United States,ENGLISH,Materials Science (all),-,-,-,-,-,-,-
Fluid Dynamics Research,Journal,01695983,18737005,Institute of Physics,United Kingdom,ENGLISH,Fluid Flow and Transfer Processes,Mechanical Engineering,Physics and Astronomy (all),-,-,-,-,-
Fluid Phase Equilibria,Journal,03783812,-,Elsevier B.V.,Netherlands,ENGLISH,Chemical Engineering (all),Physical and Theoretical Chemistry,Physics and Astronomy (all),-,-,-,-,-
Food Additives and Contaminants - Part A,Journal,19440049,19440057,Taylor and Francis Ltd.,United Kingdom,ENGLISH,Food Science,Chemistry (all),"Health, Toxicology and Mutagenesis","Public Health, Environmental and Occupational Health",Toxicology,-,-,-
Food Additives and Contaminants: Part B Surveillance,Journal,19393210,19393229,Taylor and Francis Ltd.,United Kingdom,ENGLISH,Food Science,"Public Health, Environmental and Occupational Health",Toxicology,-,-,-,-,-
Food Analytical Methods,Journal,19369751,1936976X,Springer,United States,ENGLISH,Food Science,Analytical Chemistry,"Safety, Risk, Reliability and Quality",Applied Microbiology and Biotechnology,Safety Research,-,-,-
Food and Bioprocess Technology,Journal,19355130,19355149,Springer,United States,ENGLISH,Food Science,Process Chemistry and Technology,Industrial and Manufacturing Engineering,"Safety, Risk, Reliability and Quality",-,-,-,-
Food and Bioproducts Processing,Journal,09603085,17443571,Institution of Chemical Engineers,United Kingdom,ENGLISH,Food Science,Biochemistry,Biotechnology,Chemical Engineering (all),-,-,-,-
Food and Fermentation Industries,Journal,0253990X,-,China National Research Institute of Food and Fermentation Industries Co. Ltd,China,CHINESE,Food Science,Applied Microbiology and Biotechnology,-,-,-,-,-,-
Food and Function,Journal,20426496,2042650X,Royal Society of Chemistry,United Kingdom,ENGLISH,Food Science,-,-,-,-,-,-,-
Food Bioengineering,Journal,-,27702081,John Wiley and Sons Inc,United States,ENGLISH,Food Science,Biotechnology,Bioengineering,Applied Microbiology and Biotechnology,-,-,-,-
Food Biophysics,Journal,15571858,15571866,Springer,United States,ENGLISH,Food Science,Biophysics,Bioengineering,Analytical Chemistry,Applied Microbiology and Biotechnology,-,-,-
Food Biotechnology,Journal,08905436,15324249,Taylor and Francis Ltd.,United States,ENGLISH,Food Science,Biotechnology,Applied Microbiology and Biotechnology,-,-,-,-,-
Food Chemistry,Journal,03088146,18737072,Elsevier Ltd,United Kingdom,ENGLISH,Food Science,Analytical Chemistry,-,-,-,-,-,-
Food Chemistry: X,Journal,-,25901575,Elsevier Ltd,United Kingdom,ENGLISH,Food Science,Analytical Chemistry,-,-,-,-,-,-
Food Engineering Reviews,Journal,18667910,18667929,Springer,United States,ENGLISH,Industrial and Manufacturing Engineering,-,-,-,-,-,-,-
Food Frontiers,Journal,-,26438429,John Wiley and Sons Inc,United States,ENGLISH,Food Science,-,-,-,-,-,-,-
Food Hydrocolloids,Journal,0268005X,-,Elsevier B.V.,Netherlands,ENGLISH,Food Science,Chemical Engineering (all),Chemistry (all),-,-,-,-,-
"Food Production, Processing and Nutrition",Journal,-,26618974,BioMed Central Ltd,United Kingdom,ENGLISH,Food Science,"Public Health, Environmental and Occupational Health",Nutrition and Dietetics,-,-,-,-,-
Food Research International,Journal,09639969,18737145,Elsevier Ltd,United Kingdom,ENGLISH,Food Science,-,-,-,-,-,-,-
Food Reviews International,Journal,87559129,15256103,Taylor and Francis Ltd.,United States,ENGLISH,Food Science,Chemical Engineering (all),-,-,-,-,-,-
Food Science and Biotechnology,Journal,12267708,20926456,The Korean Society of Food Science and Technology,South Korea,ENGLISH,Food Science,Biotechnology,Applied Microbiology and Biotechnology,-,-,-,-,-
Food Science and Technology (London),Journal,14753324,-,Excel publishing company,United Kingdom,ENGLISH,Food Science,-,-,-,-,-,-,-
Food Science and Technology International,Journal,10820132,15321738,SAGE Publications Inc.,United States,ENGLISH,Food Science,Chemical Engineering (all),Industrial and Manufacturing Engineering,-,-,-,-,-
Food Science and Technology Research,Journal,13446606,-,Japanese Society for Food Science and Technology,Switzerland,ENGLISH,Food Science,Biotechnology,Marketing,Chemical Engineering (all),Industrial and Manufacturing Engineering,-,-,-
Food Technology and Biotechnology,Journal,13309862,13342606,University of Zagreb,Croatia,ENGLISH,Food Science,Biotechnology,Chemical Engineering (all),Industrial and Manufacturing Engineering,-,-,-,-
Footwear Science,Journal,19424280,19424299,Taylor and Francis Ltd.,United Kingdom,ENGLISH,Biophysics,Biomedical Engineering,Orthopedics and Sports Medicine,Human Factors and Ergonomics,"Physical Therapy, Sports Therapy and Rehabilitation",-,-,-
Forensic Science International: Digital Investigation,Journal,26662825,26662817,Elsevier Ltd,United Kingdom,ENGLISH,Computer Science Applications,Information Systems,Pathology and Forensic Medicine,Law,Medical Laboratory Technology,-,-,-
Forest Ecology and Management,Journal,03781127,-,Elsevier B.V.,Netherlands,ENGLISH,Forestry,"Management, Monitoring, Policy and Law",Nature and Landscape Conservation,-,-,-,-,-
Forest Policy and Economics,Journal,13899341,-,Elsevier B.V.,Netherlands,ENGLISH,Forestry,Economics and Econometrics,"Management, Monitoring, Policy and Law",Sociology and Political Science,-,-,-,-
Forest Products Journal,Journal,00157473,-,Forest Products Society,United States,ENGLISH,Forestry,Plant Science,Materials Science (all),-,-,-,-,-
Forest Science,Journal,0015749X,19383738,Springer International Publishing,Switzerland,ENGLISH,Forestry,Ecological Modeling,Ecology,-,-,-,-,-
Forestry Chronicle,Journal,00157546,-,Canadian Institute of Forestry,Canada,ENGLISH,Forestry,-,-,-,-,-,-,-
Forestry Studies,Journal,14069954,17368723,Paradigm Publishing Services,Poland,ENGLISH,Forestry,-,-,-,-,-,-,-
Forests,Journal,-,19994907,Multidisciplinary Digital Publishing Institute (MDPI),Switzerland,ENGLISH,Forestry,-,-,-,-,-,-,-
Formal Aspects of Computing,Journal,09345043,1433299X,Association for Computing Machinery,United States,ENGLISH,Software,Theoretical Computer Science,-,-,-,-,-,-
"Formal Methods in Computer-Aided Design, FMCAD",Journal,-,27087824,Institute of Electrical and Electronics Engineers Inc.,United States,ENGLISH,Computer Science (miscellaneous),Artificial Intelligence,Computer Graphics and Computer-Aided Design,Hardware and Architecture,-,-,-,-
Formal Methods in System Design,Journal,09259856,15728102,Springer,United States,ENGLISH,Hardware and Architecture,Software,Theoretical Computer Science,-,-,-,-,-
Forschung im Ingenieurwesen/Engineering Research,Journal,00157899,14340860,Springer Vieweg,Germany,ENGLISH/GERMAN,Engineering (all),-,-,-,-,-,-,-
Foundations and Trends in Communications and Information Theory,Journal,15672190,15672328,Now Publishers Inc,United States,ENGLISH,Computer Networks and Communications,Applied Mathematics,-,-,-,-,-,-
Foundations and Trends in Computer Graphics and Vision,Journal,15722740,15722759,Now Publishers Inc,United States,ENGLISH,Computer Vision and Pattern Recognition,-,-,-,-,-,-,-
Foundations and Trends in Databases,Journal,19317883,19317891,Now Publishers Inc,United States,ENGLISH,Computer Science (all),-,-,-,-,-,-,-
Foundations and Trends in Electronic Design Automation,Journal,15513939,15513947,Now Publishers Inc,United States,ENGLISH,Computer Graphics and Computer-Aided Design,Hardware and Architecture,-,-,-,-,-,-
Foundations and Trends in Human-Computer Interaction,Journal,15513955,15513963,Now Publishers Inc,United States,ENGLISH,Computer Science Applications,Human-Computer Interaction,-,-,-,-,-,-
Foundations and Trends in Information Retrieval,Journal,15540669,15540677,Now Publishers Inc,United States,ENGLISH,Computer Science (miscellaneous),Information Systems,-,-,-,-,-,-
Foundations and Trends in Machine Learning,Journal,19358237,19358245,Now Publishers Inc,United States,ENGLISH,Artificial Intelligence,Human-Computer Interaction,Software,-,-,-,-,-
Foundations and Trends in Signal Processing,Journal,19328346,19328354,Now Publishers Inc,United States,ENGLISH,Signal Processing,-,-,-,-,-,-,-
Foundations and Trends in Systems and Control,Journal,23256818,23256826,Now Publishers Inc,United States,ENGLISH,Control and Systems Engineering,Control and Optimization,-,-,-,-,-,-
"Foundations and Trends in Technology, Information and Operations Management",Journal,15719545,-,Now Publishers Inc,United States,ENGLISH,Management Science and Operations Research,-,-,-,-,-,-,-
Foundations and Trends in Theoretical Computer Science,Journal,1551305X,15513068,Now Publishers Inc,United States,ENGLISH,Theoretical Computer Science,-,-,-,-,-,-,-
Foundations of Computational Mathematics,Journal,16153375,16153383,Springer,United States,ENGLISH,Computational Theory and Mathematics,Analysis,Applied Mathematics,Computational Mathematics,-,-,-,-
Foundations of Computing and Decision Sciences,Journal,08676356,23003405,Paradigm Publishing Services,Poland,ENGLISH,Computer Science (all),Theoretical Computer Science,-,-,-,-,-,-
Foundations of Science,Journal,12331821,15728471,Springer Science and Business Media B.V.,Netherlands,ENGLISH,Multidisciplinary,History and Philosophy of Science,-,-,-,-,-,-
Fractals,Journal,0218348X,17936543,World Scientific,Singapore,ENGLISH,Multidisciplinary,Computer Science (all),Engineering (all),Applied Mathematics,Geometry and Topology,Modeling and Simulation,Medicine (all),-
Fracture and Structural Integrity,Journal,-,19718993,Gruppo Italiano Frattura,Italy,ENGLISH/ITALIAN,Civil and Structural Engineering,Mechanical Engineering,Mechanics of Materials,-,-,-,-,-
Franklin Open,Journal,27731871,27731863,Elsevier B.V.,Netherlands,ENGLISH,Electrical and Electronic Engineering,-,-,-,-,-,-,-
Frequenz,Journal,00161136,21916349,Walter de Gruyter GmbH,Germany,ENGLISH,Electrical and Electronic Engineering,-,-,-,-,-,-,-
Friction,Journal,22237690,22237704,Tsinghua University Press,China,ENGLISH,Mechanical Engineering,"Surfaces, Coatings and Films",-,-,-,-,-,-
Frontiers in Bioengineering and Biotechnology,Journal,-,22964185,Frontiers Media SA,Switzerland,ENGLISH,Biotechnology,Bioengineering,Biomedical Engineering,Histology,-,-,-,-
Frontiers in Computational Neuroscience,Journal,-,16625188,Frontiers Media SA,Switzerland,ENGLISH,Neuroscience (miscellaneous),Cellular and Molecular Neuroscience,-,-,-,-,-,-
Frontiers in Earth Science,Journal,-,22966463,Frontiers Media SA,Switzerland,ENGLISH,Earth and Planetary Sciences (all),-,-,-,-,-,-,-
Frontiers in Energy Research,Journal,-,2296598X,Frontiers Media SA,Switzerland,ENGLISH,Economics and Econometrics,Energy Engineering and Power Technology,Fuel Technology,"Renewable Energy, Sustainability and the Environment",-,-,-,-
Frontiers in Heat and Mass Transfer,Journal,-,21518629,Tech Science Press,United States,ENGLISH,Engineering (all),Materials Science (all),Physics and Astronomy (all),-,-,-,-,-
Frontiers in Materials,Journal,-,22968016,Frontiers Media SA,Switzerland,ENGLISH,Materials Science (all),Materials Science (miscellaneous),-,-,-,-,-,-
Frontiers in Mechanical Engineering,Journal,-,22973079,Frontiers Media SA,Switzerland,ENGLISH,Computer Science Applications,Industrial and Manufacturing Engineering,Mechanical Engineering,Materials Science (all),-,-,-,-
Frontiers in Neurorobotics,Journal,-,16625218,Frontiers Media SA,Switzerland,ENGLISH,Artificial Intelligence,Biomedical Engineering,-,-,-,-,-,-
Frontiers in Physics,Journal,-,2296424X,Frontiers Media SA,Switzerland,ENGLISH,Biophysics,Physical and Theoretical Chemistry,Materials Science (miscellaneous),Mathematical Physics,Physics and Astronomy (all),-,-,-
Frontiers of Architectural Research,Journal,20952635,20952643,KeAi Communications Co.,China,ENGLISH,Building and Construction,Architecture,Archeology,Urban Studies,-,-,-,-
Frontiers of Computer Science,Journal,20952228,20952236,Higher Education Press Limited Company,China,ENGLISH,Computer Science (all),Theoretical Computer Science,-,-,-,-,-,-
Frontiers of Information Technology and Electronic Engineering,Journal,20959184,20959230,Institute of Electrical and Electronics Engineers Inc.,United States,ENGLISH,Computer Networks and Communications,Hardware and Architecture,Signal Processing,Engineering (all),Electrical and Electronic Engineering,-,-,-
Frontiers of Optoelectronics,Journal,20952759,20952767,Higher Education Press Limited Company,China,ENGLISH,Electrical and Electronic Engineering,"Electronic, Optical and Magnetic Materials",-,-,-,-,-,-
Fuel,Journal,00162361,-,Elsevier Ltd,United Kingdom,ENGLISH,Chemical Engineering (all),Organic Chemistry,Energy Engineering and Power Technology,Fuel Technology,-,-,-,-
Fuel Cells,Journal,16156846,16156854,John Wiley and Sons Ltd,United Kingdom,ENGLISH,Energy Engineering and Power Technology,"Renewable Energy, Sustainability and the Environment",-,-,-,-,-,-
Fuel Processing Technology,Journal,03783820,-,Elsevier B.V.,Netherlands,ENGLISH,Chemical Engineering (all),Energy Engineering and Power Technology,Fuel Technology,-,-,-,-,-
Fuels,Journal,-,26733994,Multidisciplinary Digital Publishing Institute (MDPI),Switzerland,ENGLISH,Catalysis,Process Chemistry and Technology,Economics and Econometrics,Energy Engineering and Power Technology,Fuel Technology,"Renewable Energy, Sustainability and the Environment",-,-
Fuels and Lubes International,Journal,01179470,25236520,F and L Asia Inc.,Philippines,ENGLISH,Economics and Econometrics,Fuel Technology,"Renewable Energy, Sustainability and the Environment",-,-,-,-,-
Fuhe Cailiao Xuebao/Acta Materiae Compositae Sinica,Journal,10003851,-,Beijing University of Aeronautics and Astronautics (BUAA),China,CHINESE,Chemistry (all),Mechanics of Materials,Ceramics and Composites,Condensed Matter Physics,-,-,-,-
Fullerenes Nanotubes and Carbon Nanostructures,Journal,1536383X,15364046,Taylor and Francis Ltd.,United States,ENGLISH,Organic Chemistry,Physical and Theoretical Chemistry,Materials Science (all),"Atomic and Molecular Physics, and Optics",-,-,-,-
Functional Composites and Structures,Journal,-,26316331,Institute of Physics,United Kingdom,ENGLISH,Mechanics of Materials,Materials Science (miscellaneous),Ceramics and Composites,"Electronic, Optical and Magnetic Materials",-,-,-,-
Functional Materials,Journal,10275495,22182993,Scientific and Technological Corporation,Ukraine,ENGLISH,Materials Science (all),-,-,-,-,-,-,-
Functional Materials Letters,Journal,17936047,17937213,World Scientific,Singapore,ENGLISH,Materials Science (all),-,-,-,-,-,-,-
Fundamenta Informaticae,Journal,01692968,-,SAGE Publications Ltd,United Kingdom,ENGLISH,Computational Theory and Mathematics,Information Systems,Algebra and Number Theory,Theoretical Computer Science,-,-,-,-
Funtai Oyobi Fummatsu Yakin/Journal of the Japan Society of Powder and Powder Metallurgy,Journal,05328799,18809014,Journal of the Japan Society of Powder and Powder Metallurgy,Japan,JAPANESE,Industrial and Manufacturing Engineering,Mechanical Engineering,Materials Chemistry,Metals and Alloys,-,-,-,-
Fusion Engineering and Design,Journal,09203796,-,Elsevier Ltd,United Kingdom,ENGLISH,Nuclear Energy and Engineering,Civil and Structural Engineering,Mechanical Engineering,Materials Science (all),-,-,-,-
Fusion Science and Technology,Journal,15361055,19437641,Taylor and Francis Ltd.,United States,ENGLISH,Nuclear Energy and Engineering,Civil and Structural Engineering,Mechanical Engineering,Materials Science (all),Nuclear and High Energy Physics,-,-,-
Future Generation Computer Systems,Journal,0167739X,-,Elsevier B.V.,Netherlands,ENGLISH,Computer Networks and Communications,Hardware and Architecture,Software,-,-,-,-,-
Future Internet,Journal,-,19995903,Multidisciplinary Digital Publishing Institute (MDPI),Switzerland,ENGLISH,Computer Networks and Communications,-,-,-,-,-,-,-
Fuzzy Optimization and Decision Making,Journal,15684539,15732908,Springer,United States,ENGLISH,Artificial Intelligence,Software,Logic,-,-,-,-,-
Fuzzy Sets and Systems,Journal,01650114,-,Elsevier B.V.,Netherlands,ENGLISH,Artificial Intelligence,Logic,-,-,-,-,-,-
GAMM Mitteilungen,Journal,09367195,15222608,John Wiley and Sons Inc,Germany,ENGLISH,Materials Science (all),Applied Mathematics,Physics and Astronomy (all),-,-,-,-,-
Gao Xiao Hua Xue Gong Cheng Xue Bao/Journal of Chemical Engineering of Chinese Universities,Journal,10039015,-,Zhejiang University,China,CHINESE,Chemical Engineering (all),-,-,-,-,-,-,-
Gaodeng Xuexiao Huaxue Xuebao/Chemical Journal of Chinese Universities,Journal,02510790,-,Higher Education Press Limited Company,China,CHINESE,Chemistry (all),-,-,-,-,-,-,-
Gaodianya Jishu/High Voltage Engineering,Journal,10036520,-,Science Press,China,CHINESE,Energy Engineering and Power Technology,Electrical and Electronic Engineering,-,-,-,-,-,-
Gaofenzi Cailiao Kexue Yu Gongcheng/Polymeric Materials Science and Engineering,Journal,10007555,-,Sichuan University,China,CHINESE,Process Chemistry and Technology,Polymers and Plastics,-,-,-,-,-,-
Gas Science and Engineering,Journal,29499097,29499089,Elsevier B.V.,Netherlands,ENGLISH,Chemical Engineering (all),Geotechnical Engineering and Engineering Geology,Energy Engineering and Power Technology,Fuel Technology,-,-,-,-
Gazi University Journal of Science,Journal,13039709,21471762,Gazi Universitesi,Turkey,ENGLISH,Multidisciplinary,Engineering (all),-,-,-,-,-,-
GCB Bioenergy,Journal,17571693,17571707,John Wiley and Sons Inc,United Kingdom,ENGLISH,Agronomy and Crop Science,Forestry,"Renewable Energy, Sustainability and the Environment",Waste Management and Disposal,-,-,-,-
Gefahrstoffe Reinhaltung der Luft,Journal,09498036,-,VDI Fachmedien GmBH & Co. KG,Germany,GERMAN,"Health, Toxicology and Mutagenesis","Management, Monitoring, Policy and Law",Pollution,-,-,-,-,-
GEM - International Journal on Geomathematics,Journal,18692672,18692680,Springer Science and Business Media Deutschland GmbH,Germany,ENGLISH,Earth and Planetary Sciences (all),Modeling and Simulation,-,-,-,-,-,-
Genetic Engineering and Biotechnology News,Journal,1935472X,19378661,SAGE Publications Ltd,United States,ENGLISH,Biotechnology,Management of Technology and Innovation,Bioengineering,Biomedical Engineering,-,-,-,-
Genetic Programming and Evolvable Machines,Journal,13892576,15737632,Springer,United States,ENGLISH,Artificial Intelligence,Computer Science Applications,Hardware and Architecture,Software,Theoretical Computer Science,-,-,-
Geochemistry International,Journal,00167029,15561968,Pleiades Publishing,Russian Federation,ENGLISH,Geochemistry and Petrology,Geophysics,-,-,-,-,-,-
"Geochemistry, Geophysics, Geosystems",Journal,-,15252027,John Wiley and Sons Inc,United Kingdom,ENGLISH,Geochemistry and Petrology,Geophysics,-,-,-,-,-,-
"Geochemistry: Exploration, Environment, Analysis",Journal,14677873,-,Geological Society of London,United Kingdom,ENGLISH,Chemistry (all),Earth and Planetary Sciences (all),Geochemistry and Petrology,Environmental Science (all),-,-,-,-
Geodata and AI,Journal,-,3050483X,Elsevier B.V.,Netherlands,ENGLISH,Computer Vision and Pattern Recognition,-,-,-,-,-,-,-
Geoderma,Journal,00167061,18726259,Elsevier B.V.,Netherlands,ENGLISH,Soil Science,-,-,-,-,-,-,-
Geodesy and Geodynamics,Journal,16749847,25890573,KeAi Communications Co.,China,ENGLISH,Computers in Earth Sciences,Earth-Surface Processes,Geophysics,-,-,-,-,-
Geoenergy Science and Engineering,Journal,-,29498910,Elsevier B.V.,Netherlands,ENGLISH,Geotechnical Engineering and Engineering Geology,Energy (miscellaneous),Energy Engineering and Power Technology,"Renewable Energy, Sustainability and the Environment",-,-,-,-
GeoInformatica,Journal,13846175,15737624,Springer Science and Business Media B.V.,Netherlands,ENGLISH,Information Systems,"Geography, Planning and Development",-,-,-,-,-,-
GeoJournal ,Journal,03432521,15729893,Springer Science and Business Media Deutschland GmbH,Russian Federation,ENGLISH,"Geography, Planning and Development",-,-,-,-,-,-,-
Geological Magazine,Journal,00167568,14695081,Cambridge University Press,United Kingdom,ENGLISH,Geology,-,-,-,-,-,-,-
Geology,Journal,00917613,19432682,Geological Society of America,United States,ENGLISH,Geology,-,-,-,-,-,-,-
Geology of Ore Deposits,Journal,10757015,15556476,Pleiades Publishing,Russian Federation,ENGLISH,Economic Geology,Geochemistry and Petrology,Geology,-,-,-,-,-
Geo-Marine Letters,Journal,02760460,14321157,Springer Science and Business Media Deutschland GmbH,Switzerland,ENGLISH,Earth and Planetary Sciences (miscellaneous),Geotechnical Engineering and Engineering Geology,Oceanography,Environmental Science (miscellaneous),-,-,-,-
Geomatica,Journal,11951036,19254296,Elsevier B.V.,Netherlands,ENGLISH,Earth-Surface Processes,"Geography, Planning and Development",-,-,-,-,-,-
"Geomatics, Natural Hazards and Risk",Journal,19475705,19475713,Taylor and Francis Ltd.,United Kingdom,ENGLISH,Earth and Planetary Sciences (all),Environmental Science (all),-,-,-,-,-,-
Geomechanics and Engineering,Journal,2005307X,20926219,Techno-Press,South Korea,ENGLISH,Geotechnical Engineering and Engineering Geology,Civil and Structural Engineering,-,-,-,-,-,-
Geomechanics and Geophysics for Geo-Energy and Geo-Resources,Journal,23638419,23638427,Springer Science and Business Media Deutschland GmbH,Switzerland,ENGLISH,Economic Geology,Geophysics,Geotechnical Engineering and Engineering Geology,Energy (all),-,-,-,-
Geomechanics for Energy and the Environment,Journal,-,23523808,Elsevier Ltd,United Kingdom,ENGLISH,Computers in Earth Sciences,Geotechnical Engineering and Engineering Geology,"Safety, Risk, Reliability and Quality",-,-,-,-,-
Geomechanik und Tunnelbau,Journal,18657362,18657389,Ernst und Sohn,Germany,ENGLISH/GERMAN,Geotechnical Engineering and Engineering Geology,Civil and Structural Engineering,-,-,-,-,-,-
Geophysical and Astrophysical Fluid Dynamics,Journal,03091929,10290419,Taylor and Francis Ltd.,United Kingdom,ENGLISH,Geochemistry and Petrology,Geophysics,Computational Mechanics,Mechanics of Materials,Astronomy and Astrophysics,-,-,-
Geophysical Journal International,Journal,0956540X,1365246X,Oxford University Press,United Kingdom,ENGLISH,Geochemistry and Petrology,Geophysics,-,-,-,-,-,-
Geophysical Prospecting,Journal,00168025,13652478,John Wiley and Sons Inc,United Kingdom,ENGLISH,Geochemistry and Petrology,Geophysics,-,-,-,-,-,-
Geophysical Research Letters,Journal,00948276,19448007,John Wiley and Sons Inc,United Kingdom,ENGLISH,Earth and Planetary Sciences (all),Geophysics,-,-,-,-,-,-
Geophysics,Journal,00168033,19422156,Society of Exploration Geophysicists,United States,ENGLISH,Geochemistry and Petrology,Geophysics,-,-,-,-,-,-
Geoscience Canada,Journal,03150941,19114850,Geological Association of Canada,Canada,ENGLISH,Earth and Planetary Sciences (all),-,-,-,-,-,-,-
"Geoscientific Instrumentation, Methods and Data Systems",Journal,21930856,21930864,Copernicus Publications,Germany,ENGLISH,Atmospheric Science,Geology,Oceanography,-,-,-,-,-
Geo-Spatial Information Science,Journal,10095020,-,Taylor and Francis Ltd.,United Kingdom,ENGLISH,Computers in Earth Sciences,"Geography, Planning and Development",-,-,-,-,-,-
Geosphere,Journal,-,1553040X,Geological Society of America,United States,ENGLISH,Geology,Stratigraphy,-,-,-,-,-,-
Geostandards and Geoanalytical Research,Journal,16394488,1751908X,John Wiley and Sons Inc,United Kingdom,ENGLISH,Geochemistry and Petrology,Geology,-,-,-,-,-,-
Geosynthetics International,Journal,10726349,17517613,Emerald Publishing,United Kingdom,ENGLISH,Geotechnical Engineering and Engineering Geology,Civil and Structural Engineering,-,-,-,-,-,-
Geosystem Engineering,Journal,12269328,21663394,Taylor and Francis Ltd.,United Kingdom,ENGLISH,Environmental Engineering,Pollution,Waste Management and Disposal,-,-,-,-,-
Geotechnical and Geological Engineering,Journal,09603182,15731529,Springer Science and Business Media Deutschland GmbH,Switzerland,ENGLISH,Soil Science,Geology,Geotechnical Engineering and Engineering Geology,Architecture,-,-,-,-
Geotechnical Engineering,Journal,00465828,-,Southeast Asian Geotechnical Society,Thailand,ENGLISH,Geotechnical Engineering and Engineering Geology,Civil and Structural Engineering,-,-,-,-,-,-
Geotechnical Research,Journal,-,20526156,Emerald Publishing,United Kingdom,ENGLISH,Earth and Planetary Sciences (miscellaneous),Geotechnical Engineering and Engineering Geology,-,-,-,-,-,-
Geotechnical Testing Journal,Journal,01496115,-,ASTM International,United States,ENGLISH,Geotechnical Engineering and Engineering Geology,-,-,-,-,-,-,-
Geotechnique,Journal,00168505,17517656,Emerald Publishing,United Kingdom,ENGLISH,Earth and Planetary Sciences (miscellaneous),Geotechnical Engineering and Engineering Geology,-,-,-,-,-,-
Geotechnique Letters,Journal,-,20452543,Emerald Publishing,United Kingdom,ENGLISH,Earth and Planetary Sciences (miscellaneous),Atmospheric Science,Geotechnical Engineering and Engineering Geology,-,-,-,-,-
Geotectonica et Metallogenia,Journal,10011552,20959508,Science Press,China,CHINESE,Geology,-,-,-,-,-,-,-
Geotextiles and Geomembranes,Journal,02661144,-,Elsevier Ltd,United Kingdom,ENGLISH,Geotechnical Engineering and Engineering Geology,Civil and Structural Engineering,Materials Science (all),-,-,-,-,-
Geothermal Energy,Journal,-,21959706,Springer Science and Business Media Deutschland GmbH,Germany,ENGLISH,Economic Geology,Geotechnical Engineering and Engineering Geology,"Renewable Energy, Sustainability and the Environment",-,-,-,-,-
Geothermics,Journal,03756505,-,Elsevier Ltd,United Kingdom,ENGLISH,Geology,Geotechnical Engineering and Engineering Geology,"Renewable Energy, Sustainability and the Environment",-,-,-,-,-
Glass and Ceramics (English translation of Steklo i Keramika),Journal,03617610,15738515,Springer,United States,ENGLISH,Mechanics of Materials,Ceramics and Composites,Materials Chemistry,-,-,-,-,-
Glass Physics and Chemistry,Journal,10876596,1608313X,Pleiades Publishing,Russian Federation,ENGLISH,Ceramics and Composites,Materials Chemistry,Condensed Matter Physics,-,-,-,-,-
Glass Structures and Engineering,Journal,23635142,23635150,Springer Science and Business Media Deutschland GmbH,Switzerland,ENGLISH,Civil and Structural Engineering,Building and Construction,Architecture,-,-,-,-,-
Glass Technology: European Journal of Glass Science and Technology Part A,Journal,17533546,17533554,Society of Glass Technology,United Kingdom,ENGLISH,Ceramics and Composites,Materials Chemistry,-,-,-,-,-,-
Global and Planetary Change,Journal,09218181,-,Elsevier B.V.,Netherlands,ENGLISH,Oceanography,Global and Planetary Change,-,-,-,-,-,-
Global Energy Interconnection,Journal,20965117,25900358,KeAi Publishing Communications Ltd.,China,ENGLISH,Energy Engineering and Power Technology,"Renewable Energy, Sustainability and the Environment",Automotive Engineering,Control and Systems Engineering,Electrical and Electronic Engineering,-,-,-
Global Networks,Journal,14702266,14710374,John Wiley and Sons Inc,United Kingdom,ENGLISH,Social Sciences (all),-,-,-,-,-,-,-
Gongcheng Kexue Xuebao/Chinese Journal of Engineering,Journal,20959389,-,Science Press,China,CHINESE,Engineering (all),-,-,-,-,-,-,-
Gongcheng Kexue Yu Jishu/Advanced Engineering Sciences,Journal,20963246,-,Sichuan University,China,CHINESE,Engineering (all),-,-,-,-,-,-,-
Gongcheng Lixue/Engineering Mechanics,Journal,10004750,-,Tsinghua University,China,CHINESE,Mechanical Engineering,Mechanics of Materials,-,-,-,-,-,-
GPS Solutions,Journal,10805370,15211886,Springer Science and Business Media Deutschland GmbH,Germany,ENGLISH,Earth and Planetary Sciences (all),-,-,-,-,-,-,-
Grain and Oil Science and Technology,Journal,20964501,25902598,KeAi Communications Co.,China,ENGLISH,Food Science,Insect Science,Bioengineering,Applied Microbiology and Biotechnology,-,-,-,-
Granular Matter,Journal,14345021,14347636,Springer Science and Business Media Deutschland GmbH,Germany,ENGLISH,Mechanics of Materials,Materials Science (all),Physics and Astronomy (all),-,-,-,-,-
Graphical Models,Journal,15240703,15240711,Elsevier Inc.,United States,ENGLISH,Computer Graphics and Computer-Aided Design,Software,Geometry and Topology,Modeling and Simulation,-,-,-,-
Grasas y Aceites,Journal,00173495,19884214,CSIC Consejo Superior de Investigaciones Cientificas,Spain,SPANISH,Food Science,Organic Chemistry,-,-,-,-,-,-
Green Chemical Engineering,Journal,20969147,26669528,KeAi Communications Co.,China,ENGLISH,Biochemistry,Chemical Engineering (miscellaneous),Bioengineering,Catalysis,Filtration and Separation,Process Chemistry and Technology,-,-
Green Chemistry,Journal,14639262,14639270,Royal Society of Chemistry,United Kingdom,ENGLISH,Environmental Chemistry,Pollution,-,-,-,-,-,-
Green Energy and Environment,Journal,20962797,24680257,KeAi Publishing Communications Ltd.,China,ENGLISH,"Renewable Energy, Sustainability and the Environment",-,-,-,-,-,-,-
Green Energy and Intelligent Transportation,Journal,20972512,27731537,Elsevier B.V.,Netherlands,ENGLISH,Engineering (miscellaneous),-,-,-,-,-,-,-
Green Energy and Resources,Journal,-,29497205,Elsevier B.V.,Netherlands,ENGLISH,"Renewable Energy, Sustainability and the Environment",Environmental Science (miscellaneous),-,-,-,-,-,-
Green Materials,Journal,20491220,20491239,Emerald Publishing,United Kingdom,ENGLISH,Pollution,Materials Chemistry,Polymers and Plastics,-,-,-,-,-
Green Processing and Synthesis,Journal,21919542,21919550,Walter de Gruyter GmbH,Germany,ENGLISH,Chemical Engineering (all),Fuel Technology,"Renewable Energy, Sustainability and the Environment",Industrial and Manufacturing Engineering,Environmental Chemistry,"Health, Toxicology and Mutagenesis",-,-
Green Technologies and Sustainability,Journal,-,29497361,KeAi Communications Co.,China,ENGLISH,Energy (miscellaneous),"Renewable Energy, Sustainability and the Environment",Engineering (miscellaneous),Environmental Science (miscellaneous),Ecology,-,-,-
Greenhouse Gases: Science and Technology,Journal,-,21523878,John Wiley and Sons Inc,United Kingdom,ENGLISH,Environmental Chemistry,Environmental Engineering,-,-,-,-,-,-
Grey Systems,Journal,20439377,20439385,Emerald Publishing,United Kingdom,ENGLISH,Computer Science (all),Control and Systems Engineering,Applied Mathematics,-,-,-,-,-
Groundwater,Journal,0017467X,17456584,John Wiley and Sons Inc,United Kingdom,ENGLISH,Computers in Earth Sciences,Water Science and Technology,-,-,-,-,-,-
Groundwater for Sustainable Development,Journal,-,2352801X,Elsevier B.V.,Netherlands,ENGLISH,Environmental Chemistry,Environmental Engineering,Water Science and Technology,"Geography, Planning and Development",-,-,-,-
Groundwater Monitoring and Remediation,Journal,10693629,17456592,John Wiley and Sons Inc,United Kingdom,ENGLISH,Civil and Structural Engineering,Water Science and Technology,-,-,-,-,-,-
"Groups, Complexity, Cryptology",Journal,18671144,18696104,Episciences,United States,ENGLISH,Computational Theory and Mathematics,Computer Networks and Communications,Applied Mathematics,Computational Mathematics,-,-,-,-
Guang Pu Xue Yu Guang Pu Fen Xi/Spectroscopy and Spectral Analysis,Journal,10000593,-,Editorial Office of Spectroscopy and Spectral Analysis,China,CHINESE,Spectroscopy,Instrumentation,-,-,-,-,-,-
Guangxue Jingmi Gongcheng/Optics and Precision Engineering,Journal,1004924X,-,Chinese Academy of Sciences,China,CHINESE/ENGLISH,"Electronic, Optical and Magnetic Materials","Atomic and Molecular Physics, and Optics",-,-,-,-,-,-
Guangxue Xuebao/Acta Optica Sinica,Journal,02532239,-,Chinese Laser Press,China,CHINESE,"Electronic, Optical and Magnetic Materials","Atomic and Molecular Physics, and Optics",-,-,-,-,-,-
Guangzi Xuebao/Acta Photonica Sinica,Journal,10044213,-,Chinese Optical Society,China,CHINESE,"Atomic and Molecular Physics, and Optics",-,-,-,-,-,-,-
Guofang Keji Daxue Xuebao/Journal of National University of Defense Technology,Journal,10012486,-,National University of Defense Technology,China,CHINESE,Electrical and Electronic Engineering,Mechanical Engineering,Materials Science (all),Modeling and Simulation,-,-,-,-
Gyroscopy and Navigation,Journal,20751087,20751109,Pleiades Publishing,Russian Federation,ENGLISH,Computer Science (all),Control and Systems Engineering,Electrical and Electronic Engineering,-,-,-,-,-
Hangkong Dongli Xuebao/Journal of Aerospace Power,Journal,10008055,-,Beijing University of Aeronautics and Astronautics (BUAA),China,CHINESE,Aerospace Engineering,Applied Mathematics,-,-,-,-,-,-
Hangkong Xuebao/Acta Aeronautica et Astronautica Sinica,Journal,10006893,-,Chinese Society of Astronautics,China,ENGLISH,Space and Planetary Science,Aerospace Engineering,Applied Mathematics,Modeling and Simulation,-,-,-,-
Hangkong Zhizao Jishu/Aeronautical Manufacturing Technology,Journal,1671833X,-,Aeronautical Manufacturing Technology Magazine Office,China,CHINESE,Aerospace Engineering,-,-,-,-,-,-,-
Hanjie Xuebao/Transactions of the China Welding Institution,Journal,0253360X,-,Harbin Research Institute of Welding,China,CHINESE,Mechanical Engineering,Mechanics of Materials,-,-,-,-,-,-
Hanneng Cailiao/Chinese Journal of Energetic Materials,Journal,10069941,-,"Institute of Chemical Materials, China Academy of Engineering Physics",China,CHINESE,Chemistry (all),Industrial and Manufacturing Engineering,Mechanical Engineering,Materials Science (all),-,-,-,-
Harbin Gongcheng Daxue Xuebao/Journal of Harbin Engineering University,Journal,10067043,-,Editorial Board of Journal of Harbin Engineering,China,CHINESE,Chemical Engineering (all),Nuclear Energy and Engineering,Aerospace Engineering,Control and Systems Engineering,Mechanical Engineering,-,-,-
Harbin Gongye Daxue Xuebao/Journal of Harbin Institute of Technology,Journal,03676234,-,Harbin Institute of Technology,China,CHINESE,Engineering (all),-,-,-,-,-,-,-
HardwareX,Journal,-,24680672,Elsevier Ltd,United Kingdom,ENGLISH,Biomedical Engineering,Civil and Structural Engineering,Industrial and Manufacturing Engineering,Mechanical Engineering,Instrumentation,-,-,-
HBRC Journal,Journal,16874048,20909934,Housing And Building National Research Center,United Kingdom,ENGLISH,Geotechnical Engineering and Engineering Geology,Civil and Structural Engineering,Building and Construction,Architecture,Environmental Engineering,Materials Science (miscellaneous),Urban Studies,-
He Jishu/Nuclear Techniques,Journal,02533219,-,Science Press,China,CHINESE,Nuclear Energy and Engineering,Nuclear and High Energy Physics,Radiation,-,-,-,-,-
Healthcare Technology Letters,Journal,-,20533713,John Wiley and Sons Inc,United Kingdom,ENGLISH,Health Informatics,Health Information Management,-,-,-,-,-,-
Heat and Mass Transfer/Waerme- und Stoffuebertragung,Journal,09477411,14321181,Springer Science and Business Media Deutschland GmbH,Germany,ENGLISH,Fluid Flow and Transfer Processes,Condensed Matter Physics,-,-,-,-,-,-
Heat Transfer,Journal,26884534,26884542,John Wiley and Sons Inc,United States,ENGLISH,Fluid Flow and Transfer Processes,Condensed Matter Physics,-,-,-,-,-,-
Heat Transfer Engineering,Journal,01457632,15210537,Taylor and Francis Ltd.,United Kingdom,ENGLISH,Fluid Flow and Transfer Processes,Mechanical Engineering,Condensed Matter Physics,-,-,-,-,-
Heat Transfer Research,Journal,10642285,-,Begell House Inc.,United States,ENGLISH,Fluid Flow and Transfer Processes,Mechanical Engineering,Condensed Matter Physics,-,-,-,-,-
Hedongli Gongcheng/Nuclear Power Engineering,Journal,02580926,-,Atomic Energy Press,China,CHINESE,Nuclear Energy and Engineering,-,-,-,-,-,-,-
Helvetica Chimica Acta,Journal,0018019X,15222675,John Wiley and Sons Inc,United States,ENGLISH/GERMAN,Biochemistry,Catalysis,Inorganic Chemistry,Organic Chemistry,Physical and Theoretical Chemistry,Drug Discovery,-,-
Heron,Journal,00467316,15744078,TU Delft,Netherlands,ENGLISH,Civil and Structural Engineering,Building and Construction,Materials Science (all),-,-,-,-,-
High Energy Chemistry,Journal,00181439,16083148,Pleiades Publishing,Russian Federation,ENGLISH,Physical and Theoretical Chemistry,-,-,-,-,-,-,-
High Performance Polymers,Journal,09540083,13616412,SAGE Publications Ltd,United Kingdom,ENGLISH,Organic Chemistry,Materials Chemistry,Polymers and Plastics,-,-,-,-,-
High Power Laser Science and Engineering,Journal,20954719,20523289,Cambridge University Press,United Kingdom,ENGLISH,Nuclear Energy and Engineering,"Electronic, Optical and Magnetic Materials",Nuclear and High Energy Physics,"Atomic and Molecular Physics, and Optics",-,-,-,-
High Pressure Research,Journal,08957959,14772299,Taylor and Francis Ltd.,United Kingdom,ENGLISH,Condensed Matter Physics,-,-,-,-,-,-,-
High Technology Letters,Journal,10066748,-,Institute of Scientific and Technical Information of China,China,ENGLISH,Biotechnology,Information Systems,Energy (all),Control and Systems Engineering,Materials Science (all),-,-,-
High Temperature,Journal,0018151X,16083156,Pleiades Publishing,Russian Federation,ENGLISH,Engineering (all),Condensed Matter Physics,-,-,-,-,-,-
High Temperature Corrosion of Materials,Journal,-,27318400,Springer,United States,ENGLISH,Inorganic Chemistry,Materials Science (miscellaneous),Materials Chemistry,Metals and Alloys,-,-,-,-
High Temperature Material Processes,Journal,10933611,19404360,Begell House Inc.,United States,ENGLISH,Physical and Theoretical Chemistry,Spectroscopy,Energy Engineering and Power Technology,Engineering (all),Materials Science (all),Condensed Matter Physics,-,-
High Temperature Materials and Processes,Journal,03346455,21910324,Walter de Gruyter GmbH,United Kingdom,ENGLISH,Physical and Theoretical Chemistry,Mechanics of Materials,Materials Science (all),Condensed Matter Physics,-,-,-,-
High Temperatures - High Pressures,Journal,00181544,14723441,Old City Publishing,United States,ENGLISH,Physical and Theoretical Chemistry,Mechanics of Materials,Condensed Matter Physics,-,-,-,-,-
High Voltage,Journal,-,23977264,John Wiley and Sons Inc,United Kingdom,ENGLISH,Energy Engineering and Power Technology,Electrical and Electronic Engineering,-,-,-,-,-,-
High-Confidence Computing,Journal,-,26672952,Shandong University,China,ENGLISH,Computer Science (miscellaneous),Computational Theory and Mathematics,Computer Networks and Communications,Computer Science Applications,Hardware and Architecture,Software,-,-
HighTech and Innovation Journal,Journal,-,27239535,Ital Publication,Italy,ENGLISH,Computer Science (miscellaneous),Engineering (miscellaneous),-,-,-,-,-,-
Holzforschung,Journal,00183830,1437434X,Walter de Gruyter GmbH,Germany,ENGLISH/GERMAN,Biomaterials,-,-,-,-,-,-,-
Hongwai Yu Haomibo Xuebao/Journal of Infrared and Millimeter Waves,Journal,10019014,-,Chinese Optical Society,China,CHINESE,"Atomic and Molecular Physics, and Optics",-,-,-,-,-,-,-
Hsi-An Chiao Tung Ta Hsueh/Journal of Xi'an Jiaotong University,Journal,0253987X,-,Xi'an Jiaotong University,China,CHINESE,Engineering (all),-,-,-,-,-,-,-
Huagong Jinzhan/Chemical Industry and Engineering Progress,Journal,10006613,-,"Chemical Industry Press Co., Ltd.",China,CHINESE,Chemical Engineering (miscellaneous),Process Chemistry and Technology,-,-,-,-,-,-
Huagong Xuebao/CIESC Journal,Journal,04381157,-,Materials China,China,CHINESE,Chemical Engineering (all),Chemistry (all),-,-,-,-,-,-
Huanan Ligong Daxue Xuebao/Journal of South China University of Technology (Natural Science),Journal,1000565X,-,South China University of Technology,China,CHINESE,Engineering (all),-,-,-,-,-,-,-
Huanjing Kexue/Environmental Science,Journal,02503301,-,Science Press,China,CHINESE,Environmental Science (all),-,-,-,-,-,-,-
Huazhong Keji Daxue Xuebao (Ziran Kexue Ban)/Journal of Huazhong University of Science and Technology (Natural Science Edition),Journal,16714512,-,Huazhong University of Science and Technology,China,CHINESE,Computer Science (all),-,-,-,-,-,-,-
Human Factors,Journal,00187208,15478181,SAGE Publications Inc.,United States,ENGLISH,Behavioral Neuroscience,Applied Psychology,Human Factors and Ergonomics,-,-,-,-,-
Human Factors and Ergonomics in Manufacturing and Service Industries,Journal,-,15206564,John Wiley and Sons Inc,United States,ENGLISH,Industrial and Manufacturing Engineering,Human Factors and Ergonomics,-,-,-,-,-,-
Human Systems Management,Journal,01672533,-,SAGE Publications Ltd,United Kingdom,ENGLISH,"Business, Management and Accounting (all)",-,-,-,-,-,-,-
Human-centric Computing and Information Sciences,Journal,-,21921962,Korea Information Processing Society,Germany,ENGLISH,Computer Science (all),-,-,-,-,-,-,-
Human-Centric Intelligent Systems,Journal,-,26671336,Springer Nature,Netherlands,ENGLISH,Computer Science (miscellaneous),Artificial Intelligence,Information Systems,-,-,-,-,-
Human-Computer Interaction,Journal,07370024,15327051,Taylor and Francis Ltd.,United States,ENGLISH,Human-Computer Interaction,Applied Psychology,-,-,-,-,-,-
Hunan Daxue Xuebao/Journal of Hunan University Natural Sciences,Journal,16742974,-,Hunan University,China,CHINESE,Multidisciplinary,-,-,-,-,-,-,-
Huozhayao Xuebao/Chinese Journal of Explosives and Propellants,Journal,10077812,-,China Ordnance Industry Corporation,China,CHINESE,Chemical Engineering (all),Fuel Technology,-,-,-,-,-,-
Hupo Kexue/Journal of Lake Sciences,Journal,10035427,-,Science Press,China,CHINESE,Aquatic Science,Earth and Planetary Sciences (miscellaneous),Pollution,Water Science and Technology,-,-,-,-
Hydrogen (Switzerland),Journal,-,26734141,Multidisciplinary Digital Publishing Institute (MDPI),Switzerland,ENGLISH,Energy (miscellaneous),Engineering (miscellaneous),-,-,-,-,-,-
Hydrological Processes,Journal,08856087,10991085,John Wiley and Sons Ltd,United Kingdom,ENGLISH,Water Science and Technology,-,-,-,-,-,-,-
Hydrological Sciences Journal,Journal,02626667,21503435,Taylor and Francis Ltd.,United Kingdom,ENGLISH,Water Science and Technology,-,-,-,-,-,-,-
Hydrology and Earth System Sciences,Journal,10275606,16077938,Copernicus Publications,Germany,ENGLISH,Earth and Planetary Sciences (miscellaneous),Water Science and Technology,-,-,-,-,-,-
Hydrology Research,Journal,19989563,22247955,Elsevier Ltd,United Kingdom,ENGLISH,Water Science and Technology,-,-,-,-,-,-,-
Hydrometallurgy,Journal,0304386X,-,Elsevier B.V.,Netherlands,ENGLISH,Industrial and Manufacturing Engineering,Materials Chemistry,Metals and Alloys,-,-,-,-,-
IACR Transactions on Cryptographic Hardware and Embedded Systems,Journal,-,25692925,Ruhr-University of Bochum,Germany,ENGLISH,Artificial Intelligence,Computer Graphics and Computer-Aided Design,Computer Networks and Communications,Hardware and Architecture,Signal Processing,Software,-,-
IAENG International Journal of Applied Mathematics,Journal,19929978,19929986,International Association of Engineers,Hong Kong,ENGLISH,Applied Mathematics,-,-,-,-,-,-,-
IAENG International Journal of Computer Science,Journal,1819656X,18199224,International Association of Engineers,Hong Kong,ENGLISH,Computer Science (all),-,-,-,-,-,-,-
IATSS Research,Journal,03861112,-,Elsevier B.V.,Netherlands,ENGLISH,Engineering (all),Safety Research,Transportation,Urban Studies,-,-,-,-
IBM Journal of Research and Development,Journal,00188646,21518556,IBM Corporation,United States,ENGLISH,Computer Science (all),-,-,-,-,-,-,-
ICACC - International Conference on Advances in Computing and Communications,Journal,27663248,27662829,Institute of Electrical and Electronics Engineers Inc.,United States,ENGLISH,Computer Networks and Communications,Computer Science Applications,Hardware and Architecture,Information Systems and Management,-,-,-,-
ICMMT - International Conference on Microwave and Millimeter Wave Technology,Journal,29943132,29943124,Institute of Electrical and Electronics Engineers Inc.,United States,ENGLISH,Computer Networks and Communications,Signal Processing,Electrical and Electronic Engineering,Instrumentation,Radiation,-,-,-
i-com,Journal,1618162X,21966826,De Gruyter Oldenbourg,Germany,ENGLISH,"Business, Management and Accounting (miscellaneous)",Computer Networks and Communications,Human-Computer Interaction,Information Systems,Social Psychology,Communication,-,-
IEEE Access,Journal,-,21693536,Institute of Electrical and Electronics Engineers Inc.,United States,ENGLISH,Computer Science (all),Engineering (all),Materials Science (all),-,-,-,-,-
"IEEE Advanced Information Management, Communicates, Electronic and Automation Control Conference, IMCEC",Journal,-,26932776,Institute of Electrical and Electronics Engineers Inc.,United States,ENGLISH,Management of Technology and Innovation,Computer Networks and Communications,Information Systems,Information Systems and Management,Energy Engineering and Power Technology,"Renewable Energy, Sustainability and the Environment",-,-
IEEE Aerospace and Electronic Systems Magazine,Journal,08858985,1557959X,Institute of Electrical and Electronics Engineers Inc.,United States,ENGLISH,Space and Planetary Science,Aerospace Engineering,Electrical and Electronic Engineering,-,-,-,-,-
IEEE Annals of the History of Computing,Journal,10586180,19341547,IEEE Computer Society,United States,ENGLISH,History and Philosophy of Science,Computer Science (all),-,-,-,-,-,-
IEEE Antennas and Propagation Magazine,Journal,10459243,15584143,IEEE Computer Society,United States,ENGLISH,Electrical and Electronic Engineering,Condensed Matter Physics,-,-,-,-,-,-
IEEE Antennas and Wireless Propagation Letters,Journal,15361225,15485757,Institute of Electrical and Electronics Engineers Inc.,United States,ENGLISH,Electrical and Electronic Engineering,-,-,-,-,-,-,-
"IEEE Asia Pacific Conference on Wireless and Mobile, APWiMob",Journal,-,26400189,Institute of Electrical and Electronics Engineers Inc.,United States,ENGLISH,Artificial Intelligence,Computer Networks and Communications,Modeling and Simulation,Instrumentation,-,-,-,-
"IEEE Asia-Pacific Conference on Geoscience, Electronics and Remote Sensing Technology, AGERS",Journal,27716619,27716600,Institute of Electrical and Electronics Engineers Inc.,United States,ENGLISH,Computer Networks and Communications,Information Systems and Management,Earth and Planetary Sciences (miscellaneous),"Renewable Energy, Sustainability and the Environment",Aerospace Engineering,"Management, Monitoring, Policy and Law",Modeling and Simulation,Instrumentation
IEEE Biometrics Compendium,Journal,-,21594244,Institute of Electrical and Electronics Engineers Inc.,United States,ENGLISH,Computer Science Applications,Biomedical Engineering,-,-,-,-,-,-
IEEE Canadian Journal of Electrical and Computer Engineering,Journal,-,26941783,IEEE Canada,Canada,ENGLISH,Hardware and Architecture,Electrical and Electronic Engineering,-,-,-,-,-,-
IEEE Circuits and Systems Magazine,Journal,1531636X,15580830,Institute of Electrical and Electronics Engineers Inc.,United States,ENGLISH,Computer Science Applications,Electrical and Electronic Engineering,-,-,-,-,-,-
"IEEE Colombian Conference on Applications of Computational Intelligence, ColCACI",Journal,27693651,27693643,Institute of Electrical and Electronics Engineers Inc.,United States,ENGLISH,Artificial Intelligence,Computer Science Applications,Control and Optimization,-,-,-,-,-
"IEEE Colombian Conference on Automatic Control, CCAC",Journal,-,2694393X,Institute of Electrical and Electronics Engineers Inc.,United States,ENGLISH,Decision Sciences (miscellaneous),Control and Optimization,Modeling and Simulation,-,-,-,-,-
IEEE Communications Letters,Journal,10897798,15582558,Institute of Electrical and Electronics Engineers Inc.,United States,ENGLISH,Computer Science Applications,Electrical and Electronic Engineering,Modeling and Simulation,-,-,-,-,-
IEEE Communications Magazine,Journal,01636804,15581896,Institute of Electrical and Electronics Engineers Inc.,United States,ENGLISH,Computer Networks and Communications,Computer Science Applications,Electrical and Electronic Engineering,-,-,-,-,-
IEEE Communications Standards Magazine,Journal,-,24712825,Institute of Electrical and Electronics Engineers Inc.,United States,ENGLISH,Management of Technology and Innovation,Computer Networks and Communications,"Safety, Risk, Reliability and Quality",Law,-,-,-,-
IEEE Communications Surveys and Tutorials,Journal,-,1553877X,Institute of Electrical and Electronics Engineers Inc.,United States,ENGLISH,Electrical and Electronic Engineering,-,-,-,-,-,-,-
IEEE Computational Intelligence Magazine,Journal,1556603X,15566048,Institute of Electrical and Electronics Engineers Inc.,United States,ENGLISH,Artificial Intelligence,Theoretical Computer Science,-,-,-,-,-,-
IEEE Computer Architecture Letters,Journal,15566056,15566064,Institute of Electrical and Electronics Engineers Inc.,United States,ENGLISH,Hardware and Architecture,-,-,-,-,-,-,-
IEEE Computer Graphics and Applications,Journal,02721716,15581756,IEEE Computer Society,United States,ENGLISH,Computer Graphics and Computer-Aided Design,Software,-,-,-,-,-,-
"IEEE Conference on Technologies for Sustainability, SusTech",Journal,26406829,26406810,Institute of Electrical and Electronics Engineers Inc.,United States,ENGLISH,Energy Engineering and Power Technology,"Renewable Energy, Sustainability and the Environment",Control and Optimization,-,-,-,-,-
IEEE Control Systems,Journal,1066033X,1941000X,Institute of Electrical and Electronics Engineers Inc.,United States,ENGLISH,Control and Systems Engineering,Electrical and Electronic Engineering,Modeling and Simulation,-,-,-,-,-
IEEE Control Systems Letters,Journal,-,24751456,Institute of Electrical and Electronics Engineers Inc.,United States,ENGLISH,Control and Systems Engineering,Control and Optimization,-,-,-,-,-,-
IEEE Data Descriptions,Journal,-,29954274,Institute of Electrical and Electronics Engineers Inc.,United States,ENGLISH,Information Systems,-,-,-,-,-,-,-
IEEE Design and Test,Journal,21682356,21682364,IEEE Computer Society,United States,ENGLISH,Hardware and Architecture,Software,Electrical and Electronic Engineering,-,-,-,-,-
"IEEE Electric Ship Technologies Symposium, ESTS",Journal,28363566,27683508,Institute of Electrical and Electronics Engineers Inc.,United States,ENGLISH,Energy Engineering and Power Technology,Automotive Engineering,Electrical and Electronic Engineering,Control and Optimization,-,-,-,-
IEEE Electrical Insulation Magazine,Journal,08837554,15584402,Institute of Electrical and Electronics Engineers Inc.,United States,ENGLISH,Electrical and Electronic Engineering,"Electronic, Optical and Magnetic Materials",-,-,-,-,-,-
IEEE Electron Device Letters,Journal,07413106,15580563,Institute of Electrical and Electronics Engineers Inc.,United States,ENGLISH,Electrical and Electronic Engineering,"Electronic, Optical and Magnetic Materials",-,-,-,-,-,-
IEEE Embedded Systems Letters,Journal,19430663,19430671,Institute of Electrical and Electronics Engineers Inc.,United States,ENGLISH,Computer Science (all),Control and Systems Engineering,-,-,-,-,-,-
IEEE Energy Sustainability Magazine,Journal,29983991,29984009,Institute of Electrical and Electronics Engineers Inc.,United States,ENGLISH,"Renewable Energy, Sustainability and the Environment",-,-,-,-,-,-,-
IEEE Engineering Management Review,Journal,03608581,19374178,Institute of Electrical and Electronics Engineers Inc.,United States,ENGLISH,Management of Technology and Innovation,Strategy and Management,Electrical and Electronic Engineering,-,-,-,-,-
"IEEE European Technology and Engineering Management Summit, E-TEMS",Journal,-,28367588,Institute of Electrical and Electronics Engineers Inc.,United States,ENGLISH,Management of Technology and Innovation,Computer Networks and Communications,Energy Engineering and Power Technology,Automotive Engineering,Electrical and Electronic Engineering,Sociology and Political Science,Transportation,-
IEEE Geoscience and Remote Sensing Letters,Journal,1545598X,15580571,Institute of Electrical and Electronics Engineers Inc.,United States,ENGLISH,Geotechnical Engineering and Engineering Geology,Electrical and Electronic Engineering,-,-,-,-,-,-
IEEE Geoscience and Remote Sensing Magazine,Journal,24732397,21686831,Institute of Electrical and Electronics Engineers Inc.,United States,ENGLISH,Computer Science (all),Earth and Planetary Sciences (all),Electrical and Electronic Engineering,Instrumentation,-,-,-,-
"IEEE Globecom Workshops, GC Wkshps",Journal,21660069,21660077,Institute of Electrical and Electronics Engineers Inc.,United States,ENGLISH,Computer Networks and Communications,Electrical and Electronic Engineering,Communication,-,-,-,-,-
IEEE Industrial Electronics Magazine,Journal,19324529,19410115,Institute of Electrical and Electronics Engineers Inc.,United States,ENGLISH,Electrical and Electronic Engineering,Industrial and Manufacturing Engineering,-,-,-,-,-,-
IEEE Industry Applications Magazine,Journal,10772618,15580598,Institute of Electrical and Electronics Engineers Inc.,United States,ENGLISH,Energy Engineering and Power Technology,Control and Systems Engineering,Electrical and Electronic Engineering,Industrial and Manufacturing Engineering,-,-,-,-
"IEEE Information Technology and Mechatronics Engineering Conference, ITOEC",Journal,2693308X,2693289X,Institute of Electrical and Electronics Engineers Inc.,United States,ENGLISH,Artificial Intelligence,Computer Science Applications,Computer Vision and Pattern Recognition,Information Systems,Energy Engineering and Power Technology,Electrical and Electronic Engineering,Health Informatics,-
"IEEE Information Technology, Networking, Electronic and Automation Control Conference, ITNEC",Journal,26933136,26933128,Institute of Electrical and Electronics Engineers Inc.,United States,ENGLISH,Computer Networks and Communications,Computer Science Applications,Computer Vision and Pattern Recognition,Information Systems,Information Systems and Management,Electrical and Electronic Engineering,Control and Optimization,-
IEEE Instrumentation and Measurement Magazine,Journal,10946969,19410123,Institute of Electrical and Electronics Engineers Inc.,United States,ENGLISH,Electrical and Electronic Engineering,Instrumentation,-,-,-,-,-,-
IEEE Intelligent Systems,Journal,15411672,19411294,Institute of Electrical and Electronics Engineers Inc.,United States,ENGLISH,Artificial Intelligence,Computer Networks and Communications,-,-,-,-,-,-
IEEE Intelligent Transportation Systems Magazine,Journal,19391390,19411197,Institute of Electrical and Electronics Engineers Inc.,United States,ENGLISH,Computer Science Applications,Automotive Engineering,Mechanical Engineering,-,-,-,-,-
"IEEE International Conference on Artificial Intelligence and Knowledge Engineering, AIKE",Journal,28317203,-,Institute of Electrical and Electronics Engineers Inc.,United States,ENGLISH,Artificial Intelligence,Biomedical Engineering,Medicine (miscellaneous),Health Informatics,-,-,-,-
"IEEE International Conference on Automation, Quality and Testing, Robotics, AQTR",Journal,-,18447872,Institute of Electrical and Electronics Engineers Inc.,United States,ENGLISH,Artificial Intelligence,Computer Science Applications,"Safety, Risk, Reliability and Quality",Control and Optimization,-,-,-,-
"IEEE International Conference on Autonomous Robot Systems and Competitions, ICARSC",Journal,25739360,25739387,Institute of Electrical and Electronics Engineers Inc.,United States,ENGLISH,Artificial Intelligence,Computer Science Applications,Human-Computer Interaction,Control and Optimization,-,-,-,-
"IEEE International Conference on Communication, Networks and Satellite, ComNetSat",Journal,-,26898004,Institute of Electrical and Electronics Engineers Inc.,United States,ENGLISH,Artificial Intelligence,Computer Networks and Communications,Hardware and Architecture,Software,Aerospace Engineering,Instrumentation,-,-
"IEEE International Conference on Computational Intelligence and Cybernetics, ICCC",Journal,-,26897768,Institute of Electrical and Electronics Engineers Inc.,United States,ENGLISH,Artificial Intelligence,Computer Networks and Communications,Information Systems and Management,Modeling and Simulation,Health Informatics,Education,-,-
"IEEE International Conference on Emerging and Sustainable Technologies for Power and ICT in a Developing Society, NIGERCON",Journal,23772689,23772697,Institute of Electrical and Electronics Engineers Inc.,United States,ENGLISH,Artificial Intelligence,Computer Networks and Communications,Computer Science Applications,Information Systems and Management,Energy Engineering and Power Technology,"Renewable Energy, Sustainability and the Environment",Development,-
"IEEE International Conference on Intelligence and Security Informatics, ISI",Journal,-,28376617,Institute of Electrical and Electronics Engineers Inc.,United States,ENGLISH,Artificial Intelligence,Computer Networks and Communications,Computer Science Applications,Information Systems,"Safety, Risk, Reliability and Quality",-,-,-
"IEEE International Conference on Pervasive Computing and Communications Workshops, PerCom Workshops",Journal,28365348,27668576,Institute of Electrical and Electronics Engineers Inc.,United States,ENGLISH,Artificial Intelligence,Computer Networks and Communications,Computer Science Applications,Information Systems,Information Systems and Management,"Safety, Risk, Reliability and Quality",Modeling and Simulation,Health Informatics
"IEEE International Conference on Robotics and Biomimetics, ROBIO",Journal,29943566,29943574,Institute of Electrical and Electronics Engineers Inc.,United States,ENGLISH,Information Systems,Mechanical Engineering,Control and Optimization,-,-,-,-,-
"IEEE International Symposium on Medical Measurements and Applications, MeMeA",Journal,28375874,28375882,Institute of Electrical and Electronics Engineers Inc.,United States,ENGLISH,Artificial Intelligence,Computer Science Applications,Signal Processing,Biomedical Engineering,Instrumentation,-,-,-
IEEE International Symposium on Performance Analysis of Systems and Software/ISPASS,Journal,29949513,27660486,Institute of Electrical and Electronics Engineers Inc.,United States,ENGLISH,Artificial Intelligence,Hardware and Architecture,Information Systems,Software,"Safety, Risk, Reliability and Quality",-,-,-
IEEE International WIE Conference on Electrical and Computer Engineering/WIECON-ECE,Journal,-,28378245,Institute of Electrical and Electronics Engineers Inc.,United States,ENGLISH,Artificial Intelligence,Hardware and Architecture,Decision Sciences (miscellaneous),Information Systems and Management,Energy Engineering and Power Technology,"Renewable Energy, Sustainability and the Environment",-,-
"IEEE International Workshop on Applied Measurements for Power Systems Proceedings, AMPS",Journal,-,24731315,Institute of Electrical and Electronics Engineers Inc.,United States,ENGLISH,Artificial Intelligence,Energy Engineering and Power Technology,Electrical and Electronic Engineering,Instrumentation,-,-,-,-
"IEEE International Workshop on Information Forensics and Security, WIFS",Journal,-,21574774,Institute of Electrical and Electronics Engineers Inc.,United States,ENGLISH,Artificial Intelligence,Computer Networks and Communications,Information Systems,Signal Processing,Software,Information Systems and Management,-,-
IEEE Internet Computing,Journal,10897801,19410131,Institute of Electrical and Electronics Engineers Inc.,United States,ENGLISH,Computer Networks and Communications,-,-,-,-,-,-,-
IEEE Internet of Things Journal,Journal,-,23274662,Institute of Electrical and Electronics Engineers Inc.,United States,ENGLISH,Computer Networks and Communications,Computer Science Applications,Hardware and Architecture,Information Systems,Signal Processing,Information Systems and Management,-,-
IEEE Internet of Things Magazine,Journal,25763180,25763199,Institute of Electrical and Electronics Engineers Inc.,United States,ENGLISH,Computer Networks and Communications,Computer Science Applications,Hardware and Architecture,Information Systems,Software,-,-,-
IEEE Journal of Biomedical and Health Informatics,Journal,21682194,21682208,Institute of Electrical and Electronics Engineers Inc.,United States,ENGLISH,Biotechnology,Computer Science Applications,Electrical and Electronic Engineering,Health Informatics,Health Information Management,-,-,-
"IEEE Journal of Electromagnetics, RF and Microwaves in Medicine and Biology",Journal,-,24697249,Institute of Electrical and Electronics Engineers Inc.,United States,ENGLISH,"Radiology, Nuclear Medicine and Imaging",Instrumentation,Radiation,-,-,-,-,-
IEEE Journal of Emerging and Selected Topics in Industrial Electronics,Journal,26879735,26879743,Institute of Electrical and Electronics Engineers Inc.,United States,ENGLISH,Computer Science Applications,Control and Systems Engineering,Electrical and Electronic Engineering,-,-,-,-,-
IEEE Journal of Emerging and Selected Topics in Power Electronics,Journal,21686777,21686785,Institute of Electrical and Electronics Engineers Inc.,United States,ENGLISH,Energy Engineering and Power Technology,Electrical and Electronic Engineering,-,-,-,-,-,-
IEEE Journal of Microwaves,Journal,-,26928388,Institute of Electrical and Electronics Engineers Inc.,United States,ENGLISH,Electrical and Electronic Engineering,Materials Chemistry,Condensed Matter Physics,-,-,-,-,-
IEEE Journal of Oceanic Engineering,Journal,03649059,15581691,Institute of Electrical and Electronics Engineers Inc.,United States,ENGLISH,Electrical and Electronic Engineering,Mechanical Engineering,Ocean Engineering,-,-,-,-,-
IEEE Journal of Photovoltaics,Journal,21563381,21563403,IEEE Electron Devices Society,United States,ENGLISH,Electrical and Electronic Engineering,"Electronic, Optical and Magnetic Materials",Condensed Matter Physics,-,-,-,-,-
IEEE Journal of Quantum Electronics,Journal,00189197,15581713,Institute of Electrical and Electronics Engineers Inc.,United States,ENGLISH,Electrical and Electronic Engineering,Condensed Matter Physics,"Atomic and Molecular Physics, and Optics",-,-,-,-,-
IEEE Journal of Radio Frequency Identification,Journal,-,24697281,Institute of Electrical and Electronics Engineers Inc.,United States,ENGLISH,Computer Networks and Communications,Electrical and Electronic Engineering,Instrumentation,-,-,-,-,-
IEEE Journal of Selected Areas in Sensors,Journal,-,28362071,Institute of Electrical and Electronics Engineers,United States,ENGLISH,Analytical Chemistry,Electrical and Electronic Engineering,Industrial and Manufacturing Engineering,Instrumentation,-,-,-,-
IEEE Journal of Selected Topics in Applied Earth Observations and Remote Sensing,Journal,19391404,21511535,Institute of Electrical and Electronics Engineers Inc.,United States,ENGLISH,Atmospheric Science,Computers in Earth Sciences,-,-,-,-,-,-
IEEE Journal of Selected Topics in Quantum Electronics,Journal,1077260X,15584542,Institute of Electrical and Electronics Engineers Inc.,United States,ENGLISH,Electrical and Electronic Engineering,"Atomic and Molecular Physics, and Optics",-,-,-,-,-,-
IEEE Journal of Solid-State Circuits,Journal,00189200,1558173X,Institute of Electrical and Electronics Engineers Inc.,United States,ENGLISH,Electrical and Electronic Engineering,-,-,-,-,-,-,-
IEEE Journal of the Electron Devices Society,Journal,-,21686734,Institute of Electrical and Electronics Engineers Inc.,United States,ENGLISH,Biotechnology,Electrical and Electronic Engineering,"Electronic, Optical and Magnetic Materials",-,-,-,-,-
IEEE Journal of Translational Engineering in Health and Medicine,Journal,-,21682372,Institute of Electrical and Electronics Engineers Inc.,United States,ENGLISH,Biomedical Engineering,Medicine (all),-,-,-,-,-,-
IEEE Journal on Emerging and Selected Topics in Circuits and Systems,Journal,21563357,21563365,Institute of Electrical and Electronics Engineers Inc.,United States,ENGLISH,Electrical and Electronic Engineering,-,-,-,-,-,-,-
IEEE Journal on Exploratory Solid-State Computational Devices and Circuits,Journal,-,23299231,Institute of Electrical and Electronics Engineers Inc.,United States,ENGLISH,Hardware and Architecture,Electrical and Electronic Engineering,"Electronic, Optical and Magnetic Materials",-,-,-,-,-
IEEE Journal on Flexible Electronics,Journal,2768167X,-,Institute of Electrical and Electronics Engineers,United States,ENGLISH,Electrical and Electronic Engineering,"Electronic, Optical and Magnetic Materials",-,-,-,-,-,-
IEEE Journal on Indoor and Seamless Positioning and Navigation,Journal,-,28327322,Institute of Electrical and Electronics Engineers,United States,ENGLISH,Computer Science Applications,Earth and Planetary Sciences (all),Aerospace Engineering,Electrical and Electronic Engineering,Ocean Engineering,Transportation,Communication,-
IEEE Journal on Miniaturization for Air and Space Systems,Journal,-,25763164,Institute of Electrical and Electronics Engineers Inc.,United States,ENGLISH,Aerospace Engineering,Control and Systems Engineering,Electrical and Electronic Engineering,"Electronic, Optical and Magnetic Materials",Transportation,-,-,-
IEEE Journal on Multiscale and Multiphysics Computational Techniques,Journal,-,23798793,Institute of Electrical and Electronics Engineers Inc.,United States,ENGLISH,Computational Mathematics,Mathematical Physics,Modeling and Simulation,Physics and Astronomy (miscellaneous),-,-,-,-
IEEE Journal on Selected Areas in Communications,Journal,07338716,15580008,Institute of Electrical and Electronics Engineers Inc.,United States,ENGLISH,Computer Networks and Communications,Electrical and Electronic Engineering,-,-,-,-,-,-
IEEE Journal on Selected Areas in Information Theory,Journal,-,26418770,Institute of Electrical and Electronics Engineers Inc.,United States,ENGLISH,Artificial Intelligence,Computer Networks and Communications,Media Technology,Applied Mathematics,-,-,-,-
IEEE Journal on Selected Topics in Signal Processing,Journal,19324553,19410484,Institute of Electrical and Electronics Engineers Inc.,United States,ENGLISH,Signal Processing,Electrical and Electronic Engineering,-,-,-,-,-,-
IEEE Latin America Transactions ,Journal,-,15480992,IEEE Computer Society,United States,PORTUGUESE,Computer Science (all),Electrical and Electronic Engineering,-,-,-,-,-,-
IEEE Letters of the Computer Society,Journal,-,25739689,Institute of Electrical and Electronics Engineers Inc.,United States,ENGLISH,Computer Science (all),-,-,-,-,-,-,-
IEEE Letters on Electromagnetic Compatibility Practice and Applications,Journal,-,26376423,Institute of Electrical and Electronics Engineers Inc.,United States,ENGLISH,Electrical and Electronic Engineering,Condensed Matter Physics,-,-,-,-,-,-
IEEE Life Sciences Letters,Journal,-,23327685,Institute of Electrical and Electronics Engineers Inc.,United States,ENGLISH,"Biochemistry, Genetics and Molecular Biology (all)",Medicine (miscellaneous),Pharmacology (medical),-,-,-,-,-
IEEE Magnetics Letters,Journal,1949307X,19493088,Institute of Electrical and Electronics Engineers Inc.,United States,ENGLISH,"Electronic, Optical and Magnetic Materials",-,-,-,-,-,-,-
IEEE Micro,Journal,02721732,19374143,IEEE Computer Society,United States,ENGLISH,Hardware and Architecture,Software,Electrical and Electronic Engineering,-,-,-,-,-
IEEE Microwave and Wireless Technology Letters,Journal,2771957X,27719588,Institute of Electrical and Electronics Engineers Inc.,United States,ENGLISH,Electrical and Electronic Engineering,Condensed Matter Physics,-,-,-,-,-,-
IEEE Microwave and Wireless Technology Letters,Journal,2771957X,27719588,Institute of Electrical and Electronics Engineers Inc.,United States,ENGLISH,Electrical and Electronic Engineering,Condensed Matter Physics,-,-,-,-,-,-
IEEE Microwave Magazine,Journal,15273342,15579581,Institute of Electrical and Electronics Engineers Inc.,United States,ENGLISH,Electrical and Electronic Engineering,Condensed Matter Physics,Radiation,-,-,-,-,-
IEEE Multimedia,Journal,1070986X,19410166,IEEE Computer Society,United States,ENGLISH,Computer Science Applications,Hardware and Architecture,Signal Processing,Software,Media Technology,-,-,-
IEEE Nanotechnology Express,Journal,23327715,-,Institute of Electrical and Electronics Engineers Inc.,United States,ENGLISH,Electrical and Electronic Engineering,"Electronic, Optical and Magnetic Materials",-,-,-,-,-,-
IEEE Nanotechnology Magazine,Journal,19324510,19427808,Institute of Electrical and Electronics Engineers Inc.,United States,ENGLISH,Electrical and Electronic Engineering,Mechanical Engineering,-,-,-,-,-,-
IEEE Network,Journal,08908044,1558156X,Institute of Electrical and Electronics Engineers Inc.,United States,ENGLISH,Computer Networks and Communications,Hardware and Architecture,Information Systems,Software,-,-,-,-
IEEE Networking Letters,Journal,-,25763156,Institute of Electrical and Electronics Engineers Inc.,United States,ENGLISH,Computer Networks and Communications,Computer Science Applications,Hardware and Architecture,Information Systems,Software,Electrical and Electronic Engineering,Communication,-
IEEE Open Access Journal of Power and Energy,Journal,-,26877910,Institute of Electrical and Electronics Engineers Inc.,United States,ENGLISH,Energy Engineering and Power Technology,Electrical and Electronic Engineering,-,-,-,-,-,-
IEEE Open Journal of Antennas and Propagation,Journal,-,26376431,Institute of Electrical and Electronics Engineers Inc.,United States,ENGLISH,Electrical and Electronic Engineering,-,-,-,-,-,-,-
IEEE Open Journal of Circuits and Systems,Journal,-,26441225,Institute of Electrical and Electronics Engineers Inc.,United States,ENGLISH,Computer Networks and Communications,Information Systems,Signal Processing,Electrical and Electronic Engineering,"Electronic, Optical and Magnetic Materials",-,-,-
IEEE Open Journal of Control Systems,Journal,-,2694085X,Institute of Electrical and Electronics Engineers,United States,ENGLISH,Artificial Intelligence,Computer Networks and Communications,Computer Science Applications,Computer Vision and Pattern Recognition,Human-Computer Interaction,Signal Processing,Control and Systems Engineering,Electrical and Electronic Engineering
IEEE Open Journal of Engineering in Medicine and Biology,Journal,-,26441276,Institute of Electrical and Electronics Engineers Inc.,United States,ENGLISH,Biomedical Engineering,-,-,-,-,-,-,-
IEEE Open Journal of Industry Applications,Journal,-,26441241,Institute of Electrical and Electronics Engineers Inc.,United States,ENGLISH,Control and Systems Engineering,Electrical and Electronic Engineering,Industrial and Manufacturing Engineering,-,-,-,-,-
IEEE Open Journal of Instrumentation and Measurement,Journal,27687236,-,Institute of Electrical and Electronics Engineers,United States,ENGLISH,Electrical and Electronic Engineering,Instrumentation,-,-,-,-,-,-
IEEE Open Journal of Intelligent Transportation Systems,Journal,-,26877813,Institute of Electrical and Electronics Engineers Inc.,United States,ENGLISH,Computer Science Applications,Automotive Engineering,Mechanical Engineering,-,-,-,-,-
IEEE Open Journal of Nanotechnology,Journal,-,26441292,Institute of Electrical and Electronics Engineers Inc.,United States,ENGLISH,Computer Science Applications,Electrical and Electronic Engineering,"Electronic, Optical and Magnetic Materials",Materials Chemistry,-,-,-,-
IEEE Open Journal of Power Electronics,Journal,-,26441314,Institute of Electrical and Electronics Engineers Inc.,United States,ENGLISH,Electrical and Electronic Engineering,-,-,-,-,-,-,-
IEEE Open Journal of Signal Processing,Journal,-,26441322,Institute of Electrical and Electronics Engineers Inc.,United States,ENGLISH,Signal Processing,-,-,-,-,-,-,-
IEEE Open Journal of Systems Engineering,Journal,-,27719987,Institute of Electrical and Electronics Engineers,United States,ENGLISH,Information Systems,Control and Systems Engineering,-,-,-,-,-,-
IEEE Open Journal of the Communications Society,Journal,-,2644125X,Institute of Electrical and Electronics Engineers Inc.,United States,ENGLISH,Computer Networks and Communications,-,-,-,-,-,-,-
IEEE Open Journal of the Computer Society,Journal,-,26441268,Institute of Electrical and Electronics Engineers Inc.,United States,ENGLISH,Computer Science (all),-,-,-,-,-,-,-
IEEE Open Journal of the Industrial Electronics Society,Journal,-,26441284,Institute of Electrical and Electronics Engineers Inc.,United States,ENGLISH,Control and Systems Engineering,Electrical and Electronic Engineering,Industrial and Manufacturing Engineering,-,-,-,-,-
IEEE Open Journal of the Solid-State Circuits Society,Journal,-,26441349,Institute of Electrical and Electronics Engineers Inc.,United States,ENGLISH,Electrical and Electronic Engineering,"Electronic, Optical and Magnetic Materials",-,-,-,-,-,-
"IEEE Open Journal of Ultrasonics, Ferroelectrics, and Frequency Control",Journal,-,26940884,Institute of Electrical and Electronics Engineers Inc.,United States,ENGLISH,Electrical and Electronic Engineering,"Electronic, Optical and Magnetic Materials",Acoustics and Ultrasonics,Instrumentation,-,-,-,-
IEEE Open Journal of Vehicular Technology,Journal,-,26441330,Institute of Electrical and Electronics Engineers Inc.,United States,ENGLISH,Automotive Engineering,-,-,-,-,-,-,-
IEEE Open Journal on Immersive Displays,Journal,-,2836211X,Institute of Electrical and Electronics Engineers,United States,ENGLISH,Computer Science Applications,Software,Electrical and Electronic Engineering,Industrial and Manufacturing Engineering,Theoretical Computer Science,Condensed Matter Physics,-,-
IEEE Pervasive Computing,Journal,15361268,15582590,Institute of Electrical and Electronics Engineers Inc.,United States,ENGLISH,Computational Theory and Mathematics,Computer Science Applications,Software,-,-,-,-,-
IEEE Photonics Journal ,Journal,-,19430655,Institute of Electrical and Electronics Engineers Inc.,United States,ENGLISH,Electrical and Electronic Engineering,"Atomic and Molecular Physics, and Optics",-,-,-,-,-,-
IEEE Photonics Technology Letters,Journal,10411135,19410174,Institute of Electrical and Electronics Engineers Inc.,United States,ENGLISH,Electrical and Electronic Engineering,"Electronic, Optical and Magnetic Materials","Atomic and Molecular Physics, and Optics",-,-,-,-,-
"IEEE Portuguese Meeting on Bioengineering, ENBENG",Journal,-,2771487X,Institute of Electrical and Electronics Engineers Inc.,United States,ENGLISH,Biomedical Engineering,"Radiology, Nuclear Medicine and Imaging",Instrumentation,-,-,-,-,-
IEEE Potentials,Journal,02786648,15581772,Institute of Electrical and Electronics Engineers Inc.,United States,ENGLISH,Strategy and Management,Electrical and Electronic Engineering,Education,-,-,-,-,-
"IEEE Power and Energy Conference at Illinois, PECI",Journal,-,23789255,Institute of Electrical and Electronics Engineers Inc.,United States,ENGLISH,Energy Engineering and Power Technology,Electrical and Electronic Engineering,"Safety, Risk, Reliability and Quality",Control and Optimization,-,-,-,-
IEEE Power and Energy Magazine,Journal,15407977,15584216,Institute of Electrical and Electronics Engineers Inc.,United States,ENGLISH,Energy Engineering and Power Technology,Electrical and Electronic Engineering,-,-,-,-,-,-
IEEE Pulse,Journal,21542287,21542317,Institute of Electrical and Electronics Engineers Inc.,United States,ENGLISH,Biomedical Engineering,-,-,-,-,-,-,-
"IEEE Regional Symposium on Micro and Nanoelectronics, RSM",Journal,-,26394642,Institute of Electrical and Electronics Engineers Inc.,United States,ENGLISH,Electrochemistry,Electrical and Electronic Engineering,"Electronic, Optical and Magnetic Materials","Surfaces, Coatings and Films",-,-,-,-
IEEE Reliability Magazine,Journal,-,26418819,Institute of Electrical and Electronics Engineers Inc.,United States,ENGLISH,"Statistics, Probability and Uncertainty","Safety, Risk, Reliability and Quality",-,-,-,-,-,-
IEEE Reviews in Biomedical Engineering,Journal,19373333,19411189,Institute of Electrical and Electronics Engineers Inc.,United States,ENGLISH,Biomedical Engineering,-,-,-,-,-,-,-
IEEE Robotics and Automation Letters,Journal,-,23773766,Institute of Electrical and Electronics Engineers Inc.,United States,ENGLISH,Artificial Intelligence,Computer Science Applications,Computer Vision and Pattern Recognition,Human-Computer Interaction,Biomedical Engineering,Computational Mechanics,Control and Systems Engineering,Mechanical Engineering
IEEE Robotics and Automation Magazine,Journal,10709932,1558223X,Institute of Electrical and Electronics Engineers Inc.,United States,ENGLISH,Computer Science Applications,Control and Systems Engineering,Electrical and Electronic Engineering,-,-,-,-,-
IEEE Security and Privacy,Journal,15407993,15584046,Institute of Electrical and Electronics Engineers Inc.,United States,ENGLISH,Computer Networks and Communications,Electrical and Electronic Engineering,Law,-,-,-,-,-
"IEEE Sensors Applications Symposium, SAS",Journal,29949300,27663078,Institute of Electrical and Electronics Engineers Inc.,United States,ENGLISH,Artificial Intelligence,Computer Science Applications,Computer Vision and Pattern Recognition,Instrumentation,-,-,-,-
IEEE Sensors Journal,Journal,1530437X,15581748,Institute of Electrical and Electronics Engineers Inc.,United States,ENGLISH,Electrical and Electronic Engineering,Instrumentation,-,-,-,-,-,-
IEEE Sensors Letters,Journal,-,24751472,Institute of Electrical and Electronics Engineers Inc.,United States,ENGLISH,Electrical and Electronic Engineering,Instrumentation,-,-,-,-,-,-
IEEE Signal Processing Letters,Journal,10709908,15582361,Institute of Electrical and Electronics Engineers Inc.,United States,ENGLISH,Signal Processing,Electrical and Electronic Engineering,Applied Mathematics,-,-,-,-,-
IEEE Signal Processing Magazine,Journal,10535888,15580792,Institute of Electrical and Electronics Engineers Inc.,United States,ENGLISH,Music,Signal Processing,Electrical and Electronic Engineering,Applied Mathematics,-,-,-,-
IEEE Software,Journal,07407459,19374194,IEEE Computer Society,United States,ENGLISH,Software,-,-,-,-,-,-,-
IEEE Solid-State Circuits Letters,Journal,-,25739603,Institute of Electrical and Electronics Engineers Inc.,United States,ENGLISH,Electrical and Electronic Engineering,-,-,-,-,-,-,-
"IEEE Southern Power Electronics Conference, SPEC",Journal,28322983,28322991,Institute of Electrical and Electronics Engineers Inc.,United States,ENGLISH,Energy Engineering and Power Technology,Electrical and Electronic Engineering,Mechanical Engineering,Control and Optimization,-,-,-,-
"IEEE Space Hardware and Radio Conference, SHaRC",Journal,-,28378652,Institute of Electrical and Electronics Engineers Inc.,United States,ENGLISH,Computer Networks and Communications,Hardware and Architecture,Aerospace Engineering,Instrumentation,-,-,-,-
IEEE Spectrum,Journal,00189235,19399340,Institute of Electrical and Electronics Engineers Inc.,United States,ENGLISH,Electrical and Electronic Engineering,-,-,-,-,-,-,-
"IEEE Symposium on Computer Applications and Industrial Electronics, ISCAIE",Journal,28364864,28364317,Institute of Electrical and Electronics Engineers Inc.,United States,ENGLISH,Computer Networks and Communications,Computer Science Applications,Signal Processing,Information Systems and Management,Electrical and Electronic Engineering,Industrial and Manufacturing Engineering,-,-
"IEEE Symposium on Computers and Informatics, ISCI",Journal,29966760,29966752,Institute of Electrical and Electronics Engineers Inc.,United States,ENGLISH,Artificial Intelligence,Computer Science Applications,Information Systems,Information Systems and Management,Computational Mathematics,Control and Optimization,-,-
IEEE Systems Journal,Journal,19328184,19379234,Institute of Electrical and Electronics Engineers Inc.,United States,ENGLISH,Computer Networks and Communications,Computer Science Applications,Information Systems,Control and Systems Engineering,Electrical and Electronic Engineering,-,-,-
IEEE Technology and Society Magazine,Journal,02780097,1937416X,Institute of Electrical and Electronics Engineers Inc.,United States,ENGLISH,Engineering (all),Social Sciences (all),-,-,-,-,-,-
IEEE Transactions on Aerospace and Electronic Systems,Journal,00189251,15579603,Institute of Electrical and Electronics Engineers Inc.,United States,ENGLISH,Aerospace Engineering,Electrical and Electronic Engineering,-,-,-,-,-,-
IEEE Transactions on Affective Computing,Journal,-,19493045,Institute of Electrical and Electronics Engineers Inc.,United States,ENGLISH,Human-Computer Interaction,Software,-,-,-,-,-,-
IEEE Transactions on AgriFood Electronics,Journal,-,27719529,Institute of Electrical and Electronics Engineers,United States,ENGLISH,Agronomy and Crop Science,Insect Science,Plant Science,Artificial Intelligence,Computer Science Applications,Computer Vision and Pattern Recognition,-,-
IEEE Transactions on Antennas and Propagation,Journal,0018926X,15582221,Institute of Electrical and Electronics Engineers Inc.,United States,ENGLISH,Electrical and Electronic Engineering,Condensed Matter Physics,-,-,-,-,-,-
IEEE Transactions on Applied Superconductivity,Journal,10518223,15582515,Institute of Electrical and Electronics Engineers Inc.,United States,ENGLISH,Electrical and Electronic Engineering,"Electronic, Optical and Magnetic Materials",Condensed Matter Physics,-,-,-,-,-
IEEE Transactions on Artificial Intelligence,Journal,-,26914581,Institute of Electrical and Electronics Engineers Inc.,United States,ENGLISH,Artificial Intelligence,Computer Science Applications,-,-,-,-,-,-
"IEEE Transactions on Audio, Speech and Language Processing",Journal,-,29984173,Institute of Electrical and Electronics Engineers Inc.,United States,ENGLISH,Computer Science (miscellaneous),Electrical and Electronic Engineering,Computational Mathematics,Acoustics and Ultrasonics,-,-,-,-
IEEE Transactions on Automatic Control,Journal,00189286,15582523,Institute of Electrical and Electronics Engineers Inc.,United States,ENGLISH,Computer Science Applications,Control and Systems Engineering,Electrical and Electronic Engineering,-,-,-,-,-
IEEE Transactions on Automation Science and Engineering,Journal,15455955,15583783,Institute of Electrical and Electronics Engineers Inc.,United States,ENGLISH,Control and Systems Engineering,Electrical and Electronic Engineering,-,-,-,-,-,-
IEEE Transactions on Big Data,Journal,-,23327790,Institute of Electrical and Electronics Engineers Inc.,United States,ENGLISH,Information Systems,Information Systems and Management,-,-,-,-,-,-
IEEE Transactions on Biomedical Circuits and Systems,Journal,19324545,19409990,Institute of Electrical and Electronics Engineers Inc.,United States,ENGLISH,Biomedical Engineering,Electrical and Electronic Engineering,-,-,-,-,-,-
IEEE Transactions on Biomedical Engineering,Journal,00189294,15582531,IEEE Computer Society,United States,ENGLISH,Biomedical Engineering,-,-,-,-,-,-,-
"IEEE Transactions on Biometrics, Behavior, and Identity Science",Journal,-,26376407,Institute of Electrical and Electronics Engineers Inc.,United States,ENGLISH,Artificial Intelligence,Computer Science Applications,Computer Vision and Pattern Recognition,Instrumentation,-,-,-,-
IEEE Transactions on Broadcasting,Journal,00189316,15579611,Institute of Electrical and Electronics Engineers Inc.,United States,ENGLISH,Electrical and Electronic Engineering,Media Technology,-,-,-,-,-,-
IEEE Transactions on Circuits and Systems for Artificial Intelligence,Journal,-,29966647,Institute of Electrical and Electronics Engineers Inc.,United States,ENGLISH,Computer Science (miscellaneous),Artificial Intelligence,Hardware and Architecture,Control and Systems Engineering,Electrical and Electronic Engineering,-,-,-
IEEE Transactions on Circuits and Systems for Video Technology,Journal,10518215,15582205,Institute of Electrical and Electronics Engineers Inc.,United States,ENGLISH,Electrical and Electronic Engineering,Media Technology,-,-,-,-,-,-
IEEE Transactions on Circuits and Systems I: Regular Papers,Journal,15498328,15580806,Institute of Electrical and Electronics Engineers Inc.,United States,ENGLISH,Hardware and Architecture,Electrical and Electronic Engineering,-,-,-,-,-,-
IEEE Transactions on Circuits and Systems II: Express Briefs,Journal,15497747,15583791,Institute of Electrical and Electronics Engineers Inc.,United States,ENGLISH,Electrical and Electronic Engineering,-,-,-,-,-,-,-
IEEE Transactions on Cloud Computing,Journal,-,21687161,Institute of Electrical and Electronics Engineers Inc.,United States,ENGLISH,Computer Networks and Communications,Computer Science Applications,Hardware and Architecture,Information Systems,Software,-,-,-
IEEE Transactions on Cognitive and Developmental Systems,Journal,23798920,23798939,Institute of Electrical and Electronics Engineers Inc.,United States,ENGLISH,Artificial Intelligence,Software,-,-,-,-,-,-
IEEE Transactions on Cognitive Communications and Networking,Journal,-,23327731,Institute of Electrical and Electronics Engineers Inc.,United States,ENGLISH,Artificial Intelligence,Computer Networks and Communications,Hardware and Architecture,-,-,-,-,-
IEEE Transactions on Communications,Journal,00906778,15580857,Institute of Electrical and Electronics Engineers Inc.,United States,ENGLISH,Electrical and Electronic Engineering,-,-,-,-,-,-,-
"IEEE Transactions on Components, Packaging and Manufacturing Technology",Journal,21563950,21563985,Institute of Electrical and Electronics Engineers Inc.,United States,ENGLISH,Electrical and Electronic Engineering,Industrial and Manufacturing Engineering,"Electronic, Optical and Magnetic Materials",-,-,-,-,-
IEEE Transactions on Computational Biology and Bioinformatics,Journal,-,29984165,Institute of Electrical and Electronics Engineers Inc.,United States,ENGLISH,Biotechnology,Genetics,-,-,-,-,-,-
IEEE Transactions on Computational Imaging,Journal,25730436,23339403,Institute of Electrical and Electronics Engineers Inc.,United States,ENGLISH,Computer Science Applications,Signal Processing,Computational Mathematics,-,-,-,-,-
IEEE Transactions on Computational Social Systems,Journal,-,2329924X,Institute of Electrical and Electronics Engineers Inc.,United States,ENGLISH,Human-Computer Interaction,Modeling and Simulation,Social Sciences (miscellaneous),-,-,-,-,-
IEEE Transactions on Computer-Aided Design of Integrated Circuits and Systems,Journal,02780070,19374151,Institute of Electrical and Electronics Engineers Inc.,United States,ENGLISH,Computer Graphics and Computer-Aided Design,Software,Electrical and Electronic Engineering,-,-,-,-,-
IEEE Transactions on Computers,Journal,00189340,15579956,IEEE Computer Society,United States,ENGLISH,Computational Theory and Mathematics,Hardware and Architecture,Software,Theoretical Computer Science,-,-,-,-
IEEE Transactions on Consumer Electronics,Journal,00983063,15584127,Institute of Electrical and Electronics Engineers Inc.,United States,ENGLISH,Electrical and Electronic Engineering,Media Technology,-,-,-,-,-,-
IEEE Transactions on Control of Network Systems,Journal,-,23255870,Institute of Electrical and Electronics Engineers Inc.,United States,ENGLISH,Computer Networks and Communications,Signal Processing,Control and Systems Engineering,Control and Optimization,-,-,-,-
IEEE Transactions on Control Systems Technology,Journal,10636536,15580865,Institute of Electrical and Electronics Engineers Inc.,United States,ENGLISH,Control and Systems Engineering,Electrical and Electronic Engineering,-,-,-,-,-,-
IEEE Transactions on Cybernetics,Journal,21682267,21682275,Institute of Electrical and Electronics Engineers Inc.,United States,ENGLISH,Computer Science Applications,Human-Computer Interaction,Information Systems,Software,Control and Systems Engineering,Electrical and Electronic Engineering,-,-
IEEE Transactions on Dependable and Secure Computing,Journal,15455971,19410018,Institute of Electrical and Electronics Engineers Inc.,United States,ENGLISH,Computer Science (all),Electrical and Electronic Engineering,-,-,-,-,-,-
IEEE Transactions on Device and Materials Reliability,Journal,15304388,15582574,Institute of Electrical and Electronics Engineers Inc.,United States,ENGLISH,Electrical and Electronic Engineering,"Safety, Risk, Reliability and Quality","Electronic, Optical and Magnetic Materials",-,-,-,-,-
IEEE Transactions on Dielectrics and Electrical Insulation,Journal,10709878,15584135,Institute of Electrical and Electronics Engineers Inc.,United States,ENGLISH,Electrical and Electronic Engineering,-,-,-,-,-,-,-
IEEE Transactions on Education,Journal,00189359,15579638,Institute of Electrical and Electronics Engineers Inc.,United States,ENGLISH,Electrical and Electronic Engineering,Education,-,-,-,-,-,-
IEEE Transactions on Electromagnetic Compatibility,Journal,00189375,1558187X,Institute of Electrical and Electronics Engineers Inc.,United States,ENGLISH,Electrical and Electronic Engineering,Condensed Matter Physics,"Atomic and Molecular Physics, and Optics",-,-,-,-,-
IEEE Transactions on Electron Devices,Journal,00189383,15579646,Institute of Electrical and Electronics Engineers Inc.,United States,ENGLISH,Electrical and Electronic Engineering,"Electronic, Optical and Magnetic Materials",-,-,-,-,-,-
IEEE Transactions on Emerging Topics in Computational Intelligence,Journal,-,2471285X,Institute of Electrical and Electronics Engineers Inc.,United States,ENGLISH,Artificial Intelligence,Computer Science Applications,Computational Mathematics,Control and Optimization,-,-,-,-
IEEE Transactions on Emerging Topics in Computing,Journal,-,21686750,IEEE Computer Society,United States,ENGLISH,Computer Science (miscellaneous),Computer Science Applications,Human-Computer Interaction,Information Systems,-,-,-,-
IEEE Transactions on Energy Conversion,Journal,08858969,15580059,Institute of Electrical and Electronics Engineers Inc.,United States,ENGLISH,Energy Engineering and Power Technology,Electrical and Electronic Engineering,-,-,-,-,-,-
"IEEE Transactions on Energy Markets, Policy and Regulation",Journal,-,27719626,Institute of Electrical and Electronics Engineers,United States,ENGLISH,Economics and Econometrics,Energy (all),"Management, Monitoring, Policy and Law",-,-,-,-,-
IEEE Transactions on Engineering Management,Journal,00189391,15580040,Institute of Electrical and Electronics Engineers Inc.,United States,ENGLISH,Strategy and Management,Electrical and Electronic Engineering,-,-,-,-,-,-
IEEE Transactions on Evolutionary Computation,Journal,1089778X,19410026,Institute of Electrical and Electronics Engineers Inc.,United States,ENGLISH,Computational Theory and Mathematics,Software,Theoretical Computer Science,-,-,-,-,-
IEEE Transactions on Field Robotics,Journal,-,29971101,Institute of Electrical and Electronics Engineers Inc.,United States,ENGLISH,Control and Systems Engineering,-,-,-,-,-,-,-
IEEE Transactions on Fuzzy Systems,Journal,10636706,19410034,Institute of Electrical and Electronics Engineers Inc.,United States,ENGLISH,Artificial Intelligence,Computational Theory and Mathematics,Control and Systems Engineering,Applied Mathematics,-,-,-,-
IEEE Transactions on Games,Journal,24751502,24751510,Institute of Electrical and Electronics Engineers Inc.,United States,ENGLISH,Artificial Intelligence,Software,Control and Systems Engineering,Electrical and Electronic Engineering,-,-,-,-
IEEE Transactions on Geoscience and Remote Sensing,Journal,01962892,15580644,Institute of Electrical and Electronics Engineers Inc.,United States,ENGLISH,Earth and Planetary Sciences (all),Electrical and Electronic Engineering,-,-,-,-,-,-
IEEE Transactions on Green Communications and Networking,Journal,-,24732400,Institute of Electrical and Electronics Engineers Inc.,United States,ENGLISH,Computer Networks and Communications,"Renewable Energy, Sustainability and the Environment",-,-,-,-,-,-
IEEE Transactions on Haptics,Journal,19391412,23294051,Institute of Electrical and Electronics Engineers Inc.,United States,ENGLISH,Computer Science Applications,Human-Computer Interaction,-,-,-,-,-,-
IEEE Transactions on Human-Machine Systems,Journal,21682291,21682305,Institute of Electrical and Electronics Engineers Inc.,United States,ENGLISH,Artificial Intelligence,Computer Networks and Communications,Computer Science Applications,Human-Computer Interaction,Signal Processing,Control and Systems Engineering,Human Factors and Ergonomics,-
IEEE Transactions on Image Processing,Journal,10577149,19410042,Institute of Electrical and Electronics Engineers Inc.,United States,ENGLISH,Computer Graphics and Computer-Aided Design,Software,-,-,-,-,-,-
IEEE Transactions on Industrial Cyber-Physical Systems,Journal,-,28327004,Institute of Electrical and Electronics Engineers,United States,ENGLISH,Artificial Intelligence,Computer Science Applications,Hardware and Architecture,Information Systems and Management,Energy Engineering and Power Technology,Aerospace Engineering,Automotive Engineering,Control and Systems Engineering
IEEE Transactions on Industrial Electronics,Journal,02780046,15579948,Institute of Electrical and Electronics Engineers Inc.,United States,ENGLISH,Computer Science Applications,Control and Systems Engineering,Electrical and Electronic Engineering,-,-,-,-,-
IEEE Transactions on Industrial Informatics,Journal,15513203,19410050,IEEE Computer Society,United States,ENGLISH,Computer Science Applications,Information Systems,Control and Systems Engineering,Electrical and Electronic Engineering,-,-,-,-
IEEE Transactions on Industry Applications,Journal,00939994,19399367,Institute of Electrical and Electronics Engineers Inc.,United States,ENGLISH,Control and Systems Engineering,Electrical and Electronic Engineering,Industrial and Manufacturing Engineering,-,-,-,-,-
IEEE Transactions on Information Forensics and Security,Journal,15566013,15566021,Institute of Electrical and Electronics Engineers Inc.,United States,ENGLISH,Computer Networks and Communications,"Safety, Risk, Reliability and Quality",-,-,-,-,-,-
IEEE Transactions on Information Theory,Journal,00189448,15579654,Institute of Electrical and Electronics Engineers Inc.,United States,ENGLISH,Computer Science Applications,Information Systems,Library and Information Sciences,-,-,-,-,-
IEEE Transactions on Instrumentation and Measurement,Journal,00189456,15579662,Institute of Electrical and Electronics Engineers Inc.,United States,ENGLISH,Electrical and Electronic Engineering,Instrumentation,-,-,-,-,-,-
IEEE Transactions on Intelligent Transportation Systems,Journal,15249050,15580016,Institute of Electrical and Electronics Engineers Inc.,United States,ENGLISH,Computer Science Applications,Automotive Engineering,Mechanical Engineering,-,-,-,-,-
IEEE Transactions on Intelligent Vehicles,Journal,-,23798858,Institute of Electrical and Electronics Engineers Inc.,United States,ENGLISH,Artificial Intelligence,Automotive Engineering,Control and Optimization,-,-,-,-,-
IEEE Transactions on Knowledge and Data Engineering,Journal,10414347,15582191,IEEE Computer Society,United States,ENGLISH,Computational Theory and Mathematics,Computer Science Applications,Information Systems,-,-,-,-,-
IEEE Transactions on Learning Technologies,Journal,-,19391382,Institute of Electrical and Electronics Engineers Inc.,United States,ENGLISH,Computer Science Applications,Engineering (all),Education,-,-,-,-,-
IEEE Transactions on Machine Learning in Communications and Networking,Journal,-,2831316X,Institute of Electrical and Electronics Engineers,United States,ENGLISH,Artificial Intelligence,Computer Networks and Communications,Computer Science Applications,Signal Processing,Software,-,-,-
IEEE Transactions on Magnetics,Journal,00189464,19410069,Institute of Electrical and Electronics Engineers Inc.,United States,ENGLISH,Electrical and Electronic Engineering,"Electronic, Optical and Magnetic Materials",-,-,-,-,-,-
IEEE Transactions on Materials for Electron Devices,Journal,-,29931576,Institute of Electrical and Electronics Engineers Inc.,United States,ENGLISH,Electrical and Electronic Engineering,Materials Science (miscellaneous),-,-,-,-,-,-
IEEE Transactions on Medical Imaging,Journal,02780062,1558254X,Institute of Electrical and Electronics Engineers Inc.,United States,ENGLISH,Computer Science Applications,Software,Electrical and Electronic Engineering,Radiological and Ultrasound Technology,-,-,-,-
IEEE Transactions on Medical Robotics and Bionics,Journal,-,25763202,Institute of Electrical and Electronics Engineers Inc.,United States,ENGLISH,Artificial Intelligence,Computer Science Applications,Human-Computer Interaction,Biomedical Engineering,Control and Optimization,-,-,-
IEEE Transactions on Microwave Theory and Techniques,Journal,00189480,15579670,Institute of Electrical and Electronics Engineers Inc.,United States,ENGLISH,Electrical and Electronic Engineering,Condensed Matter Physics,Radiation,-,-,-,-,-
IEEE Transactions on Mobile Computing,Journal,15361233,15580660,Institute of Electrical and Electronics Engineers Inc.,United States,ENGLISH,Computer Networks and Communications,Software,Electrical and Electronic Engineering,-,-,-,-,-
"IEEE Transactions on Molecular, Biological, and Multi-Scale Communications",Journal,-,23327804,Institute of Electrical and Electronics Engineers Inc.,United States,ENGLISH,Biotechnology,Bioengineering,Computer Networks and Communications,Electrical and Electronic Engineering,Modeling and Simulation,-,-,-
IEEE Transactions on Multimedia,Journal,15209210,19410077,Institute of Electrical and Electronics Engineers Inc.,United States,ENGLISH,Computer Science Applications,Signal Processing,Electrical and Electronic Engineering,Media Technology,-,-,-,-
IEEE Transactions on Multi-Scale Computing Systems,Journal,-,23327766,Institute of Electrical and Electronics Engineers Inc.,United States,ENGLISH,Hardware and Architecture,Information Systems,Control and Systems Engineering,-,-,-,-,-
IEEE Transactions on Nanobioscience,Journal,15361241,15582639,Institute of Electrical and Electronics Engineers Inc.,United States,ENGLISH,Biotechnology,Bioengineering,Computer Science Applications,Biomedical Engineering,Electrical and Electronic Engineering,Medicine (miscellaneous),Pharmaceutical Science,-
IEEE Transactions on Nanotechnology,Journal,1536125X,19410085,Institute of Electrical and Electronics Engineers Inc.,United States,ENGLISH,Computer Science Applications,Electrical and Electronic Engineering,-,-,-,-,-,-
IEEE Transactions on Network and Service Management,Journal,-,19324537,Institute of Electrical and Electronics Engineers Inc.,United States,ENGLISH,Computer Networks and Communications,Electrical and Electronic Engineering,-,-,-,-,-,-
IEEE Transactions on Network Science and Engineering,Journal,-,23274697,IEEE Computer Society,United States,ENGLISH,Computer Networks and Communications,Computer Science Applications,Control and Systems Engineering,-,-,-,-,-
IEEE Transactions on Networking,Journal,-,29984157,Institute of Electrical and Electronics Engineers Inc.,United States,ENGLISH,Computer Networks and Communications,Computer Science Applications,Software,Electrical and Electronic Engineering,-,-,-,-
IEEE Transactions on Neural Networks and Learning Systems,Journal,2162237X,21622388,Institute of Electrical and Electronics Engineers Inc.,United States,ENGLISH,Artificial Intelligence,Computer Networks and Communications,Computer Science Applications,Software,-,-,-,-
IEEE Transactions on Neural Systems and Rehabilitation Engineering,Journal,15344320,15580210,Institute of Electrical and Electronics Engineers Inc.,United States,ENGLISH,Computer Science Applications,Biomedical Engineering,Internal Medicine,Rehabilitation,Neuroscience (all),-,-,-
IEEE Transactions on Nuclear Science,Journal,00189499,15581578,Institute of Electrical and Electronics Engineers Inc.,United States,ENGLISH,Nuclear Energy and Engineering,Electrical and Electronic Engineering,Nuclear and High Energy Physics,-,-,-,-,-
IEEE Transactions on Parallel and Distributed Systems,Journal,10459219,15582183,IEEE Computer Society,United States,ENGLISH,Computational Theory and Mathematics,Hardware and Architecture,Signal Processing,-,-,-,-,-
IEEE Transactions on Pattern Analysis and Machine Intelligence,Journal,01628828,19393539,IEEE Computer Society,United States,ENGLISH,Artificial Intelligence,Computational Theory and Mathematics,Computer Vision and Pattern Recognition,Software,Applied Mathematics,-,-,-
IEEE Transactions on Plasma Science,Journal,00933813,19399375,Institute of Electrical and Electronics Engineers Inc.,United States,ENGLISH,Condensed Matter Physics,Nuclear and High Energy Physics,-,-,-,-,-,-
IEEE Transactions on Power Delivery,Journal,08858977,19374208,Institute of Electrical and Electronics Engineers Inc.,United States,ENGLISH,Energy Engineering and Power Technology,Electrical and Electronic Engineering,-,-,-,-,-,-
IEEE Transactions on Power Electronics,Journal,08858993,19410107,Institute of Electrical and Electronics Engineers Inc.,United States,ENGLISH,Electrical and Electronic Engineering,-,-,-,-,-,-,-
IEEE Transactions on Power Systems,Journal,08858950,15580679,Institute of Electrical and Electronics Engineers Inc.,United States,ENGLISH,Energy Engineering and Power Technology,Electrical and Electronic Engineering,-,-,-,-,-,-
IEEE Transactions on Privacy,Journal,-,2836208X,Institute of Electrical and Electronics Engineers,United States,ENGLISH,Computer Networks and Communications,Computer Science Applications,Information Systems,Automotive Engineering,Theoretical Computer Science,-,-,-
IEEE Transactions on Professional Communication,Journal,03611434,15581500,Institute of Electrical and Electronics Engineers Inc.,United States,ENGLISH,Industrial Relations,Electrical and Electronic Engineering,Social Sciences (miscellaneous),Linguistics and Language,Communication,-,-,-
IEEE Transactions on Quantum Engineering,Journal,-,26891808,Institute of Electrical and Electronics Engineers Inc.,United States,ENGLISH,Computer Science (miscellaneous),Computer Science Applications,Software,Engineering (miscellaneous),Electrical and Electronic Engineering,Mechanical Engineering,Condensed Matter Physics,-
IEEE Transactions on Radar Systems,Journal,-,28327357,Institute of Electrical and Electronics Engineers,United States,ENGLISH,Artificial Intelligence,Computer Networks and Communications,Computer Science Applications,Signal Processing,Atmospheric Science,Automotive Engineering,Control and Systems Engineering,Electrical and Electronic Engineering
IEEE Transactions on Radiation and Plasma Medical Sciences,Journal,-,24697311,Institute of Electrical and Electronics Engineers Inc.,United States,ENGLISH,"Radiology, Nuclear Medicine and Imaging",Instrumentation,"Atomic and Molecular Physics, and Optics",-,-,-,-,-
IEEE Transactions on Reliability,Journal,00189529,15581721,Institute of Electrical and Electronics Engineers Inc.,United States,ENGLISH,Electrical and Electronic Engineering,"Safety, Risk, Reliability and Quality",-,-,-,-,-,-
IEEE Transactions on Robotics,Journal,15523098,19410468,Institute of Electrical and Electronics Engineers Inc.,United States,ENGLISH,Computer Science Applications,Control and Systems Engineering,Electrical and Electronic Engineering,-,-,-,-,-
IEEE Transactions on Semiconductor Manufacturing,Journal,08946507,15582345,Institute of Electrical and Electronics Engineers Inc.,United States,ENGLISH,Electrical and Electronic Engineering,Industrial and Manufacturing Engineering,"Electronic, Optical and Magnetic Materials",Condensed Matter Physics,-,-,-,-
IEEE Transactions on Services Computing,Journal,-,19391374,Institute of Electrical and Electronics Engineers Inc.,United States,ENGLISH,Computer Networks and Communications,Computer Science Applications,Hardware and Architecture,Information Systems and Management,-,-,-,-
IEEE Transactions on Signal and Information Processing over Networks,Journal,-,2373776X,Institute of Electrical and Electronics Engineers Inc.,United States,ENGLISH,Computer Networks and Communications,Information Systems,Signal Processing,-,-,-,-,-
IEEE Transactions on Signal and Power Integrity,Journal,-,27681866,Institute of Electrical and Electronics Engineers,United States,ENGLISH,Signal Processing,Control and Systems Engineering,Electrical and Electronic Engineering,"Electronic, Optical and Magnetic Materials",Communication,-,-,-
IEEE Transactions on Signal Processing,Journal,1053587X,19410476,Institute of Electrical and Electronics Engineers Inc.,United States,ENGLISH,Signal Processing,Electrical and Electronic Engineering,-,-,-,-,-,-
IEEE Transactions on Smart Grid,Journal,19493053,19493061,Institute of Electrical and Electronics Engineers Inc.,United States,ENGLISH,Computer Science (all),-,-,-,-,-,-,-
IEEE Transactions on Software Engineering,Journal,00985589,19393520,Institute of Electrical and Electronics Engineers Inc.,United States,ENGLISH,Software,-,-,-,-,-,-,-
IEEE Transactions on Sustainable Computing,Journal,-,23773782,Institute of Electrical and Electronics Engineers Inc.,United States,ENGLISH,Computational Theory and Mathematics,Hardware and Architecture,Software,"Renewable Energy, Sustainability and the Environment",Control and Optimization,-,-,-
IEEE Transactions on Sustainable Energy,Journal,19493029,19493037,Institute of Electrical and Electronics Engineers Inc.,United States,ENGLISH,"Renewable Energy, Sustainability and the Environment",-,-,-,-,-,-,-
"IEEE Transactions on Systems, Man, and Cybernetics: Systems",Journal,21682216,21682232,Institute of Electrical and Electronics Engineers Inc.,United States,ENGLISH,Computer Science Applications,Human-Computer Interaction,Software,Control and Systems Engineering,Electrical and Electronic Engineering,-,-,-
IEEE Transactions on Technology and Society,Journal,-,26376415,Institute of Electrical and Electronics Engineers Inc.,United States,ENGLISH,Engineering (miscellaneous),-,-,-,-,-,-,-
IEEE Transactions on Terahertz Science and Technology,Journal,2156342X,21563446,IEEE Microwave Theory and Techniques Society,United States,ENGLISH,Electrical and Electronic Engineering,Radiation,-,-,-,-,-,-
IEEE Transactions on Transportation Electrification,Journal,-,23327782,Institute of Electrical and Electronics Engineers Inc.,United States,ENGLISH,Energy Engineering and Power Technology,Automotive Engineering,Electrical and Electronic Engineering,Transportation,-,-,-,-
"IEEE Transactions on Ultrasonics, Ferroelectrics, and Frequency Control",Journal,08853010,15258955,Institute of Electrical and Electronics Engineers Inc.,United States,ENGLISH,Electrical and Electronic Engineering,Acoustics and Ultrasonics,Instrumentation,-,-,-,-,-
IEEE Transactions on Vehicular Technology,Journal,00189545,19399359,Institute of Electrical and Electronics Engineers Inc.,United States,ENGLISH,Computer Networks and Communications,Aerospace Engineering,Automotive Engineering,Electrical and Electronic Engineering,Applied Mathematics,-,-,-
IEEE Transactions on Very Large Scale Integration (VLSI) Systems,Journal,10638210,15579999,Institute of Electrical and Electronics Engineers Inc.,United States,ENGLISH,Hardware and Architecture,Software,Electrical and Electronic Engineering,-,-,-,-,-
IEEE Transactions on Visualization and Computer Graphics,Journal,10772626,19410506,IEEE Computer Society,United States,ENGLISH,Computer Graphics and Computer-Aided Design,Computer Vision and Pattern Recognition,Signal Processing,Software,-,-,-,-
IEEE Transactions on Wireless Communications,Journal,15361276,15582248,Institute of Electrical and Electronics Engineers Inc.,United States,ENGLISH,Computer Science Applications,Electrical and Electronic Engineering,Applied Mathematics,-,-,-,-,-
IEEE Vehicular Technology Magazine,Journal,15566072,15566080,Institute of Electrical and Electronics Engineers Inc.,United States,ENGLISH,Automotive Engineering,-,-,-,-,-,-,-
IEEE Wireless Communications,Journal,15361284,15580687,Institute of Electrical and Electronics Engineers Inc.,United States,ENGLISH,Computer Science Applications,Electrical and Electronic Engineering,-,-,-,-,-,-
IEEE Wireless Communications Letters,Journal,21622337,21622345,Institute of Electrical and Electronics Engineers Inc.,United States,ENGLISH,Control and Systems Engineering,Electrical and Electronic Engineering,Physics and Astronomy (miscellaneous),-,-,-,-,-
"IEEE Workshop on Visual Analytics in Healthcare, VAHC",Journal,-,27716538,Institute of Electrical and Electronics Engineers Inc.,United States,ENGLISH,Computer Graphics and Computer-Aided Design,Computer Vision and Pattern Recognition,Health Informatics,-,-,-,-,-
IEEE/ACM International Conference on Software Engineering - Software Engineering in Practice,Journal,28327640,28327659,Institute of Electrical and Electronics Engineers,United States,ENGLISH,Software,"Safety, Risk, Reliability and Quality",-,-,-,-,-,-
IEEE/ASME Transactions on Mechatronics,Journal,10834435,1941014X,Institute of Electrical and Electronics Engineers Inc.,United States,ENGLISH,Computer Science Applications,Control and Systems Engineering,Electrical and Electronic Engineering,-,-,-,-,-
IEEE/CAA Journal of Automatica Sinica,Journal,23299266,23299274,Institute of Electrical and Electronics Engineers Inc.,United States,ENGLISH,Artificial Intelligence,Information Systems,Control and Systems Engineering,Control and Optimization,-,-,-,-
"IEEE/IFIP International Conference on Dependable Systems and Networks Workshops, DSN-W",Journal,23256648,23256664,Institute of Electrical and Electronics Engineers Inc.,United States,ENGLISH,Computer Networks and Communications,Information Systems,Software,"Safety, Risk, Reliability and Quality",-,-,-,-
IEEJ Journal of Industry Applications,Journal,21871094,21871108,Institute of Electrical Engineers of Japan,Japan,ENGLISH,Energy Engineering and Power Technology,Automotive Engineering,Electrical and Electronic Engineering,Industrial and Manufacturing Engineering,Mechanical Engineering,-,-,-
IEEJ Transactions on Electrical and Electronic Engineering,Journal,19314973,19314981,John Wiley and Sons Inc,United States,ENGLISH,Electrical and Electronic Engineering,-,-,-,-,-,-,-
"IEEJ Transactions on Electronics, Information and Systems",Journal,03854221,13488155,Institute of Electrical Engineers of Japan,Japan,ENGLISH/JAPANESE,Electrical and Electronic Engineering,-,-,-,-,-,-,-
IEEJ Transactions on Fundamentals and Materials,Journal,03854205,13475533,Institute of Electrical Engineers of Japan,Japan,ENGLISH/JAPANESE,Electrical and Electronic Engineering,-,-,-,-,-,-,-
IEEJ Transactions on Industry Applications,Journal,09136339,13488163,Institute of Electrical Engineers of Japan,Japan,ENGLISH/JAPANESE,Electrical and Electronic Engineering,Industrial and Manufacturing Engineering,-,-,-,-,-,-
IEEJ Transactions on Power and Energy,Journal,03854213,13488147,Institute of Electrical Engineers of Japan,Japan,ENGLISH/JAPANESE,Energy Engineering and Power Technology,Electrical and Electronic Engineering,-,-,-,-,-,-
IEEJ Transactions on Sensors and Micromachines,Journal,13418939,13475525,Institute of Electrical Engineers of Japan,Japan,ENGLISH/JAPANESE,Electrical and Electronic Engineering,Mechanical Engineering,-,-,-,-,-,-
IEICE Electronics Express,Journal,13492543,-,Institute of Electronics Information Communication Engineers,Japan,ENGLISH,Electrical and Electronic Engineering,"Electronic, Optical and Magnetic Materials",Condensed Matter Physics,-,-,-,-,-
IEICE Transactions on Communications,Journal,09168516,17451345,Institute of Electronics Information Communication Engineers,Japan,ENGLISH,Computer Networks and Communications,Software,Electrical and Electronic Engineering,-,-,-,-,-
IEICE Transactions on Electronics,Journal,09168524,17451353,Institute of Electronics Information Communication Engineers,Japan,ENGLISH,Electrical and Electronic Engineering,"Electronic, Optical and Magnetic Materials",-,-,-,-,-,-
"IEICE Transactions on Fundamentals of Electronics, Communications and Computer Sciences",Journal,09168508,17451337,Institute of Electronics Information Communication Engineers,Japan,ENGLISH,Computer Graphics and Computer-Aided Design,Signal Processing,Electrical and Electronic Engineering,Applied Mathematics,-,-,-,-
IEICE Transactions on Information and Systems,Journal,09168532,17451361,Institute of Electronics Information Communication Engineers,Japan,ENGLISH,Artificial Intelligence,Computer Vision and Pattern Recognition,Hardware and Architecture,Software,Electrical and Electronic Engineering,-,-,-
IEIE Transactions on Smart Processing and Computing,Journal,-,22875255,Institute of Electronics Engineers of Korea,South Korea,ENGLISH,Signal Processing,Electrical and Electronic Engineering,-,-,-,-,-,-
iEnergy,Journal,-,27719197,Institute of Electrical and Electronics Engineers Inc.,United States,ENGLISH,Energy (miscellaneous),Energy Engineering and Power Technology,Fuel Technology,Electrical and Electronic Engineering,-,-,-,-
IET Biometrics,Journal,20474938,20474946,John Wiley and Sons Ltd,United Kingdom,ENGLISH,Computer Vision and Pattern Recognition,Signal Processing,Software,-,-,-,-,-
IET Blockchain,Journal,-,26341573,John Wiley and Sons Inc,United Kingdom,ENGLISH,Artificial Intelligence,Computer Networks and Communications,Computer Science Applications,Information Systems,-,-,-,-
"IET Circuits, Devices and Systems",Journal,1751858X,17518598,John Wiley and Sons Ltd,United Kingdom,ENGLISH,Control and Systems Engineering,Electrical and Electronic Engineering,-,-,-,-,-,-
IET Collaborative Intelligent Manufacturing,Journal,-,25168398,John Wiley and Sons Inc,United Kingdom,ENGLISH,Artificial Intelligence,Computer Science Applications,Hardware and Architecture,Industrial and Manufacturing Engineering,-,-,-,-
IET Communications,Journal,17518628,17518636,John Wiley and Sons Inc,United States,ENGLISH,Computer Science Applications,Electrical and Electronic Engineering,-,-,-,-,-,-
IET Computer Vision,Journal,17519632,17519640,John Wiley and Sons Inc,United Kingdom,ENGLISH,Computer Vision and Pattern Recognition,Software,-,-,-,-,-,-
IET Computers and Digital Techniques,Journal,17518601,1751861X,John Wiley and Sons Ltd,United Kingdom,ENGLISH,Hardware and Architecture,Software,Electrical and Electronic Engineering,-,-,-,-,-
IET Conference Proceedings,Journal,-,27324494,Institution of Engineering and Technology,United Kingdom,ENGLISH,Engineering (all),-,-,-,-,-,-,-
IET Control Theory and Applications,Journal,17518644,17518652,John Wiley and Sons Inc,United Kingdom,ENGLISH,Computer Science Applications,Human-Computer Interaction,Control and Systems Engineering,Electrical and Electronic Engineering,Control and Optimization,-,-,-
IET Cyber-Physical Systems: Theory and Applications,Journal,-,23983396,John Wiley and Sons Inc,United Kingdom,ENGLISH,Artificial Intelligence,Computer Networks and Communications,Computer Science Applications,Information Systems,Electrical and Electronic Engineering,-,-,-
IET Cyber-systems and Robotics,Journal,-,26316315,John Wiley and Sons Inc,United States,ENGLISH,Artificial Intelligence,Computational Theory and Mathematics,Computer Networks and Communications,Hardware and Architecture,Human-Computer Interaction,Information Systems,-,-
IET Electric Power Applications,Journal,17518660,17518679,John Wiley and Sons Inc,United Kingdom,ENGLISH,Electrical and Electronic Engineering,-,-,-,-,-,-,-
IET Electrical Systems in Transportation,Journal,20429738,20429746,John Wiley and Sons Ltd,United Kingdom,ENGLISH,Electrical and Electronic Engineering,-,-,-,-,-,-,-
IET Energy Systems Integration,Journal,-,25168401,John Wiley and Sons Inc,United Kingdom,ENGLISH,Energy Engineering and Power Technology,"Renewable Energy, Sustainability and the Environment",Engineering (miscellaneous),Aerospace Engineering,Environmental Engineering,-,-,-
"IET Generation, Transmission and Distribution",Journal,17518687,17518695,John Wiley and Sons Inc,United Kingdom,ENGLISH,Energy Engineering and Power Technology,Control and Systems Engineering,Electrical and Electronic Engineering,-,-,-,-,-
IET Image Processing,Journal,17519659,17519667,John Wiley and Sons Inc,United Kingdom,ENGLISH,Computer Vision and Pattern Recognition,Signal Processing,Software,Electrical and Electronic Engineering,-,-,-,-
IET Information Security,Journal,17518709,17518717,John Wiley and Sons Ltd,United Kingdom,ENGLISH,Computer Networks and Communications,Information Systems,Software,-,-,-,-,-
IET Intelligent Transport Systems,Journal,1751956X,17519578,John Wiley and Sons Inc,United Kingdom,ENGLISH,Mechanical Engineering,Environmental Science (all),Law,Transportation,-,-,-,-
"IET Microwaves, Antennas and Propagation",Journal,17518725,17518733,John Wiley and Sons Inc,United Kingdom,ENGLISH,Electrical and Electronic Engineering,-,-,-,-,-,-,-
IET Nanobiotechnology,Journal,17518741,1751875X,John Wiley and Sons Ltd,United Kingdom,ENGLISH,Biotechnology,Electrical and Electronic Engineering,"Electronic, Optical and Magnetic Materials",-,-,-,-,-
IET Nanodielectrics,Journal,-,25143255,John Wiley and Sons Inc,United Kingdom,ENGLISH,Electrical and Electronic Engineering,"Electronic, Optical and Magnetic Materials",Materials Chemistry,Condensed Matter Physics,"Atomic and Molecular Physics, and Optics",-,-,-
IET Networks,Journal,20474954,20474962,John Wiley and Sons Inc,United Kingdom,ENGLISH,Computer Networks and Communications,Management Science and Operations Research,Control and Optimization,-,-,-,-,-
IET Optoelectronics,Journal,17518768,17518776,John Wiley and Sons Inc,United Kingdom,ENGLISH,Electrical and Electronic Engineering,"Atomic and Molecular Physics, and Optics",-,-,-,-,-,-
IET Power Electronics,Journal,17554535,17554543,John Wiley and Sons Inc,United Kingdom,ENGLISH,Electrical and Electronic Engineering,-,-,-,-,-,-,-
IET Quantum Communication,Journal,-,26328925,John Wiley and Sons Inc,United States,ENGLISH,Computational Theory and Mathematics,Computer Networks and Communications,Computer Science Applications,Electrical and Electronic Engineering,Theoretical Computer Science,-,-,-
"IET Radar, Sonar and Navigation",Journal,17518784,17518792,John Wiley and Sons Inc,United Kingdom,ENGLISH,Electrical and Electronic Engineering,-,-,-,-,-,-,-
IET Renewable Power Generation,Journal,17521416,17521424,John Wiley and Sons Inc,United Kingdom,ENGLISH,"Renewable Energy, Sustainability and the Environment",-,-,-,-,-,-,-
"IET Science, Measurement and Technology",Journal,17518822,17518830,John Wiley and Sons Inc,United Kingdom,ENGLISH,Electrical and Electronic Engineering,"Atomic and Molecular Physics, and Optics",-,-,-,-,-,-
IET Signal Processing,Journal,17519675,17519683,John Wiley and Sons Ltd,United Kingdom,ENGLISH,Signal Processing,Electrical and Electronic Engineering,-,-,-,-,-,-
IET Smart Cities,Journal,-,26317680,John Wiley and Sons Inc,United Kingdom,ENGLISH,Artificial Intelligence,Computer Networks and Communications,Computer Science Applications,Software,Control and Systems Engineering,Electrical and Electronic Engineering,Urban Studies,-
IET Smart Grid,Journal,-,25152947,John Wiley and Sons Inc,United Kingdom,ENGLISH,Computer Networks and Communications,Information Systems,Electrical and Electronic Engineering,-,-,-,-,-
IET Software,Journal,17518806,17518814,John Wiley and Sons Ltd,United Kingdom,ENGLISH,Computer Graphics and Computer-Aided Design,-,-,-,-,-,-,-
IET Systems Biology,Journal,17518849,17518857,John Wiley and Sons Inc,United Kingdom,ENGLISH,Biotechnology,Cell Biology,Genetics,Molecular Biology,Modeling and Simulation,-,-,-
IET Wireless Sensor Systems,Journal,20436386,20436394,John Wiley and Sons Inc,United Kingdom,ENGLISH,Industrial and Manufacturing Engineering,-,-,-,-,-,-,-
IETE Journal of Research,Journal,03772063,0974780X,Taylor and Francis Ltd.,India,ENGLISH,Computer Science Applications,Electrical and Electronic Engineering,Theoretical Computer Science,-,-,-,-,-
"IETE Technical Review (Institution of Electronics and Telecommunication Engineers, India)",Journal,02564602,09745971,Taylor and Francis Ltd.,India,ENGLISH,Electrical and Electronic Engineering,-,-,-,-,-,-,-
IISE Transactions,Journal,24725854,24725862,Taylor and Francis Ltd.,United Kingdom,ENGLISH,Industrial and Manufacturing Engineering,-,-,-,-,-,-,-
IISE Transactions on Healthcare Systems Engineering,Journal,24725579,24725587,Taylor and Francis Ltd.,United States,ENGLISH,"Safety, Risk, Reliability and Quality","Public Health, Environmental and Occupational Health",Safety Research,-,-,-,-,-
IMA Journal of Applied Mathematics (Institute of Mathematics and Its Applications),Journal,02724960,14643634,Oxford University Press,United Kingdom,ENGLISH,Applied Mathematics,-,-,-,-,-,-,-
IMA Journal of Management Mathematics,Journal,1471678X,14716798,Oxford University Press,United Kingdom,ENGLISH,Management Information Systems,Strategy and Management,Management Science and Operations Research,"Economics, Econometrics and Finance (all)",Mathematics (all),Applied Mathematics,Modeling and Simulation,-
IMA Journal of Mathematical Control and Information,Journal,02650754,14716887,Oxford University Press,United Kingdom,ENGLISH,Control and Systems Engineering,Applied Mathematics,Control and Optimization,-,-,-,-,-
IMA Journal of Numerical Analysis,Journal,02724979,14643642,Oxford University Press,United Kingdom,ENGLISH,Mathematics (all),Applied Mathematics,Computational Mathematics,-,-,-,-,-
Image and Vision Computing,Journal,02628856,-,Elsevier Ltd,United Kingdom,ENGLISH,Computer Vision and Pattern Recognition,Signal Processing,Electrical and Electronic Engineering,-,-,-,-,-
Imaging Science Journal,Journal,13682199,1743131X,Taylor and Francis Ltd.,United Kingdom,ENGLISH,Computer Vision and Pattern Recognition,Media Technology,-,-,-,-,-,-
INCOSE International Symposium,Journal,-,23345837,John Wiley and Sons Inc,United States,ENGLISH,"Renewable Energy, Sustainability and the Environment",Biomedical Engineering,Control and Systems Engineering,"Safety, Risk, Reliability and Quality",-,-,-,-
Indian Chemical Engineer,Journal,00194506,0975007X,Taylor and Francis Ltd.,United Kingdom,ENGLISH,Chemical Engineering (all),-,-,-,-,-,-,-
Indian Geotechnical Journal,Journal,09719555,22773347,Springer,India,ENGLISH,Geotechnical Engineering and Engineering Geology,-,-,-,-,-,-,-
Indian Journal of Engineering and Materials Sciences,Journal,09714588,09751017,National Institute of Science Communication and Policy Research,India,ENGLISH,Engineering (all),Materials Science (all),-,-,-,-,-,-
Indian Journal of Fibre and Textile Research,Journal,09710426,09751025,National Institute of Science Communication and Policy Research,India,ENGLISH,Chemical Engineering (miscellaneous),Environmental Science (all),Materials Science (miscellaneous),Polymers and Plastics,-,-,-,-
Indoor Air,Journal,09056947,16000668,John Wiley and Sons Inc,United Kingdom,ENGLISH,Building and Construction,Environmental Engineering,"Public Health, Environmental and Occupational Health",-,-,-,-,-
Industrial and Engineering Chemistry Research,Journal,08885885,15205045,American Chemical Society,United States,ENGLISH,Chemical Engineering (all),Chemistry (all),Industrial and Manufacturing Engineering,-,-,-,-,-
Industrial Biotechnology,Journal,15509087,-,SAGE Publications Ltd,United States,ENGLISH,Biotechnology,-,-,-,-,-,-,-
Industrial Chemistry and Materials,Journal,27552608,27552500,Royal Society of Chemistry,United Kingdom,ENGLISH,Chemical Engineering (all),Energy (all),Materials Science (all),-,-,-,-,-
Industrial Combustion,Journal,-,20753071,IFRF Combustion Journal,Canada,ENGLISH,Chemical Engineering (all),Chemistry (all),Energy Engineering and Power Technology,Fuel Technology,Pollution,Physics and Astronomy (all),-,-
Industrial Crops and Products,Journal,09266690,-,Elsevier B.V.,Netherlands,ENGLISH,Agronomy and Crop Science,-,-,-,-,-,-,-
Industrial Lubrication and Tribology,Journal,00368792,17585775,Emerald Publishing,United Kingdom,ENGLISH,Energy (all),Mechanical Engineering,"Surfaces, Coatings and Films",-,-,-,-,-
Industrial Management,Journal,00198471,-,Institute of Industrial Engineers,United States,ENGLISH,Strategy and Management,Industrial Relations,Industrial and Manufacturing Engineering,-,-,-,-,-
Industrial Management and Data Systems,Journal,02635577,17585783,Emerald Publishing,United Kingdom,ENGLISH,Management Information Systems,Strategy and Management,Industrial Relations,Computer Science Applications,Industrial and Manufacturing Engineering,-,-,-
Industrial Robot,Journal,0143991X,17585791,Emerald Publishing,United Kingdom,ENGLISH,Computer Science Applications,Control and Systems Engineering,Industrial and Manufacturing Engineering,-,-,-,-,-
Infocommunications Journal,Journal,20612079,20612125,Scientific Association for Infocommunications,Hungary,ENGLISH,Computer Science (all),Electrical and Electronic Engineering,-,-,-,-,-,-
INFOR,Journal,03155986,19160615,Taylor and Francis Ltd.,Canada,ENGLISH,Computer Science Applications,Information Systems,Signal Processing,Management Science and Operations Research,-,-,-,-
Informatica (Netherlands),Journal,08684952,-,Vilnius University,United Kingdom,ENGLISH,Information Systems,Applied Mathematics,-,-,-,-,-,-
Informatik-Spektrum,Journal,01706012,1432122X,Springer Science and Business Media Deutschland GmbH,Germany,GERMAN,Computer Science Applications,Information Systems,-,-,-,-,-,-
Information (Switzerland),Journal,-,20782489,Multidisciplinary Digital Publishing Institute (MDPI),Switzerland,ENGLISH,Information Systems,-,-,-,-,-,-,-
Information and Computation,Journal,08905401,10902651,Elsevier Inc.,United States,ENGLISH,Computational Theory and Mathematics,Computer Science Applications,Information Systems,Theoretical Computer Science,-,-,-,-
Information and Computer Security,Journal,20564961,2056497X,Emerald Publishing,United Kingdom,ENGLISH,Management Information Systems,Management of Technology and Innovation,Computer Networks and Communications,Information Systems,Software,Information Systems and Management,-,-
Information and Management,Journal,03787206,-,Elsevier B.V.,Netherlands,ENGLISH,Management Information Systems,Information Systems,Information Systems and Management,-,-,-,-,-
Information and Software Technology,Journal,09505849,-,Elsevier B.V.,Netherlands,ENGLISH,Computer Science Applications,Information Systems,Software,-,-,-,-,-
Information Display,Journal,03620972,2637496X,John Wiley and Sons Inc,United States,ENGLISH,Hardware and Architecture,Electrical and Electronic Engineering,-,-,-,-,-,-
Information Economics and Policy,Journal,01676245,-,Elsevier B.V.,Netherlands,ENGLISH,Economics and Econometrics,"Management, Monitoring, Policy and Law",-,-,-,-,-,-
Information Fusion,Journal,15662535,18726305,Elsevier B.V.,Netherlands,ENGLISH,Hardware and Architecture,Information Systems,Signal Processing,Software,-,-,-,-
Information Processing and Management,Journal,03064573,18735371,Elsevier Ltd,United Kingdom,ENGLISH,Computer Science Applications,Information Systems,Management Science and Operations Research,Media Technology,Library and Information Sciences,-,-,-
Information Processing in Agriculture,Journal,20970153,22143173,China Agricultural University,China,ENGLISH,Agronomy and Crop Science,Animal Science and Zoology,Aquatic Science,Forestry,Computer Networks and Communications,Computer Science Applications,Information Systems,Information Systems and Management
Information Processing Letters,Journal,00200190,-,Elsevier B.V.,Netherlands,ENGLISH,Computer Science Applications,Information Systems,Signal Processing,Theoretical Computer Science,-,-,-,-
Information Resources Management Journal,Journal,10401628,15337979,IGI Global,United States,ENGLISH,Business and International Management,Strategy and Management,Library and Information Sciences,-,-,-,-,-
Information Sciences,Journal,00200255,-,Elsevier Inc.,United States,ENGLISH,Artificial Intelligence,Computer Science Applications,Software,Information Systems and Management,Control and Systems Engineering,Theoretical Computer Science,-,-
Information Security Journal,Journal,19393555,19393547,Taylor and Francis Ltd.,United States,ENGLISH,Computer Science Applications,Software,Information Systems and Management,-,-,-,-,-
Information Services and Use,Journal,01675265,18758789,SAGE Publications Ltd,United Kingdom,ENGLISH,Computer Science Applications,Information Systems,Library and Information Sciences,-,-,-,-,-
Information Systems,Journal,03064379,-,Elsevier Ltd,United Kingdom,ENGLISH,Hardware and Architecture,Information Systems,Software,-,-,-,-,-
Information Systems Frontiers,Journal,13873326,15729419,Springer,United States,ENGLISH,Computer Networks and Communications,Information Systems,Software,Theoretical Computer Science,-,-,-,-
Information Systems Journal,Journal,13501917,13652575,John Wiley and Sons Inc,United Kingdom,ENGLISH,Computer Networks and Communications,Information Systems,Software,-,-,-,-,-
Information Systems Management,Journal,10580530,-,Taylor and Francis Ltd.,United States,ENGLISH,Computer Science Applications,Information Systems,Library and Information Sciences,-,-,-,-,-
Information Systems Research,Journal,10477047,15265536,INFORMS Inst.for Operations Res.and the Management Sciences,United States,ENGLISH,Management Information Systems,Computer Networks and Communications,Information Systems,Information Systems and Management,Library and Information Sciences,-,-,-
Information Technology for Development,Journal,02681102,15540170,Association for Information Systems,United Kingdom,ENGLISH,Computer Science Applications,Development,Public Administration,-,-,-,-,-
Information Visualization,Journal,14738716,14738724,SAGE Publications Ltd,United Kingdom,ENGLISH,Computer Vision and Pattern Recognition,-,-,-,-,-,-,-
INFORMS Journal on Computing,Journal,10919856,15265528,INFORMS Inst.for Operations Res.and the Management Sciences,United States,ENGLISH,Computer Science Applications,Information Systems,Software,Management Science and Operations Research,-,-,-,-
Infrared and Laser Engineering,Journal,10072276,-,Science Press,China,CHINESE,Space and Planetary Science,Aerospace Engineering,Electrical and Electronic Engineering,"Atomic and Molecular Physics, and Optics",-,-,-,-
Infrared Physics and Technology,Journal,13504495,-,Elsevier B.V.,Netherlands,ENGLISH,"Electronic, Optical and Magnetic Materials",Condensed Matter Physics,"Atomic and Molecular Physics, and Optics",-,-,-,-,-
Infrastructure Asset Management,Journal,20530242,20530250,Emerald Publishing,United Kingdom,ENGLISH,Building and Construction,"Geography, Planning and Development",Safety Research,Transportation,Public Administration,-,-,-
Ingegneria Ferroviaria,Journal,00200956,-,CIFI Collegio Ingegneri Ferroviari Italiani,Italy,ITALIAN,Electrical and Electronic Engineering,Mechanical Engineering,Transportation,-,-,-,-,-
Ingenieria y Universidad,Journal,01232126,20112769,Pontificia Universidad Javeriana,Colombia,SPANISH,Engineering (all),-,-,-,-,-,-,-
INMATEH - Agricultural Engineering,Journal,20684215,20682239,INMA Bucharest,Romania,ENGLISH/ROMANIAN,Food Science,Industrial and Manufacturing Engineering,Mechanical Engineering,-,-,-,-,-
Innovation,Journal,-,26666758,Cell Press,United States,ENGLISH,Multidisciplinary,-,-,-,-,-,-,-
Innovations in Systems and Software Engineering,Journal,16145046,16145054,Springer Science and Business Media Deutschland GmbH,United Kingdom,ENGLISH,Software,-,-,-,-,-,-,-
Innovative Food Science and Emerging Technologies,Journal,14668564,-,Elsevier Ltd,United Kingdom,ENGLISH,Food Science,Chemistry (all),Industrial and Manufacturing Engineering,-,-,-,-,-
Inorganic Chemistry,Journal,00201669,1520510X,American Chemical Society,United States,ENGLISH,Inorganic Chemistry,Physical and Theoretical Chemistry,-,-,-,-,-,-
Inorganic Chemistry Frontiers,Journal,20521545,20521553,Royal Society of Chemistry,United Kingdom,ENGLISH,Inorganic Chemistry,-,-,-,-,-,-,-
Inorganic Materials,Journal,00201685,16083172,Pleiades Publishing,Russian Federation,ENGLISH,Chemical Engineering (all),Inorganic Chemistry,Materials Chemistry,Metals and Alloys,-,-,-,-
Inorganic Materials: Applied Research,Journal,20751133,2075115X,Pleiades Publishing,Russian Federation,ENGLISH,Engineering (all),Materials Science (all),-,-,-,-,-,-
Inorganica Chimica Acta,Journal,00201693,18733255,Elsevier B.V.,Switzerland,ENGLISH,Inorganic Chemistry,Physical and Theoretical Chemistry,Materials Chemistry,-,-,-,-,-
Insight,Journal,2156485X,21564868,John Wiley and Sons Inc,United States,ENGLISH/GERMAN,Management Information Systems,Computer Networks and Communications,Hardware and Architecture,Information Systems,Information Systems and Management,Engineering (miscellaneous),Control and Systems Engineering,-
Insight: Non-Destructive Testing and Condition Monitoring,Journal,13542575,17544904,British Institute of Non-Destructive Testing,United Kingdom,ENGLISH,Mechanical Engineering,Mechanics of Materials,Materials Chemistry,Metals and Alloys,-,-,-,-
Instrumentation Science and Technology,Journal,10739149,15256030,Taylor and Francis Ltd.,United States,ENGLISH,Chemical Engineering (all),Environmental Science (all),Instrumentation,-,-,-,-,-
Instruments and Experimental Techniques,Journal,00204412,16083180,Pleiades Publishing,Russian Federation,ENGLISH,Instrumentation,-,-,-,-,-,-,-
Integrated Computer-Aided Engineering,Journal,10692509,18758835,SAGE Publications Ltd,United Kingdom,ENGLISH,Artificial Intelligence,Computational Theory and Mathematics,Computer Science Applications,Software,Theoretical Computer Science,-,-,-
Integrated Ferroelectrics,Journal,10584587,16078489,Taylor and Francis Ltd.,United Kingdom,ENGLISH,Control and Systems Engineering,Electrical and Electronic Engineering,Ceramics and Composites,"Electronic, Optical and Magnetic Materials",Materials Chemistry,Condensed Matter Physics,-,-
Integrating Materials and Manufacturing Innovation,Journal,21939764,21939772,Springer Science and Business Media Deutschland GmbH,Switzerland,ENGLISH,Industrial and Manufacturing Engineering,Materials Science (all),-,-,-,-,-,-
Integration,Journal,01679260,-,Elsevier B.V.,Netherlands,ENGLISH,Hardware and Architecture,Software,Electrical and Electronic Engineering,-,-,-,-,-
Inteligencia Artificial,Journal,11373601,19883064,Ibero-American Society of Artificial Intelligence (IBERAMIA),Spain,ENGLISH/SPANISH,Artificial Intelligence,Software,-,-,-,-,-,-
Intelligent and Converged Networks,Journal,-,27086240,Tsinghua University Press,United States,ENGLISH,Computer Networks and Communications,-,-,-,-,-,-,-
Intelligent Buildings International,Journal,17508975,17566932,Taylor and Francis Ltd.,United Kingdom,ENGLISH,Computer Science Applications,Civil and Structural Engineering,Building and Construction,"Geography, Planning and Development",-,-,-,-
Intelligent Computing,Journal,-,27715892,American Association for the Advancement of Science,United States,ENGLISH,Artificial Intelligence,Computer Networks and Communications,Computer Science Applications,Computer Vision and Pattern Recognition,Human-Computer Interaction,Electrical and Electronic Engineering,-,-
Intelligent Data Analysis,Journal,1088467X,15714128,SAGE Publications Ltd,United Kingdom,ENGLISH,Artificial Intelligence,Computer Vision and Pattern Recognition,Theoretical Computer Science,-,-,-,-,-
Intelligent Decision Technologies,Journal,18724981,18758843,SAGE Publications Ltd,United Kingdom,ENGLISH,Artificial Intelligence,Computer Vision and Pattern Recognition,Human-Computer Interaction,Software,"Statistics, Probability and Uncertainty",Statistics and Probability,-,-
Intelligent Marine Technology and Systems,Journal,-,29481953,Springer,Singapore,ENGLISH,Computer Science (miscellaneous),Oceanography,Ocean Engineering,-,-,-,-,-
Intelligent Medicine,Journal,20969376,26671026,Chinese Medical Association,China,ENGLISH,Artificial Intelligence,Biomedical Engineering,Medicine (all),Medicine (miscellaneous),Anatomy,Health Informatics,Rehabilitation,-
Intelligent Service Robotics,Journal,18612776,18612784,Springer Science and Business Media Deutschland GmbH,Germany,ENGLISH,Artificial Intelligence,Engineering (miscellaneous),Computational Mechanics,Mechanical Engineering,-,-,-,-
Intelligent Systems with Applications,Journal,26673053,-,Elsevier B.V.,Netherlands,ENGLISH,Computer Science (miscellaneous),Artificial Intelligence,Computer Science Applications,Computer Vision and Pattern Recognition,Signal Processing,-,-,-
Interacting with Computers,Journal,09535438,18737951,Oxford University Press,United Kingdom,ENGLISH,Human-Computer Interaction,Software,Library and Information Sciences,-,-,-,-,-
Interactions  ,Journal,-,30050731,Springer Nature,Switzerland,ENGLISH,Physical and Theoretical Chemistry,Condensed Matter Physics,Nuclear and High Energy Physics,"Atomic and Molecular Physics, and Optics",-,-,-,-
InterCeram: International Ceramic Review,Journal,00205214,-,Springer Vieweg,Germany,ENGLISH,Inorganic Chemistry,Ceramics and Composites,Materials Chemistry,-,-,-,-,-
"Interdisciplinary Journal of Information, Knowledge, and Management",Journal,15551229,15551237,Informing Science Institute,United States,ENGLISH,Computer Science (all),Information Systems and Management,-,-,-,-,-,-
Interdisciplinary Materials,Journal,27674401,2767441X,John Wiley and Sons Inc,United States,ENGLISH,Materials Science (all),-,-,-,-,-,-,-
Interdisciplinary Science Reviews,Journal,03080188,17432790,SAGE Publications Ltd,United Kingdom,ENGLISH,Multidisciplinary,History and Philosophy of Science,Social Sciences (miscellaneous),-,-,-,-,-
Interface Focus,Journal,20428898,20428901,Royal Society Publishing,United Kingdom,ENGLISH,Biochemistry,Biophysics,Biotechnology,Bioengineering,Biomedical Engineering,Biomaterials,-,-
Intermetallics,Journal,09669795,-,Elsevier Ltd,United Kingdom,ENGLISH,Chemistry (all),Mechanical Engineering,Mechanics of Materials,Materials Chemistry,Metals and Alloys,-,-,-
International Applied Mechanics,Journal,10637095,15738582,Springer,United States,ENGLISH,Mechanical Engineering,Mechanics of Materials,-,-,-,-,-,-
International Biodeterioration and Biodegradation,Journal,09648305,-,Elsevier Ltd,United Kingdom,ENGLISH,Waste Management and Disposal,Microbiology,Biomaterials,-,-,-,-,-
International Communications in Heat and Mass Transfer,Journal,07351933,-,Elsevier Ltd,United Kingdom,ENGLISH,Chemical Engineering (all),Condensed Matter Physics,"Atomic and Molecular Physics, and Optics",-,-,-,-,-
"International Computer Conference on Wavelet Active Media Technology and Information Processing, ICCWAMTIP",Journal,25768972,25768964,Institute of Electrical and Electronics Engineers Inc.,United States,ENGLISH,Artificial Intelligence,Computer Science Applications,Information Systems,Signal Processing,"Safety, Risk, Reliability and Quality",Media Technology,-,-
International Computer Science and Engineering Conference,Journal,23815035,-,Institute of Electrical and Electronics Engineers Inc.,United States,ENGLISH,Computer Networks and Communications,Computer Science Applications,Computer Vision and Pattern Recognition,Information Systems,Software,Information Systems and Management,"Renewable Energy, Sustainability and the Environment",Control and Optimization
"International Conference on Advanced Cloud and Big Data, CBD",Journal,-,2573301X,Institute of Electrical and Electronics Engineers Inc.,United States,ENGLISH,Artificial Intelligence,Computer Networks and Communications,Information Systems,Information Systems and Management,"Safety, Risk, Reliability and Quality",Modeling and Simulation,-,-
"International Conference on Advanced Infocomm Technology, ICAIT",Journal,-,27701603,Institute of Electrical and Electronics Engineers Inc.,United States,ENGLISH,Computer Networks and Communications,Computer Science Applications,Hardware and Architecture,Information Systems,Signal Processing,Information Systems and Management,-,-
"International Conference on Advanced Semiconductor Devices and Microsystems, ASDAM",Journal,24752916,24749737,Institute of Electrical and Electronics Engineers Inc.,United States,ENGLISH,Hardware and Architecture,Electrical and Electronic Engineering,"Safety, Risk, Reliability and Quality","Electronic, Optical and Magnetic Materials",Instrumentation,-,-,-
"International Conference on Artificial Intelligence in Information and Communication, ICAIIC",Journal,28316991,28316983,Institute of Electrical and Electronics Engineers Inc.,United States,ENGLISH,Artificial Intelligence,Computer Networks and Communications,Computer Science Applications,Computer Vision and Pattern Recognition,Information Systems,"Safety, Risk, Reliability and Quality",Health Informatics,-
"International Conference on Awareness Science and Technology, iCAST",Journal,-,23255994,Institute of Electrical and Electronics Engineers Inc.,United States,ENGLISH,Artificial Intelligence,Computer Networks and Communications,Computer Science Applications,Computer Vision and Pattern Recognition,Information Systems,Information Systems and Management,-,-
"International Conference on Big Data and Information Analytics, BigDIA",Journal,27716910,27716902,Institute of Electrical and Electronics Engineers Inc.,United States,ENGLISH,Information Systems,Decision Sciences (miscellaneous),Information Systems and Management,-,-,-,-,-
"International Conference on Communication Systems and Networks, COMSNETS",Journal,21552487,21552509,Institute of Electrical and Electronics Engineers Inc.,United States,ENGLISH,Artificial Intelligence,Computer Networks and Communications,Hardware and Architecture,Information Systems,Information Systems and Management,"Safety, Risk, Reliability and Quality",-,-
"International Conference on Computer and Communication Engineering Technology, CCET",Journal,28365984,28365992,Institute of Electrical and Electronics Engineers Inc.,United States,ENGLISH,Computer Networks and Communications,Computer Vision and Pattern Recognition,Signal Processing,Information Systems and Management,Control and Optimization,-,-,-
"International Conference on Computer and Communication Engineering, ICCCE",Journal,-,28361911,Institute of Electrical and Electronics Engineers Inc.,United States,ENGLISH,Artificial Intelligence,Computer Networks and Communications,Computer Science Applications,Computer Vision and Pattern Recognition,Signal Processing,Electrical and Electronic Engineering,-,-
"International Conference on Computer Science and Engineering, UBMK",Journal,-,25211641,Institute of Electrical and Electronics Engineers Inc.,United States,ENGLISH,Artificial Intelligence,Computer Networks and Communications,Hardware and Architecture,Information Systems,Information Systems and Management,"Safety, Risk, Reliability and Quality",-,-
"International Conference on Computer, Control, Informatics and its Applications, IC3INA",Journal,29945933,29945925,Institute of Electrical and Electronics Engineers Inc.,United States,ENGLISH,Computer Networks and Communications,Computer Science Applications,Hardware and Architecture,Information Systems,Information Systems and Management,Control and Optimization,-,-
"International Conference on Control, Automation and Information Sciences, ICCAIS",Journal,-,24757896,Institute of Electrical and Electronics Engineers Inc.,United States,ENGLISH,Artificial Intelligence,Computer Science Applications,Computer Vision and Pattern Recognition,Information Systems,Biomedical Engineering,"Safety, Risk, Reliability and Quality",-,-
"International Conference on eDemocracy and eGovernment, ICEDEG",Journal,25732005,25731998,Institute of Electrical and Electronics Engineers Inc.,United States,ENGLISH,Artificial Intelligence,Computer Networks and Communications,Computer Science Applications,Information Systems and Management,Communication,Political Science and International Relations,-,-
"International Conference on Electrical Energy Systems, ICEES",Journal,-,26933934,Institute of Electrical and Electronics Engineers Inc.,United States,ENGLISH,Strategy and Management,Energy Engineering and Power Technology,"Renewable Energy, Sustainability and the Environment",Automotive Engineering,Electrical and Electronic Engineering,Instrumentation,-,-
"International Conference on Electrical Engineering and Photonics,  EExPolytech",Journal,27716988,2771697X,Institute of Electrical and Electronics Engineers Inc.,United States,ENGLISH,Computer Networks and Communications,Signal Processing,Electrical and Electronic Engineering,Instrumentation,"Atomic and Molecular Physics, and Optics",-,-,-
"International Conference on Electrical Engineering, Computing Science and Automatic Control, CCE",Journal,-,26423766,Institute of Electrical and Electronics Engineers Inc.,United States,ENGLISH,Artificial Intelligence,Computer Science Applications,Computer Vision and Pattern Recognition,Electrical and Electronic Engineering,"Electronic, Optical and Magnetic Materials",Control and Optimization,-,-
International Conference on Electronic Measurement and Instruments,Journal,-,29945100,Institute of Electrical and Electronics Engineers Inc.,United States,ENGLISH,Signal Processing,Electrical and Electronic Engineering,"Safety, Risk, Reliability and Quality",Instrumentation,"Atomic and Molecular Physics, and Optics",-,-,-
"International Conference on Electronic Packaging Technology, ICEPT",Journal,-,28369734,Institute of Electrical and Electronics Engineers Inc.,United States,ENGLISH,Fluid Flow and Transfer Processes,Electrical and Electronic Engineering,"Safety, Risk, Reliability and Quality",Ceramics and Composites,"Electronic, Optical and Magnetic Materials",Metals and Alloys,-,-
"International Conference on Emerging Technologies, ICET",Journal,29945798,29945801,Institute of Electrical and Electronics Engineers Inc.,United States,ENGLISH,Artificial Intelligence,Computer Networks and Communications,Computer Science Applications,Computer Vision and Pattern Recognition,Energy Engineering and Power Technology,Electrical and Electronic Engineering,Modeling and Simulation,-
"International Conference on Engineering and Emerging Technologies, ICEET",Journal,24092983,28313682,Institute of Electrical and Electronics Engineers Inc.,United States,ENGLISH,Artificial Intelligence,Computer Networks and Communications,Computer Science Applications,Hardware and Architecture,Signal Processing,Software,Engineering (miscellaneous),Instrumentation
"International Conference on Fuzzy Theory and Its Applications, iFUZZY",Journal,-,23775831,Institute of Electrical and Electronics Engineers Inc.,United States,ENGLISH,Artificial Intelligence,Applied Mathematics,Control and Optimization,Logic,Modeling and Simulation,-,-,-
"International Conference on High Technology for Sustainable Development, HiTech",Journal,27716864,27716856,Institute of Electrical and Electronics Engineers Inc.,United States,ENGLISH,Computer Science Applications,Information Systems and Management,Energy Engineering and Power Technology,"Renewable Energy, Sustainability and the Environment",Electrical and Electronic Engineering,Education,-,-
"International Conference on Industrial Cyber Physical Systems, ICPS",Journal,27693902,27693899,Institute of Electrical and Electronics Engineers Inc.,United States,ENGLISH,Artificial Intelligence,Computer Networks and Communications,Hardware and Architecture,Industrial and Manufacturing Engineering,Control and Optimization,Modeling and Simulation,-,-
"International Conference on Information and Communications Technology, ICOIACT",Journal,2770467X,27704661,Institute of Electrical and Electronics Engineers Inc.,United States,ENGLISH,Artificial Intelligence,Computer Networks and Communications,Computer Science Applications,Computer Vision and Pattern Recognition,Information Systems,Media Technology,Modeling and Simulation,-
"International Conference on Intelligent Informatics and BioMedical Sciences, ICIIBMS",Journal,21898723,30661110,Institute of Electrical and Electronics Engineers Inc.,United States,ENGLISH,Artificial Intelligence,Computer Science Applications,Computer Vision and Pattern Recognition,Information Systems,Information Systems and Management,Biomedical Engineering,"Safety, Risk, Reliability and Quality",-
"International Conference on Intelligent Robotics and Control Engineering, IRCE",Journal,-,27704815,Institute of Electrical and Electronics Engineers Inc.,United States,ENGLISH,Artificial Intelligence,Aerospace Engineering,Control and Systems Engineering,Mechanical Engineering,Control and Optimization,-,-,-
"International Conference on Localization and GNSS, ICL-GNSS",Journal,23250747,23250771,Institute of Electrical and Electronics Engineers Inc.,United States,ENGLISH,Computer Networks and Communications,Aerospace Engineering,Control and Optimization,Instrumentation,-,-,-,-
"International Conference on Logistics, LOGISTIQUA",Journal,21667349,21667373,Institute of Electrical and Electronics Engineers Inc.,United States,ENGLISH,Strategy and Management,Artificial Intelligence,Decision Sciences (miscellaneous),Information Systems and Management,Management Science and Operations Research,-,-,-
"International Conference on Methods and Models in Automation and Robotics, MMAR",Journal,28352815,28352807,Institute of Electrical and Electronics Engineers Inc.,United States,ENGLISH,Artificial Intelligence,Control and Optimization,Modeling and Simulation,-,-,-,-,-
"International Conference on Military Communication and Information Systems, ICMCIS",Journal,29934966,29934974,Institute of Electrical and Electronics Engineers Inc.,United States,ENGLISH,Computer Networks and Communications,Information Systems,Signal Processing,Information Systems and Management,-,-,-,-
"International Conference on Modern Circuits and Systems Technologies, MOCAST",Journal,29934435,29934443,Institute of Electrical and Electronics Engineers Inc.,United States,ENGLISH,Artificial Intelligence,Hardware and Architecture,Electrical and Electronic Engineering,Instrumentation,-,-,-,-
"International Conference on Networking, Architecture and Storage, NAS",Journal,2835334X,28353323,Institute of Electrical and Electronics Engineers Inc.,United States,ENGLISH,Computer Networks and Communications,Hardware and Architecture,Information Systems,Information Systems and Management,-,-,-,-
"International Conference on New Media Studies, CONMEDIA",Journal,-,27716015,Institute of Electrical and Electronics Engineers Inc.,United States,ENGLISH,Artificial Intelligence,Computer Graphics and Computer-Aided Design,Computer Networks and Communications,Computer Science Applications,Media Technology,Modeling and Simulation,-,-
"International Conference on Parallel, Distributed and Grid Computing, PDGC",Journal,25733087,25733079,Institute of Electrical and Electronics Engineers Inc.,United States,ENGLISH,Artificial Intelligence,Computer Networks and Communications,Computer Science Applications,Hardware and Architecture,Information Systems,Health Informatics,-,-
"International Conference on Platform Technology and Service, PlatCon",Journal,-,27664198,Institute of Electrical and Electronics Engineers Inc.,United States,ENGLISH,Artificial Intelligence,Computer Networks and Communications,Computer Science Applications,Information Systems and Management,"Safety, Risk, Reliability and Quality",Media Technology,-,-
"International Conference on Power and Energy Applications, ICPEA",Journal,-,28378423,Institute of Electrical and Electronics Engineers Inc.,United States,ENGLISH,Artificial Intelligence,Energy Engineering and Power Technology,"Renewable Energy, Sustainability and the Environment",Electrical and Electronic Engineering,-,-,-,-
"International Conference on Power Systems, ICPS",Journal,-,26910233,Institute of Electrical and Electronics Engineers Inc.,United States,ENGLISH,Energy Engineering and Power Technology,"Renewable Energy, Sustainability and the Environment",Electrical and Electronic Engineering,Control and Optimization,-,-,-,-
"International Conference on Radar, Antenna, Microwave, Electronics, and Telecommunications, ICRAMET",Journal,-,28080823,Institute of Electrical and Electronics Engineers Inc.,United States,ENGLISH,Computer Networks and Communications,Electrical and Electronic Engineering,"Electronic, Optical and Magnetic Materials",Instrumentation,-,-,-,-
"International Conference on Renewable Energy and Power Engineering, REPE",Journal,2771702X,27717011,Institute of Electrical and Electronics Engineers Inc.,United States,ENGLISH,Energy Engineering and Power Technology,"Renewable Energy, Sustainability and the Environment",Electrical and Electronic Engineering,"Safety, Risk, Reliability and Quality",Control and Optimization,-,-,-
"International Conference on Robotics and Automation Sciences, ICRAS",Journal,26943506,26943514,Institute of Electrical and Electronics Engineers Inc.,United States,ENGLISH,Artificial Intelligence,Computer Science Applications,Control and Optimization,-,-,-,-,-
"International Conference on Sampling Theory and Applications, SampTA",Journal,28315480,-,Institute of Electrical and Electronics Engineers Inc.,United States,ENGLISH,Artificial Intelligence,Computational Theory and Mathematics,Computer Science Applications,Signal Processing,Discrete Mathematics and Combinatorics,Statistics and Probability,-,-
"International Conference on Signal Processing and Communication, ICSC",Journal,26434458,2643444X,Institute of Electrical and Electronics Engineers Inc.,United States,ENGLISH,Computer Networks and Communications,Signal Processing,Information Systems and Management,"Safety, Risk, Reliability and Quality",Instrumentation,-,-,-
"International Conference on Social Networks Analysis, Management and Security, SNAMS",Journal,28317351,28317343,Institute of Electrical and Electronics Engineers Inc.,United States,ENGLISH,Management of Technology and Innovation,Computer Networks and Communications,Information Systems,Information Systems and Management,"Safety, Risk, Reliability and Quality",Communication,-,-
"International Conference on Solid-State Sensors, Actuators and Microsystems, Transducers",Journal,21670013,21670021,Institute of Electrical and Electronics Engineers Inc.,United States,ENGLISH,Computer Science Applications,Electrical and Electronic Engineering,Control and Optimization,Instrumentation,-,-,-,-
"International Conference on System of Systems Engineering, SoSE",Journal,28353307,28353161,Institute of Electrical and Electronics Engineers Inc.,United States,ENGLISH,Hardware and Architecture,Information Systems,Information Systems and Management,"Safety, Risk, Reliability and Quality",Health Informatics,-,-,-
"International Conference on Systems Biology, ISB",Journal,23250704,23250712,IEEE Computer Society,United States,ENGLISH,"Biochemistry, Genetics and Molecular Biology (all)",Computer Science Applications,Modeling and Simulation,-,-,-,-,-
"International Conference on Web Research, ICWR",Journal,28378288,28378296,Institute of Electrical and Electronics Engineers Inc.,United States,ENGLISH,Artificial Intelligence,Computer Networks and Communications,Computer Science Applications,Information Systems and Management,"Safety, Risk, Reliability and Quality",-,-,-
"International Conference on Wireless Networks and Mobile Communications, WINCOM",Journal,-,27699994,Institute of Electrical and Electronics Engineers Inc.,United States,ENGLISH,Artificial Intelligence,Computer Networks and Communications,Computer Science Applications,Computer Vision and Pattern Recognition,-,-,-,-
International Dairy Journal,Journal,09586946,-,Elsevier Ltd,United Kingdom,ENGLISH,Food Science,Applied Microbiology and Biotechnology,-,-,-,-,-,-
International Energy Journal,Journal,1513718X,-,"Regional Energy Resources Information Center (RERIC), Asian Institute of Technology",Thailand,ENGLISH,Energy (all),-,-,-,-,-,-,-
"International IEEE Conference  proceedings, IS",Journal,28324145,27679802,Institute of Electrical and Electronics Engineers Inc.,United States,ENGLISH,Artificial Intelligence,Information Systems,-,-,-,-,-,-
International Journal Bioautomation,Journal,13141902,13142321,Institute of Biophysics and Biomedical Engineering,Bulgaria,ENGLISH,Food Science,Biochemistry,Biotechnology,Genetics,Ecological Modeling,-,-,-
International Journal for Computational Methods in Engineering Science and Mechanics,Journal,15502287,15502295,Taylor and Francis Ltd.,United States,ENGLISH,Computational Mechanics,Computational Mathematics,-,-,-,-,-,-
International Journal for Engineering Modelling,Journal,13301365,18498671,University of Split,Croatia,ENGLISH,Computer Science Applications,Software,Mechanical Engineering,Mechanics of Materials,Modeling and Simulation,-,-,-
International Journal for Multiscale Computational Engineering,Journal,15431649,-,Begell House Inc.,United States,ENGLISH,Computer Networks and Communications,Computational Mechanics,Control and Systems Engineering,-,-,-,-,-
International Journal for Numerical and Analytical Methods in Geomechanics,Journal,03639061,10969853,John Wiley and Sons Ltd,United Kingdom,ENGLISH,Geotechnical Engineering and Engineering Geology,Computational Mechanics,Mechanics of Materials,Materials Science (all),-,-,-,-
International Journal for Numerical Methods in Biomedical Engineering,Journal,20407939,20407947,John Wiley and Sons Inc,United States,ENGLISH,Molecular Biology,Computational Theory and Mathematics,Software,Biomedical Engineering,Applied Mathematics,Modeling and Simulation,-,-
International Journal for Numerical Methods in Engineering,Journal,00295981,10970207,John Wiley and Sons Ltd,United Kingdom,ENGLISH,Engineering (all),Applied Mathematics,Numerical Analysis,-,-,-,-,-
International Journal for Numerical Methods in Fluids,Journal,02712091,10970363,John Wiley and Sons Ltd,United Kingdom,ENGLISH,Computer Science Applications,Computational Mechanics,Mechanical Engineering,Mechanics of Materials,Applied Mathematics,-,-,-
International Journal for Simulation and Multidisciplinary Design Optimization,Journal,-,17796288,EDP Sciences,France,ENGLISH,Control and Optimization,Modeling and Simulation,-,-,-,-,-,-
International Journal of Abrasive Technology,Journal,17522641,1752265X,Inderscience Publishers,United Kingdom,ENGLISH,Industrial and Manufacturing Engineering,Mechanical Engineering,Mechanics of Materials,Materials Science (all),-,-,-,-
International Journal of Acoustics and Vibrations,Journal,10275851,24151408,International Institute of Acoustics and Vibrations,United States,ENGLISH,Mechanical Engineering,Acoustics and Ultrasonics,-,-,-,-,-,-
International Journal of Ad Hoc and Ubiquitous Computing,Journal,17438225,17438233,Inderscience Publishers,United Kingdom,ENGLISH,Computer Networks and Communications,Hardware and Architecture,Software,-,-,-,-,-
International Journal of Adaptive Control and Signal Processing,Journal,08906327,10991115,John Wiley and Sons Ltd,United Kingdom,ENGLISH,Signal Processing,Control and Systems Engineering,Electrical and Electronic Engineering,-,-,-,-,-
International Journal of Adhesion and Adhesives,Journal,01437496,-,Elsevier Ltd,United Kingdom,ENGLISH,Chemical Engineering (all),Biomaterials,Polymers and Plastics,-,-,-,-,-
International Journal of Advanced Computer Science and Applications,Journal,2158107X,21565570,Science and Information Organization,United Kingdom,ENGLISH,Computer Science (all),-,-,-,-,-,-,-
International Journal of Advanced Manufacturing Technology,Journal,02683768,14333015,Springer Science and Business Media Deutschland GmbH,United Kingdom,ENGLISH,Computer Science Applications,Software,Control and Systems Engineering,Industrial and Manufacturing Engineering,Mechanical Engineering,-,-,-
International Journal of Advanced Nuclear Reactor Design and Technology,Journal,-,24686050,KeAi Communications Co.,China,ENGLISH,Nuclear Energy and Engineering,Nuclear and High Energy Physics,-,-,-,-,-,-
International Journal of Advanced Robotic Systems,Journal,17298806,17298814,SAGE Publications Inc.,United Kingdom,ENGLISH,Artificial Intelligence,Computer Science Applications,Software,-,-,-,-,-
International Journal of Aeroacoustics,Journal,1475472X,20484003,SAGE Publications Inc.,United Kingdom,ENGLISH,Aerospace Engineering,Acoustics and Ultrasonics,-,-,-,-,-,-
International Journal of Aeronautical and Space Sciences,Journal,2093274X,20932480,Korean Society for Aeronautical and Space Sciences,South Korea,ENGLISH,Aerospace Engineering,Control and Systems Engineering,Electrical and Electronic Engineering,Materials Science (all),-,-,-,-
International Journal of Aerospace Engineering,Journal,16875966,16875974,John Wiley and Sons Ltd,United Kingdom,ENGLISH,Aerospace Engineering,-,-,-,-,-,-,-
International Journal of Ambient Computing and Intelligence,Journal,19416237,19416245,IGI Global,United States,ENGLISH,Software,-,-,-,-,-,-,-
International Journal of Ambient Energy,Journal,01430750,21628246,Taylor and Francis Ltd.,United Kingdom,ENGLISH,"Renewable Energy, Sustainability and the Environment",Building and Construction,-,-,-,-,-,-
International Journal of Analytical Chemistry,Journal,16878760,16878779,John Wiley and Sons Ltd,United Kingdom,ENGLISH,Analytical Chemistry,-,-,-,-,-,-,-
International Journal of Antennas and Propagation,Journal,16875869,16875877,John Wiley and Sons Ltd,United Kingdom,ENGLISH,Electrical and Electronic Engineering,-,-,-,-,-,-,-
International Journal of Applied Ceramic Technology,Journal,1546542X,17447402,John Wiley and Sons Inc,United Kingdom,ENGLISH,Marketing,Ceramics and Composites,Materials Chemistry,Condensed Matter Physics,-,-,-,-
International Journal of Applied Decision Sciences,Journal,17558077,17558085,Inderscience Publishers,United Kingdom,ENGLISH,Strategy and Management,Information Systems and Management,Management Science and Operations Research,Economics and Econometrics,-,-,-,-
International Journal of Applied Electromagnetics and Mechanics,Journal,13835416,-,SAGE Publications Ltd,United Kingdom,ENGLISH,Electrical and Electronic Engineering,Mechanical Engineering,Mechanics of Materials,"Electronic, Optical and Magnetic Materials",Condensed Matter Physics,-,-,-
International Journal of Applied Glass Science,Journal,20411286,20411294,John Wiley and Sons Inc,United States,ENGLISH,Materials Science (all),-,-,-,-,-,-,-
International Journal of Applied Mathematics and Computer Science,Journal,1641876X,20838492,Paradigm Publishing Services,Poland,ENGLISH,Computer Science (miscellaneous),Engineering (miscellaneous),Applied Mathematics,-,-,-,-,-
International Journal of Applied Mechanics,Journal,17588251,1758826X,World Scientific,Singapore,ENGLISH,Mechanical Engineering,Mechanics of Materials,Materials Science (all),-,-,-,-,-
International Journal of Applied Systemic Studies,Journal,17510589,17510597,Inderscience Publishers,United Kingdom,ENGLISH,Computer Science Applications,Information Systems and Management,Control and Systems Engineering,-,-,-,-,-
International Journal of Approximate Reasoning,Journal,0888613X,18734731,Elsevier Inc.,United States,ENGLISH,Artificial Intelligence,Software,Applied Mathematics,Theoretical Computer Science,-,-,-,-
International Journal of Architectural Computing,Journal,14780771,20483988,SAGE Publications Inc.,United Kingdom,ENGLISH,Computer Graphics and Computer-Aided Design,Computer Science Applications,Building and Construction,-,-,-,-,-
International Journal of Architectural Heritage,Journal,15583058,15583066,Taylor and Francis Ltd.,United States,ENGLISH,Conservation,Visual Arts and Performing Arts,Architecture,-,-,-,-,-
International Journal of Artificial Intelligence in Education,Journal,15604292,15604306,Springer,United States,ENGLISH,Computational Theory and Mathematics,Education,-,-,-,-,-,-
International Journal of Artificial Organs,Journal,03913988,17246040,SAGE Publications Ltd,United Kingdom,ENGLISH,Bioengineering,Biomedical Engineering,Biomaterials,Medicine (miscellaneous),-,-,-,-
International Journal of Arts and Technology,Journal,17548853,17548861,Inderscience Publishers,Switzerland,ENGLISH,Visual Arts and Performing Arts,Computer Science Applications,-,-,-,-,-,-
International Journal of Automation and Control,Journal,17407516,17407524,Inderscience Publishers,United Kingdom,ENGLISH,Hardware and Architecture,Software,Control and Systems Engineering,Industrial and Manufacturing Engineering,-,-,-,-
International Journal of Automation Technology,Journal,18817629,18838022,Fuji Technology Press,Japan,ENGLISH,Industrial and Manufacturing Engineering,Mechanical Engineering,-,-,-,-,-,-
International Journal of Automotive and Mechanical Engineering,Journal,22298649,21801606,Universiti Malaysia Pahang,Malaysia,ENGLISH,Automotive Engineering,Mechanical Engineering,-,-,-,-,-,-
International Journal of Automotive Engineering,Journal,-,21850992,Society of Automotive Engineers of Japan,Japan,ENGLISH,Fluid Flow and Transfer Processes,Automotive Engineering,"Safety, Risk, Reliability and Quality",Human Factors and Ergonomics,-,-,-,-
International Journal of Automotive Technology,Journal,12299138,19763832,Korean Society of Automotive Engineers,South Korea,ENGLISH,Automotive Engineering,-,-,-,-,-,-,-
International Journal of Automotive Technology and Management,Journal,14709511,17415012,Inderscience Publishers,United Kingdom,ENGLISH,Strategy and Management,Automotive Engineering,-,-,-,-,-,-
International Journal of Autonomous and Adaptive Communications Systems,Journal,17548632,17548640,Inderscience Publishers,Switzerland,ENGLISH,Computer Science (all),Electrical and Electronic Engineering,-,-,-,-,-,-
"International Journal of Aviation, Aeronautics, and Aerospace",Journal,-,23746793,Embry-Riddle Aeronautical University,United States,ENGLISH,Aerospace Engineering,Civil and Structural Engineering,"Safety, Risk, Reliability and Quality",-,-,-,-,-
International Journal of Bifurcation and Chaos,Journal,02181274,17936551,World Scientific,Singapore,ENGLISH,Multidisciplinary,Engineering (all),Engineering (miscellaneous),Applied Mathematics,Modeling and Simulation,-,-,-
International Journal of Bio-Inspired Computation,Journal,17580366,17580374,Inderscience Publishers,Switzerland,ENGLISH,Computer Science (all),Theoretical Computer Science,-,-,-,-,-,-
International Journal of Biological Macromolecules,Journal,01418130,18790003,Elsevier B.V.,Netherlands,ENGLISH,Food Science,Biochemistry,Molecular Biology,Structural Biology,Biomaterials,-,-,-
International Journal of Biomedical Engineering and Technology,Journal,17526418,17526426,Inderscience Publishers,United Kingdom,ENGLISH,Biomedical Engineering,-,-,-,-,-,-,-
International Journal of Biomedical Imaging,Journal,16874188,16874196,John Wiley and Sons Ltd,United Kingdom,ENGLISH,"Radiology, Nuclear Medicine and Imaging",-,-,-,-,-,-,-
International Journal of Biometrics,Journal,17558301,1755831X,Inderscience Publishers,United Kingdom,ENGLISH,Computer Science Applications,Computer Vision and Pattern Recognition,Electrical and Electronic Engineering,Applied Mathematics,-,-,-,-
International Journal of Biotechnology,Journal,09636048,17415020,Inderscience Publishers,United Kingdom,ENGLISH,Management of Technology and Innovation,Bioengineering,-,-,-,-,-,-
International Journal of Building Pathology and Adaptation,Journal,23984708,23984716,Emerald Publishing,United Kingdom,ENGLISH,Civil and Structural Engineering,Building and Construction,-,-,-,-,-,-
International Journal of Business Intelligence and Data Mining,Journal,17438187,17438195,Inderscience Publishers,United Kingdom,ENGLISH,Management Information Systems,Information Systems and Management,"Statistics, Probability and Uncertainty",-,-,-,-,-
International Journal of Cast Metals Research,Journal,13640461,17431336,Taylor and Francis Ltd.,United Kingdom,ENGLISH,Mechanical Engineering,Mechanics of Materials,Metals and Alloys,-,-,-,-,-
International Journal of Ceramic Engineering and Science,Journal,-,25783270,John Wiley and Sons Inc,United States,ENGLISH,Materials Science (miscellaneous),Biomaterials,Ceramics and Composites,"Electronic, Optical and Magnetic Materials",-,-,-,-
International Journal of Chemical Engineering,Journal,1687806X,16878078,John Wiley and Sons Ltd,United Kingdom,ENGLISH,Chemical Engineering (all),-,-,-,-,-,-,-
International Journal of Chemical Kinetics,Journal,05388066,10974601,John Wiley and Sons Inc,United States,ENGLISH,Biochemistry,Inorganic Chemistry,Organic Chemistry,Physical and Theoretical Chemistry,-,-,-,-
International Journal of Chemical Reactor Engineering,Journal,21945748,15426580,Walter de Gruyter GmbH,Germany,ENGLISH,Chemical Engineering (all),-,-,-,-,-,-,-
International Journal of Circuit Theory and Applications,Journal,00989886,1097007X,John Wiley and Sons Ltd,United Kingdom,ENGLISH,Computer Science Applications,Electrical and Electronic Engineering,"Electronic, Optical and Magnetic Materials",Applied Mathematics,-,-,-,-
International Journal of Civil Engineering,Journal,17350522,23833874,Springer Science and Business Media Deutschland GmbH,Switzerland,ENGLISH,Geotechnical Engineering and Engineering Geology,Civil and Structural Engineering,-,-,-,-,-,-
International Journal of Climatology,Journal,08998418,10970088,John Wiley and Sons Ltd,United Kingdom,ENGLISH,Atmospheric Science,Statistics and Probability,-,-,-,-,-,-
International Journal of Clothing Science and Technology,Journal,09556222,17585953,Emerald Publishing,United Kingdom,ENGLISH,"Business, Management and Accounting (all)","Business, Management and Accounting (miscellaneous)",Materials Science (miscellaneous),Polymers and Plastics,-,-,-,-
International Journal of Cloud Computing,Journal,20439989,20439997,Inderscience Publishers,United Kingdom,ENGLISH,Computer Science (miscellaneous),Computer Networks and Communications,Computer Science Applications,Software,-,-,-,-
International Journal of Coal Geology,Journal,01665162,-,Elsevier B.V.,Netherlands,ENGLISH,Economic Geology,Geology,Stratigraphy,Fuel Technology,-,-,-,-
International Journal of Coal Preparation and Utilization,Journal,19392699,19392702,Taylor and Francis Ltd.,United Kingdom,ENGLISH,Chemical Engineering (all),Geotechnical Engineering and Engineering Geology,Energy Engineering and Power Technology,Fuel Technology,Mechanical Engineering,-,-,-
International Journal of Coal Science and Technology,Journal,20958293,21987823,Springer International Publishing,Switzerland,ENGLISH,Geotechnical Engineering and Engineering Geology,Energy Engineering and Power Technology,-,-,-,-,-,-
International Journal of Cognitive Computing in Engineering,Journal,-,26663074,KeAi Communications Co.,China,ENGLISH,Computer Science (miscellaneous),Artificial Intelligence,Computer Science Applications,Information Systems,Information Systems and Management,Engineering (miscellaneous),-,-
International Journal of Cognitive Informatics and Natural Intelligence,Journal,15573958,15573966,IGI Global,United States,ENGLISH,Artificial Intelligence,Human-Computer Interaction,Software,-,-,-,-,-
International Journal of Communication Networks and Distributed Systems,Journal,17543916,17543924,Inderscience Publishers,Switzerland,ENGLISH,Computer Networks and Communications,-,-,-,-,-,-,-
International Journal of Communication Systems,Journal,10745351,10991131,John Wiley and Sons Ltd,United Kingdom,ENGLISH,Computer Networks and Communications,Electrical and Electronic Engineering,-,-,-,-,-,-
International Journal of Computational Fluid Dynamics,Journal,10618562,10290257,Taylor and Francis Ltd.,United Kingdom,ENGLISH,Energy Engineering and Power Technology,Aerospace Engineering,Computational Mechanics,Mechanical Engineering,Mechanics of Materials,Condensed Matter Physics,-,-
International Journal of Computational Intelligence and Applications,Journal,14690268,17575885,World Scientific,Singapore,ENGLISH,Computer Science Applications,Software,Theoretical Computer Science,-,-,-,-,-
International Journal of Computational Intelligence Studies,Journal,17554977,17554985,Inderscience Publishers,United Kingdom,ENGLISH,Computer Science (miscellaneous),Artificial Intelligence,Software,-,-,-,-,-
International Journal of Computational Intelligence Systems,Journal,18756891,18756883,Springer Science and Business Media B.V.,Netherlands,ENGLISH,Computer Science (all),Computational Mathematics,-,-,-,-,-,-
International Journal of Computational Materials Science and Surface Engineering,Journal,17533465,17533473,Inderscience Publishers,United Kingdom,ENGLISH,Computer Science Applications,Engineering (all),Materials Science (all),Modeling and Simulation,-,-,-,-
International Journal of Computational Methods,Journal,02198762,17936969,World Scientific,Singapore,ENGLISH,Computer Science (miscellaneous),Computational Mathematics,-,-,-,-,-,-
International Journal of Computational Science and Engineering,Journal,17427185,17427193,Inderscience Publishers,Switzerland,ENGLISH,Computational Theory and Mathematics,Hardware and Architecture,Software,Computational Mathematics,Modeling and Simulation,-,-,-
International Journal of Computational Systems Engineering,Journal,20463391,20463405,Inderscience Publishers,United Kingdom,ENGLISH,Computer Science (all),Control and Systems Engineering,-,-,-,-,-,-
International Journal of Computer Applications in Technology,Journal,09528091,-,Inderscience Publishers,Switzerland,ENGLISH,Computer Networks and Communications,Computer Science Applications,Information Systems,Software,Electrical and Electronic Engineering,Industrial and Manufacturing Engineering,-,-
International Journal of Computer Games Technology,Journal,16877047,16877055,John Wiley and Sons Ltd,United Kingdom,ENGLISH,Computer Graphics and Computer-Aided Design,Human-Computer Interaction,Software,-,-,-,-,-
International Journal of Computer Integrated Manufacturing,Journal,0951192X,13623052,Taylor and Francis Ltd.,United Kingdom,ENGLISH,Computer Science Applications,Aerospace Engineering,Electrical and Electronic Engineering,Industrial and Manufacturing Engineering,Mechanical Engineering,-,-,-
International Journal of Computer Mathematics,Journal,00207160,10290265,Taylor and Francis Ltd.,United Kingdom,ENGLISH,Computational Theory and Mathematics,Computer Science Applications,Applied Mathematics,-,-,-,-,-
International Journal of Computer Vision,Journal,09205691,15731405,Springer,United States,ENGLISH,Artificial Intelligence,Computer Vision and Pattern Recognition,Software,-,-,-,-,-
International Journal of Computers and Applications,Journal,1206212X,19257074,Taylor and Francis Ltd.,United Kingdom,ENGLISH,Computer Graphics and Computer-Aided Design,Computer Science Applications,Hardware and Architecture,Software,-,-,-,-
International Journal of Computing Science and Mathematics,Journal,17525055,17525063,Inderscience Publishers,United Kingdom,ENGLISH,Computational Theory and Mathematics,Applied Mathematics,Computational Mathematics,Theoretical Computer Science,-,-,-,-
International Journal of Concrete Structures and Materials,Journal,19760485,22341315,Springer Nature Korea,South Korea,ENGLISH,Civil and Structural Engineering,Ocean Engineering,-,-,-,-,-,-
International Journal of Continuing Engineering Education and Life-Long Learning,Journal,15604624,17415055,Inderscience Publishers,Switzerland,ENGLISH,Engineering (all),Education,-,-,-,-,-,-
International Journal of Control,Journal,00207179,13665820,Taylor and Francis Ltd.,United Kingdom,ENGLISH,Computer Science Applications,Control and Systems Engineering,-,-,-,-,-,-
"International Journal of Control, Automation and Systems",Journal,15986446,20054092,"Institute of Control, Robotics and Systems",Germany,ENGLISH,Computer Science Applications,Control and Systems Engineering,-,-,-,-,-,-
International Journal of Crashworthiness,Journal,13588265,17542111,Taylor and Francis Ltd.,United Kingdom,ENGLISH,Industrial and Manufacturing Engineering,Mechanical Engineering,Transportation,-,-,-,-,-
International Journal of Critical Infrastructure Protection,Journal,18745482,-,Elsevier B.V.,Netherlands,ENGLISH,Computer Science Applications,Information Systems and Management,"Safety, Risk, Reliability and Quality",Modeling and Simulation,-,-,-,-
International Journal of Critical Infrastructures,Journal,14753219,17418038,Inderscience Publishers,Switzerland,ENGLISH,Energy (all),"Safety, Risk, Reliability and Quality",Environmental Science (all),-,-,-,-,-
International Journal of Crowd Science,Journal,-,23987294,Tsinghua University Press,United Kingdom,ENGLISH,"Business, Management and Accounting (miscellaneous)",Computer Science (miscellaneous),Decision Sciences (miscellaneous),-,-,-,-,-
International Journal of Damage Mechanics,Journal,10567895,15307921,SAGE Publications Ltd,United Kingdom,ENGLISH,Computational Mechanics,Mechanical Engineering,Mechanics of Materials,Materials Science (all),-,-,-,-
International Journal of Data Science,Journal,20530811,2053082X,Inderscience Publishers,United Kingdom,ENGLISH,Computer Science (miscellaneous),Artificial Intelligence,Computer Networks and Communications,Information Systems,Software,Information Systems and Management,-,-
International Journal of Data Science and Analytics,Journal,2364415X,23644168,Springer Science and Business Media Deutschland GmbH,Germany,ENGLISH,Computational Theory and Mathematics,Computer Science Applications,Information Systems,Applied Mathematics,Modeling and Simulation,-,-,-
International Journal of Data Warehousing and Mining,Journal,15483924,15483932,IGI Global,United States,ENGLISH,Hardware and Architecture,Software,-,-,-,-,-,-
International Journal of Decision Support System Technology,Journal,19416296,1941630X,IGI Global,United States,ENGLISH,Computer Science (all),Modeling and Simulation,-,-,-,-,-,-
International Journal of Digital Crime and Forensics,Journal,19416210,19416229,IGI Global,United States,ENGLISH,Software,-,-,-,-,-,-,-
International Journal of Digital Earth,Journal,17538947,17538955,Taylor and Francis Ltd.,United Kingdom,ENGLISH,Computer Science Applications,Software,Earth and Planetary Sciences (all),-,-,-,-,-
International Journal of Digital Multimedia Broadcasting,Journal,16877578,16877586,John Wiley and Sons Ltd,United Kingdom,ENGLISH,Electrical and Electronic Engineering,Media Technology,Communication,-,-,-,-,-
International Journal of Distance Education Technologies,Journal,15393100,15393119,IGI Global,United States,ENGLISH,Computer Networks and Communications,Computer Science Applications,Education,-,-,-,-,-
International Journal of Distributed Sensor Networks,Journal,15501329,15501477,John Wiley and Sons Ltd,United Kingdom,ENGLISH,Computer Networks and Communications,Engineering (all),-,-,-,-,-,-
International Journal of Distributed Systems and Technologies,Journal,19473532,19473540,IGI Global,United States,ENGLISH,Computer Networks and Communications,Hardware and Architecture,-,-,-,-,-,-
International Journal of Dynamical Systems and Differential Equations,Journal,17523583,17523591,Inderscience Publishers,United Kingdom,ENGLISH,Engineering (all),Control and Optimization,Discrete Mathematics and Combinatorics,-,-,-,-,-
International Journal of Dynamics and Control,Journal,2195268X,21952698,Springer Science and Business Media Deutschland GmbH,Germany,ENGLISH,Civil and Structural Engineering,Control and Systems Engineering,Electrical and Electronic Engineering,Mechanical Engineering,Control and Optimization,Modeling and Simulation,-,-
International Journal of e-Collaboration,Journal,15483673,15483681,IGI Global,United States,ENGLISH,Computer Networks and Communications,Computer Science Applications,-,-,-,-,-,-
International Journal of Electric and Hybrid Vehicles,Journal,17514088,17514096,Inderscience Publishers,United Kingdom,ENGLISH,Fuel Technology,"Renewable Energy, Sustainability and the Environment",Automotive Engineering,-,-,-,-,-
International Journal of Electrical Engineering,Journal,18123031,-,Chinese Institute of Electrical Engineering,Taiwan,ENGLISH,Electrical and Electronic Engineering,-,-,-,-,-,-,-
International Journal of Electrical Engineering and Education,Journal,00207209,20504578,SAGE Publications Inc.,United Kingdom,ENGLISH,Electrical and Electronic Engineering,Education,-,-,-,-,-,-
International Journal of Electrical Power and Energy Systems,Journal,01420615,-,Elsevier Ltd,United Kingdom,ENGLISH,Energy Engineering and Power Technology,Electrical and Electronic Engineering,-,-,-,-,-,-
International Journal of Electronic Business,Journal,14706067,17415063,Inderscience Publishers,Switzerland,ENGLISH,"Business, Management and Accounting (all)",Computer Science Applications,-,-,-,-,-,-
International Journal of Electronic Government Research,Journal,15483886,15483894,IGI Global,United States,ENGLISH,Computer Networks and Communications,Hardware and Architecture,Software,Social Sciences (all),-,-,-,-
International Journal of Electronic Security and Digital Forensics,Journal,1751911X,17519128,Inderscience Publishers,United Kingdom,ENGLISH,Computer Networks and Communications,"Safety, Risk, Reliability and Quality",Law,-,-,-,-,-
International Journal of Electronics,Journal,00207217,13623060,Taylor and Francis Ltd.,United Kingdom,ENGLISH,Electrical and Electronic Engineering,-,-,-,-,-,-,-
International Journal of Electronics and Telecommunications,Journal,20818491,23001933,Polska Akademia Nauk,Poland,ENGLISH,Computer Networks and Communications,Electrical and Electronic Engineering,-,-,-,-,-,-
International Journal of Embedded Systems,Journal,17411068,17411076,Inderscience Publishers,Switzerland,ENGLISH,Hardware and Architecture,Software,-,-,-,-,-,-
International Journal of Emergency Management,Journal,14714825,17415071,Inderscience Publishers,Switzerland,ENGLISH,Strategy and Management,Emergency Medicine,-,-,-,-,-,-
International Journal of Emerging Electric Power Systems,Journal,21945756,1553779X,Walter de Gruyter GmbH,Germany,ENGLISH,Energy Engineering and Power Technology,-,-,-,-,-,-,-
International Journal of Energetic Materials and Chemical Propulsion,Journal,2150766X,21507678,Begell House Inc.,United States,ENGLISH,Aerospace Engineering,Materials Science (all),-,-,-,-,-,-
International Journal of Energy and Environmental Engineering,Journal,20089163,22516832,OICC Press,Germany,ENGLISH,Energy (all),Environmental Engineering,-,-,-,-,-,-
International Journal of Energy for a Clean Environment,Journal,21503621,2150363X,Begell House Inc.,United States,ENGLISH,Energy Engineering and Power Technology,Automotive Engineering,Pollution,-,-,-,-,-
International Journal of Energy Research,Journal,0363907X,1099114X,John Wiley and Sons Ltd,United Kingdom,ENGLISH,Energy Engineering and Power Technology,Fuel Technology,Nuclear Energy and Engineering,"Renewable Energy, Sustainability and the Environment",-,-,-,-
International Journal of Energy Sector Management,Journal,17506220,17506239,Emerald Publishing,United Kingdom,ENGLISH,Strategy and Management,Energy (all),-,-,-,-,-,-
International Journal of Energy Technology and Policy,Journal,14728923,1741508X,Inderscience Publishers,Switzerland,ENGLISH,Energy Engineering and Power Technology,Fuel Technology,"Geography, Planning and Development",-,-,-,-,-
International Journal of Engine Research,Journal,14680874,20413149,SAGE Publications Ltd,United Kingdom,ENGLISH,Aerospace Engineering,Automotive Engineering,Mechanical Engineering,Ocean Engineering,-,-,-,-
International Journal of Engineering and Technology Innovation,Journal,22235329,2226809X,Taiwan Association of Engineering and Technology Innovation,Taiwan,ENGLISH,Civil and Structural Engineering,Electrical and Electronic Engineering,Mechanical Engineering,Mechanics of Materials,-,-,-,-
International Journal of Engineering Education,Journal,0949149X,-,Tempus Publications,Ireland,ENGLISH,Engineering (all),Education,-,-,-,-,-,-
International Journal of Engineering Research in Africa,Journal,16633571,16634144,Trans Tech Publications Ltd,Switzerland,ENGLISH,Engineering (all),-,-,-,-,-,-,-
International Journal of Engineering Science,Journal,00207225,-,Elsevier Ltd,United Kingdom,ENGLISH,Engineering (all),Mechanical Engineering,Mechanics of Materials,Materials Science (all),Mathematics (all),-,-,-
International Journal of Engineering Systems Modelling and Simulation,Journal,17559758,17559766,Inderscience Publishers,Switzerland,ENGLISH,Engineering (all),Modeling and Simulation,-,-,-,-,-,-
"International Journal of Engineering, Transactions A: Basics",Journal,17281431,-,Materials and Energy Research Center,Iran,ENGLISH,Engineering (all),-,-,-,-,-,-,-
"International Journal of Engineering, Transactions B: Applications",Journal,1728144X,-,Materials and Energy Research Center,Iran,ENGLISH,Engineering (all),-,-,-,-,-,-,-
International Journal of Enterprise Information Systems,Journal,15481115,15481123,IGI Global,United States,ENGLISH,Management Information Systems,Computer Science Applications,Information Systems and Management,-,-,-,-,-
International Journal of Environment and Pollution,Journal,09574352,17415101,Inderscience Publishers,Switzerland,ENGLISH,"Management, Monitoring, Policy and Law",Pollution,Waste Management and Disposal,-,-,-,-,-
International Journal of Environment and Sustainable Development,Journal,14746778,14787466,Inderscience Publishers,Switzerland,ENGLISH,"Renewable Energy, Sustainability and the Environment","Management, Monitoring, Policy and Law","Geography, Planning and Development",-,-,-,-,-
International Journal of Environment and Waste Management,Journal,14789876,14789868,Inderscience Publishers,United Kingdom,ENGLISH,Environmental Engineering,Waste Management and Disposal,-,-,-,-,-,-
International Journal of Environmental Analytical Chemistry,Journal,03067319,10290397,Taylor and Francis Ltd.,United Kingdom,ENGLISH,Soil Science,Analytical Chemistry,Environmental Chemistry,"Health, Toxicology and Mutagenesis",Pollution,Waste Management and Disposal,Water Science and Technology,"Public Health, Environmental and Occupational Health"
International Journal of Environmental Engineering,Journal,17568463,17568471,Inderscience Publishers,Switzerland,ENGLISH,Environmental Engineering,-,-,-,-,-,-,-
International Journal of Environmental Science and Technology,Journal,17351472,17352630,Springer Nature,Germany,ENGLISH,Agricultural and Biological Sciences (all),Environmental Chemistry,Environmental Engineering,-,-,-,-,-
International Journal of Environmental Studies,Journal,00207233,10290400,Routledge,United Kingdom,ENGLISH,Computers in Earth Sciences,Ecology,Pollution,Waste Management and Disposal,"Geography, Planning and Development",-,-,-
International Journal of Environmental Technology and Management,Journal,14662132,1741511X,Inderscience Publishers,United Kingdom,ENGLISH,Environmental Engineering,"Management, Monitoring, Policy and Law",-,-,-,-,-,-
International Journal of Exergy,Journal,17428297,17428300,Inderscience Publishers,Switzerland,ENGLISH,Energy (all),-,-,-,-,-,-,-
International Journal of Extreme Manufacturing,Journal,26318644,26317990,Institute of Physics,United Kingdom,ENGLISH,Industrial and Manufacturing Engineering,-,-,-,-,-,-,-
International Journal of Fatigue,Journal,01421123,-,Elsevier Ltd,United Kingdom,ENGLISH,Industrial and Manufacturing Engineering,Mechanical Engineering,Mechanics of Materials,Materials Science (all),Modeling and Simulation,-,-,-
International Journal of Fluid Machinery and Systems,Journal,-,18829554,Turbomachinery Society of Japan,Japan,ENGLISH,Industrial and Manufacturing Engineering,Mechanical Engineering,-,-,-,-,-,-
International Journal of Fluid Mechanics Research,Journal,21525102,21525110,Begell House Inc.,United States,ENGLISH,Mechanical Engineering,Physics and Astronomy (all),-,-,-,-,-,-
International Journal of Fluid Power,Journal,14399776,-,River Publishers,Germany,ENGLISH,Mechanical Engineering,Physics and Astronomy (all),-,-,-,-,-,-
International Journal of Food Engineering ,Journal,21945764,15563758,Walter de Gruyter GmbH,Germany,ENGLISH,Food Science,Biotechnology,Engineering (miscellaneous),-,-,-,-,-
International Journal of Food Properties,Journal,10942912,15322386,Taylor and Francis Ltd.,United States,ENGLISH,Food Science,-,-,-,-,-,-,-
International Journal of Food Science and Technology,Journal,09505423,13652621,Oxford University Press,United Kingdom,ENGLISH,Food Science,Industrial and Manufacturing Engineering,-,-,-,-,-,-
International Journal of Fracture,Journal,03769429,15732673,Springer Science and Business Media B.V.,Netherlands,ENGLISH,Computational Mechanics,Mechanics of Materials,Modeling and Simulation,-,-,-,-,-
International Journal of Fuzzy System Applications,Journal,2156177X,21561761,IGI Global,United States,ENGLISH,Computer Science (all),-,-,-,-,-,-,-
International Journal of Fuzzy Systems,Journal,15622479,21993211,Springer Science and Business Media Deutschland GmbH,Germany,ENGLISH,Artificial Intelligence,Computational Theory and Mathematics,Information Systems,Software,Control and Systems Engineering,Theoretical Computer Science,-,-
International Journal of Gaming and Computer-Mediated Simulations,Journal,19423888,19423896,IGI Global,United States,ENGLISH,Computer Science Applications,-,-,-,-,-,-,-
"International Journal of Gas Turbine, Propulsion and Power Systems",Journal,-,18825079,Gas Turbine Society of Japan,Japan,ENGLISH,Mechanical Engineering,-,-,-,-,-,-,-
International Journal of General Systems,Journal,03081079,15635104,Taylor and Francis Ltd.,United Kingdom,ENGLISH,Computer Science Applications,Information Systems,Control and Systems Engineering,Modeling and Simulation,Theoretical Computer Science,-,-,-
International Journal of Geomechanics,Journal,15323641,19435622,American Society of Civil Engineers (ASCE),United States,ENGLISH,Soil Science,Geotechnical Engineering and Engineering Geology,-,-,-,-,-,-
International Journal of Geosynthetics and Ground Engineering,Journal,21999260,21999279,Springer Science and Business Media Deutschland GmbH,Switzerland,ENGLISH,Civil and Structural Engineering,Polymers and Plastics,-,-,-,-,-,-
International Journal of Global Energy Issues,Journal,09547118,17415128,Inderscience Publishers,Switzerland,ENGLISH,Energy Engineering and Power Technology,Nuclear Energy and Engineering,"Renewable Energy, Sustainability and the Environment",-,-,-,-,-
International Journal of Green Energy,Journal,15435075,15435083,Taylor and Francis Ltd.,United States,ENGLISH,"Renewable Energy, Sustainability and the Environment",-,-,-,-,-,-,-
International Journal of Greenhouse Gas Control,Journal,17505836,-,Elsevier Ltd,United Kingdom,ENGLISH,Energy (all),Industrial and Manufacturing Engineering,"Management, Monitoring, Policy and Law",Pollution,-,-,-,-
International Journal of Grid and High Performance Computing,Journal,19380259,19380267,IGI Global,United States,ENGLISH,Computer Networks and Communications,-,-,-,-,-,-,-
International Journal of Grid and Utility Computing,Journal,1741847X,17418488,Inderscience Publishers,Switzerland,ENGLISH,Management Information Systems,Computer Science Applications,Applied Mathematics,-,-,-,-,-
International Journal of Healthcare Information Systems and Informatics,Journal,15553396,1555340X,IGI Global,United States,ENGLISH,Information Systems,Information Systems and Management,Medicine (miscellaneous),-,-,-,-,-
International Journal of Heat and Fluid Flow,Journal,0142727X,-,Elsevier B.V.,Netherlands,ENGLISH,Fluid Flow and Transfer Processes,Mechanical Engineering,Condensed Matter Physics,-,-,-,-,-
International Journal of Heat and Mass Transfer,Journal,00179310,-,Elsevier Ltd,United Kingdom,ENGLISH,Fluid Flow and Transfer Processes,Mechanical Engineering,Condensed Matter Physics,-,-,-,-,-
International Journal of Heat and Technology,Journal,03928764,-,International Information and Engineering Technology Association,Canada,ENGLISH,Fluid Flow and Transfer Processes,Mechanical Engineering,Condensed Matter Physics,-,-,-,-,-
International Journal of Heavy Vehicle Systems,Journal,1744232X,17415152,Inderscience Publishers,Switzerland,ENGLISH,Automotive Engineering,Mechanical Engineering,-,-,-,-,-,-
International Journal of High Performance Computing Applications,Journal,10943420,17412846,SAGE Publications Inc.,United States,ENGLISH,Hardware and Architecture,Software,Theoretical Computer Science,-,-,-,-,-
International Journal of High Performance Systems Architecture,Journal,17516528,17516536,Inderscience Publishers,United Kingdom,ENGLISH,Hardware and Architecture,-,-,-,-,-,-,-
International Journal of Human Computer Studies,Journal,10715819,10959300,Academic Press,United Kingdom,ENGLISH,Hardware and Architecture,Human-Computer Interaction,Software,Engineering (all),Education,Human Factors and Ergonomics,-,-
International Journal of Human-Computer Interaction,Journal,10447318,15327590,Taylor and Francis Ltd.,United States,ENGLISH,Computer Science Applications,Human-Computer Interaction,Human Factors and Ergonomics,-,-,-,-,-
International Journal of Humanoid Robotics,Journal,02198436,17936942,World Scientific,Singapore,ENGLISH,Artificial Intelligence,Mechanical Engineering,-,-,-,-,-,-
International Journal of Hydrogen Energy,Journal,03603199,-,Elsevier Ltd,United Kingdom,ENGLISH,Energy Engineering and Power Technology,Fuel Technology,"Renewable Energy, Sustainability and the Environment",Condensed Matter Physics,-,-,-,-
International Journal of Hydrology Science and Technology,Journal,20427808,20427816,Inderscience Publishers,Switzerland,ENGLISH,Earth and Planetary Sciences (miscellaneous),Environmental Engineering,Waste Management and Disposal,Water Science and Technology,-,-,-,-
International Journal of Image and Data Fusion,Journal,19479832,19479824,Taylor and Francis Ltd.,United Kingdom,ENGLISH,Computer Science Applications,Earth and Planetary Sciences (all),-,-,-,-,-,-
International Journal of Image and Graphics,Journal,02194678,17936756,World Scientific,Singapore,ENGLISH,Computer Graphics and Computer-Aided Design,Computer Science Applications,Computer Vision and Pattern Recognition,-,-,-,-,-
International Journal of Imaging Systems and Technology,Journal,08999457,10981098,John Wiley and Sons Inc,United States,ENGLISH,Computer Science Applications,Computer Vision and Pattern Recognition,Software,Biomedical Engineering,Electrical and Electronic Engineering,"Electronic, Optical and Magnetic Materials",Health Informatics,"Radiology, Nuclear Medicine and Imaging"
International Journal of Impact Engineering,Journal,0734743X,-,Elsevier Ltd,United Kingdom,ENGLISH,Aerospace Engineering,Automotive Engineering,Civil and Structural Engineering,Mechanical Engineering,Mechanics of Materials,Ocean Engineering,"Safety, Risk, Reliability and Quality",-
International Journal of Industrial and Systems Engineering,Journal,17485037,17485045,Inderscience Publishers,Switzerland,ENGLISH,Control and Systems Engineering,Industrial and Manufacturing Engineering,-,-,-,-,-,-
International Journal of Industrial Engineering : Theory Applications and Practice,Journal,10724761,1943670X,University of Cincinnati,United States,ENGLISH,Industrial and Manufacturing Engineering,-,-,-,-,-,-,-
International Journal of Industrial Ergonomics,Journal,01698141,18728219,Elsevier B.V.,Netherlands,ENGLISH,"Public Health, Environmental and Occupational Health",Human Factors and Ergonomics,-,-,-,-,-,-
International Journal of Industrial Organization,Journal,01677187,-,Elsevier Inc.,United States,ENGLISH,Strategy and Management,Industrial Relations,Economics and Econometrics,Aerospace Engineering,Industrial and Manufacturing Engineering,-,-,-
International Journal of Information and Communication Technology,Journal,14666642,17418070,Inderscience Publishers,United Kingdom,ENGLISH,Computer Networks and Communications,Computer Science Applications,Information Systems,Software,-,-,-,-
International Journal of Information and Communication Technology Education,Journal,15501876,15501337,IGI Global,United States,ENGLISH,Computer Science Applications,Education,-,-,-,-,-,-
International Journal of Information and Computer Security,Journal,17441765,17441773,Inderscience Publishers,United Kingdom,ENGLISH,Computer Networks and Communications,Hardware and Architecture,Software,"Safety, Risk, Reliability and Quality",-,-,-,-
International Journal of Information and Management Sciences,Journal,10171819,-,Tamkang University,Taiwan,ENGLISH,Management Information Systems,Strategy and Management,Information Systems and Management,Control and Systems Engineering,Industrial and Manufacturing Engineering,-,-,-
International Journal of Information Management,Journal,02684012,-,Elsevier Ltd,United Kingdom,ENGLISH,Management Information Systems,Marketing,Artificial Intelligence,Computer Networks and Communications,Information Systems,Information Systems and Management,Library and Information Sciences,-
International Journal of Information Quality,Journal,17510457,17510465,Inderscience Publishers,United Kingdom,ENGLISH,Computer Science Applications,Information Systems,-,-,-,-,-,-
International Journal of Information Security,Journal,16155262,16155270,Springer Science and Business Media Deutschland GmbH,Germany,ENGLISH,Computer Networks and Communications,Information Systems,Software,"Safety, Risk, Reliability and Quality",-,-,-,-
International Journal of Information Security and Privacy,Journal,19301650,19301669,IGI Global,United States,ENGLISH,Information Systems,-,-,-,-,-,-,-
International Journal of Information System Modeling and Design,Journal,19478186,19478194,IGI Global,United States,ENGLISH,Management of Technology and Innovation,Information Systems,-,-,-,-,-,-
International Journal of Information Systems and Change Management,Journal,14793121,1479313X,Inderscience Publishers,United Kingdom,ENGLISH,"Business, Management and Accounting (all)",Decision Sciences (all),-,-,-,-,-,-
International Journal of Information Systems and Supply Chain Management,Journal,19355726,19355734,IGI Global,United States,ENGLISH,Management Information Systems,Information Systems,-,-,-,-,-,-
International Journal of Information Systems in the Service Sector,Journal,19355688,19355696,IGI Global,United States,ENGLISH,Management Information Systems,Strategy and Management,Information Systems,Information Systems and Management,Management Science and Operations Research,-,-,-
International Journal of Information Technologies and Systems Approach,Journal,1935570X,19355718,IGI Global,United States,ENGLISH,Computer Science (all),-,-,-,-,-,-,-
International Journal of Information Technology and Decision Making,Journal,02196220,17936845,World Scientific,Singapore,ENGLISH,Computer Science (miscellaneous),-,-,-,-,-,-,-
International Journal of Information Technology and Management,Journal,14614111,17415179,Inderscience Publishers,Switzerland,ENGLISH,Computer Networks and Communications,Computer Science Applications,Hardware and Architecture,Software,-,-,-,-
International Journal of Information Technology and Web Engineering,Journal,15541045,15541053,IGI Global,United States,ENGLISH,Computer Science (all),-,-,-,-,-,-,-
International Journal of Innovation and Sustainable Development,Journal,17408822,17408830,Inderscience Publishers,United Kingdom,ENGLISH,Management of Technology and Innovation,"Renewable Energy, Sustainability and the Environment",-,-,-,-,-,-
International Journal of Innovation Science,Journal,17572223,17572231,Emerald Publishing,United Kingdom,ENGLISH,Management of Technology and Innovation,Engineering (all),-,-,-,-,-,-
International Journal of Innovative Computing and Applications,Journal,1751648X,17516498,Inderscience Publishers,United Kingdom,ENGLISH,Hardware and Architecture,Software,Theoretical Computer Science,-,-,-,-,-
"International Journal of Innovative Computing, Information and Control",Journal,13494198,-,ICIC International,Japan,ENGLISH,Computational Theory and Mathematics,Information Systems,Software,Theoretical Computer Science,-,-,-,-
International Journal of Intelligent Computing and Cybernetics,Journal,1756378X,17563798,Emerald Publishing,United Kingdom,ENGLISH,Computer Science (all),-,-,-,-,-,-,-
International Journal of Intelligent Information and Database Systems,Journal,17515858,17515866,Inderscience Publishers,United Kingdom,ENGLISH,Information Systems,-,-,-,-,-,-,-
International Journal of Intelligent Information Technologies,Journal,15483657,15483665,IGI Global,United States,ENGLISH,Information Systems,Decision Sciences (miscellaneous),-,-,-,-,-,-
International Journal of Intelligent Networks,Journal,-,26666030,KeAi Communications Co.,China,ENGLISH,Computer Science (all),Artificial Intelligence,Computer Networks and Communications,Signal Processing,Electrical and Electronic Engineering,-,-,-
International Journal of Intelligent Robotics and Applications,Journal,23665971,2366598X,Springer,Singapore,ENGLISH,Artificial Intelligence,Computer Science Applications,-,-,-,-,-,-
International Journal of Intelligent Systems,Journal,08848173,1098111X,John Wiley and Sons Inc,United States,ENGLISH,Artificial Intelligence,Human-Computer Interaction,Software,Theoretical Computer Science,-,-,-,-
International Journal of Intelligent Systems Technologies and Applications,Journal,17408865,17408873,Inderscience Publishers,United Kingdom,ENGLISH,Computer Science (all),-,-,-,-,-,-,-
International Journal of Intelligent Transportation Systems Research,Journal,13488503,18688659,Springer,United States,ENGLISH,Computer Science Applications,Human-Computer Interaction,Information Systems,Automotive Engineering,Control and Systems Engineering,Neuroscience (all),Transportation,-
International Journal of Interactive Mobile Technologies ,Journal,-,18657923,International Federation of Engineering Education Societies (IFEES),United States,ENGLISH,Computer Networks and Communications,Computer Science Applications,Education,-,-,-,-,-
International Journal of Interdisciplinary Telecommunications and Networking,Journal,19418663,19418671,IGI Global,United States,ENGLISH,Computer Networks and Communications,-,-,-,-,-,-,-
International Journal of Internet Manufacturing and Services,Journal,17516048,17516056,Inderscience Publishers,United Kingdom,ENGLISH,Computer Networks and Communications,Information Systems and Management,Industrial and Manufacturing Engineering,-,-,-,-,-
International Journal of Internet Protocol Technology,Journal,17438209,17438217,Inderscience Publishers,Switzerland,ENGLISH,Computer Networks and Communications,-,-,-,-,-,-,-
International Journal of Knowledge Management,Journal,15480666,15480658,IGI Global,United States,ENGLISH,Management Information Systems,Management of Technology and Innovation,Computer Science Applications,-,-,-,-,-
International Journal of Knowledge-Based and Intelligent Engineering Systems,Journal,13272314,18758827,SAGE Publications Ltd,United Kingdom,ENGLISH,Artificial Intelligence,Software,"Statistics, Probability and Uncertainty",Control and Systems Engineering,Statistics and Probability,-,-,-
International Journal of Knowledge-Based Development,Journal,20404468,20404476,Inderscience Publishers,United Kingdom,ENGLISH,Management of Technology and Innovation,Strategy and Management,Information Systems and Management,-,-,-,-,-
International Journal of Life Cycle Assessment,Journal,09483349,16147502,Springer,Germany,ENGLISH,Environmental Science (all),-,-,-,-,-,-,-
International Journal of Lightweight Materials and Manufacture,Journal,-,25888404,KeAi Publishing Communications Ltd.,China,ENGLISH,Industrial and Manufacturing Engineering,Mechanics of Materials,Materials Science (all),-,-,-,-,-
International Journal of Low-Carbon Technologies,Journal,17481317,17481325,Oxford University Press,United Kingdom,ENGLISH,"Renewable Energy, Sustainability and the Environment",Civil and Structural Engineering,Architecture,Environmental Science (all),-,-,-,-
International Journal of Machine Learning and Cybernetics,Journal,18688071,1868808X,Springer Science and Business Media Deutschland GmbH,Germany,ENGLISH,Artificial Intelligence,Computer Vision and Pattern Recognition,Software,-,-,-,-,-
International Journal of Machine Tools and Manufacture,Journal,08906955,-,Elsevier Ltd,United Kingdom,ENGLISH,Industrial and Manufacturing Engineering,Mechanical Engineering,-,-,-,-,-,-
International Journal of Machining and Machinability of Materials,Journal,17485711,1748572X,Inderscience Publishers,United Kingdom,ENGLISH,Industrial and Manufacturing Engineering,Mechanical Engineering,Mechanics of Materials,-,-,-,-,-
International Journal of Manufacturing Research,Journal,17500591,17500605,Inderscience Publishers,United Kingdom,ENGLISH,Computer Science Applications,Control and Systems Engineering,Industrial and Manufacturing Engineering,Modeling and Simulation,-,-,-,-
International Journal of Manufacturing Technology and Management,Journal,13682148,17415195,Inderscience Publishers,Switzerland,ENGLISH,Strategy and Management,Computer Science Applications,Information Systems and Management,Electrical and Electronic Engineering,Industrial and Manufacturing Engineering,-,-,-
International Journal of Material Forming,Journal,19606206,19606214,Springer-Verlag Italia s.r.l.,Italy,ENGLISH,Materials Science (all),-,-,-,-,-,-,-
International Journal of Materials and Product Technology,Journal,02681900,17415209,Inderscience Publishers,Switzerland,ENGLISH,Industrial and Manufacturing Engineering,Mechanical Engineering,Mechanics of Materials,"Safety, Risk, Reliability and Quality",-,-,-,-
International Journal of Materials Research,Journal,18625282,21958556,Walter de Gruyter GmbH,Germany,ENGLISH,Physical and Theoretical Chemistry,Materials Chemistry,Metals and Alloys,Condensed Matter Physics,-,-,-,-
"International Journal of Mathematical, Engineering and Management Sciences",Journal,-,24557749,Ram Arti Publishers,India,ENGLISH,"Business, Management and Accounting (all)",Computer Science (all),Engineering (all),Mathematics (all),-,-,-,-
International Journal of Mechanical Engineering Education,Journal,03064190,20504586,SAGE Publications Inc.,United Kingdom,ENGLISH,Mechanical Engineering,Education,-,-,-,-,-,-
International Journal of Mechanical Sciences,Journal,00207403,-,Elsevier Ltd,United Kingdom,ENGLISH,Multidisciplinary,Aerospace Engineering,Civil and Structural Engineering,Mechanical Engineering,Mechanics of Materials,Ocean Engineering,Materials Science (all),Applied Mathematics
International Journal of Mechanical System Dynamics,Journal,27671399,27671402,John Wiley and Sons Inc,United States,ENGLISH,Aerospace Engineering,Automotive Engineering,Civil and Structural Engineering,Computational Mechanics,Control and Systems Engineering,Industrial and Manufacturing Engineering,Mechanical Engineering,-
International Journal of Mechanics and Materials in Design,Journal,15691713,15738841,Springer Science and Business Media B.V.,Netherlands,ENGLISH,Mechanical Engineering,Mechanics of Materials,Materials Science (all),-,-,-,-,-
International Journal of Mechatronics and Applied Mechanics,Journal,25596497,25594397,Cefin Publishing House,Romania,ENGLISH,Artificial Intelligence,Mechanics of Materials,Materials Science (all),-,-,-,-,-
International Journal of Mechatronics and Manufacturing Systems,Journal,17531039,17531047,Inderscience Publishers,Switzerland,ENGLISH,Electrical and Electronic Engineering,Industrial and Manufacturing Engineering,Mechanical Engineering,-,-,-,-,-
International Journal of Medical Informatics,Journal,13865056,18728243,Elsevier Ireland Ltd,Ireland,ENGLISH,Health Informatics,-,-,-,-,-,-,-
International Journal of Medical Robotics and Computer Assisted Surgery,Journal,14785951,1478596X,John Wiley and Sons Ltd,United Kingdom,ENGLISH,Biophysics,Computer Science Applications,Surgery,-,-,-,-,-
"International Journal of Metadata, Semantics and Ontologies",Journal,17442621,1744263X,Inderscience Publishers,Switzerland,ENGLISH,Computer Science Applications,Information Systems,Library and Information Sciences,-,-,-,-,-
International Journal of Metalcasting,Journal,19395981,21633193,Springer Science and Business Media Deutschland GmbH,Switzerland,ENGLISH,Industrial and Manufacturing Engineering,Mechanics of Materials,Materials Chemistry,Metals and Alloys,-,-,-,-
International Journal of Metrology and Quality Engineering,Journal,21076839,21076847,EDP Sciences,France,ENGLISH,"Safety, Risk, Reliability and Quality",-,-,-,-,-,-,-
International Journal of Micro Air Vehicles,Journal,17568293,17568307,SAGE Publications Inc.,United Kingdom,ENGLISH,Aerospace Engineering,-,-,-,-,-,-,-
International Journal of Microstructure and Materials Properties,Journal,17418410,17418429,Inderscience Publishers,Switzerland,ENGLISH,Materials Science (all),-,-,-,-,-,-,-
International Journal of Microwave and Wireless Technologies,Journal,17590787,17590795,Cambridge University Press,United Kingdom,ENGLISH,Electrical and Electronic Engineering,-,-,-,-,-,-,-
"International Journal of Minerals, Metallurgy and Materials",Journal,16744799,1869103X,University of Science and Technology Beijing,China,ENGLISH,Geochemistry and Petrology,Mechanical Engineering,Mechanics of Materials,Materials Chemistry,Metals and Alloys,-,-,-
International Journal of Mining and Mineral Engineering,Journal,1754890X,17548918,Inderscience Publishers,Switzerland,ENGLISH,Geotechnical Engineering and Engineering Geology,Industrial and Manufacturing Engineering,-,-,-,-,-,-
International Journal of Mining Science and Technology,Journal,20952686,-,China University of Mining and Technology,China,ENGLISH,Geochemistry and Petrology,Geotechnical Engineering and Engineering Geology,Energy Engineering and Power Technology,-,-,-,-,-
"International Journal of Mining, Reclamation and Environment",Journal,17480930,17480949,Taylor and Francis Ltd.,United Kingdom,ENGLISH,Management of Technology and Innovation,Earth-Surface Processes,Geology,Geotechnical Engineering and Engineering Geology,-,-,-,-
International Journal of Mobile and Blended Learning,Journal,19418647,19418655,IGI Global,United States,ENGLISH,Computer Science (all),Education,-,-,-,-,-,-
International Journal of Mobile Computing and Multimedia Communications,Journal,19379412,19379404,IGI Global,United States,ENGLISH,Computer Networks and Communications,-,-,-,-,-,-,-
International Journal of Mobile Human Computer Interaction,Journal,1942390X,19423918,IGI Global,United States,ENGLISH,Human-Computer Interaction,-,-,-,-,-,-,-
International Journal of Mobile Network Design and Innovation,Journal,17442869,17442850,Inderscience Publishers,Switzerland,ENGLISH,Management Information Systems,Artificial Intelligence,Computer Networks and Communications,Software,-,-,-,-
"International Journal of Modeling, Simulation, and Scientific Computing",Journal,17939623,17939615,World Scientific,Singapore,ENGLISH,Computer Science Applications,Modeling and Simulation,-,-,-,-,-,-
International Journal of Modelling and Simulation,Journal,02286203,19257082,Taylor and Francis Ltd.,United Kingdom,ENGLISH,Hardware and Architecture,Software,Engineering (all),Electrical and Electronic Engineering,Industrial and Manufacturing Engineering,Mechanics of Materials,Mathematics (all),Modeling and Simulation
"International Journal of Modelling, Identification and Control",Journal,17466172,17466180,Inderscience Publishers,Switzerland,ENGLISH,Computer Science Applications,Applied Mathematics,Modeling and Simulation,-,-,-,-,-
International Journal of Modern Physics B,Journal,02179792,17936578,World Scientific,Singapore,ENGLISH,Condensed Matter Physics,Statistical and Nonlinear Physics,-,-,-,-,-,-
International Journal of Multiphase Flow,Journal,03019322,-,Elsevier Ltd,United Kingdom,ENGLISH,Fluid Flow and Transfer Processes,Mechanical Engineering,Physics and Astronomy (all),-,-,-,-,-
International Journal of Nano and Biomaterials,Journal,17528933,17528941,Inderscience Publishers,Switzerland,ENGLISH,Physical and Theoretical Chemistry,Biomedical Engineering,Biomaterials,"Atomic and Molecular Physics, and Optics",-,-,-,-
International Journal of Nanomanufacturing,Journal,17469392,17469406,Inderscience Publishers,Switzerland,ENGLISH,Industrial and Manufacturing Engineering,-,-,-,-,-,-,-
International Journal of Nanoscience,Journal,0219581X,17935350,World Scientific,Singapore,ENGLISH,Biotechnology,Bioengineering,Computer Science Applications,Electrical and Electronic Engineering,Materials Science (all),Condensed Matter Physics,-,-
International Journal of Nanotechnology,Journal,14757435,-,Inderscience Publishers,Switzerland,ENGLISH,Bioengineering,Electrical and Electronic Engineering,Materials Chemistry,Condensed Matter Physics,-,-,-,-
International Journal of Naval Architecture and Ocean Engineering,Journal,20926782,20926790,Society of Naval Architects of Korea,South Korea,ENGLISH,Control and Systems Engineering,Ocean Engineering,-,-,-,-,-,-
International Journal of Network Management,Journal,10557148,10991190,John Wiley and Sons Ltd,United Kingdom,ENGLISH,Computer Networks and Communications,Computer Science Applications,-,-,-,-,-,-
International Journal of Network Security,Journal,1816353X,18163548,"Femto Technique Co., Ltd.",Taiwan,ENGLISH,Computer Networks and Communications,-,-,-,-,-,-,-
International Journal of Networked and Distributed Computing,Journal,22117938,22117946,Springer Science and Business Media B.V.,Netherlands,ENGLISH,Computer Networks and Communications,Computer Science Applications,-,-,-,-,-,-
International Journal of Networking and Virtual Organisations,Journal,14709503,17415225,Inderscience Publishers,Switzerland,ENGLISH,Strategy and Management,Computer Networks and Communications,Computer Science Applications,Information Systems and Management,-,-,-,-
International Journal of Neural Systems,Journal,01290657,17936462,World Scientific,Singapore,ENGLISH,Computer Networks and Communications,-,-,-,-,-,-,-
International Journal of Non-Linear Mechanics,Journal,00207462,-,Elsevier Ltd,United Kingdom,ENGLISH,Mechanical Engineering,Mechanics of Materials,Applied Mathematics,-,-,-,-,-
International Journal of Nuclear Energy Science and Technology,Journal,17416361,1741637X,Inderscience Publishers,Switzerland,ENGLISH,Nuclear Energy and Engineering,-,-,-,-,-,-,-
International Journal of Numerical Methods for Heat and Fluid Flow,Journal,09615539,17586585,Emerald Publishing,United Kingdom,ENGLISH,Computer Science Applications,Engineering (miscellaneous),Aerospace Engineering,Computational Mechanics,Mechanical Engineering,Mechanics of Materials,Applied Mathematics,-
"International Journal of Numerical Modelling: Electronic Networks, Devices and Fields",Journal,08943370,10991204,John Wiley and Sons Ltd,United Kingdom,ENGLISH,Computer Science Applications,Electrical and Electronic Engineering,Modeling and Simulation,-,-,-,-,-
International Journal of Offshore and Polar Engineering,Journal,10535381,-,International Society of Offshore and Polar Engineers,United States,ENGLISH,Civil and Structural Engineering,Mechanical Engineering,Ocean Engineering,-,-,-,-,-
"International Journal of Oil, Gas and Coal Technology",Journal,17533309,17533317,Inderscience Publishers,Switzerland,ENGLISH,Energy (all),-,-,-,-,-,-,-
International Journal of Optics,Journal,16879384,16879392,John Wiley and Sons Inc,United States,ENGLISH,"Electronic, Optical and Magnetic Materials","Atomic and Molecular Physics, and Optics",-,-,-,-,-,-
International Journal of Optomechatronics,Journal,15599612,15599620,Taylor and Francis Ltd.,United States,ENGLISH,Electrical and Electronic Engineering,Mechanical Engineering,Instrumentation,-,-,-,-,-
International Journal of Parallel Programming,Journal,08857458,15737640,Springer,United States,ENGLISH,Information Systems,Software,Theoretical Computer Science,-,-,-,-,-
"International Journal of Parallel, Emergent and Distributed Systems",Journal,17445760,17445779,Taylor and Francis Ltd.,United Kingdom,ENGLISH,Computer Networks and Communications,Software,-,-,-,-,-,-
International Journal of Pattern Recognition and Artificial Intelligence,Journal,02180014,17936381,World Scientific,Singapore,ENGLISH,Artificial Intelligence,Computer Vision and Pattern Recognition,Software,-,-,-,-,-
International Journal of Pavement Engineering,Journal,10298436,1477268X,Taylor and Francis Ltd.,United Kingdom,ENGLISH,Civil and Structural Engineering,Mechanics of Materials,-,-,-,-,-,-
International Journal of Pavement Research and Technology,Journal,19966814,19971400,Springer,Singapore,ENGLISH,Civil and Structural Engineering,Mechanics of Materials,-,-,-,-,-,-
International Journal of Photoenergy,Journal,1110662X,1687529X,John Wiley and Sons Ltd,United Kingdom,ENGLISH,Chemistry (all),"Renewable Energy, Sustainability and the Environment",Materials Science (all),"Atomic and Molecular Physics, and Optics",-,-,-,-
International Journal of Physical Modelling in Geotechnics,Journal,1346213X,20426550,Emerald Publishing,United Kingdom,ENGLISH,Geotechnical Engineering and Engineering Geology,-,-,-,-,-,-,-
International Journal of Plasticity,Journal,07496419,-,Elsevier Ltd,United Kingdom,ENGLISH,Mechanical Engineering,Mechanics of Materials,Materials Science (all),-,-,-,-,-
International Journal of Polymer Analysis and Characterization,Journal,1023666X,15635341,Taylor and Francis Ltd.,United States,ENGLISH,Chemical Engineering (all),Analytical Chemistry,Polymers and Plastics,-,-,-,-,-
International Journal of Polymer Science,Journal,16879422,16879430,John Wiley and Sons Ltd,United Kingdom,ENGLISH,Polymers and Plastics,-,-,-,-,-,-,-
International Journal of Polymeric Materials and Polymeric Biomaterials,Journal,00914037,1563535X,Taylor and Francis Ltd.,United States,ENGLISH,Chemical Engineering (all),Analytical Chemistry,Polymers and Plastics,-,-,-,-,-
International Journal of Powder Metallurgy,Journal,08887462,-,American Powder Metallurgy Institute,United States,ENGLISH,Industrial and Manufacturing Engineering,Metals and Alloys,-,-,-,-,-,-
International Journal of Power and Energy Conversion,Journal,17571154,17571162,Inderscience Publishers,Switzerland,ENGLISH,Energy Engineering and Power Technology,-,-,-,-,-,-,-
International Journal of Power and Energy Systems,Journal,10783466,-,Acta Press,Canada,ENGLISH,Energy Engineering and Power Technology,Electrical and Electronic Engineering,Applied Mathematics,-,-,-,-,-
International Journal of Power Electronics,Journal,1756638X,17566398,Inderscience Publishers,Switzerland,ENGLISH,Electrical and Electronic Engineering,-,-,-,-,-,-,-
International Journal of Powertrains,Journal,17424267,17424275,Inderscience Publishers,United Kingdom,ENGLISH,Energy Engineering and Power Technology,Automotive Engineering,Mechanical Engineering,-,-,-,-,-
International Journal of Precision Engineering and Manufacturing,Journal,22347593,20054602,SpringerOpen,South Korea,ENGLISH,Electrical and Electronic Engineering,Industrial and Manufacturing Engineering,Mechanical Engineering,-,-,-,-,-
International Journal of Precision Engineering and Manufacturing - Green Technology,Journal,22886206,21980810,Korean Society for Precision Engineeing,South Korea,ENGLISH,Management of Technology and Innovation,"Renewable Energy, Sustainability and the Environment",Industrial and Manufacturing Engineering,Mechanical Engineering,Materials Science (all),-,-,-
International Journal of Pressure Vessels and Piping,Journal,03080161,-,Elsevier Ltd,United Kingdom,ENGLISH,Mechanical Engineering,Mechanics of Materials,Materials Science (all),-,-,-,-,-
International Journal of Product Development,Journal,14779056,17418178,Inderscience Publishers,Switzerland,ENGLISH,Business and International Management,Management of Technology and Innovation,Strategy and Management,Economics and Econometrics,-,-,-,-
International Journal of Production Economics,Journal,09255273,-,Elsevier B.V.,Netherlands,ENGLISH,"Business, Management and Accounting (all)",Management Science and Operations Research,Economics and Econometrics,Industrial and Manufacturing Engineering,-,-,-,-
International Journal of Production Research,Journal,00207543,1366588X,Taylor and Francis Ltd.,United Kingdom,ENGLISH,Strategy and Management,Management Science and Operations Research,Industrial and Manufacturing Engineering,-,-,-,-,-
International Journal of Project Management,Journal,02637863,-,Elsevier Ltd,United Kingdom,ENGLISH,Business and International Management,Management of Technology and Innovation,"Management, Monitoring, Policy and Law",-,-,-,-,-
International Journal of Protective Structures,Journal,20414196,2041420X,SAGE Publications Inc.,United Kingdom,ENGLISH,Mechanics of Materials,"Safety, Risk, Reliability and Quality",Building and Construction,-,-,-,-,-
International Journal of Quantum Chemistry,Journal,00207608,1097461X,John Wiley and Sons Inc,United States,ENGLISH,Physical and Theoretical Chemistry,Condensed Matter Physics,"Atomic and Molecular Physics, and Optics",-,-,-,-,-
International Journal of Quantum Information,Journal,02197499,17936918,World Scientific,Singapore,ENGLISH,Physics and Astronomy (miscellaneous),-,-,-,-,-,-,-
International Journal of Radiation Oncology Biology Physics,Journal,03603016,1879355X,Elsevier Inc.,United States,ENGLISH,Cancer Research,Oncology,"Radiology, Nuclear Medicine and Imaging",Radiation,-,-,-,-
International Journal of Radio Frequency Identification Technology and Applications,Journal,17453216,17453224,Inderscience Publishers,United Kingdom,ENGLISH,Electrical and Electronic Engineering,-,-,-,-,-,-,-
International Journal of Rail Transportation,Journal,23248378,23248386,Taylor and Francis Ltd.,United Kingdom,ENGLISH,Automotive Engineering,Mechanics of Materials,Transportation,-,-,-,-,-
International Journal of Reasoning-based Intelligent Systems,Journal,17550556,17550564,Inderscience Publishers,Switzerland,ENGLISH,Computer Science (all),Engineering (all),-,-,-,-,-,-
International Journal of Reconfigurable Computing,Journal,16877195,16877209,John Wiley and Sons Ltd,United Kingdom,ENGLISH,Hardware and Architecture,-,-,-,-,-,-,-
International Journal of Refractory Metals and Hard Materials,Journal,02634368,22133917,Elsevier Ltd,United Kingdom,ENGLISH,Mechanical Engineering,Mechanics of Materials,Ceramics and Composites,Materials Chemistry,Metals and Alloys,-,-,-
International Journal of Refrigeration,Journal,01407007,-,Elsevier Ltd,United Kingdom,ENGLISH,Mechanical Engineering,Building and Construction,-,-,-,-,-,-
International Journal of Rehabilitation Research,Journal,03425282,14735660,Lippincott Williams and Wilkins,United Kingdom,ENGLISH,Rehabilitation,"Physical Therapy, Sports Therapy and Rehabilitation",-,-,-,-,-,-
International Journal of Reliability and Safety,Journal,1479389X,14793903,Inderscience Publishers,United Kingdom,ENGLISH,"Safety, Risk, Reliability and Quality",-,-,-,-,-,-,-
"International Journal of Reliability, Quality and Safety Engineering",Journal,02185393,17936446,World Scientific,Singapore,ENGLISH,Computer Science (all),Energy Engineering and Power Technology,Nuclear Energy and Engineering,Aerospace Engineering,Electrical and Electronic Engineering,Industrial and Manufacturing Engineering,"Safety, Risk, Reliability and Quality",-
International Journal of Remote Sensing,Journal,01431161,13665901,Taylor and Francis Ltd.,United Kingdom,ENGLISH,Earth and Planetary Sciences (all),-,-,-,-,-,-,-
International Journal of Renewable Energy Development,Journal,22524940,-,Diponegoro university Indonesia - Center of Biomass and Renewable Energy (CBIORE),Indonesia,ENGLISH,Energy (miscellaneous),Energy Engineering and Power Technology,"Renewable Energy, Sustainability and the Environment",Environmental Engineering,-,-,-,-
International Journal of Renewable Energy Research,Journal,-,13090127,Gazi Universitesi,Turkey,ENGLISH,Energy Engineering and Power Technology,"Renewable Energy, Sustainability and the Environment",-,-,-,-,-,-
International Journal of RF and Microwave Computer-Aided Engineering,Journal,10964290,1099047X,John Wiley and Sons Inc,United States,ENGLISH,Computer Graphics and Computer-Aided Design,Computer Science Applications,Electrical and Electronic Engineering,-,-,-,-,-
International Journal of RF Technologies: Research and Applications,Journal,17545730,17545749,SAGE Publications Ltd,United Kingdom,ENGLISH,Management Information Systems,Management of Technology and Innovation,Signal Processing,Electrical and Electronic Engineering,Industrial and Manufacturing Engineering,-,-,-
International Journal of Robotics and Automation,Journal,08268185,19257090,Acta Press,Canada,ENGLISH,Artificial Intelligence,Software,Control and Systems Engineering,Electrical and Electronic Engineering,Mechanical Engineering,Modeling and Simulation,-,-
International Journal of Robotics Research,Journal,02783649,17413176,SAGE Publications Inc.,United States,ENGLISH,Artificial Intelligence,Software,Control and Systems Engineering,Electrical and Electronic Engineering,Mechanical Engineering,Applied Mathematics,Modeling and Simulation,-
International Journal of Robust and Nonlinear Control,Journal,10498923,10991239,John Wiley and Sons Ltd,United Kingdom,ENGLISH,Chemical Engineering (all),Aerospace Engineering,Biomedical Engineering,Control and Systems Engineering,Electrical and Electronic Engineering,Industrial and Manufacturing Engineering,Mechanical Engineering,-
International Journal of Rock Mechanics and Mining Sciences,Journal,13651609,-,Elsevier Ltd,United Kingdom,ENGLISH,Geotechnical Engineering and Engineering Geology,-,-,-,-,-,-,-
International Journal of Rotating Machinery,Journal,1023621X,15423034,John Wiley and Sons Ltd,United Kingdom,ENGLISH,Industrial and Manufacturing Engineering,Mechanical Engineering,-,-,-,-,-,-
International Journal of Satellite Communications and Networking,Journal,15420973,15420981,John Wiley and Sons Ltd,United Kingdom,ENGLISH,Electrical and Electronic Engineering,Media Technology,-,-,-,-,-,-
International Journal of Security and Networks,Journal,17478405,17478413,Inderscience Publishers,United Kingdom,ENGLISH,Computer Networks and Communications,Electrical and Electronic Engineering,"Safety, Risk, Reliability and Quality",-,-,-,-,-
International Journal of Self-Propagating High-Temperature Synthesis,Journal,10613862,1934788X,Pleiades Publishing,Russian Federation,ENGLISH,Process Chemistry and Technology,Materials Science (all),-,-,-,-,-,-
International Journal of Semantic Computing,Journal,1793351X,17937108,World Scientific,Singapore,ENGLISH,Artificial Intelligence,Computer Networks and Communications,Computer Science Applications,Information Systems,Software,Linguistics and Language,-,-
International Journal of Sensor Networks,Journal,17481279,17481287,Inderscience Publishers,United Kingdom,ENGLISH,Computer Networks and Communications,Computer Science Applications,Control and Systems Engineering,Electrical and Electronic Engineering,-,-,-,-
"International Journal of Sensors, Wireless Communications and Control",Journal,22103279,22103287,Bentham Science Publishers,United Arab Emirates,ENGLISH,Computer Networks and Communications,Computer Science Applications,Electrical and Electronic Engineering,Control and Optimization,-,-,-,-
International Journal of Simulation and Process Modelling,Journal,17402123,17402131,Inderscience Publishers,Switzerland,ENGLISH,Computer Science Applications,Applied Mathematics,Modeling and Simulation,-,-,-,-,-
International Journal of Smart and Nano Materials,Journal,19475411,1947542X,Taylor and Francis Ltd.,United Kingdom,ENGLISH,Civil and Structural Engineering,Mechanics of Materials,Materials Science (all),-,-,-,-,-
International Journal of Social Robotics,Journal,18754791,18754805,Springer Science and Business Media B.V.,Netherlands,ENGLISH,Philosophy,Computer Science (all),Human-Computer Interaction,Control and Systems Engineering,Electrical and Electronic Engineering,Social Psychology,-,-
International Journal of Software Engineering and Knowledge Engineering,Journal,02181940,17936403,World Scientific,Singapore,ENGLISH,Artificial Intelligence,Computer Graphics and Computer-Aided Design,Computer Networks and Communications,Software,-,-,-,-
International Journal of Solids and Structures,Journal,00207683,-,Elsevier Ltd,United Kingdom,ENGLISH,Mechanical Engineering,Mechanics of Materials,Materials Science (all),Applied Mathematics,Modeling and Simulation,Condensed Matter Physics,-,-
International Journal of Space Structures,Journal,09560599,20598033,SAGE Publications Inc.,United Kingdom,ENGLISH,Conservation,Civil and Structural Engineering,Building and Construction,Architecture,-,-,-,-
International Journal of Speech Technology,Journal,13812416,15728110,Springer,United States,ENGLISH,Language and Linguistics,Computer Vision and Pattern Recognition,Human-Computer Interaction,Software,Linguistics and Language,-,-,-
International Journal of Spray and Combustion Dynamics,Journal,17568277,17568285,SAGE Publications Inc.,United Kingdom,ENGLISH,Energy Engineering and Power Technology,Automotive Engineering,Physics and Astronomy (all),-,-,-,-,-
International Journal of Steel Structures,Journal,15982351,20936311,Korean Society of Steel Construction,South Korea,ENGLISH,Civil and Structural Engineering,-,-,-,-,-,-,-
International Journal of Structural Integrity,Journal,17579864,17579872,Emerald Publishing,United Kingdom,ENGLISH,Civil and Structural Engineering,Mechanical Engineering,Mechanics of Materials,-,-,-,-,-
International Journal of Structural Stability and Dynamics,Journal,02194554,17936764,World Scientific,Singapore,ENGLISH,Aerospace Engineering,Civil and Structural Engineering,Mechanical Engineering,Ocean Engineering,Building and Construction,Applied Mathematics,-,-
International Journal of Surface Science and Engineering,Journal,1749785X,17497868,Inderscience Publishers,United Kingdom,ENGLISH,Mechanical Engineering,"Surfaces, Coatings and Films",Surfaces and Interfaces,-,-,-,-,-
International Journal of Sustainable Development,Journal,09601406,17415268,Inderscience Publishers,Switzerland,ENGLISH,"Management, Monitoring, Policy and Law","Geography, Planning and Development",-,-,-,-,-,-
International Journal of Sustainable Energy,Journal,14786451,1478646X,Taylor and Francis Ltd.,United Kingdom,ENGLISH,Fluid Flow and Transfer Processes,Process Chemistry and Technology,Energy (all),Energy (miscellaneous),Energy Engineering and Power Technology,Fuel Technology,"Renewable Energy, Sustainability and the Environment",-
International Journal of Sustainable Energy Planning and Management,Journal,-,22462929,Aalborg University Press,Denmark,ENGLISH,Energy Engineering and Power Technology,"Renewable Energy, Sustainability and the Environment","Geography, Planning and Development",-,-,-,-,-
International Journal of Sustainable Engineering,Journal,19397038,19397046,Taylor and Francis Ltd.,United Kingdom,ENGLISH,Engineering (all),-,-,-,-,-,-,-
International Journal of Sustainable Manufacturing,Journal,17427223,17427231,Inderscience Publishers,United Kingdom,ENGLISH,Management of Technology and Innovation,Decision Sciences (miscellaneous),Industrial and Manufacturing Engineering,Social Sciences (miscellaneous),-,-,-,-
International Journal of Sustainable Transportation,Journal,15568318,15568334,Taylor and Francis Ltd.,United Kingdom,ENGLISH,"Renewable Energy, Sustainability and the Environment",Automotive Engineering,Civil and Structural Engineering,Environmental Engineering,"Geography, Planning and Development",Transportation,-,-
International Journal of Swarm Intelligence Research,Journal,19479263,19479271,IGI Global,United States,ENGLISH,Artificial Intelligence,Computational Theory and Mathematics,Computer Science Applications,-,-,-,-,-
International Journal of System Assurance Engineering and Management,Journal,09756809,09764348,Springer,India,ENGLISH,Strategy and Management,"Safety, Risk, Reliability and Quality",-,-,-,-,-,-
International Journal of Systems Science,Journal,00207721,14645319,Taylor and Francis Ltd.,United Kingdom,ENGLISH,Computer Science Applications,Control and Systems Engineering,Theoretical Computer Science,-,-,-,-,-
"International Journal of Systems, Control and Communications",Journal,17559340,17559359,Inderscience Publishers,Switzerland,ENGLISH,Control and Systems Engineering,-,-,-,-,-,-,-
International Journal of Technoethics,Journal,19473451,1947346X,IGI Global,United States,ENGLISH,Engineering (miscellaneous),Social Sciences (miscellaneous),-,-,-,-,-,-
International Journal of Technology and Design Education,Journal,09577572,15731804,Springer Science and Business Media B.V.,Netherlands,ENGLISH,Engineering (all),Education,-,-,-,-,-,-
International Journal of Technology and Human Interaction,Journal,15483908,15483916,IGI Global,United States,ENGLISH,Human-Computer Interaction,Information Systems,-,-,-,-,-,-
International Journal of Technology Assessment in Health Care,Journal,02664623,14716348,Cambridge University Press,United Kingdom,ENGLISH,Health Policy,-,-,-,-,-,-,-
International Journal of Technology Intelligence and Planning,Journal,17402832,17402840,Inderscience Publishers,Switzerland,ENGLISH,Management Information Systems,Management of Technology and Innovation,Information Systems and Management,-,-,-,-,-
International Journal of Technology Management,Journal,02675730,17415276,Inderscience Publishers,Switzerland,ENGLISH,Strategy and Management,Industrial Relations,Computer Science Applications,Engineering (all),Law,-,-,-
"International Journal of Technology, Policy and Management",Journal,14684322,17415292,Inderscience Publishers,Switzerland,ENGLISH,"Business, Management and Accounting (all)",Engineering (all),-,-,-,-,-,-
International Journal of Telemedicine and Applications,Journal,16876415,16876423,John Wiley and Sons Ltd,United Kingdom,ENGLISH,Computer Networks and Communications,Medicine (miscellaneous),Health Informatics,Health Information Management,-,-,-,-
International Journal of the Society of Materials Engineering for Resources,Journal,13479725,18846629,Society of Materials Engineering for Resources of Japan,Japan,ENGLISH/JAPANESE,Chemical Engineering (all),Mechanical Engineering,Materials Science (all),-,-,-,-,-
International Journal of Thermal Sciences,Journal,12900729,-,Elsevier Masson s.r.l.,France,ENGLISH/FRENCH,Engineering (all),Condensed Matter Physics,-,-,-,-,-,-
International Journal of Thermodynamics,Journal,13019724,-,International Journal of Thermodynamics,Turkey,ENGLISH,Engineering (all),Condensed Matter Physics,-,-,-,-,-,-
International Journal of Thermofluids,Journal,-,26662027,Elsevier B.V.,Netherlands,ENGLISH,Fluid Flow and Transfer Processes,Mechanical Engineering,Condensed Matter Physics,-,-,-,-,-
International Journal of Thermophysics,Journal,0195928X,15729567,Springer,United States,ENGLISH,Chemical Engineering (miscellaneous),Fluid Flow and Transfer Processes,Physical and Theoretical Chemistry,Condensed Matter Physics,Instrumentation,-,-,-
International Journal of Transportation Science and Technology,Journal,20460430,20460449,KeAi Communications Co.,China,ENGLISH,Automotive Engineering,Civil and Structural Engineering,"Management, Monitoring, Policy and Law",Transportation,-,-,-,-
International Journal of Turbo and Jet Engines,Journal,03340082,21910332,Walter de Gruyter GmbH,Germany,ENGLISH,Aerospace Engineering,-,-,-,-,-,-,-
"International Journal of Turbomachinery, Propulsion and Power",Journal,-,2504186X,Multidisciplinary Digital Publishing Institute (MDPI),Switzerland,ENGLISH,Energy Engineering and Power Technology,Aerospace Engineering,Mechanical Engineering,-,-,-,-,-
"International Journal of Uncertainty, Fuzziness and Knowledge-Based Systems",Journal,02184885,17936411,World Scientific,Singapore,ENGLISH,Artificial Intelligence,Information Systems,Software,Control and Systems Engineering,Mathematics (miscellaneous),Applied Mathematics,Theoretical Computer Science,-
International Journal of Unconventional Computing,Journal,15487199,15487202,Old City Publishing,United States,ENGLISH,Computer Science (all),-,-,-,-,-,-,-
International Journal of Vehicle Autonomous Systems,Journal,14710226,23310936,Inderscience Publishers,Switzerland,ENGLISH,Automotive Engineering,Control and Systems Engineering,Electrical and Electronic Engineering,-,-,-,-,-
International Journal of Vehicle Design,Journal,01433369,-,Inderscience Publishers,Switzerland,ENGLISH,Automotive Engineering,Mechanical Engineering,-,-,-,-,-,-
International Journal of Vehicle Information and Communication Systems,Journal,14710242,17418208,Inderscience Publishers,Switzerland,ENGLISH,Computer Science Applications,Automotive Engineering,Control and Systems Engineering,-,-,-,-,-
International Journal of Vehicle Noise and Vibration,Journal,14791471,1479148X,Inderscience Publishers,Switzerland,ENGLISH,Automotive Engineering,Mechanical Engineering,-,-,-,-,-,-
International Journal of Vehicle Performance,Journal,17453194,17453208,Inderscience Publishers,United Kingdom,ENGLISH,Computer Science Applications,Fuel Technology,Automotive Engineering,Mechanical Engineering,Mechanics of Materials,"Safety, Risk, Reliability and Quality",Modeling and Simulation,-
International Journal of Vehicle Safety,Journal,14793105,14793113,Inderscience Publishers,Switzerland,ENGLISH,Automotive Engineering,-,-,-,-,-,-,-
International Journal of Vehicle Structures and Systems,Journal,09753060,09753540,Carbon Magics Ltd,United Kingdom,ENGLISH,Aerospace Engineering,Mechanical Engineering,-,-,-,-,-,-
International Journal of Vehicle Systems Modelling and Testing,Journal,17456436,17456444,Inderscience Publishers,Switzerland,ENGLISH,Automotive Engineering,Modeling and Simulation,-,-,-,-,-,-
International Journal of Ventilation,Journal,14733315,20444044,Taylor and Francis Ltd.,United Kingdom,ENGLISH,Civil and Structural Engineering,Control and Systems Engineering,Electrical and Electronic Engineering,Building and Construction,-,-,-,-
International Journal of Water,Journal,14656620,17415322,Inderscience Publishers,Switzerland,ENGLISH,"Management, Monitoring, Policy and Law",Water Science and Technology,"Geography, Planning and Development",-,-,-,-,-
International Journal of Water Resources Development,Journal,07900627,13600648,Routledge,United Kingdom,ENGLISH,Water Science and Technology,Development,-,-,-,-,-,-
"International Journal of Wavelets, Multiresolution and Information Processing",Journal,02196913,1793690X,World Scientific,Singapore,ENGLISH,Information Systems,Signal Processing,Applied Mathematics,-,-,-,-,-
International Journal of Web and Grid Services,Journal,17411106,17411114,Inderscience Publishers,Switzerland,ENGLISH,Computer Networks and Communications,Software,-,-,-,-,-,-
International Journal of Web Based Communities,Journal,14778394,17418216,Inderscience Publishers,Switzerland,ENGLISH,Computer Networks and Communications,Software,Education,Communication,-,-,-,-
International Journal of Web Engineering and Technology,Journal,14761289,17419212,Inderscience Publishers,Switzerland,ENGLISH,Computer Networks and Communications,Hardware and Architecture,Information Systems,-,-,-,-,-
International Journal of Web Information Systems,Journal,17440084,17440092,Emerald Publishing,United Kingdom,ENGLISH,Computer Networks and Communications,Information Systems,-,-,-,-,-,-
International Journal of Web Services Research,Journal,15457362,15465004,IGI Global,United States,ENGLISH,Computer Networks and Communications,Information Systems,Software,-,-,-,-,-
International Journal of Web-Based Learning and Teaching Technologies,Journal,15481093,15481107,IGI Global,United States,ENGLISH,Computer Science Applications,Education,-,-,-,-,-,-
International Journal of Wireless and Mobile Computing,Journal,17411084,17411092,Inderscience Publishers,United Kingdom,ENGLISH,Computer Science (all),Electrical and Electronic Engineering,-,-,-,-,-,-
International Journal of Wireless Information Networks,Journal,10689605,15728129,Springer,United States,ENGLISH,Computer Networks and Communications,Hardware and Architecture,Electrical and Electronic Engineering,-,-,-,-,-
International Journal on Artificial Intelligence Tools,Journal,02182130,17936349,World Scientific,Singapore,ENGLISH,Artificial Intelligence,-,-,-,-,-,-,-
International Journal on Document Analysis and Recognition,Journal,14332833,14332825,Springer Science and Business Media Deutschland GmbH,Germany,ENGLISH,Computer Science Applications,Computer Vision and Pattern Recognition,Software,-,-,-,-,-
International Journal on Interactive Design and Manufacturing,Journal,19552513,19552505,Springer-Verlag Italia s.r.l.,Italy,ENGLISH,Industrial and Manufacturing Engineering,Modeling and Simulation,-,-,-,-,-,-
International Journal on Semantic Web and Information Systems,Journal,15526283,15526291,IGI Global,United States,ENGLISH,Computer Networks and Communications,Information Systems,-,-,-,-,-,-
International Journal on Software Tools for Technology Transfer,Journal,14332779,14332787,Springer Science and Business Media Deutschland GmbH,Germany,ENGLISH,Information Systems,Software,-,-,-,-,-,-
International Marine Energy Journal,Journal,-,26315548,European Wave and Tidal Energy Conference,United Kingdom,ENGLISH,Oceanography,"Renewable Energy, Sustainability and the Environment",Ocean Engineering,-,-,-,-,-
International Materials Reviews,Journal,09506608,17432804,SAGE Publications Inc.,United Kingdom,ENGLISH,Mechanical Engineering,Mechanics of Materials,Materials Chemistry,Metals and Alloys,-,-,-,-
"International Multi-Conference on Systems, Signals, and Devices, SSD",Journal,-,24740438,Institute of Electrical and Electronics Engineers Inc.,United States,ENGLISH,Artificial Intelligence,Computer Networks and Communications,Information Systems,Signal Processing,"Safety, Risk, Reliability and Quality",Control and Optimization,-,-
International Polymer Processing,Journal,0930777X,21958602,Walter de Gruyter GmbH,Germany,ENGLISH,Chemical Engineering (all),Industrial and Manufacturing Engineering,Materials Chemistry,Polymers and Plastics,-,-,-,-
"International Scientific Conference on Electric Power Engineering, EPE",Journal,23765623,23765631,Institute of Electrical and Electronics Engineers Inc.,United States,ENGLISH,Energy Engineering and Power Technology,"Renewable Energy, Sustainability and the Environment",Electrical and Electronic Engineering,"Safety, Risk, Reliability and Quality",Modeling and Simulation,-,-,-
"International Scientific Conference on Power and Electrical Engineering of Riga Technical University, RTUCON",Journal,-,27683338,Institute of Electrical and Electronics Engineers Inc.,United States,ENGLISH,Artificial Intelligence,Energy Engineering and Power Technology,Electrical and Electronic Engineering,"Safety, Risk, Reliability and Quality",Control and Optimization,Education,-,-
"International Scientific Symposium Metrology and Metrology Assurance, MMA",Journal,-,25349325,Institute of Electrical and Electronics Engineers Inc.,United States,ENGLISH,Artificial Intelligence,Computer Networks and Communications,Computer Vision and Pattern Recognition,"Safety, Risk, Reliability and Quality",Control and Optimization,Modeling and Simulation,-,-
International Shipbuilding Progress,Journal,0020868X,15662829,SAGE Publications Ltd,United Kingdom,ENGLISH,Mechanical Engineering,Ocean Engineering,-,-,-,-,-,-
"International Symposium on  Inertial Sensors and Systems, ISISS",Journal,23773464,23773480,Institute of Electrical and Electronics Engineers Inc.,United States,ENGLISH,Mechanical Engineering,Control and Optimization,Instrumentation,-,-,-,-,-
"International Symposium on 3D Power Electronics Integration and Manufacturing, 3D-PEIM",Journal,28378369,28378393,Institute of Electrical and Electronics Engineers Inc.,United States,ENGLISH,Energy Engineering and Power Technology,Electrical and Electronic Engineering,Industrial and Manufacturing Engineering,"Electronic, Optical and Magnetic Materials",-,-,-,-
"International Symposium on Computing and Networking Workshops, CANDARW",Journal,-,28321324,Institute of Electrical and Electronics Engineers Inc.,United States,ENGLISH,Artificial Intelligence,Computer Networks and Communications,Computer Science Applications,Computer Vision and Pattern Recognition,Information Systems and Management,Control and Optimization,-,-
"International Symposium on Medical Robotics, ISMR",Journal,28313690,27719049,Institute of Electrical and Electronics Engineers Inc.,United States,ENGLISH,Artificial Intelligence,Computer Science Applications,Biomedical Engineering,Surgery,Instrumentation,-,-,-
"International Teletraffic Congress, ITC",Journal,28356667,28356446,Institute of Electrical and Electronics Engineers Inc.,United States,ENGLISH,Computer Networks and Communications,Information Systems,Control and Optimization,-,-,-,-,-
International Transactions in Operational Research,Journal,09696016,14753995,John Wiley and Sons Inc,United Kingdom,ENGLISH,Business and International Management,Management of Technology and Innovation,Strategy and Management,Computer Science Applications,Management Science and Operations Research,-,-,-
International Transactions on Electrical Energy Systems,Journal,-,20507038,John Wiley and Sons Inc,China,ENGLISH,Energy Engineering and Power Technology,Electrical and Electronic Engineering,Modeling and Simulation,-,-,-,-,-
International Wood Products Journal,Journal,20426445,20426453,SAGE Publications Ltd,United Kingdom,ENGLISH,Forestry,Materials Science (all),-,-,-,-,-,-
"International Workshop on Mobile Terahertz Systems, IWMTS",Journal,28370082,28370090,Institute of Electrical and Electronics Engineers Inc.,United States,ENGLISH,Computer Networks and Communications,Instrumentation,Radiation,-,-,-,-,-
"International Youth Conference on Radio Electronics, Electrical and Power Engineering, REEPE",Journal,28317297,28317262,Institute of Electrical and Electronics Engineers Inc.,United States,ENGLISH,Energy Engineering and Power Technology,"Renewable Energy, Sustainability and the Environment",Electrical and Electronic Engineering,Control and Optimization,Instrumentation,-,-,-
Internet and Higher Education,Journal,10967516,18735525,Elsevier Ltd,United Kingdom,ENGLISH,Computer Networks and Communications,Computer Science Applications,Education,-,-,-,-,-
Internet of Things and Cyber-Physical Systems,Journal,-,26673452,KeAi Communications Co.,China,ENGLISH,Artificial Intelligence,Computer Networks and Communications,Computer Science Applications,Electrical and Electronic Engineering,-,-,-,-
Invention Disclosure,Journal,-,27724441,Elsevier B.V.,Netherlands,ENGLISH,Multidisciplinary,Chemistry (all),-,-,-,-,-,-
Inventions,Journal,-,24115134,Multidisciplinary Digital Publishing Institute (MDPI),Switzerland,ENGLISH,Engineering (all),-,-,-,-,-,-,-
Inverse Problems,Journal,02665611,13616420,Institute of Physics,United Kingdom,ENGLISH,Computer Science Applications,Signal Processing,Applied Mathematics,Mathematical Physics,Theoretical Computer Science,-,-,-
Ionics,Journal,09477047,18620760,Springer Science and Business Media Deutschland GmbH,Germany,ENGLISH,Chemical Engineering (all),Engineering (all),Materials Science (all),Physics and Astronomy (all),-,-,-,-
IPSJ Transactions on Bioinformatics,Journal,-,18826679,Information Processing Society of Japan,Japan,ENGLISH,"Biochemistry, Genetics and Molecular Biology (miscellaneous)",Computer Science Applications,-,-,-,-,-,-
IPSJ Transactions on System LSI Design Methodology,Journal,-,18826687,Information Processing Society of Japan,Japan,ENGLISH,Computer Science Applications,Electrical and Electronic Engineering,-,-,-,-,-,-
iRADIOLOGY,Journal,28342860,28342879,John Wiley and Sons Inc,China,ENGLISH,"Radiology, Nuclear Medicine and Imaging",-,-,-,-,-,-,-
"Iranian Conference on Electrical Engineering, ICEE",Journal,21647054,26429527,Institute of Electrical and Electronics Engineers Inc.,United States,ENGLISH,Artificial Intelligence,Electrical and Electronic Engineering,"Electronic, Optical and Magnetic Materials",Control and Optimization,Instrumentation,-,-,-
Iranian Journal of Medical Physics,Journal,22520309,23453672,Mashhad University of Medical Sciences,Iran,PERSIAN,"Radiology, Nuclear Medicine and Imaging",Radiological and Ultrasound Technology,-,-,-,-,-,-
Iranian Polymer Journal (English Edition),Journal,10261265,17355265,Springer Science and Business Media Deutschland GmbH,Germany,ENGLISH,Chemical Engineering (all),Materials Chemistry,Polymers and Plastics,-,-,-,-,-
Iron and Steel Technology,Journal,15470423,-,Association for Iron and Steel Technology,United States,ENGLISH,Mechanical Engineering,Mechanics of Materials,Materials Chemistry,Metals and Alloys,-,-,-,-
Ironmaking and Steelmaking,Journal,03019233,17432812,SAGE Publications Ltd,United Kingdom,ENGLISH,Mechanical Engineering,Mechanics of Materials,Materials Chemistry,Metals and Alloys,-,-,-,-
Irrigation Science,Journal,03427188,14321319,Springer Science and Business Media Deutschland GmbH,Germany,ENGLISH,Agronomy and Crop Science,Soil Science,Water Science and Technology,-,-,-,-,-
"IS and T Archiving Conference, ARCHIVING",Journal,21618798,21683204,Society for Imaging Science and Technology,United States,ENGLISH,History,Archeology (arts and humanities),Conservation,Museology,Software,Electrical and Electronic Engineering,-,-
ISA Transactions,Journal,00190578,-,International Society of Automation,United States,ENGLISH,Computer Science Applications,Control and Systems Engineering,Electrical and Electronic Engineering,Applied Mathematics,Instrumentation,-,-,-
ISACA Journal,Journal,19441967,19441975,Information Systems Audit and Control Association (ISACA),United States,ENGLISH,Control and Systems Engineering,-,-,-,-,-,-,-
ISH Journal of Hydraulic Engineering,Journal,09715010,21643040,Taylor and Francis Ltd.,United Kingdom,ENGLISH,Fluid Flow and Transfer Processes,Civil and Structural Engineering,Environmental Engineering,Water Science and Technology,-,-,-,-
Isi Bilimi Ve Teknigi Dergisi/ Journal of Thermal Science and Technology,Journal,13003615,-,Turk Isi Bilimi ve Teknigi Dernegi,Turkey,ENGLISH/TURKISH,Engineering (all),Materials Science (all),"Atomic and Molecular Physics, and Optics",-,-,-,-,-
ISIJ International,Journal,09151559,-,Iron and Steel Institute of Japan,Japan,ENGLISH,Mechanical Engineering,Mechanics of Materials,Materials Chemistry,Metals and Alloys,-,-,-,-
Isotopes in Environmental and Health Studies,Journal,10256016,14772639,Taylor and Francis Ltd.,United Kingdom,ENGLISH,Inorganic Chemistry,Environmental Science (all),Environmental Chemistry,-,-,-,-,-
ISPRS Journal of Photogrammetry and Remote Sensing,Journal,09242716,-,Elsevier B.V.,Netherlands,ENGLISH,Computer Science Applications,Computers in Earth Sciences,Engineering (miscellaneous),"Atomic and Molecular Physics, and Optics","Geography, Planning and Development",-,-,-
Issues in Science and Technology,Journal,07485492,-,Arizona State University,United States,ENGLISH,Multidisciplinary,-,-,-,-,-,-,-
IST-Africa,Journal,2576859X,25768581,Institute of Electrical and Electronics Engineers Inc.,United States,ENGLISH,Artificial Intelligence,Computer Networks and Communications,Computer Science Applications,Information Systems and Management,Media Technology,Education,-,-
IT - Information Technology,Journal,16112776,21967032,De Gruyter Oldenbourg,Germany,ENGLISH,Computer Science (all),-,-,-,-,-,-,-
IT Professional,Journal,15209202,1941045X,IEEE Computer Society,United States,ENGLISH,Computer Science Applications,Hardware and Architecture,Software,-,-,-,-,-
Italian Journal of Engineering Geology and Environment,Journal,18256635,20355688,Sapienza Universita Editrice,Italy,ENGLISH/ITALIAN,Geotechnical Engineering and Engineering Geology,Environmental Engineering,-,-,-,-,-,-
Italian Journal of Food Science,Journal,11201770,22395687,Codon Publications,Singapore,ENGLISH,Food Science,-,-,-,-,-,-,-
Italian Journal of Pure and Applied Mathematics,Journal,11268042,22390227,Forum-Editrice Universitaria Udinese SRL,Italy,ENGLISH/FRENCH/ITALIAN,Mathematics (all),-,-,-,-,-,-,-
ITE Journal (Institute of Transportation Engineers),Journal,01628178,-,Institute of Transportation Engineers,United States,ENGLISH,Automotive Engineering,Mechanical Engineering,-,-,-,-,-,-
ITMS - International Scientific Conference on Information Technology and Management Science of Riga Technical University,Journal,27716953,27716937,Institute of Electrical and Electronics Engineers Inc.,United States,ENGLISH,Strategy and Management,Artificial Intelligence,Hardware and Architecture,Information Systems,Information Systems and Management,"Safety, Risk, Reliability and Quality",Control and Optimization,-
"JAOCS, Journal of the American Oil Chemists' Society",Journal,0003021X,15589331,John Wiley and Sons Inc,Germany,ENGLISH,Food Science,Chemical Engineering (all),Process Chemistry and Technology,Organic Chemistry,-,-,-,-
Japan Architectural Review,Journal,-,24758876,John Wiley and Sons Inc,United States,ENGLISH,Architecture,Environmental Engineering,Modeling and Simulation,-,-,-,-,-
Japan Journal of Food Engineering,Journal,13457942,-,Japan Society for Food Engineering,Japan,ENGLISH/JAPANESE,Food Science,Industrial and Manufacturing Engineering,-,-,-,-,-,-
Japan Journal of Industrial and Applied Mathematics,Journal,09167005,1868937X,Springer,Japan,ENGLISH,Engineering (all),Applied Mathematics,-,-,-,-,-,-
Japanese Journal of Applied Physics,Journal,00214922,13474065,Institute of Physics,Japan,ENGLISH,Engineering (all),Physics and Astronomy (all),-,-,-,-,-,-
"Japanese Journal of Applied Physics, Part 1: Regular Papers and Short Notes and Review Papers",Journal,00214922,13474065,Institute of Physics,Japan,ENGLISH,Engineering (all),Physics and Astronomy (all),-,-,-,-,-,-
Japanese Railway Engineering,Journal,04488938,-,Japan Railway Engineers' Association,Japan,ENGLISH,Mechanical Engineering,-,-,-,-,-,-,-
JBIS - Journal of the British Interplanetary Society,Journal,0007084X,-,British Interplanetary Society,United Kingdom,ENGLISH,Space and Planetary Science,Aerospace Engineering,-,-,-,-,-,-
JFE Technical Report,Journal,13480677,18837263,Kawasaki Steel Corporation,Japan,ENGLISH,Mechanical Engineering,Mechanics of Materials,Materials Chemistry,Metals and Alloys,-,-,-,-
Jianzhu Cailiao Xuebao/Journal of Building Materials,Journal,10079629,-,Tongji University,China,CHINESE,Civil and Structural Engineering,Mechanics of Materials,Building and Construction,-,-,-,-,-
Jianzhu Jiegou Xuebao/Journal of Building Structures,Journal,10006869,-,Editorial Office of Journal of Building Structures,China,CHINESE,Civil and Structural Engineering,Building and Construction,-,-,-,-,-,-
Jiaotong Yunshu Gongcheng Xuebao/Journal of Traffic and Transportation Engineering,Journal,16711637,-,Chang'an University,China,CHINESE,Automotive Engineering,Civil and Structural Engineering,-,-,-,-,-,-
Jiaotong Yunshu Xitong Gongcheng Yu Xinxi/Journal of Transportation Systems Engineering and Information Technology,Journal,10096744,-,Science Press,China,CHINESE,Computer Science Applications,Control and Systems Engineering,Modeling and Simulation,Transportation,-,-,-,-
Jilin Daxue Xuebao (Gongxueban)/Journal of Jilin University (Engineering and Technology Edition),Journal,16715497,-,Editorial Board of Jilin University,China,CHINESE/ENGLISH,Multidisciplinary,-,-,-,-,-,-,-
Jingxi Huagong/Fine Chemicals,Journal,10035214,-,Fine Chemicals,China,ENGLISH,Chemical Engineering (all),Chemical Engineering (miscellaneous),Catalysis,Chemistry (miscellaneous),Materials Chemistry,-,-,-
Jinshu Xuebao/Acta Metallurgica Sinica,Journal,04121961,-,Chinese Academy of Sciences,China,CHINESE,Geotechnical Engineering and Engineering Geology,Mechanical Engineering,Mechanics of Materials,Metals and Alloys,-,-,-,-
Jiqiren/Robot,Journal,10020446,-,Chinese Academy of Sciences,China,CHINESE,Artificial Intelligence,Software,Electrical and Electronic Engineering,Mechanical Engineering,Applied Mathematics,Modeling and Simulation,-,-
Jisuanji Fuzhu Sheji Yu Tuxingxue Xuebao/Journal of Computer-Aided Design and Computer Graphics,Journal,10039775,-,Institute of Computing Technology,China,CHINESE,Computer Graphics and Computer-Aided Design,Software,-,-,-,-,-,-
"Jisuanji Jicheng Zhizao Xitong/Computer Integrated Manufacturing Systems, CIMS",Journal,10065911,-,CIMS,China,CHINESE,Computer Science Applications,Software,Control and Systems Engineering,Electrical and Electronic Engineering,Industrial and Manufacturing Engineering,-,-,-
Jisuanji Xuebao/Chinese Journal of Computers,Journal,02544164,-,Science Press,China,CHINESE,Computer Graphics and Computer-Aided Design,Computer Networks and Communications,Hardware and Architecture,Software,-,-,-,-
Jisuanji Yanjiu yu Fazhan/Computer Research and Development,Journal,10001239,-,Science Press,China,CHINESE,Computer Networks and Communications,Hardware and Architecture,Software,-,-,-,-,-
Jixie Gongcheng Xuebao/Journal of Mechanical Engineering,Journal,05776686,-,Chinese Mechanical Engineering Society,China,CHINESE,Computer Science Applications,Mechanical Engineering,Applied Mathematics,-,-,-,-,-
Johns Hopkins APL Technical Digest (Applied Physics Laboratory),Journal,02705214,19300530,John Hopkins University,United States,ENGLISH,Engineering (all),Physics and Astronomy (all),-,-,-,-,-,-
Johnson Matthey Technology Review ,Journal,-,20565135,Johnson Matthey Public Limited Company,United Kingdom,ENGLISH,Process Chemistry and Technology,Electrochemistry,Metals and Alloys,-,-,-,-,-
"Joint Conference of the IEEE International Frequency Control Symposium and European Frequency and Time Forum, FCS",Journal,-,23271949,Institute of Electrical and Electronics Engineers Inc.,United States,ENGLISH,Computer Networks and Communications,Signal Processing,"Electronic, Optical and Magnetic Materials","Surfaces, Coatings and Films",Instrumentation,-,-,-
JOM,Journal,10474838,15431851,Springer,United States,ENGLISH,Engineering (all),Materials Science (all),-,-,-,-,-,-
Jordan Journal of Civil Engineering,Journal,19930461,2225157X,Jordan University of Science and Technology,Jordan,ENGLISH,Civil and Structural Engineering,-,-,-,-,-,-,-
Jordan Journal of Mechanical and Industrial Engineering,Journal,19956665,-,Hashemite University,Jordan,ENGLISH,Industrial and Manufacturing Engineering,Mechanical Engineering,-,-,-,-,-,-
Joule,Journal,-,25424351,Cell Press,Netherlands,ENGLISH,Energy (all),-,-,-,-,-,-,-
Journal - American Water Works Association,Journal,0003150X,15518833,John Wiley and Sons Inc,United States,ENGLISH,Chemistry (all),Water Science and Technology,-,-,-,-,-,-
Journal for the Preservation of Library and Archival Material,Journal,-,30531683,De Gruyter Saur,Germany,ENGLISH,Conservation,Media Technology,Materials Science (all),-,-,-,-,-
Journal of Adhesion,Journal,00218464,15455823,Taylor and Francis Ltd.,United States,ENGLISH,Chemistry (all),Mechanics of Materials,Materials Chemistry,"Surfaces, Coatings and Films",Surfaces and Interfaces,-,-,-
Journal of Adhesion Science and Technology,Journal,01694243,15685616,Taylor and Francis Ltd.,United Kingdom,ENGLISH,Chemistry (all),Mechanics of Materials,Materials Chemistry,"Surfaces, Coatings and Films",Surfaces and Interfaces,-,-,-
Journal of Advanced Ceramics,Journal,22264108,22278508,Tsinghua University Press,China,ENGLISH,Ceramics and Composites,"Electronic, Optical and Magnetic Materials",-,-,-,-,-,-
Journal of Advanced Computational Intelligence and Intelligent Informatics,Journal,13430130,18838014,Fuji Technology Press,Japan,ENGLISH,Artificial Intelligence,Computer Vision and Pattern Recognition,Human-Computer Interaction,-,-,-,-,-
Journal of Advanced Concrete Technology,Journal,13468014,13473913,Japan Concrete Institute,Japan,ENGLISH,Building and Construction,Materials Science (all),-,-,-,-,-,-
Journal of Advanced Dielectrics,Journal,2010135X,20101368,World Scientific,Singapore,ENGLISH,Electrical and Electronic Engineering,Ceramics and Composites,"Electronic, Optical and Magnetic Materials",Condensed Matter Physics,-,-,-,-
Journal of Advanced Manufacturing Systems,Journal,02196867,17936896,World Scientific,Singapore,ENGLISH,Strategy and Management,Computer Science Applications,Industrial and Manufacturing Engineering,-,-,-,-,-
"Journal of Advanced Mechanical Design, Systems and Manufacturing",Journal,-,18813054,Japan Society of Mechanical Engineers,Japan,ENGLISH,Industrial and Manufacturing Engineering,Mechanical Engineering,-,-,-,-,-,-
Journal of Advanced Transportation,Journal,01976729,20423195,John Wiley and Sons Ltd,United Kingdom,ENGLISH,Strategy and Management,Computer Science Applications,Economics and Econometrics,Automotive Engineering,Mechanical Engineering,-,-,-
Journal of Advances in Information Fusion ,Journal,-,15576418,International Society of Information Fusion,United States,ENGLISH,Computer Vision and Pattern Recognition,Information Systems,Signal Processing,-,-,-,-,-
Journal of Advances in Modeling Earth Systems,Journal,-,19422466,John Wiley and Sons Inc,United States,ENGLISH,Earth and Planetary Sciences (all),Environmental Chemistry,Global and Planetary Change,-,-,-,-,-
"Journal of Aeronautics, Astronautics and Aviation",Journal,19907710,-,The Aeronautical and Astronautical Society of the Republic of China,Taiwan,ENGLISH,Space and Planetary Science,Aerospace Engineering,-,-,-,-,-,-
Journal of Aerosol Science,Journal,00218502,18791964,Elsevier Ltd,United Kingdom,ENGLISH,Fluid Flow and Transfer Processes,Atmospheric Science,Mechanical Engineering,Environmental Chemistry,Environmental Engineering,Pollution,Materials Science (all),-
Journal of Aerospace Engineering,Journal,08931321,19435525,American Society of Civil Engineers (ASCE),United States,ENGLISH,Aerospace Engineering,Civil and Structural Engineering,Mechanical Engineering,Materials Science (all),-,-,-,-
Journal of Aerospace Information Systems,Journal,-,23273097,AIAA International,United States,ENGLISH,Computer Science Applications,Aerospace Engineering,Electrical and Electronic Engineering,-,-,-,-,-
Journal of Aerospace Technology and Management,Journal,19849648,21759146,Departamento de Ciencia e Tecnologia Aeroespacial,Brazil,ENGLISH,Earth and Planetary Sciences (all),Engineering (all),Engineering (miscellaneous),Aerospace Engineering,Computational Mechanics,-,-,-
Journal of Agricultural and Food Chemistry,Journal,00218561,15205118,American Chemical Society,United States,ENGLISH,Agricultural and Biological Sciences (all),Chemistry (all),-,-,-,-,-,-
Journal of Air Transportation,Journal,-,23809450,AIAA International,United States,ENGLISH,Management of Technology and Innovation,Energy (miscellaneous),Aerospace Engineering,"Management, Monitoring, Policy and Law",Safety Research,Transportation,-,-
Journal of Aircraft,Journal,00218669,15333868,AIAA International,United States,ENGLISH,Aerospace Engineering,-,-,-,-,-,-,-
Journal of Algorithms and Computational Technology,Journal,17483018,17483026,SAGE Publications Inc.,United Kingdom,ENGLISH,Applied Mathematics,Computational Mathematics,Numerical Analysis,-,-,-,-,-
Journal of Alloys and Compounds,Journal,09258388,-,Elsevier Ltd,United Kingdom,ENGLISH,Mechanical Engineering,Mechanics of Materials,Materials Chemistry,Metals and Alloys,-,-,-,-
Journal of Alloys and Compounds Communications,Journal,-,29502845,Elsevier B.V.,Netherlands,ENGLISH,Mechanical Engineering,Mechanics of Materials,Materials Chemistry,Metals and Alloys,-,-,-,-
Journal of Alloys and Metallurgical Systems,Journal,-,29499178,Elsevier B.V.,Netherlands,ENGLISH,Materials Science (miscellaneous),Metals and Alloys,"Surfaces, Coatings and Films",-,-,-,-,-
Journal of Ambient Intelligence and Humanized Computing,Journal,18685137,18685145,Springer Science and Business Media Deutschland GmbH,Germany,ENGLISH,Computer Science (all),-,-,-,-,-,-,-
Journal of Ambient Intelligence and Smart Environments,Journal,18761364,-,SAGE Publications Ltd,United Kingdom,ENGLISH,Software,-,-,-,-,-,-,-
Journal of Analysis and Testing,Journal,2096241X,25094696,Springer Nature,China,ENGLISH,Analytical Chemistry,Electrochemistry,Spectroscopy,Environmental Chemistry,Materials Chemistry,Instrumentation,-,-
Journal of Analytical and Applied Pyrolysis,Journal,01652370,-,Elsevier B.V.,Netherlands,ENGLISH,Chemical Engineering (all),Chemistry (all),Analytical Chemistry,Fuel Technology,-,-,-,-
Journal of Analytical Atomic Spectrometry,Journal,02679477,13645544,Royal Society of Chemistry,United Kingdom,ENGLISH,Analytical Chemistry,Spectroscopy,-,-,-,-,-,-
Journal of Analytical Chemistry,Journal,10619348,16083199,Pleiades Publishing,Russian Federation,ENGLISH,Analytical Chemistry,-,-,-,-,-,-,-
Journal of AOAC International,Journal,10603271,19447922,Oxford University Press,United States,ENGLISH,Agronomy and Crop Science,Food Science,Analytical Chemistry,Environmental Chemistry,Pharmacology,-,-,-
Journal of Applied and Industrial Mathematics,Journal,19904789,19904797,Pleiades Publishing,Russian Federation,ENGLISH,Industrial and Manufacturing Engineering,Applied Mathematics,-,-,-,-,-,-
Journal of Applied and Numerical Optimization,Journal,25625527,25625535,Biemdas Academic Publishers,Canada,ENGLISH,Computational Mathematics,Control and Optimization,Modeling and Simulation,Numerical Analysis,-,-,-,-
Journal of Applied Biomaterials and Functional Materials,Journal,-,22808000,SAGE Publications Ltd,United Kingdom,ENGLISH,Biophysics,Bioengineering,Biomedical Engineering,Biomaterials,-,-,-,-
Journal of Applied Biomechanics,Journal,10658483,15432688,Human Kinetics Publishers Inc.,United States,ENGLISH,Biophysics,Orthopedics and Sports Medicine,Rehabilitation,-,-,-,-,-
Journal of Applied Crystallography,Journal,00218898,16005767,International Union of Crystallography,United Kingdom,ENGLISH,"Biochemistry, Genetics and Molecular Biology (all)",-,-,-,-,-,-,-
Journal of Applied Electrochemistry,Journal,0021891X,15728838,Springer Science and Business Media B.V.,Netherlands,ENGLISH,Chemical Engineering (all),Electrochemistry,Materials Chemistry,-,-,-,-,-
Journal of Applied Geodesy,Journal,18629016,18629024,Walter de Gruyter GmbH,Germany,ENGLISH,Earth and Planetary Sciences (miscellaneous),Engineering (miscellaneous),Modeling and Simulation,-,-,-,-,-
Journal of Applied Geophysics,Journal,09269851,-,Elsevier B.V.,Netherlands,ENGLISH,Geophysics,-,-,-,-,-,-,-
Journal of Applied Logics,Journal,26319810,26319829,College Publications,United Kingdom,ENGLISH,Applied Mathematics,Logic,-,-,-,-,-,-
Journal of Applied Mathematics,Journal,1110757X,16870042,John Wiley and Sons Ltd,United Kingdom,ENGLISH,Applied Mathematics,-,-,-,-,-,-,-
Journal of Applied Mathematics and Computing,Journal,15985865,18652085,Springer Nature,Germany,ENGLISH,Applied Mathematics,Computational Mathematics,-,-,-,-,-,-
Journal of Applied Mechanics,Journal,00218936,15289036,American Society of Mechanical Engineers (ASME),United States,ENGLISH,Mechanical Engineering,Mechanics of Materials,Condensed Matter Physics,-,-,-,-,-
Journal of Applied Mechanics and Technical Physics,Journal,00218944,15738620,Pleiades Publishing,Russian Federation,ENGLISH,Mechanical Engineering,Mechanics of Materials,Condensed Matter Physics,-,-,-,-,-
Journal of Applied Meteorology and Climatology,Journal,15588424,15588432,American Meteorological Society,United States,ENGLISH,Atmospheric Science,-,-,-,-,-,-,-
Journal of Applied Microbiology,Journal,13645072,13652672,Oxford University Press,United Kingdom,ENGLISH,Biotechnology,Applied Microbiology and Biotechnology,-,-,-,-,-,-
Journal of Applied Physics,Journal,00218979,10897550,American Institute of Physics,United States,ENGLISH,Physics and Astronomy (all),Physics and Astronomy (miscellaneous),Condensed Matter Physics,"Atomic and Molecular Physics, and Optics",-,-,-,-
Journal of Applied Polymer Science,Journal,00218995,10974628,John Wiley and Sons Inc,United States,ENGLISH,Chemistry (all),Materials Chemistry,Polymers and Plastics,"Surfaces, Coatings and Films",-,-,-,-
Journal of Applied Remote Sensing ,Journal,-,19313195,SPIE,United States,ENGLISH,Earth and Planetary Sciences (all),-,-,-,-,-,-,-
Journal of Applied Science and Engineering,Journal,27089967,27089975,Tamkang University,Taiwan,ENGLISH,Multidisciplinary,Engineering (all),-,-,-,-,-,-
Journal of Applied Spectroscopy,Journal,00219037,15738647,Springer,United States,ENGLISH,Spectroscopy,Condensed Matter Physics,-,-,-,-,-,-
Journal of Aquatic Food Product Technology,Journal,10498850,15470636,Taylor and Francis Ltd.,United States,ENGLISH,Aquatic Science,Food Science,-,-,-,-,-,-
Journal of Architectural Engineering,Journal,10760431,19435568,American Society of Civil Engineers (ASCE),United States,ENGLISH,Visual Arts and Performing Arts,Civil and Structural Engineering,Building and Construction,Architecture,-,-,-,-
Journal of Artificial Intelligence and Technology,Journal,-,27668649,Intelligence Science and Technology Press Inc.,United States,ENGLISH,Artificial Intelligence,-,-,-,-,-,-,-
Journal of Artificial Intelligence Research,Journal,10769757,-,AI Access Foundation,United States,ENGLISH,Artificial Intelligence,-,-,-,-,-,-,-
Journal of Asian Architecture and Building Engineering,Journal,13467581,13472852,Taylor and Francis Ltd.,Japan,ENGLISH,Arts and Humanities (miscellaneous),Civil and Structural Engineering,Building and Construction,Architecture,Cultural Studies,-,-,-
Journal of Asian Ceramic Societies,Journal,-,21870764,Taylor and Francis Ltd.,United Kingdom,ENGLISH,Ceramics and Composites,-,-,-,-,-,-,-
"Journal of Astronomical Telescopes, Instruments, and Systems",Journal,23294124,23294221,SPIE,United States,ENGLISH,Space and Planetary Science,Control and Systems Engineering,Mechanical Engineering,"Electronic, Optical and Magnetic Materials",Astronomy and Astrophysics,Instrumentation,-,-
Journal of Atmospheric and Oceanic Technology,Journal,07390572,15200426,American Meteorological Society,United States,ENGLISH,Atmospheric Science,Ocean Engineering,-,-,-,-,-,-
Journal of Atmospheric and Solar-Terrestrial Physics,Journal,13646826,-,Elsevier Ltd,United Kingdom,ENGLISH,Atmospheric Science,Geophysics,Space and Planetary Science,-,-,-,-,-
Journal of Atmospheric Chemistry,Journal,01677764,15730662,Springer,Netherlands,ENGLISH,Atmospheric Science,Environmental Chemistry,-,-,-,-,-,-
Journal of Automated Reasoning,Journal,01687433,15730670,Springer Science and Business Media B.V.,Netherlands,ENGLISH,Artificial Intelligence,Computational Theory and Mathematics,Software,-,-,-,-,-
Journal of Automation and Intelligence,Journal,-,29498554,KeAi Communications Co.,China,ENGLISH,Artificial Intelligence,Information Systems,Control and Systems Engineering,Electrical and Electronic Engineering,-,-,-,-
Journal of Autonomous Vehicles and Systems,Journal,2690702X,26907038,American Society of Mechanical Engineers (ASME),United States,ENGLISH,Artificial Intelligence,Computer Science Applications,Automotive Engineering,Control and Systems Engineering,-,-,-,-
Journal of Beijing Institute of Technology (English Edition),Journal,10040579,-,Beijing Institute of Technology,China,ENGLISH,Engineering (all),-,-,-,-,-,-,-
Journal of Beijing University of Aeronautics and Astronautics,Journal,10015965,-,Beijing University of Aeronautics and Astronautics (BUAA),China,CHINESE,Aerospace Engineering,-,-,-,-,-,-,-
Journal of Big Data,Journal,-,21961115,Springer Nature,Switzerland,ENGLISH,Computer Networks and Communications,Hardware and Architecture,Information Systems,Information Systems and Management,-,-,-,-
Journal of Bio- and Tribo-Corrosion,Journal,21984220,21984239,Springer Science and Business Media Deutschland GmbH,Switzerland,ENGLISH,Mechanical Engineering,Mechanics of Materials,Materials Science (miscellaneous),Materials Chemistry,Metals and Alloys,-,-,-
Journal of Bioactive and Compatible Polymers,Journal,08839115,15308030,SAGE Publications Ltd,United Kingdom,ENGLISH,Bioengineering,Biomaterials,Materials Chemistry,Polymers and Plastics,-,-,-,-
Journal of Biological Chemistry,Journal,00219258,1083351X,American Society for Biochemistry and Molecular Biology Inc.,United States,ENGLISH,Biochemistry,Cell Biology,Molecular Biology,-,-,-,-,-
Journal of Biomaterials Applications,Journal,08853282,15308022,SAGE Publications Ltd,United Kingdom,ENGLISH,Biomedical Engineering,Biomaterials,-,-,-,-,-,-
"Journal of Biomaterials Science, Polymer Edition",Journal,09205063,15685624,Taylor and Francis Ltd.,United States,ENGLISH,Biophysics,Bioengineering,Biomedical Engineering,Biomaterials,-,-,-,-
Journal of Biomechanical Engineering,Journal,01480731,15288951,American Society of Mechanical Engineers (ASME),United States,ENGLISH,Biomedical Engineering,Physiology (medical),-,-,-,-,-,-
Journal of Biomechanical Science and Engineering,Journal,18809863,-,Japan Society of Mechanical Engineers,Japan,ENGLISH,Biomedical Engineering,-,-,-,-,-,-,-
Journal of Biomechanics,Journal,00219290,18732380,Elsevier Ltd,United Kingdom,ENGLISH,Biophysics,Biomedical Engineering,Orthopedics and Sports Medicine,Rehabilitation,-,-,-,-
Journal of Biomedical Informatics,Journal,15320464,15320480,Academic Press Inc.,United States,ENGLISH,Computer Science Applications,Health Informatics,-,-,-,-,-,-
Journal of Biomedical Materials Research - Part A,Journal,15493296,15524965,John Wiley and Sons Inc,United States,ENGLISH,Biomedical Engineering,Biomaterials,Ceramics and Composites,Metals and Alloys,-,-,-,-
Journal of Biomedical Materials Research - Part B Applied Biomaterials,Journal,15524973,15524981,John Wiley and Sons Inc,United States,ENGLISH,Biomedical Engineering,Biomaterials,-,-,-,-,-,-
Journal of Biomedical Optics,Journal,10833668,15602281,SPIE,United States,ENGLISH,Biomedical Engineering,Biomaterials,"Electronic, Optical and Magnetic Materials","Atomic and Molecular Physics, and Optics",-,-,-,-
Journal of Biomedical Physics and Engineering,Journal,-,22517200,Shiraz University of Medical Sciences,Iran,ENGLISH,Bioengineering,Artificial Intelligence,Computer Science Applications,Computer Vision and Pattern Recognition,Biomedical Engineering,"Radiology, Nuclear Medicine and Imaging",Radiation,"Physical Therapy, Sports Therapy and Rehabilitation"
"Journal of Biomimetics, Biomaterials and Biomedical Engineering",Journal,22969837,22969845,Trans Tech Publications Ltd,Switzerland,ENGLISH,Biotechnology,Bioengineering,Biomedical Engineering,-,-,-,-,-
Journal of Bionic Engineering,Journal,16726529,25432141,Springer,China,ENGLISH,Biophysics,Biotechnology,Bioengineering,-,-,-,-,-
Journal of Biophotonics,Journal,1864063X,18640648,John Wiley and Sons Inc,Germany,ENGLISH,"Biochemistry, Genetics and Molecular Biology (all)",Chemistry (all),Engineering (all),Materials Science (all),Physics and Astronomy (all),-,-,-
Journal of Bioresources and Bioproducts,Journal,-,23699698,KeAi Communications Co.,China,ENGLISH,Forestry,Biochemistry,Organic Chemistry,Biomaterials,Materials Chemistry,-,-,-
Journal of Biorheology,Journal,18670466,18670474,Japanese Society of Biorheology,Japan,ENGLISH,Mechanical Engineering,Mechanics of Materials,Materials Science (all),-,-,-,-,-
Journal of Bioscience and Bioengineering,Journal,13891723,13474421,Elsevier B.V.,Netherlands,ENGLISH,Biotechnology,Bioengineering,Applied Microbiology and Biotechnology,-,-,-,-,-
Journal of Biosystems Engineering,Journal,17381266,22341862,Springer Science and Business Media Deutschland GmbH,Singapore,ENGLISH,Agricultural and Biological Sciences (miscellaneous),Computer Science Applications,Engineering (miscellaneous),Mechanical Engineering,-,-,-,-
Journal of Biotech Research,Journal,-,19443285,Bio Tech System,United States,ENGLISH,Biotechnology,Genetics,"Renewable Energy, Sustainability and the Environment",-,-,-,-,-
Journal of Biotechnology,Journal,01681656,18734863,Elsevier B.V.,Netherlands,ENGLISH,Biotechnology,Bioengineering,Applied Microbiology and Biotechnology,-,-,-,-,-
Journal of Bridge Engineering,Journal,10840702,19435592,American Society of Civil Engineers (ASCE),United States,ENGLISH,Civil and Structural Engineering,Building and Construction,-,-,-,-,-,-
Journal of Building Engineering,Journal,-,23527102,Elsevier Ltd,United Kingdom,ENGLISH,Civil and Structural Engineering,Mechanics of Materials,"Safety, Risk, Reliability and Quality",Building and Construction,Architecture,-,-,-
Journal of Building Performance Simulation,Journal,19401493,19401507,Taylor and Francis Ltd.,United Kingdom,ENGLISH,Computer Science Applications,Building and Construction,Architecture,Modeling and Simulation,-,-,-,-
Journal of Building Physics,Journal,17442591,17442583,SAGE Publications Ltd,United Kingdom,ENGLISH,Building and Construction,Materials Science (all),-,-,-,-,-,-
Journal of Business Analytics,Journal,2573234X,25732358,Taylor and Francis Ltd.,United Kingdom,ENGLISH,Management Information Systems,Artificial Intelligence,Information Systems,Information Systems and Management,Management Science and Operations Research,"Statistics, Probability and Uncertainty",Industrial and Manufacturing Engineering,-
Journal of Carbohydrate Chemistry,Journal,07328303,15322327,Taylor and Francis Ltd.,United Kingdom,ENGLISH,Biochemistry,Organic Chemistry,-,-,-,-,-,-
Journal of Cases on Information Technology,Journal,15487717,15487725,IGI Global,United States,ENGLISH,Strategy and Management,Computer Science Applications,Information Systems,Information Systems and Management,-,-,-,-
Journal of Catalysis,Journal,00219517,10902694,Academic Press Inc.,United States,ENGLISH,Catalysis,Physical and Theoretical Chemistry,-,-,-,-,-,-
Journal of Cellular Automata,Journal,15575969,15575977,Old City Publishing,United States,ENGLISH,Computer Science (all),Control and Systems Engineering,-,-,-,-,-,-
Journal of Cellular Plastics,Journal,0021955X,15307999,SAGE Publications Ltd,United Kingdom,ENGLISH,Chemistry (all),Materials Chemistry,Polymers and Plastics,-,-,-,-,-
Journal of Central South University,Journal,20952899,22275223,Central South University,China,ENGLISH,Engineering (all),Metals and Alloys,-,-,-,-,-,-
Journal of Ceramic Science and Technology,Journal,21909385,-,Goller Verlag,Germany,ENGLISH,Ceramics and Composites,-,-,-,-,-,-,-
Journal of Chemical and Engineering Data,Journal,00219568,15205134,American Chemical Society,United States,ENGLISH,Chemical Engineering (all),Chemistry (all),-,-,-,-,-,-
Journal of Chemical Engineering of Japan,Journal,00219592,-,Taylor and Francis Ltd.,Japan,ENGLISH,Chemical Engineering (all),Chemistry (all),-,-,-,-,-,-
Journal of Chemical Information and Modeling,Journal,15499596,1549960X,American Chemical Society,United States,ENGLISH,Chemical Engineering (all),Chemistry (all),Computer Science Applications,Library and Information Sciences,-,-,-,-
Journal of Chemical Physics,Journal,00219606,10897690,American Institute of Physics,United States,ENGLISH,Physical and Theoretical Chemistry,Physics and Astronomy (all),-,-,-,-,-,-
Journal of Chemical Sciences,Journal,09743626,09737103,Springer,India,ENGLISH,Chemistry (all),-,-,-,-,-,-,-
Journal of Chemical Technology and Biotechnology,Journal,02682575,10974660,John Wiley and Sons Ltd,United Kingdom,ENGLISH,Biotechnology,Chemical Engineering (all),Inorganic Chemistry,Organic Chemistry,Fuel Technology,"Renewable Energy, Sustainability and the Environment",Pollution,Waste Management and Disposal
Journal of Chemical Thermodynamics,Journal,00219614,10963626,Academic Press,United Kingdom,ENGLISH,Physical and Theoretical Chemistry,Materials Science (all),"Atomic and Molecular Physics, and Optics",-,-,-,-,-
Journal of Chemometrics,Journal,08869383,1099128X,John Wiley and Sons Ltd,United Kingdom,ENGLISH,Analytical Chemistry,Applied Mathematics,-,-,-,-,-,-
Journal of China Universities of Posts and Telecommunications,Journal,10058885,22105123,Beijing University of Posts and Telecommunications,China,ENGLISH,Computer Networks and Communications,Information Systems,Signal Processing,-,-,-,-,-
Journal of Chinese Institute of Food Science and Technology,Journal,10097848,-,Chinese Institute of Food Science and Technology,China,CHINESE,Food Science,-,-,-,-,-,-,-
Journal of Chinese Mass Spectrometry Society,Journal,10042997,-,Chinese Society for Mass Spectrometry,China,CHINESE,"Atomic and Molecular Physics, and Optics",-,-,-,-,-,-,-
Journal of Chromatographic Science,Journal,00219665,-,Oxford University Press,United States,ENGLISH,Analytical Chemistry,-,-,-,-,-,-,-
Journal of Chromatography A,Journal,00219673,18733778,Elsevier B.V.,Netherlands,ENGLISH,Biochemistry,Analytical Chemistry,Organic Chemistry,-,-,-,-,-
Journal of Chromatography B: Analytical Technologies in the Biomedical and Life Sciences,Journal,15700232,1873376X,Elsevier B.V.,Netherlands,ENGLISH,Biochemistry,Cell Biology,Clinical Biochemistry,Analytical Chemistry,-,-,-,-
"Journal of Circuits, Systems and Computers",Journal,02181266,17936454,World Scientific,Singapore,ENGLISH,Hardware and Architecture,Electrical and Electronic Engineering,-,-,-,-,-,-
Journal of Civil Engineering and Management,Journal,13923730,18223605,Vilnius Gediminas Technical University,Lithuania,ENGLISH,Strategy and Management,Civil and Structural Engineering,-,-,-,-,-,-
Journal of Civil Engineering Education,Journal,26439107,26439115,American Society of Civil Engineers (ASCE),United States,ENGLISH,Strategy and Management,Industrial Relations,Civil and Structural Engineering,-,-,-,-,-
Journal of Civil Structural Health Monitoring,Journal,21905452,21905479,Springer Science and Business Media Deutschland GmbH,Germany,ENGLISH,Civil and Structural Engineering,"Safety, Risk, Reliability and Quality",-,-,-,-,-,-
Journal of Cleaner Production,Journal,09596526,18791786,Elsevier Ltd,United Kingdom,ENGLISH,Strategy and Management,"Renewable Energy, Sustainability and the Environment",Industrial and Manufacturing Engineering,Environmental Science (all),-,-,-,-
Journal of Climate,Journal,08948755,15200442,American Meteorological Society,United States,ENGLISH,Atmospheric Science,-,-,-,-,-,-,-
Journal of Clinical Monitoring and Computing,Journal,13871307,15732614,Springer Science and Business Media B.V.,Netherlands,ENGLISH,Anesthesiology and Pain Medicine,Critical Care and Intensive Care Medicine,Health Informatics,-,-,-,-,-
Journal of Cloud Computing,Journal,-,2192113X,Springer Science and Business Media Deutschland GmbH,Germany,ENGLISH,Computer Networks and Communications,Software,-,-,-,-,-,-
Journal of CO2 Utilization,Journal,22129820,-,Elsevier Ltd,United Kingdom,ENGLISH,Chemical Engineering (miscellaneous),Process Chemistry and Technology,Waste Management and Disposal,-,-,-,-,-
Journal of Coatings Technology and Research,Journal,19459645,19353804,Springer,United States,ENGLISH,Colloid and Surface Chemistry,Chemistry (all),"Surfaces, Coatings and Films",Surfaces and Interfaces,-,-,-,-
Journal of Cognitive Engineering and Decision Making,Journal,15553434,21695032,SAGE Publications Inc.,United States,ENGLISH,Computer Science Applications,Engineering (miscellaneous),Applied Psychology,Human Factors and Ergonomics,-,-,-,-
Journal of Cognitive Neuroscience,Journal,0898929X,15308898,Massachusetts Institute of Technology,United States,ENGLISH,Language and Linguistics,Cognitive Neuroscience,Linguistics and Language,-,-,-,-,-
Journal of Cold Regions Engineering,Journal,0887381X,19435495,American Society of Civil Engineers (ASCE),United States,ENGLISH,Geotechnical Engineering and Engineering Geology,Industrial and Manufacturing Engineering,-,-,-,-,-,-
Journal of Colloid and Interface Science,Journal,00219797,10957103,Academic Press Inc.,United States,ENGLISH,Colloid and Surface Chemistry,Biomaterials,"Electronic, Optical and Magnetic Materials","Surfaces, Coatings and Films",-,-,-,-
Journal of Combinatorial Designs,Journal,10638539,15206610,John Wiley and Sons Inc,United States,ENGLISH,Discrete Mathematics and Combinatorics,-,-,-,-,-,-,-
Journal of Combinatorial Optimization,Journal,13826905,15732886,Springer,United States,ENGLISH,Computational Theory and Mathematics,Computer Science Applications,Applied Mathematics,Control and Optimization,Discrete Mathematics and Combinatorics,-,-,-
Journal of Communications and Information Networks,Journal,20961081,25093312,Posts and Telecom Press Co Ltd,China,ENGLISH,Computer Networks and Communications,Electrical and Electronic Engineering,-,-,-,-,-,-
Journal of Communications and Networks,Journal,12292370,19765541,Korean Institute of Communications and Information Sciences,South Korea,ENGLISH,Computer Networks and Communications,Information Systems,-,-,-,-,-,-
Journal of Communications Technology and Electronics,Journal,10642269,15556557,Pleiades Publishing,Russian Federation,ENGLISH,Electrical and Electronic Engineering,"Electronic, Optical and Magnetic Materials",Condensed Matter Physics,Radiation,-,-,-,-
Journal of Complex Networks,Journal,20511310,20511329,Oxford University Press,United Kingdom,ENGLISH,Computer Networks and Communications,Management Science and Operations Research,Applied Mathematics,Computational Mathematics,Control and Optimization,-,-,-
Journal of Complexity,Journal,0885064X,10902708,Academic Press Inc.,United States,ENGLISH,Mathematics (all),Algebra and Number Theory,Applied Mathematics,Control and Optimization,Numerical Analysis,Statistics and Probability,-,-
Journal of Composite Materials,Journal,00219983,1530793X,SAGE Publications Ltd,United Kingdom,ENGLISH,Mechanical Engineering,Mechanics of Materials,Ceramics and Composites,Materials Chemistry,-,-,-,-
Journal of Composites for Construction,Journal,10900268,19435614,American Society of Civil Engineers (ASCE),United States,ENGLISH,Civil and Structural Engineering,Mechanical Engineering,Mechanics of Materials,Building and Construction,Ceramics and Composites,-,-,-
Journal of Computational and Applied Mathematics,Journal,03770427,-,Elsevier B.V.,Netherlands,ENGLISH,Applied Mathematics,Computational Mathematics,-,-,-,-,-,-
Journal of Computational and Applied Research in Mechanical Engineering,Journal,22287922,22516549,Shahid Rajaee Teacher Tarining University (SRTTU),Iran,ENGLISH,Computational Mechanics,Industrial and Manufacturing Engineering,Mechanical Engineering,Mechanics of Materials,-,-,-,-
Journal of Computational and Nonlinear Dynamics,Journal,15551415,15551423,American Society of Mechanical Engineers (ASME),United States,ENGLISH,Control and Systems Engineering,Mechanical Engineering,Applied Mathematics,-,-,-,-,-
Journal of Computational Chemistry,Journal,01928651,1096987X,John Wiley and Sons Inc,United States,ENGLISH,Chemistry (all),Computational Mathematics,-,-,-,-,-,-
Journal of Computational Design and Engineering,Journal,22884300,22885048,Oxford University Press,United Kingdom,ENGLISH,Computer Graphics and Computer-Aided Design,Human-Computer Interaction,Engineering (miscellaneous),Computational Mechanics,Computational Mathematics,Modeling and Simulation,-,-
Journal of Computational Electronics,Journal,15698025,15728137,Springer,United States,ENGLISH,Electrical and Electronic Engineering,"Electronic, Optical and Magnetic Materials",Modeling and Simulation,"Atomic and Molecular Physics, and Optics",-,-,-,-
Journal of Computational Neuroscience,Journal,09295313,15736873,Springer,United States,ENGLISH,Cellular and Molecular Neuroscience,Cognitive Neuroscience,Sensory Systems,-,-,-,-,-
Journal of Computational Physics,Journal,00219991,10902716,Academic Press Inc.,United States,ENGLISH,Computer Science Applications,Applied Mathematics,Computational Mathematics,Modeling and Simulation,Numerical Analysis,Physics and Astronomy (all),Physics and Astronomy (miscellaneous),-
Journal of Computational Science,Journal,18777503,-,Elsevier B.V.,Netherlands,ENGLISH,Computer Science (all),Modeling and Simulation,Theoretical Computer Science,-,-,-,-,-
Journal of Computer and System Sciences,Journal,00220000,10902724,Academic Press Inc.,United States,ENGLISH,Computer Science (all),Computational Theory and Mathematics,Computer Networks and Communications,Applied Mathematics,Theoretical Computer Science,-,-,-
Journal of Computer and Systems Sciences International,Journal,10642307,15556530,Pleiades Publishing,Russian Federation,ENGLISH,Computer Networks and Communications,Computer Vision and Pattern Recognition,Information Systems,Software,Control and Systems Engineering,Applied Mathematics,Theoretical Computer Science,-
Journal of Computer Assisted Tomography,Journal,03638715,15323145,Lippincott Williams and Wilkins,United States,ENGLISH,"Radiology, Nuclear Medicine and Imaging",-,-,-,-,-,-,-
Journal of Computer Information Systems,Journal,08874417,23802057,Taylor and Francis Ltd.,United States,ENGLISH,Computer Networks and Communications,Information Systems,Education,-,-,-,-,-
Journal of Computer Languages,Journal,26659182,25901184,Elsevier Ltd,United Kingdom,ENGLISH,Computer Networks and Communications,Human-Computer Interaction,Software,-,-,-,-,-
Journal of Computer Networks and Communications,Journal,20907141,2090715X,John Wiley and Sons Ltd,United Kingdom,ENGLISH,Computer Networks and Communications,Information Systems,-,-,-,-,-,-
Journal of Computer Science and Technology,Journal,10009000,18604749,Springer,United States,ENGLISH,Computational Theory and Mathematics,Computer Science Applications,Hardware and Architecture,Software,Theoretical Computer Science,-,-,-
Journal of Computer Security,Journal,0926227X,18758924,SAGE Publications Ltd,United Kingdom,ENGLISH,Computer Networks and Communications,Hardware and Architecture,Software,"Safety, Risk, Reliability and Quality",-,-,-,-
Journal of Computer Virology and Hacking Techniques,Journal,-,22638733,Springer-Verlag Italia s.r.l.,Italy,ENGLISH,Computer Science (miscellaneous),Computational Theory and Mathematics,Hardware and Architecture,Software,-,-,-,-
Journal of Computer-Aided Molecular Design,Journal,0920654X,15734951,Springer Science and Business Media Deutschland GmbH,Switzerland,ENGLISH,Physical and Theoretical Chemistry,Computer Science Applications,Drug Discovery,-,-,-,-,-
Journal of Computer-Mediated Communication,Journal,-,10836101,Oxford University Press,United States,ENGLISH,Computer Networks and Communications,Computer Science Applications,Communication,-,-,-,-,-
Journal of Computers (Taiwan),Journal,19911599,2312993X,Codon Publications,Taiwan,ENGLISH,Computer Science (all),-,-,-,-,-,-,-
Journal of Computing and Information Science in Engineering,Journal,15309827,-,American Society of Mechanical Engineers (ASME),United States,ENGLISH,Computer Graphics and Computer-Aided Design,Computer Science Applications,Software,Industrial and Manufacturing Engineering,-,-,-,-
Journal of Computing and Information Technology,Journal,13301136,18463908,University of Zagreb Faculty of Electrical Engineering and Computing,Croatia,ENGLISH,Computer Science (all),-,-,-,-,-,-,-
Journal of Computing in Civil Engineering,Journal,08873801,19435487,American Society of Civil Engineers (ASCE),United States,ENGLISH,Computer Science Applications,Civil and Structural Engineering,-,-,-,-,-,-
Journal of Computing Science and Engineering,Journal,19764677,20938020,Korean Institute of Information Scientists and Engineers,South Korea,ENGLISH,Computer Science Applications,Engineering (all),-,-,-,-,-,-
Journal of Condensed Matter Nuclear Science,Journal,-,22273123,International Society for Condensed Matter Nuclear Science (ISCMNS),United Kingdom,ENGLISH,Nuclear Energy and Engineering,Condensed Matter Physics,Nuclear and High Energy Physics,"Atomic and Molecular Physics, and Optics",-,-,-,-
Journal of Construction Engineering and Management,Journal,07339364,19437862,American Society of Civil Engineers (ASCE),United States,ENGLISH,Strategy and Management,Industrial Relations,Civil and Structural Engineering,Building and Construction,-,-,-,-
Journal of Constructional Steel Research,Journal,0143974X,-,Elsevier Ltd,United Kingdom,ENGLISH,Civil and Structural Engineering,Mechanics of Materials,Building and Construction,Metals and Alloys,-,-,-,-
Journal of Contaminant Hydrology,Journal,01697722,18736009,Elsevier B.V.,Netherlands,ENGLISH,Environmental Chemistry,Water Science and Technology,-,-,-,-,-,-
Journal of Control and Decision,Journal,23307706,23307714,Taylor and Francis Ltd.,United Kingdom,ENGLISH,Artificial Intelligence,Computer Networks and Communications,Human-Computer Interaction,Information Systems,Signal Processing,Control and Systems Engineering,Control and Optimization,-
Journal of Control Science and Engineering,Journal,16875249,16875257,John Wiley and Sons Ltd,United Kingdom,ENGLISH,Computer Science Applications,Electrical and Electronic Engineering,Modeling and Simulation,-,-,-,-,-
"Journal of Control, Automation and Electrical Systems",Journal,21953880,21953899,Springer,United States,PORTUGUESE,Computer Science Applications,Energy Engineering and Power Technology,Control and Systems Engineering,Electrical and Electronic Engineering,-,-,-,-
Journal of Controlled Release,Journal,01683659,18734995,Elsevier B.V.,Netherlands,ENGLISH,Pharmaceutical Science,-,-,-,-,-,-,-
Journal of Corrosion Science and Engineering,Journal,14668858,-,University of Manchester,United Kingdom,ENGLISH,Materials Chemistry,Metals and Alloys,"Surfaces, Coatings and Films",-,-,-,-,-
Journal of Cotton Science,Journal,15236919,15243303,Cotton Foundation,United States,ENGLISH,Materials Science (all),-,-,-,-,-,-,-
Journal of Cryptographic Engineering,Journal,21908508,21908516,Springer Science and Business Media Deutschland GmbH,Germany,ENGLISH,Computer Networks and Communications,Software,-,-,-,-,-,-
Journal of Cryptology,Journal,09332790,14321378,Springer,United States,ENGLISH,Computer Science Applications,Software,Applied Mathematics,-,-,-,-,-
Journal of Crystal Growth,Journal,00220248,-,Elsevier B.V.,Netherlands,ENGLISH,Inorganic Chemistry,Materials Chemistry,Condensed Matter Physics,-,-,-,-,-
Journal of Culinary Science and Technology,Journal,15428052,15428044,Taylor and Francis Ltd.,United States,ENGLISH,Food Science,-,-,-,-,-,-,-
Journal of Cyber Security and Mobility,Journal,22451439,22454578,River Publishers,Denmark,ENGLISH,Computer Networks and Communications,Hardware and Architecture,-,-,-,-,-,-
Journal of Cyber Security Technology,Journal,23742917,23742925,Taylor and Francis Ltd.,United Kingdom,ENGLISH,Computer Networks and Communications,Computer Science Applications,Information Systems,Signal Processing,Software,Electrical and Electronic Engineering,"Safety, Risk, Reliability and Quality",Safety Research
Journal of Cybersecurity,Journal,-,20572093,Oxford University Press,United Kingdom,ENGLISH,Computer Science (miscellaneous),Computer Networks and Communications,"Safety, Risk, Reliability and Quality",Social Psychology,Law,Political Science and International Relations,-,-
Journal of Data and Information Quality,Journal,19361955,19361963,Association for Computing Machinery,United States,ENGLISH,Information Systems,Information Systems and Management,-,-,-,-,-,-
Journal of Database Management,Journal,10638016,15338010,IGI Global,United States,ENGLISH,Hardware and Architecture,Information Systems,Software,-,-,-,-,-
Journal of Decision Systems,Journal,12460125,21167052,Taylor and Francis Ltd.,United Kingdom,ENGLISH/FRENCH,Management Information Systems,Software,Library and Information Sciences,-,-,-,-,-
Journal of Defense Modeling and Simulation,Journal,15485129,1557380X,SAGE Publications Inc.,United States,ENGLISH,Engineering (miscellaneous),Modeling and Simulation,-,-,-,-,-,-
Journal of Disaster Research,Journal,18812473,18838030,Fuji Technology Press,Japan,ENGLISH,Engineering (miscellaneous),"Safety, Risk, Reliability and Quality",-,-,-,-,-,-
Journal of Dispersion Science and Technology,Journal,01932691,15322351,Taylor and Francis Ltd.,United States,ENGLISH,Physical and Theoretical Chemistry,Polymers and Plastics,"Surfaces, Coatings and Films",-,-,-,-,-
Journal of Dynamic Behavior of Materials,Journal,21997446,21997454,Springer Nature,Switzerland,ENGLISH,Mechanics of Materials,Materials Science (miscellaneous),-,-,-,-,-,-
"Journal of Dynamic Systems, Measurement and Control ",Journal,00220434,15289028,American Society of Mechanical Engineers (ASME),United States,ENGLISH,Computer Science Applications,Information Systems,Control and Systems Engineering,Mechanical Engineering,Instrumentation,-,-,-
Journal of Dynamical and Control Systems,Journal,10792724,15738698,Springer,United States,ENGLISH,Control and Systems Engineering,Algebra and Number Theory,Control and Optimization,Numerical Analysis,-,-,-,-
Journal of Dynamics and Games,Journal,-,21646074,American Institute of Mathematical Sciences,United States,ENGLISH,Applied Mathematics,Modeling and Simulation,Statistics and Probability,-,-,-,-,-
"Journal of Dynamics, Monitoring and Diagnostics",Journal,2833650X,28315308,Intelligence Science and Technology Press Inc.,United States,ENGLISH,Mechanical Engineering,-,-,-,-,-,-,-
Journal of Earthquake Engineering,Journal,13632469,1559808X,Taylor and Francis Ltd.,United Kingdom,ENGLISH,Geotechnical Engineering and Engineering Geology,Civil and Structural Engineering,"Safety, Risk, Reliability and Quality",Building and Construction,-,-,-,-
Journal of Econometrics,Journal,03044076,18726895,Elsevier Ltd,United Kingdom,ENGLISH,History and Philosophy of Science,Economics and Econometrics,Applied Mathematics,-,-,-,-,-
Journal of Elasticity,Journal,03743535,15732681,Springer Science and Business Media B.V.,Netherlands,ENGLISH,Mechanical Engineering,Mechanics of Materials,Materials Science (all),-,-,-,-,-
Journal of Elastomers and Plastics,Journal,00952443,15308006,SAGE Publications Ltd,United Kingdom,ENGLISH,Materials Chemistry,Polymers and Plastics,-,-,-,-,-,-
Journal of Electric Propulsion,Journal,-,27314596,Springer Nature,Switzerland,ENGLISH,Aerospace Engineering,Mechanical Engineering,Physics and Astronomy (miscellaneous),-,-,-,-,-
Journal of Electrical and Computer Engineering,Journal,20900147,20900155,John Wiley and Sons Ltd,United Kingdom,ENGLISH,Computer Science (all),Signal Processing,Electrical and Electronic Engineering,-,-,-,-,-
Journal of Electrical Engineering and Technology,Journal,19750102,20937423,Korean Institute of Electrical Engineers,Singapore,ENGLISH,Electrical and Electronic Engineering,-,-,-,-,-,-,-
Journal of Electroanalytical Chemistry,Journal,15726657,-,Elsevier B.V.,Netherlands,ENGLISH,Chemical Engineering (all),Analytical Chemistry,Electrochemistry,-,-,-,-,-
Journal of Electroceramics,Journal,13853449,15738663,Springer,United States,ENGLISH,Electrical and Electronic Engineering,Mechanics of Materials,Ceramics and Composites,"Electronic, Optical and Magnetic Materials",Materials Chemistry,Condensed Matter Physics,-,-
Journal of Electrochemical Energy Conversion and Storage,Journal,23816872,23816910,American Society of Mechanical Engineers (ASME),United States,ENGLISH,Energy Engineering and Power Technology,"Renewable Energy, Sustainability and the Environment",Mechanical Engineering,Mechanics of Materials,"Electronic, Optical and Magnetic Materials",-,-,-
Journal of Electromagnetic Waves and Applications,Journal,09205071,15693937,Taylor and Francis Ltd.,United Kingdom,ENGLISH,Electrical and Electronic Engineering,"Electronic, Optical and Magnetic Materials",Physics and Astronomy (all),-,-,-,-,-
Journal of Electron Spectroscopy and Related Phenomena,Journal,03682048,-,Elsevier B.V.,Netherlands,ENGLISH,Physical and Theoretical Chemistry,Spectroscopy,"Electronic, Optical and Magnetic Materials",Condensed Matter Physics,"Atomic and Molecular Physics, and Optics",Radiation,-,-
Journal of Electronic Imaging,Journal,10179909,1560229X,SPIE,United States,ENGLISH,Computer Science Applications,Electrical and Electronic Engineering,"Atomic and Molecular Physics, and Optics",-,-,-,-,-
Journal of Electronic Materials,Journal,03615235,1543186X,Springer,United States,ENGLISH,Electrical and Electronic Engineering,"Electronic, Optical and Magnetic Materials",Materials Chemistry,Condensed Matter Physics,-,-,-,-
Journal of Electronic Measurement and Instrumentation,Journal,10007105,-,Editorial Office of EMI Journal,China,ENGLISH,Computer Science (miscellaneous),Engineering (miscellaneous),Electrical and Electronic Engineering,Applied Mathematics,Instrumentation,-,-,-
Journal of Electronic Packaging,Journal,10437398,15289044,American Society of Mechanical Engineers (ASME),United States,ENGLISH,Computer Science Applications,Electrical and Electronic Engineering,Mechanics of Materials,"Electronic, Optical and Magnetic Materials",-,-,-,-
Journal of Electronic Science and Technology,Journal,1674862X,2666223X,KeAi Communications Co.,China,ENGLISH,Computer Networks and Communications,Signal Processing,Electrical and Electronic Engineering,-,-,-,-,-
Journal of Electronic Testing: Theory and Applications (JETTA),Journal,09238174,15730727,Springer,United States,ENGLISH,Electrical and Electronic Engineering,-,-,-,-,-,-,-
Journal of Electrostatics,Journal,03043886,-,Elsevier B.V.,Netherlands,ENGLISH/FRENCH/GERMAN,Biotechnology,Electrical and Electronic Engineering,"Electronic, Optical and Magnetic Materials","Surfaces, Coatings and Films",Condensed Matter Physics,-,-,-
Journal of Energetic Materials,Journal,07370652,15458822,Taylor and Francis Ltd.,United States,ENGLISH,Physics and Astronomy (miscellaneous),-,-,-,-,-,-,-
Journal of Energy Chemistry,Journal,20954956,-,Elsevier B.V.,Netherlands,ENGLISH,Electrochemistry,Energy (miscellaneous),Energy Engineering and Power Technology,Fuel Technology,-,-,-,-
Journal of Energy Engineering,Journal,07339402,19437897,American Society of Civil Engineers (ASCE),United States,ENGLISH,Energy Engineering and Power Technology,Nuclear Energy and Engineering,"Renewable Energy, Sustainability and the Environment",Civil and Structural Engineering,Waste Management and Disposal,-,-,-
"Journal of Energy Resources Technology, Part A: Sustainable and Renewable Energy",Journal,29970253,29970261,American Society of Mechanical Engineers (ASME),United States,ENGLISH,Geochemistry and Petrology,Energy Engineering and Power Technology,Fuel Technology,"Renewable Energy, Sustainability and the Environment",Mechanical Engineering,-,-,-
"Journal of Energy Resources Technology, Part B: Subsurface Energy and Carbon Capture",Journal,29981638,29981646,American Society of Mechanical Engineers (ASME),United States,ENGLISH,Geochemistry and Petrology,Energy Engineering and Power Technology,Fuel Technology,"Renewable Energy, Sustainability and the Environment",Mechanical Engineering,-,-,-
Journal of Energy Storage,Journal,-,2352152X,Elsevier Ltd,United Kingdom,ENGLISH,Energy Engineering and Power Technology,"Renewable Energy, Sustainability and the Environment",Electrical and Electronic Engineering,-,-,-,-,-
Journal of Energy Systems,Journal,-,26022052,Erol Kurt,Turkey,ENGLISH,Energy Engineering and Power Technology,"Renewable Energy, Sustainability and the Environment","Management, Monitoring, Policy and Law",-,-,-,-,-
Journal of Engineered Fibers and Fabrics ,Journal,-,15589250,SAGE Publications Ltd,United States,ENGLISH,Materials Science (all),-,-,-,-,-,-,-
Journal of Engineering,Journal,-,20513305,John Wiley and Sons Ltd,United Kingdom,ENGLISH,Software,Energy Engineering and Power Technology,Engineering (all),-,-,-,-,-
Journal of Engineering and Applied Science,Journal,11101903,25369512,Springer Nature,Germany,ENGLISH,Engineering (all),-,-,-,-,-,-,-
Journal of Engineering and Science in Medical Diagnostics and Therapy,Journal,25727958,25727966,American Society of Mechanical Engineers (ASME),United States,ENGLISH,Biomedical Engineering,Mechanical Engineering,Medicine (miscellaneous),-,-,-,-,-
Journal of Engineering and Technological Sciences,Journal,23375779,23385502,"Institute for Research and Community Services, Institut Teknologi Bandung",Indonesia,ENGLISH,Chemical Engineering (miscellaneous),Earth-Surface Processes,Engineering (all),Engineering (miscellaneous),Civil and Structural Engineering,Mechanical Engineering,Environmental Science (miscellaneous),Materials Science (miscellaneous)
Journal of Engineering and Technology Management - JET-M,Journal,09234748,18791719,Elsevier B.V.,Netherlands,ENGLISH,Strategy and Management,Industrial Relations,Information Systems and Management,Management Science and Operations Research,Engineering (all),-,-,-
Journal of Engineering Design,Journal,09544828,14661837,Taylor and Francis Ltd.,United Kingdom,ENGLISH,Engineering (all),-,-,-,-,-,-,-
Journal of Engineering Education,Journal,10694730,21689830,John Wiley and Sons Inc,United Kingdom,ENGLISH,Engineering (all),Education,-,-,-,-,-,-
Journal of Engineering for Gas Turbines and Power,Journal,07424795,15288919,American Society of Mechanical Engineers (ASME),United States,ENGLISH,Energy Engineering and Power Technology,Fuel Technology,Nuclear Energy and Engineering,Aerospace Engineering,Mechanical Engineering,-,-,-
Journal of Engineering Materials and Technology,Journal,00944289,15288889,American Society of Mechanical Engineers (ASME),United States,ENGLISH,Mechanical Engineering,Mechanics of Materials,Materials Science (all),Condensed Matter Physics,-,-,-,-
Journal of Engineering Mathematics,Journal,00220833,15732703,Springer Science and Business Media B.V.,Netherlands,ENGLISH,Engineering (all),Mathematics (all),-,-,-,-,-,-
Journal of Engineering Mechanics,Journal,07339399,19437889,American Society of Civil Engineers (ASCE),United States,ENGLISH,Mechanical Engineering,Mechanics of Materials,-,-,-,-,-,-
Journal of Engineering Physics and Thermophysics,Journal,10620125,1573871X,Springer,United States,ENGLISH,Engineering (all),Condensed Matter Physics,-,-,-,-,-,-
Journal of Engineering Science and Technology Review,Journal,17919320,17912377,International Hellenic University School of Science and Technology,Greece,ENGLISH,Engineering (all),-,-,-,-,-,-,-
Journal of Engineering Technology,Journal,07479964,-,American Society for Engineering Education,United States,ENGLISH,Engineering (all),-,-,-,-,-,-,-
Journal of Engineering Thermophysics,Journal,18102328,19905432,Pleiades Publishing,Russian Federation,ENGLISH,Energy Engineering and Power Technology,Environmental Engineering,Modeling and Simulation,Condensed Matter Physics,-,-,-,-
"Journal of Engineering, Design and Technology",Journal,17260531,17588901,Emerald Publishing,United Kingdom,ENGLISH,Engineering (all),-,-,-,-,-,-,-
"Journal of Engineering, Project, and Production Management",Journal,22216529,22238379,Engineering Project and Production Management,Poland,ENGLISH,"Business, Management and Accounting (miscellaneous)",Engineering (miscellaneous),Mechanical Engineering,-,-,-,-,-
Journal of Enhanced Heat Transfer,Journal,10655131,-,Begell House Inc.,United States,ENGLISH,Fluid Flow and Transfer Processes,Mechanical Engineering,Condensed Matter Physics,-,-,-,-,-
Journal of Environmental and Engineering Geophysics,Journal,10831363,19432658,Society of Exploration Geophysicists,United States,ENGLISH,Geophysics,Geotechnical Engineering and Engineering Geology,Environmental Engineering,-,-,-,-,-
Journal of Environmental Chemical Engineering,Journal,22132929,22133437,Elsevier Ltd,United Kingdom,ENGLISH,Chemical Engineering (all),Chemical Engineering (miscellaneous),Process Chemistry and Technology,Engineering (all),Environmental Science (miscellaneous),Pollution,Waste Management and Disposal,-
Journal of Environmental Economics and Management,Journal,00950696,10960449,Academic Press Inc.,United States,ENGLISH,Economics and Econometrics,"Management, Monitoring, Policy and Law",-,-,-,-,-,-
Journal of Environmental Engineering (Japan),Journal,13480685,1881817X,Architectural Institute of Japan,Japan,JAPANESE,Environmental Engineering,-,-,-,-,-,-,-
Journal of Environmental Engineering (United States),Journal,07339372,19437870,American Society of Civil Engineers (ASCE),United States,ENGLISH,Civil and Structural Engineering,Environmental Science (all),Environmental Chemistry,Environmental Engineering,-,-,-,-
Journal of Environmental Engineering and Landscape Management,Journal,16486897,18224199,Vilnius Gediminas Technical University,Lithuania,LITHUANIAN/ENGLISH/GERMAN/RUSSIAN,Environmental Engineering,"Management, Monitoring, Policy and Law",Nature and Landscape Conservation,-,-,-,-,-
Journal of Environmental Engineering and Science,Journal,14962551,1496256X,Emerald Publishing,United Kingdom,ENGLISH,Environmental Science (all),-,-,-,-,-,-,-
Journal of Environmental Management,Journal,03014797,10958630,Academic Press,United Kingdom,ENGLISH,Environmental Engineering,"Management, Monitoring, Policy and Law",Waste Management and Disposal,-,-,-,-,-
Journal of Environmental Quality,Journal,00472425,15372537,John Wiley and Sons Inc,United States,ENGLISH,Environmental Engineering,"Management, Monitoring, Policy and Law",Pollution,Waste Management and Disposal,Water Science and Technology,-,-,-
Journal of Environmental Radioactivity,Journal,0265931X,18791700,Elsevier Ltd,United Kingdom,ENGLISH,Environmental Chemistry,"Health, Toxicology and Mutagenesis",Pollution,Waste Management and Disposal,-,-,-,-
Journal of Environmental Science and Health - Part A Toxic/Hazardous Substances and Environmental Engineering,Journal,10934529,15324117,Taylor and Francis Ltd.,United States,ENGLISH,Environmental Engineering,-,-,-,-,-,-,-
"Journal of Environmental Science and Health - Part B Pesticides, Food Contaminants, and Agricultural Wastes",Journal,03601234,15324109,Taylor and Francis Ltd.,United States,ENGLISH,Food Science,Pollution,-,-,-,-,-,-
"Journal of Environmental Science and Health, Part C: Toxicology and Carcinogenesis",Journal,26896583,26896591,Taylor and Francis Ltd.,United States,ENGLISH,Cancer Research,"Health, Toxicology and Mutagenesis",-,-,-,-,-,-
Journal of Environmental Sciences (China),Journal,10010742,18787320,Chinese Academy of Sciences,China,ENGLISH,Environmental Science (all),Environmental Chemistry,Environmental Engineering,-,-,-,-,-
Journal of Essential Oil Research,Journal,10412905,21638152,Taylor and Francis Ltd.,United States,ENGLISH,Chemistry (all),-,-,-,-,-,-,-
Journal of Experimental and Theoretical Artificial Intelligence,Journal,0952813X,13623079,Taylor and Francis Ltd.,United Kingdom,ENGLISH,Artificial Intelligence,Software,Theoretical Computer Science,-,-,-,-,-
Journal of Experimental and Theoretical Physics,Journal,10637761,10906509,Pleiades Publishing,Russian Federation,ENGLISH,Physics and Astronomy (all),-,-,-,-,-,-,-
Journal of Experimental Nanoscience,Journal,17458080,17458099,Taylor and Francis Ltd.,United Kingdom,ENGLISH,Bioengineering,Biomedical Engineering,Materials Science (all),-,-,-,-,-
Journal of Failure Analysis and Prevention,Journal,15477029,18641245,Springer,United States,ENGLISH,Mechanical Engineering,Mechanics of Materials,"Safety, Risk, Reliability and Quality",Materials Science (all),-,-,-,-
Journal of Fiber Science and Technology,Journal,-,21897654,Society of Fiber Science and Technology,Japan,ENGLISH,Chemical Engineering (miscellaneous),Industrial and Manufacturing Engineering,Materials Science (miscellaneous),Polymers and Plastics,-,-,-,-
Journal of Field Robotics,Journal,15564959,15564967,John Wiley and Sons Inc,United States,ENGLISH,Computer Science Applications,Control and Systems Engineering,-,-,-,-,-,-
Journal of Finance and Data Science,Journal,-,24059188,KeAi Communications Co.,China,ENGLISH,"Business, Management and Accounting (miscellaneous)",Computer Science Applications,Economics and Econometrics,Finance,Applied Mathematics,Statistics and Probability,-,-
Journal of Fire Sciences,Journal,07349041,15308049,SAGE Publications Ltd,United Kingdom,ENGLISH,Mechanical Engineering,Mechanics of Materials,"Safety, Risk, Reliability and Quality",-,-,-,-,-
Journal of Flow Visualization and Image Processing,Journal,10653090,-,Begell House Inc.,United States,ENGLISH,Computer Science Applications,Mechanical Engineering,Condensed Matter Physics,-,-,-,-,-
Journal of Fluid Mechanics,Journal,00221120,14697645,Cambridge University Press,United States,ENGLISH,Mechanical Engineering,Mechanics of Materials,Applied Mathematics,Condensed Matter Physics,-,-,-,-
Journal of Fluids and Structures,Journal,08899746,10958622,Academic Press,United Kingdom,ENGLISH,Mechanical Engineering,-,-,-,-,-,-,-
Journal of Fluids Engineering,Journal,00982202,1528901X,American Society of Mechanical Engineers (ASME),United States,ENGLISH,Mechanical Engineering,-,-,-,-,-,-,-
Journal of Fluorescence,Journal,10530509,15734994,Springer,United States,ENGLISH,Biochemistry,Clinical Biochemistry,Spectroscopy,-,-,-,-,-
Journal of Food Biochemistry,Journal,01458884,17454514,John Wiley and Sons Inc,United States,ENGLISH,Food Science,Biophysics,Cell Biology,Pharmacology,-,-,-,-
Journal of Food Engineering,Journal,02608774,-,Elsevier Ltd,United Kingdom,ENGLISH,Food Science,-,-,-,-,-,-,-
Journal of Food Measurement and Characterization,Journal,21934126,21934134,Springer,United States,ENGLISH,Food Science,Chemical Engineering (all),Industrial and Manufacturing Engineering,"Safety, Risk, Reliability and Quality",-,-,-,-
Journal of Food Process Engineering,Journal,01458876,17454530,John Wiley and Sons Inc,United States,ENGLISH,Food Science,Chemical Engineering (all),-,-,-,-,-,-
Journal of Food Processing and Preservation,Journal,01458892,17454549,John Wiley and Sons Inc,United States,ENGLISH,Food Science,Chemical Engineering (all),Chemistry (all),-,-,-,-,-
Journal of Food Quality,Journal,01469428,17454557,John Wiley and Sons Inc,United States,ENGLISH,Food Science,"Safety, Risk, Reliability and Quality",-,-,-,-,-,-
Journal of Food Science and Technology,Journal,00221155,09758402,Springer,India,ENGLISH,Food Science,-,-,-,-,-,-,-
Journal of Food Science and Technology (China),Journal,20956002,-,"Beijing Technology and Business University, Department of Science and Technology",China,CHINESE,Food Science,-,-,-,-,-,-,-
Journal of Forecasting,Journal,02776693,1099131X,John Wiley and Sons Ltd,United Kingdom,ENGLISH,Strategy and Management,Computer Science Applications,Management Science and Operations Research,"Statistics, Probability and Uncertainty",Economics and Econometrics,Modeling and Simulation,-,-
Journal of Forest Economics,Journal,11046899,16181530,Now Publishers Inc,United States,ENGLISH,Forestry,"Economics, Econometrics and Finance (miscellaneous)",Ecology,"Geography, Planning and Development",-,-,-,-
Journal of Forest Research,Journal,13416979,16107403,Taylor and Francis Ltd.,United Kingdom,ENGLISH,Forestry,-,-,-,-,-,-,-
Journal of Forest Science,Journal,12124834,1805935X,Czech Academy of Agricultural Sciences,Czech Republic,ENGLISH,Forestry,Soil Science,-,-,-,-,-,-
Journal of Forestry,Journal,00221201,19383746,Springer International Publishing,Switzerland,ENGLISH,Forestry,Plant Science,-,-,-,-,-,-
Journal of Forestry Research,Journal,1007662X,19930607,Springer Nature,China,ENGLISH,Forestry,-,-,-,-,-,-,-
Journal of Friction and Wear,Journal,10683666,19349386,Pleiades Publishing,United States,ENGLISH,Mechanics of Materials,"Surfaces, Coatings and Films",-,-,-,-,-,-
Journal of Fuel Chemistry and Technology,Journal,2097213X,20975945,Science Press,China,CHINESE,Chemical Engineering (all),Physical and Theoretical Chemistry,Fuel Technology,-,-,-,-,-
Journal of Functional Biomaterials,Journal,-,20794983,Multidisciplinary Digital Publishing Institute (MDPI),Switzerland,ENGLISH,Biomedical Engineering,Biomaterials,-,-,-,-,-,-
Journal of Functional Programming,Journal,09567968,14697653,Journal of Functional Programming Trust,United Kingdom,ENGLISH,Software,-,-,-,-,-,-,-
Journal of Fusion Energy,Journal,01640313,15729591,Springer,United States,ENGLISH,Nuclear Energy and Engineering,Nuclear and High Energy Physics,-,-,-,-,-,-
Journal of Geochemical Exploration,Journal,03756742,-,Elsevier B.V.,Netherlands,ENGLISH,Economic Geology,Geochemistry and Petrology,-,-,-,-,-,-
Journal of GeoEngineering,Journal,19908326,-,Taiwan Geotechnical Society,Taiwan,ENGLISH,Geotechnical Engineering and Engineering Geology,-,-,-,-,-,-,-
Journal of Geo-Information Science,Journal,15608999,-,Science Press,China,CHINESE,Artificial Intelligence,Computer Science Applications,Information Systems,Earth and Planetary Sciences (miscellaneous),Computers in Earth Sciences,-,-,-
Journal of Geotechnical and Geoenvironmental Engineering,Journal,10900241,19435606,American Society of Civil Engineers (ASCE),United States,ENGLISH,Geotechnical Engineering and Engineering Geology,Environmental Science (all),-,-,-,-,-,-
Journal of Geovisualization and Spatial Analysis,Journal,25098810,25098829,Springer Nature,United Kingdom,ENGLISH,Earth and Planetary Sciences (miscellaneous),Computers in Earth Sciences,"Geography, Planning and Development",-,-,-,-,-
Journal of Global Information Management,Journal,10627375,15337995,IGI Global,United States,ENGLISH,Business and International Management,Strategy and Management,Computer Science Applications,Information Systems and Management,Management Science and Operations Research,-,-,-
Journal of Global Optimization,Journal,09255001,15732916,Springer,United States,ENGLISH,"Business, Management and Accounting (miscellaneous)",Computer Science Applications,Management Science and Operations Research,Applied Mathematics,Control and Optimization,-,-,-
Journal of Graph Algorithms and Applications,Journal,15261719,-,Brown University,United States,ENGLISH,Computer Science (all),Computational Theory and Mathematics,Computer Science Applications,Geometry and Topology,Theoretical Computer Science,-,-,-
Journal of Graph Theory,Journal,03649024,10970118,John Wiley and Sons Inc,United States,ENGLISH,Discrete Mathematics and Combinatorics,Geometry and Topology,-,-,-,-,-,-
Journal of Great Lakes Research,Journal,03801330,-,International Association of Great Lakes Research,United States,ENGLISH,Aquatic Science,"Ecology, Evolution, Behavior and Systematics",Ecology,-,-,-,-,-
Journal of Green Building,Journal,15526100,19434618,College Publishing,United States,ENGLISH,Civil and Structural Engineering,Building and Construction,Architecture,Environmental Science (all),Environmental Engineering,"Management, Monitoring, Policy and Law",Nature and Landscape Conservation,"Public Health, Environmental and Occupational Health"
Journal of Grid Computing,Journal,15707873,15729184,Springer Science and Business Media B.V.,Netherlands,ENGLISH,Computer Networks and Communications,Hardware and Architecture,Information Systems,Software,-,-,-,-
"Journal of Guidance, Control, and Dynamics",Journal,07315090,15333884,AIAA International,United States,ENGLISH,Space and Planetary Science,Aerospace Engineering,Control and Systems Engineering,Electrical and Electronic Engineering,Applied Mathematics,-,-,-
Journal of Hazardous Materials,Journal,03043894,18733336,Elsevier B.V.,Netherlands,ENGLISH,Environmental Chemistry,Environmental Engineering,"Health, Toxicology and Mutagenesis",Pollution,Waste Management and Disposal,-,-,-
"Journal of Hazardous, Toxic, and Radioactive Waste",Journal,21535493,21535515,American Society of Civil Engineers (ASCE),United States,ENGLISH,Chemical Engineering (all),Geotechnical Engineering and Engineering Geology,Environmental Chemistry,Environmental Engineering,Waste Management and Disposal,Water Science and Technology,-,-
Journal of Healthcare Informatics Research,Journal,-,2509498X,Springer Science and Business Media Deutschland GmbH,Switzerland,ENGLISH,Artificial Intelligence,Computer Science Applications,Information Systems,Health Informatics,-,-,-,-
Journal of Heuristics,Journal,13811231,15729397,Springer,United States,ENGLISH,Artificial Intelligence,Computer Networks and Communications,Information Systems,Software,Management Science and Operations Research,Control and Optimization,-,-
Journal of High Speed Networks,Journal,09266801,18758940,SAGE Publications Ltd,United Kingdom,ENGLISH,Computer Networks and Communications,Hardware and Architecture,Information Systems,-,-,-,-,-
Journal of Horticultural Research,Journal,23005009,23533978,Paradigm Publishing Services,Poland,ENGLISH,Agronomy and Crop Science,Food Science,Horticulture,Plant Science,Soil Science,Endocrinology,Molecular Biology,"Endocrinology, Diabetes and Metabolism"
Journal of Hydraulic Engineering,Journal,07339429,19437900,American Society of Civil Engineers (ASCE),United States,ENGLISH,Civil and Structural Engineering,Mechanical Engineering,Water Science and Technology,-,-,-,-,-
Journal of Hydraulic Research,Journal,00221686,-,Taylor and Francis Ltd.,United Kingdom,ENGLISH/FRENCH,Civil and Structural Engineering,Water Science and Technology,-,-,-,-,-,-
Journal of Hydrodynamics,Journal,10016058,18780342,Springer,Singapore,ENGLISH,Mechanical Engineering,Mechanics of Materials,Modeling and Simulation,Condensed Matter Physics,-,-,-,-
Journal of Hydro-Environment Research,Journal,15706443,-,Elsevier B.V.,Netherlands,ENGLISH,Civil and Structural Engineering,Environmental Chemistry,Environmental Engineering,"Management, Monitoring, Policy and Law",Water Science and Technology,-,-,-
Journal of Hydrologic Engineering,Journal,10840699,19435584,American Society of Civil Engineers (ASCE),United States,ENGLISH,Civil and Structural Engineering,Environmental Science (all),Environmental Chemistry,Water Science and Technology,-,-,-,-
Journal of Hydrology,Journal,00221694,-,Elsevier B.V.,Netherlands,ENGLISH,Water Science and Technology,-,-,-,-,-,-,-
Journal of Hydrology and Hydromechanics,Journal,0042790X,13384333,Paradigm Publishing Services,Poland,CZECH/ENGLISH,Fluid Flow and Transfer Processes,Mechanical Engineering,Water Science and Technology,-,-,-,-,-
Journal of Hydrology X,Journal,-,25899155,Elsevier B.V.,Netherlands,ENGLISH,Water Science and Technology,-,-,-,-,-,-,-
Journal of ICT Standardization,Journal,2245800X,22460853,River Publishers,Denmark,ENGLISH,Management of Technology and Innovation,Computer Networks and Communications,Computer Science Applications,Information Systems,Information Systems and Management,-,-,-
Journal of Imaging,Journal,-,2313433X,Multidisciplinary Digital Publishing Institute (MDPI),Switzerland,ENGLISH,Computer Graphics and Computer-Aided Design,Computer Vision and Pattern Recognition,Electrical and Electronic Engineering,"Radiology, Nuclear Medicine and Imaging",-,-,-,-
Journal of Imaging Informatics in Medicine,Journal,-,29482933,Springer Nature,Switzerland,ENGLISH,Computer Science Applications,"Radiology, Nuclear Medicine and Imaging",Radiological and Ultrasound Technology,-,-,-,-,-
Journal of Imaging Science and Technology,Journal,10623701,19433522,Society for Imaging Science and Technology,United States,ENGLISH,Chemistry (all),Computer Science Applications,"Electronic, Optical and Magnetic Materials","Atomic and Molecular Physics, and Optics",-,-,-,-
Journal of Inclusion Phenomena and Macrocyclic Chemistry,Journal,13883127,15731111,Springer,Netherlands,ENGLISH,Food Science,Chemistry (all),Condensed Matter Physics,-,-,-,-,-
Journal of Industrial and Engineering Chemistry,Journal,1226086X,-,Korean Society of Industrial Engineering Chemistry,South Korea,ENGLISH,Chemical Engineering (all),-,-,-,-,-,-,-
Journal of Industrial and Production Engineering,Journal,21681015,21681023,Taylor and Francis Ltd.,United Kingdom,CHINESE/ENGLISH,Control and Systems Engineering,Industrial and Manufacturing Engineering,-,-,-,-,-,-
Journal of Industrial Ecology,Journal,10881980,15309290,Springer Nature,Switzerland,ENGLISH,Economics and Econometrics,Environmental Science (all),Social Sciences (all),-,-,-,-,-
Journal of Industrial Information Integration,Journal,2452414X,-,Elsevier B.V.,Netherlands,ENGLISH,Information Systems and Management,Industrial and Manufacturing Engineering,-,-,-,-,-,-
Journal of Industrial Integration and Management,Journal,24248622,24248630,World Scientific,Singapore,ENGLISH,Business and International Management,Management of Technology and Innovation,Strategy and Management,Engineering (all),-,-,-,-
Journal of Industrial Microbiology and Biotechnology,Journal,13675435,14765535,Oxford University Press,United Kingdom,ENGLISH,Biotechnology,Bioengineering,Applied Microbiology and Biotechnology,-,-,-,-,-
Journal of Industrial Textiles,Journal,15280837,15308057,SAGE Publications Ltd,United Kingdom,ENGLISH,Chemical Engineering (miscellaneous),Industrial and Manufacturing Engineering,Materials Science (miscellaneous),Polymers and Plastics,-,-,-,-
Journal of Information and Knowledge Management,Journal,02196492,17936926,World Scientific,Singapore,ENGLISH,Computer Networks and Communications,Computer Science Applications,Library and Information Sciences,-,-,-,-,-
Journal of Information and Telecommunication,Journal,24751839,24751847,Taylor and Francis Ltd.,United Kingdom,ENGLISH,Computer Science (miscellaneous),Computer Networks and Communications,Computer Science Applications,Electrical and Electronic Engineering,-,-,-,-
Journal of Information Display,Journal,15980316,21581606,Springer,Singapore,ENGLISH,Electrical and Electronic Engineering,Materials Science (all),-,-,-,-,-,-
Journal of Information Processing Systems,Journal,1976913X,2092805X,Korea Information Processing Society,South Korea,ENGLISH,Information Systems,Software,-,-,-,-,-,-
Journal of Information Science,Journal,01655515,17416485,SAGE Publications Ltd,United Kingdom,ENGLISH,Information Systems,Library and Information Sciences,-,-,-,-,-,-
Journal of Information Science and Engineering,Journal,10162364,-,Institute of Information Science,Taiwan,ENGLISH,Computational Theory and Mathematics,Hardware and Architecture,Human-Computer Interaction,Software,Library and Information Sciences,-,-,-
Journal of Information Security and Applications,Journal,22142134,22142126,Elsevier Ltd,United Kingdom,ENGLISH,Computer Networks and Communications,Software,"Safety, Risk, Reliability and Quality",-,-,-,-,-
Journal of Information Systems Education,Journal,10553096,25743872,ISCAP- Information Systems and Computing Academic Professionals,United States,ENGLISH,Engineering (miscellaneous),Education,-,-,-,-,-,-
Journal of Information Technology,Journal,02683962,14664437,SAGE Publications Ltd,United Kingdom,ENGLISH,Strategy and Management,Information Systems,Library and Information Sciences,-,-,-,-,-
Journal of Information Technology in Construction,Journal,18744753,-,International Council for Research and Innovation in Building and Construction,Canada,ENGLISH,Computer Science Applications,Civil and Structural Engineering,Building and Construction,-,-,-,-,-
Journal of Informetrics,Journal,17511577,18755879,Elsevier Ltd,United Kingdom,ENGLISH,Computer Science Applications,Management Science and Operations Research,Applied Mathematics,Modeling and Simulation,Statistics and Probability,Library and Information Sciences,-,-
"Journal of Infrared, Millimeter, and Terahertz Waves",Journal,18666892,18666906,Springer,United States,ENGLISH,Electrical and Electronic Engineering,Condensed Matter Physics,Instrumentation,Radiation,-,-,-,-
Journal of Infrastructure Intelligence and Resilience,Journal,-,27729915,Elsevier B.V.,Netherlands,ENGLISH,Civil and Structural Engineering,"Safety, Risk, Reliability and Quality",-,-,-,-,-,-
Journal of Infrastructure Preservation and Resilience,Journal,-,26622521,Springer Nature,Switzerland,ENGLISH,Economic Geology,Geology,Geotechnical Engineering and Engineering Geology,Engineering (miscellaneous),Civil and Structural Engineering,-,-,-
Journal of Infrastructure Systems,Journal,10760342,1943555X,American Society of Civil Engineers (ASCE),United States,ENGLISH,Civil and Structural Engineering,-,-,-,-,-,-,-
Journal of Innovative Optical Health Sciences,Journal,17935458,17937205,World Scientific,Singapore,ENGLISH,Biomedical Engineering,"Electronic, Optical and Magnetic Materials",Medicine (miscellaneous),"Atomic and Molecular Physics, and Optics",-,-,-,-
Journal of Inorganic and Organometallic Polymers and Materials,Journal,15741443,15741451,Springer,United States,ENGLISH,Materials Chemistry,Polymers and Plastics,-,-,-,-,-,-
Journal of Insect Biotechnology and Sericology,Journal,13468073,18847978,Japanese Society of Sericultural Sciences,Japan,ENGLISH,Agricultural and Biological Sciences (all),Insect Science,Biotechnology,"Business, Management and Accounting (all)",Industrial and Manufacturing Engineering,Applied Microbiology and Biotechnology,-,-
"Journal of Institute of Control, Robotics and Systems",Journal,19765622,-,"Institute of Control, Robotics and Systems",South Korea,ENGLISH/KOREAN,Software,Control and Systems Engineering,Applied Mathematics,-,-,-,-,-
Journal of Instrumentation,Journal,-,17480221,Institute of Physics,United Kingdom,ENGLISH,Mathematical Physics,Instrumentation,-,-,-,-,-,-
Journal of Integrated Design and Process Science,Journal,10920617,18758959,SAGE Publications Ltd,United Kingdom,ENGLISH,Engineering (all),-,-,-,-,-,-,-
Journal of Intelligent and Connected Vehicles,Journal,-,23999802,Tsinghua University Press,United Kingdom,ENGLISH,Automotive Engineering,Control and Systems Engineering,Mechanical Engineering,Transportation,-,-,-,-
Journal of Intelligent and Fuzzy Systems,Journal,10641246,18758967,SAGE Publications Ltd,United Kingdom,ENGLISH,Artificial Intelligence,Engineering (all),Statistics and Probability,-,-,-,-,-
Journal of Intelligent and Robotic Systems: Theory and Applications,Journal,09210296,15730409,Springer Nature,Netherlands,ENGLISH,Artificial Intelligence,Software,Control and Systems Engineering,Electrical and Electronic Engineering,Industrial and Manufacturing Engineering,Mechanical Engineering,-,-
Journal of Intelligent Information Systems,Journal,09259902,15737675,Springer,United States,ENGLISH,Artificial Intelligence,Computer Networks and Communications,Hardware and Architecture,Information Systems,Software,-,-,-
Journal of Intelligent Manufacturing,Journal,09565515,15728145,Springer,United States,ENGLISH,Artificial Intelligence,Software,Industrial and Manufacturing Engineering,-,-,-,-,-
Journal of Intelligent Material Systems and Structures,Journal,1045389X,15308138,SAGE Publications Ltd,United Kingdom,ENGLISH,Mechanical Engineering,Materials Science (all),-,-,-,-,-,-
Journal of Intelligent Systems,Journal,03341860,2191026X,Walter de Gruyter GmbH,Germany,ENGLISH,Artificial Intelligence,Information Systems,Software,-,-,-,-,-
"Journal of Intelligent Transportation Systems: Technology, Planning, and Operations",Journal,15472450,15472442,Taylor and Francis Ltd.,United States,ENGLISH,Computer Science Applications,Information Systems,Software,Aerospace Engineering,Automotive Engineering,Control and Systems Engineering,Applied Mathematics,-
Journal of Interconnection Networks,Journal,02192659,17936713,World Scientific,Singapore,ENGLISH,Computer Networks and Communications,-,-,-,-,-,-,-
Journal of Internet Services and Applications,Journal,18674828,18690238,Brazilian Computing Society,Brazil,ENGLISH,Computer Networks and Communications,Computer Science Applications,-,-,-,-,-,-
Journal of Internet Technology,Journal,16079264,20794029,Taiwan Academic Network Management Committee,Taiwan,ENGLISH,Computer Networks and Communications,Software,-,-,-,-,-,-
Journal of Inverse and Ill-Posed Problems,Journal,09280219,15693945,Walter de Gruyter GmbH,Germany,ENGLISH,Applied Mathematics,-,-,-,-,-,-,-
Journal of Ionic Liquids,Journal,-,27724220,Elsevier B.V.,Netherlands,ENGLISH,Chemical Engineering (all),Chemical Engineering (miscellaneous),Environmental Science (miscellaneous),Materials Science (all),-,-,-,-
Journal of Iron and Steel Research International,Journal,1006706X,22103988,Springer,Singapore,ENGLISH,Mechanics of Materials,Materials Chemistry,Metals and Alloys,-,-,-,-,-
Journal of Irrigation and Drainage Engineering,Journal,07339437,19434774,American Society of Civil Engineers (ASCE),United States,ENGLISH,Agricultural and Biological Sciences (miscellaneous),Civil and Structural Engineering,Water Science and Technology,-,-,-,-,-
Journal of Japan Industrial Management Association,Journal,13422618,21879079,Japan Industrial Management Association,Japan,ENGLISH,Strategy and Management,Management Science and Operations Research,Industrial and Manufacturing Engineering,Applied Mathematics,-,-,-,-
Journal of Japan Institute of Electronics Packaging,Journal,13439677,1884121X,Japan Institute of Electronics Packaging,Japan,JAPANESE,Electrical and Electronic Engineering,-,-,-,-,-,-,-
Journal of King Saud University - Engineering Sciences,Journal,10183639,-,Springer International Publishing,Switzerland,ENGLISH,Chemical Engineering (all),Catalysis,Fluid Flow and Transfer Processes,Computer Networks and Communications,Fuel Technology,"Renewable Energy, Sustainability and the Environment",Civil and Structural Engineering,Electrical and Electronic Engineering
Journal of Korean Institute of Metals and Materials,Journal,17388228,-,Korean Institute of Metals and Materials,South Korea,KOREAN,"Electronic, Optical and Magnetic Materials",Metals and Alloys,"Surfaces, Coatings and Films",Modeling and Simulation,-,-,-,-
Journal of Labelled Compounds and Radiopharmaceuticals,Journal,03624803,10991344,John Wiley and Sons Ltd,United Kingdom,ENGLISH/FRENCH,Biochemistry,Analytical Chemistry,Organic Chemistry,Spectroscopy,"Radiology, Nuclear Medicine and Imaging",Drug Discovery,-,-
Journal of Laser Applications,Journal,1042346X,19381387,American Institute of Physics,United States,ENGLISH,Biomedical Engineering,"Electronic, Optical and Magnetic Materials",Instrumentation,"Atomic and Molecular Physics, and Optics",-,-,-,-
Journal of Laser Micro Nanoengineering,Journal,-,18800688,Japan Laser Processing Society,Japan,ENGLISH,Electrical and Electronic Engineering,Industrial and Manufacturing Engineering,Instrumentation,-,-,-,-,-
Journal of Legal Affairs and Dispute Resolution in Engineering and Construction,Journal,19434162,19434170,American Society of Civil Engineers (ASCE),United States,ENGLISH,Engineering (miscellaneous),Civil and Structural Engineering,"Safety, Risk, Reliability and Quality",Law,-,-,-,-
Journal of Lightwave Technology,Journal,07338724,15582213,Institute of Electrical and Electronics Engineers Inc.,United States,ENGLISH,Electrical and Electronic Engineering,"Atomic and Molecular Physics, and Optics",-,-,-,-,-,-
Journal of Liquid Chromatography and Related Technologies,Journal,10826076,1520572X,Taylor and Francis Ltd.,United States,ENGLISH,Biochemistry,Clinical Biochemistry,Analytical Chemistry,Pharmaceutical Science,-,-,-,-
Journal of Location Based Services,Journal,17489725,17489733,Taylor and Francis Ltd.,United Kingdom,ENGLISH,Computer Networks and Communications,Signal Processing,Electrical and Electronic Engineering,-,-,-,-,-
Journal of Logic and Computation,Journal,0955792X,1465363X,Oxford University Press,United Kingdom,ENGLISH,Arts and Humanities (miscellaneous),Hardware and Architecture,Software,Logic,Theoretical Computer Science,-,-,-
Journal of Logical and Algebraic Methods in Programming,Journal,23522208,23522216,Elsevier Inc.,United States,ENGLISH,Computational Theory and Mathematics,Software,Logic,Theoretical Computer Science,Sociology and Political Science,Cultural Studies,Political Science and International Relations,-
Journal of Long-Term Effects of Medical Implants,Journal,10506934,19404379,Begell House Inc.,United States,ENGLISH,Biomedical Engineering,Dentistry (all),-,-,-,-,-,-
Journal of Loss Prevention in the Process Industries,Journal,09504230,-,Elsevier Ltd,United Kingdom,ENGLISH,Food Science,Chemical Engineering (all),Management Science and Operations Research,Energy Engineering and Power Technology,Control and Systems Engineering,Industrial and Manufacturing Engineering,"Safety, Risk, Reliability and Quality",-
Journal of Low Frequency Noise Vibration and Active Control,Journal,14613484,20484046,SAGE Publications Inc.,United Kingdom,ENGLISH,Geophysics,Civil and Structural Engineering,Mechanical Engineering,Mechanics of Materials,Building and Construction,Acoustics and Ultrasonics,-,-
Journal of Low Temperature Physics,Journal,00222291,15737357,Springer,United States,ENGLISH,Materials Science (all),Condensed Matter Physics,"Atomic and Molecular Physics, and Optics",-,-,-,-,-
Journal of Luminescence,Journal,00222313,-,Elsevier B.V.,Netherlands,ENGLISH,Biochemistry,Biophysics,Chemistry (all),Condensed Matter Physics,"Atomic and Molecular Physics, and Optics",-,-,-
Journal of Machine Learning Research,Journal,15324435,15337928,Microtome Publishing,United States,ENGLISH,Artificial Intelligence,Software,Control and Systems Engineering,Statistics and Probability,-,-,-,-
Journal of Machinery Manufacture and Reliability,Journal,10526188,19349394,Pleiades Publishing,Russian Federation,ENGLISH,Industrial and Manufacturing Engineering,Mechanical Engineering,"Safety, Risk, Reliability and Quality",-,-,-,-,-
"Journal of Macromolecular Science, Part A: Pure and Applied Chemistry",Journal,10601325,15205738,Taylor and Francis Ltd.,United States,ENGLISH,Chemistry (all),Ceramics and Composites,Materials Chemistry,Polymers and Plastics,-,-,-,-
"Journal of Macromolecular Science, Part B: Physics",Journal,00222348,1525609X,Taylor and Francis Ltd.,United States,ENGLISH,Chemistry (all),Materials Chemistry,Polymers and Plastics,Condensed Matter Physics,-,-,-,-
Journal of Magnesium and Alloys,Journal,-,22139567,KeAi Communications Co.,China,ENGLISH,Mechanics of Materials,Metals and Alloys,-,-,-,-,-,-
Journal of Magnetic Resonance,Journal,10907807,10960856,Academic Press Inc.,United States,ENGLISH,Biochemistry,Biophysics,Condensed Matter Physics,Nuclear and High Energy Physics,-,-,-,-
Journal of Magnetism and Magnetic Materials,Journal,03048853,-,Elsevier B.V.,Netherlands,ENGLISH,"Electronic, Optical and Magnetic Materials",Condensed Matter Physics,-,-,-,-,-,-
Journal of Management Analytics,Journal,23270012,23270039,Taylor and Francis Ltd.,United Kingdom,ENGLISH,"Business, Management and Accounting (miscellaneous)","Statistics, Probability and Uncertainty",Statistics and Probability,-,-,-,-,-
Journal of Management in Engineering,Journal,0742597X,19435479,American Society of Civil Engineers (ASCE),United States,ENGLISH,Strategy and Management,Industrial Relations,Management Science and Operations Research,Engineering (all),-,-,-,-
Journal of Management Information Systems,Journal,07421222,1557928X,Routledge,United States,ENGLISH,Management Information Systems,Computer Science Applications,Information Systems and Management,Management Science and Operations Research,-,-,-,-
Journal of Manufacturing and Materials Processing,Journal,-,25044494,Multidisciplinary Digital Publishing Institute (MDPI),Switzerland,ENGLISH,Industrial and Manufacturing Engineering,Mechanical Engineering,Mechanics of Materials,-,-,-,-,-
Journal of Manufacturing Processes,Journal,15266125,-,Elsevier Ltd,United Kingdom,ENGLISH,Strategy and Management,Management Science and Operations Research,Industrial and Manufacturing Engineering,-,-,-,-,-
Journal of Manufacturing Science and Engineering,Journal,10871357,15288935,American Society of Mechanical Engineers (ASME),United States,ENGLISH,Computer Science Applications,Control and Systems Engineering,Industrial and Manufacturing Engineering,Mechanical Engineering,-,-,-,-
Journal of Manufacturing Systems,Journal,02786125,-,Elsevier B.V.,Netherlands,ENGLISH,Hardware and Architecture,Software,Control and Systems Engineering,Industrial and Manufacturing Engineering,-,-,-,-
Journal of Manufacturing Technology Management,Journal,1741038X,17587786,Emerald Publishing,United Kingdom,ENGLISH,Strategy and Management,Computer Science Applications,Software,Control and Systems Engineering,Industrial and Manufacturing Engineering,-,-,-
Journal of Marine Engineering and Technology,Journal,20464177,20568487,Taylor and Francis Ltd.,United Kingdom,ENGLISH,Ocean Engineering,-,-,-,-,-,-,-
Journal of Marine Environmental Engineering,Journal,1061026X,10290427,Old City Publishing,United States,ENGLISH,Ocean Engineering,Environmental Engineering,Pollution,Waste Management and Disposal,-,-,-,-
Journal of Marine Science and Engineering,Journal,-,20771312,Multidisciplinary Digital Publishing Institute (MDPI),Switzerland,ENGLISH,Civil and Structural Engineering,Ocean Engineering,Water Science and Technology,-,-,-,-,-
Journal of Marine Science and Technology,Journal,09484280,14378213,Springer,Japan,ENGLISH,Oceanography,Mechanical Engineering,Mechanics of Materials,Ocean Engineering,-,-,-,-
Journal of Marine Science and Technology (Taiwan),Journal,10232796,27096998,National Taiwan Ocean University,Taiwan,ENGLISH,Oceanography,Mechanical Engineering,Mechanics of Materials,Ocean Engineering,-,-,-,-
Journal of Marine Systems,Journal,09247963,18791573,Elsevier B.V.,Netherlands,ENGLISH,Aquatic Science,"Ecology, Evolution, Behavior and Systematics",Oceanography,-,-,-,-,-
Journal of Mass Spectrometry,Journal,10765174,10969888,John Wiley and Sons Ltd,United Kingdom,ENGLISH,Spectroscopy,-,-,-,-,-,-,-
Journal of Material Cycles and Waste Management,Journal,14384957,16118227,Springer,Japan,ENGLISH,Mechanics of Materials,Waste Management and Disposal,-,-,-,-,-,-
Journal of Materials Chemistry A,Journal,20507488,20507496,Royal Society of Chemistry,United Kingdom,ENGLISH,Chemistry (all),"Renewable Energy, Sustainability and the Environment",Materials Science (all),-,-,-,-,-
Journal of Materials Chemistry B,Journal,2050750X,20507518,Royal Society of Chemistry,United Kingdom,ENGLISH,Chemistry (all),Biomedical Engineering,Materials Science (all),Medicine (all),-,-,-,-
Journal of Materials Chemistry C,Journal,20507526,20507534,Royal Society of Chemistry,United Kingdom,ENGLISH,Chemistry (all),Materials Chemistry,-,-,-,-,-,-
Journal of Materials Engineering,Journal,10014381,-,Science Press,China,CHINESE,Aerospace Engineering,Materials Science (miscellaneous),Metals and Alloys,Polymers and Plastics,"Surfaces, Coatings and Films",-,-,-
Journal of Materials Engineering and Performance,Journal,10599495,15441024,Springer,United States,ENGLISH,Mechanical Engineering,Mechanics of Materials,Materials Science (all),-,-,-,-,-
Journal of Materials in Civil Engineering,Journal,08991561,19435533,American Society of Civil Engineers (ASCE),United States,ENGLISH,Civil and Structural Engineering,Mechanics of Materials,Building and Construction,Materials Science (all),-,-,-,-
Journal of Materials Processing Technology,Journal,09240136,18734774,Elsevier Ltd,United Kingdom,ENGLISH,Computer Science Applications,Industrial and Manufacturing Engineering,Ceramics and Composites,Metals and Alloys,Modeling and Simulation,-,-,-
Journal of Materials Research,Journal,08842914,20445326,Springer Nature,Switzerland,ENGLISH,Mechanical Engineering,Mechanics of Materials,Materials Science (all),Condensed Matter Physics,-,-,-,-
Journal of Materials Research and Technology,Journal,22387854,22140697,Elsevier Editora Ltda,Brazil,ENGLISH,Biomaterials,Ceramics and Composites,Metals and Alloys,"Surfaces, Coatings and Films",-,-,-,-
Journal of Materials Science,Journal,00222461,15734803,Springer,United States,ENGLISH,Mechanical Engineering,Mechanics of Materials,Materials Science (all),Materials Science (miscellaneous),Ceramics and Composites,Polymers and Plastics,-,-
Journal of Materials Science and Technology,Journal,10050302,-,Chinese Society of Metals,China,ENGLISH,Mechanical Engineering,Mechanics of Materials,Ceramics and Composites,Materials Chemistry,Metals and Alloys,Polymers and Plastics,-,-
Journal of Materials Science: Materials in Electronics,Journal,09574522,1573482X,Springer,United States,ENGLISH,Electrical and Electronic Engineering,"Electronic, Optical and Magnetic Materials",Condensed Matter Physics,"Atomic and Molecular Physics, and Optics",-,-,-,-
Journal of Materials Science: Materials in Medicine,Journal,09574530,15734838,Springer,United States,ENGLISH,Biophysics,Bioengineering,Biomedical Engineering,Biomaterials,-,-,-,-
Journal of Materiomics,Journal,23528478,23528486,Chinese Ceramic Society,India,ENGLISH,"Electronic, Optical and Magnetic Materials",Metals and Alloys,"Surfaces, Coatings and Films",-,-,-,-,-
Journal of Mathematical Fluid Mechanics,Journal,14226928,14226952,Springer International Publishing,Switzerland,ENGLISH,Applied Mathematics,Computational Mathematics,Mathematical Physics,Condensed Matter Physics,-,-,-,-
Journal of Mathematical Imaging and Vision,Journal,09249907,15737683,Springer,United States,ENGLISH,Computer Vision and Pattern Recognition,Applied Mathematics,Geometry and Topology,Modeling and Simulation,Statistics and Probability,Condensed Matter Physics,-,-
Journal of Mathematics in Industry,Journal,-,21905983,Springer Science and Business Media Deutschland GmbH,Germany,ENGLISH,Applied Mathematics,-,-,-,-,-,-,-
Journal of Measurements in Engineering,Journal,23352124,24244635,EXTRICA,Lithuania,ENGLISH,Mechanical Engineering,Materials Science (miscellaneous),Instrumentation,-,-,-,-,-
Journal of Mechanical Design,Journal,10500472,-,American Society of Mechanical Engineers (ASME),United States,ENGLISH,Computer Graphics and Computer-Aided Design,Computer Science Applications,Mechanical Engineering,Mechanics of Materials,-,-,-,-
Journal of Mechanical Science and Technology,Journal,1738494X,19763824,Korean Society of Mechanical Engineers,South Korea,ENGLISH,Mechanical Engineering,Mechanics of Materials,-,-,-,-,-,-
Journal of Mechanics,Journal,17277191,18118216,Oxford University Press,United Kingdom,ENGLISH,Mechanical Engineering,Applied Mathematics,Condensed Matter Physics,-,-,-,-,-
Journal of Mechanics in Medicine and Biology,Journal,02195194,17936810,World Scientific,Singapore,ENGLISH,Biomedical Engineering,-,-,-,-,-,-,-
Journal of Mechanics of Materials and Structures,Journal,15593959,-,Mathematical Sciences Publishers,United States,ENGLISH,Mechanics of Materials,Applied Mathematics,-,-,-,-,-,-
Journal of Mechanisms and Robotics,Journal,19424302,19424310,American Society of Mechanical Engineers (ASME),United States,ENGLISH,Mechanical Engineering,-,-,-,-,-,-,-
Journal of Medical and Biological Engineering,Journal,16090985,21994757,Springer Science and Business Media Deutschland GmbH,Germany,CHINESE/ENGLISH,Biomedical Engineering,Medicine (all),-,-,-,-,-,-
Journal of Medical Devices ,Journal,19326181,1932619X,American Society of Mechanical Engineers (ASME),United States,ENGLISH,Biomedical Engineering,Medicine (miscellaneous),-,-,-,-,-,-
Journal of Medical Engineering and Technology,Journal,03091902,1464522X,Taylor and Francis Ltd.,United Kingdom,ENGLISH,Biomedical Engineering,-,-,-,-,-,-,-
Journal of Medical Imaging,Journal,23294302,23294310,SPIE,United States,ENGLISH,"Radiology, Nuclear Medicine and Imaging",-,-,-,-,-,-,-
Journal of Membrane Computing,Journal,25238906,25238914,Springer,Singapore,ENGLISH,Computational Theory and Mathematics,Applied Mathematics,-,-,-,-,-,-
Journal of Membrane Science,Journal,03767388,18733123,Elsevier B.V.,Netherlands,ENGLISH,Biochemistry,Filtration and Separation,Physical and Theoretical Chemistry,Materials Science (all),-,-,-,-
Journal of Metamorphic Geology,Journal,02634929,15251314,John Wiley and Sons Inc,United States,ENGLISH,Geochemistry and Petrology,Geology,-,-,-,-,-,-
Journal of Micro and Bio Robotics,Journal,21946418,21946426,Springer Science and Business Media Deutschland GmbH,Germany,ENGLISH,Electrical and Electronic Engineering,Mechanical Engineering,Materials Science (all),-,-,-,-,-
Journal of Micro and Nano Science and Engineering,Journal,29947316,29947324,American Society of Mechanical Engineers (ASME),United States,ENGLISH,Process Chemistry and Technology,Industrial and Manufacturing Engineering,Mechanics of Materials,-,-,-,-,-
"Journal of Micro/Nanopatterning, Materials and Metrology",Journal,19325150,27088340,SPIE,United States,ENGLISH,Electrical and Electronic Engineering,Mechanical Engineering,"Electronic, Optical and Magnetic Materials",Condensed Matter Physics,"Atomic and Molecular Physics, and Optics",-,-,-
Journal of Microelectromechanical Systems,Journal,10577157,19410158,Institute of Electrical and Electronics Engineers Inc.,United States,ENGLISH,Electrical and Electronic Engineering,Mechanical Engineering,-,-,-,-,-,-
Journal of Microelectronics and Electronic Packaging,Journal,15514897,-,IMAPS-International Microelectronics and Packaging Society,United States,ENGLISH,Computer Networks and Communications,Electrical and Electronic Engineering,"Electronic, Optical and Magnetic Materials",-,-,-,-,-
Journal of Microencapsulation,Journal,02652048,14645246,Taylor and Francis Ltd.,United Kingdom,ENGLISH,Bioengineering,Colloid and Surface Chemistry,Organic Chemistry,Physical and Theoretical Chemistry,Pharmaceutical Science,-,-,-
Journal of Micromechanics and Microengineering,Journal,09601317,13616439,Institute of Physics,United Kingdom,ENGLISH,Electrical and Electronic Engineering,Mechanical Engineering,Mechanics of Materials,"Electronic, Optical and Magnetic Materials",-,-,-,-
Journal of Microscopy,Journal,00222720,13652818,John Wiley and Sons Inc,United Kingdom,ENGLISH,Histology,Pathology and Forensic Medicine,-,-,-,-,-,-
Journal of Microwave Power and Electromagnetic Energy,Journal,08327823,-,Taylor and Francis Ltd.,United States,ENGLISH,Electrical and Electronic Engineering,Ceramics and Composites,"Electronic, Optical and Magnetic Materials",Metals and Alloys,Condensed Matter Physics,-,-,-
"Journal of Microwaves, Optoelectronics and Electromagnetic Applications",Journal,21791074,-,Sociedade Brasileira de Microondas e Optoeletronica (SBMO),Brazil,ENGLISH/PORTUGUESE,Electrical and Electronic Engineering,-,-,-,-,-,-,-
Journal of Mining and Strata Control Engineering,Journal,20967187,-,China Coal Society,China,CHINESE,Geotechnical Engineering and Engineering Geology,Engineering (miscellaneous),Civil and Structural Engineering,-,-,-,-,-
Journal of Mining Science,Journal,10627391,15738736,Pleiades Publishing,Russian Federation,ENGLISH,Geology,Geotechnical Engineering and Engineering Geology,-,-,-,-,-,-
Journal of Modern Optics,Journal,09500340,13623044,Taylor and Francis Ltd.,United Kingdom,ENGLISH,"Atomic and Molecular Physics, and Optics",-,-,-,-,-,-,-
Journal of Modern Power Systems and Clean Energy,Journal,21965625,21965420,State Grid Electric Power Research Institute Nanjing Branch,China,ENGLISH,Energy Engineering and Power Technology,"Renewable Energy, Sustainability and the Environment",-,-,-,-,-,-
Journal of Molecular Graphics and Modelling,Journal,10933263,18734243,Elsevier Inc.,United States,ENGLISH,Physical and Theoretical Chemistry,Spectroscopy,Computer Graphics and Computer-Aided Design,Materials Chemistry,-,-,-,-
Journal of Molecular Liquids,Journal,01677322,18733166,Elsevier B.V.,Netherlands,ENGLISH,Physical and Theoretical Chemistry,Spectroscopy,"Electronic, Optical and Magnetic Materials",Materials Chemistry,Condensed Matter Physics,"Atomic and Molecular Physics, and Optics",-,-
Journal of Molecular Spectroscopy,Journal,00222852,1096083X,Academic Press Inc.,United States,ENGLISH,Physical and Theoretical Chemistry,Spectroscopy,"Atomic and Molecular Physics, and Optics",-,-,-,-,-
Journal of Molecular Structure,Journal,00222860,-,Elsevier B.V.,Netherlands,ENGLISH,Analytical Chemistry,Inorganic Chemistry,Organic Chemistry,Spectroscopy,-,-,-,-
Journal of Multiple-Valued Logic and Soft Computing,Journal,15423980,15423999,Old City Publishing,United States,ENGLISH,Software,Logic,Theoretical Computer Science,-,-,-,-,-
Journal of Nano Research,Journal,16625250,16619897,Trans Tech Publications Ltd,Switzerland,ENGLISH,Materials Science (all),Physics and Astronomy (all),-,-,-,-,-,-
Journal of Nanobiotechnology ,Journal,-,14773155,BioMed Central Ltd,United Kingdom,ENGLISH,Molecular Medicine,Bioengineering,Biomedical Engineering,Applied Microbiology and Biotechnology,Medicine (miscellaneous),Pharmaceutical Science,-,-
Journal of Nanoparticle Research,Journal,13880764,1572896X,Springer Science and Business Media B.V.,Netherlands,ENGLISH,Bioengineering,Chemistry (all),Materials Science (all),Modeling and Simulation,Condensed Matter Physics,"Atomic and Molecular Physics, and Optics",-,-
Journal of Nanophotonics,Journal,-,19342608,SPIE,United States,ENGLISH,"Electronic, Optical and Magnetic Materials",Condensed Matter Physics,-,-,-,-,-,-
Journal of Nanotechnology,Journal,16879503,16879511,John Wiley and Sons Ltd,United Kingdom,ENGLISH,Materials Science (all),-,-,-,-,-,-,-
Journal of Nanotechnology in Engineering and Medicine,Journal,19492944,19492952,American Society of Mechanical Engineers (ASME),United States,ENGLISH,Electrical and Electronic Engineering,Materials Science (all),Medicine (all),-,-,-,-,-
Journal of Natural Fibers,Journal,15440478,1544046X,Taylor and Francis Ltd.,United States,ENGLISH,Materials Science (miscellaneous),-,-,-,-,-,-,-
Journal of Near Infrared Spectroscopy,Journal,09670335,17516552,SAGE Publications Ltd,United Kingdom,ENGLISH,Spectroscopy,-,-,-,-,-,-,-
Journal of Network and Computer Applications,Journal,10848045,10958592,Academic Press,United Kingdom,ENGLISH,Computer Networks and Communications,Computer Science Applications,Hardware and Architecture,-,-,-,-,-
Journal of Network and Systems Management,Journal,10647570,15737705,Springer,United States,ENGLISH,Strategy and Management,Computer Networks and Communications,Hardware and Architecture,Information Systems,-,-,-,-
Journal of Network Intelligence,Journal,-,24148105,Taiwan Ubiquitous Information CO LTD,Taiwan,ENGLISH,Computational Theory and Mathematics,Computer Networks and Communications,Computer Science Applications,Information Systems,Software,Electrical and Electronic Engineering,Computational Mathematics,-
Journal of Neural Engineering,Journal,17412560,17412552,Institute of Physics,United Kingdom,ENGLISH,Biomedical Engineering,Cellular and Molecular Neuroscience,-,-,-,-,-,-
Journal of New England Water Environment Association,Journal,10773002,-,New England Water Environment Association,United States,ENGLISH,Pollution,Water Science and Technology,-,-,-,-,-,-
Journal of Non-Crystalline Solids,Journal,00223093,18734812,Elsevier B.V.,Netherlands,ENGLISH,Ceramics and Composites,"Electronic, Optical and Magnetic Materials",Materials Chemistry,Condensed Matter Physics,-,-,-,-
Journal of Nondestructive Evaluation,Journal,01959298,15734862,Springer,United States,ENGLISH,Mechanical Engineering,Mechanics of Materials,-,-,-,-,-,-
"Journal of Nondestructive Evaluation, Diagnostics and Prognostics of Engineering Systems",Journal,25723901,25723898,American Society of Mechanical Engineers (ASME),United States,ENGLISH,Civil and Structural Engineering,Mechanics of Materials,"Safety, Risk, Reliability and Quality",-,-,-,-,-
Journal of Non-Equilibrium Thermodynamics,Journal,03400204,14374358,Walter de Gruyter GmbH,Germany,ENGLISH,Chemistry (all),Physics and Astronomy (all),-,-,-,-,-,-
Journal of Nonlinear and Variational Analysis,Journal,25606921,25606778,Biemdas Academic Publishers,Canada,ENGLISH,Analysis,Applied Mathematics,-,-,-,-,-,-
Journal of Nonlinear Functional Analysis,Journal,-,2052532X,Mathematical Research Press,United Kingdom,ENGLISH,Fluid Flow and Transfer Processes,Algebra and Number Theory,Analysis,Control and Optimization,Geometry and Topology,Numerical Analysis,-,-
Journal of Nonlinear Optical Physics and Materials,Journal,02188635,17936624,World Scientific,Singapore,ENGLISH,"Electronic, Optical and Magnetic Materials",Physics and Astronomy (miscellaneous),"Atomic and Molecular Physics, and Optics",-,-,-,-,-
Journal of Nonlinear Science,Journal,09388974,14321467,Springer,United States,ENGLISH,Engineering (all),Applied Mathematics,Modeling and Simulation,-,-,-,-,-
Journal of Non-Newtonian Fluid Mechanics,Journal,03770257,-,Elsevier B.V.,Netherlands,ENGLISH,Chemical Engineering (all),Mechanical Engineering,Materials Science (all),Applied Mathematics,Condensed Matter Physics,-,-,-
Journal of Nuclear Engineering and Radiation Science,Journal,23328983,23328975,American Society of Mechanical Engineers (ASME),United States,ENGLISH,Nuclear Energy and Engineering,Radiation,-,-,-,-,-,-
Journal of Nuclear Materials,Journal,00223115,-,Elsevier B.V.,Netherlands,ENGLISH,Nuclear Energy and Engineering,Materials Science (all),Nuclear and High Energy Physics,-,-,-,-,-
Journal of Nuclear Materials Management,Journal,08936188,-,Institute of Nuclear Materials Management,United States,ENGLISH,Nuclear Energy and Engineering,"Safety, Risk, Reliability and Quality",Waste Management and Disposal,-,-,-,-,-
Journal of Nuclear Science and Technology,Journal,00223131,18811248,Taylor and Francis Ltd.,United Kingdom,ENGLISH,Nuclear Energy and Engineering,Nuclear and High Energy Physics,-,-,-,-,-,-
Journal of Numerical Mathematics,Journal,15702820,15693953,Walter de Gruyter GmbH,Germany,ENGLISH,Computational Mathematics,Numerical Analysis,-,-,-,-,-,-
Journal of Ocean Engineering and Marine Energy,Journal,21986444,21986452,Springer Science and Business Media Deutschland GmbH,Switzerland,ENGLISH,Energy Engineering and Power Technology,"Renewable Energy, Sustainability and the Environment",Ocean Engineering,Water Science and Technology,-,-,-,-
Journal of Offshore Mechanics and Arctic Engineering,Journal,08927219,1528896X,American Society of Mechanical Engineers (ASME),United States,ENGLISH,Mechanical Engineering,Ocean Engineering,-,-,-,-,-,-
Journal of Oleo Science,Journal,13458957,13473352,Japan Oil Chemists Society,Japan,ENGLISH/JAPANESE,Chemical Engineering (all),Chemistry (all),-,-,-,-,-,-
Journal of Operations Management,Journal,02726963,18731317,John Wiley and Sons Inc,Netherlands,ENGLISH,Strategy and Management,Computer Science Applications,Management Science and Operations Research,Industrial and Manufacturing Engineering,-,-,-,-
Journal of Optical Communications,Journal,01734911,21916322,Walter de Gruyter GmbH,Germany,ENGLISH,Electrical and Electronic Engineering,Condensed Matter Physics,"Atomic and Molecular Physics, and Optics",-,-,-,-,-
Journal of Optical Communications and Networking,Journal,19430620,19430639,Institute of Electrical and Electronics Engineers Inc.,United States,ENGLISH,Computer Networks and Communications,-,-,-,-,-,-,-
Journal of Optical Microsystems,Journal,-,27085260,SPIE,United States,ENGLISH,Electrical and Electronic Engineering,"Electronic, Optical and Magnetic Materials","Atomic and Molecular Physics, and Optics",-,-,-,-,-
Journal of Optical Technology (A Translation of Opticheskii Zhurnal),Journal,10709762,10910786,Optica Publishing Group (formerly OSA),United States,ENGLISH,Engineering (all),Applied Mathematics,Computational Mathematics,"Atomic and Molecular Physics, and Optics",-,-,-,-
Journal of Optics (India),Journal,09728821,09746900,Springer,India,ENGLISH,"Atomic and Molecular Physics, and Optics",-,-,-,-,-,-,-
Journal of Optics (United Kingdom),Journal,20408978,20408986,Institute of Physics,United Kingdom,ENGLISH,"Electronic, Optical and Magnetic Materials","Atomic and Molecular Physics, and Optics",-,-,-,-,-,-
Journal of Optimization Theory and Applications,Journal,00223239,15732878,Springer,United States,ENGLISH,Management Science and Operations Research,Applied Mathematics,Control and Optimization,-,-,-,-,-
Journal of Optoelectronics and Advanced Materials,Journal,14544164,-,National Institute of Optoelectronics,Romania,ENGLISH,Electrical and Electronic Engineering,"Electronic, Optical and Magnetic Materials",Condensed Matter Physics,"Atomic and Molecular Physics, and Optics",-,-,-,-
Journal of Organic Chemistry,Journal,00223263,15206904,American Chemical Society,United States,ENGLISH,Organic Chemistry,-,-,-,-,-,-,-
Journal of Organizational and End User Computing,Journal,15462234,15465012,IGI Global,United States,ENGLISH,Strategy and Management,Computer Science Applications,Human-Computer Interaction,-,-,-,-,-
Journal of Organometallic Chemistry,Journal,0022328X,-,Elsevier B.V.,Netherlands,ENGLISH,Biochemistry,Inorganic Chemistry,Organic Chemistry,Physical and Theoretical Chemistry,Materials Chemistry,-,-,-
Journal of Packaging Science and Technology,Journal,09185283,-,Society of Packaging Science and Technology,Japan,ENGLISH,Mechanics of Materials,Materials Science (all),-,-,-,-,-,-
Journal of Parallel and Distributed Computing,Journal,07437315,10960848,Academic Press Inc.,United States,ENGLISH,Artificial Intelligence,Computer Networks and Communications,Hardware and Architecture,Software,Theoretical Computer Science,-,-,-
Journal of Performance of Constructed Facilities,Journal,08873828,19435509,American Society of Civil Engineers (ASCE),United States,ENGLISH,Civil and Structural Engineering,"Safety, Risk, Reliability and Quality",Building and Construction,-,-,-,-,-
Journal of Petroleum Exploration and Production Technology,Journal,21900558,21900566,Springer Science and Business Media Deutschland GmbH,Germany,ENGLISH,Geotechnical Engineering and Engineering Geology,Energy (all),-,-,-,-,-,-
Journal of Petroleum Geology,Journal,01416421,17475457,John Wiley and Sons Inc,United Kingdom,ENGLISH,Earth and Planetary Sciences (miscellaneous),Geology,Energy Engineering and Power Technology,Fuel Technology,-,-,-,-
Journal of Petroleum Technology,Journal,01492136,-,Society of Petroleum Engineers (SPE),United States,ENGLISH,Strategy and Management,Industrial Relations,Energy Engineering and Power Technology,Fuel Technology,-,-,-,-
Journal of Phase Equilibria and Diffusion,Journal,15477037,18637345,Springer,United States,ENGLISH,Materials Chemistry,Metals and Alloys,Condensed Matter Physics,-,-,-,-,-
Journal of Photochemistry and Photobiology A: Chemistry,Journal,10106030,18732666,Elsevier B.V.,Netherlands,ENGLISH,Chemical Engineering (all),Chemistry (all),Physics and Astronomy (all),-,-,-,-,-
Journal of Photochemistry and Photobiology C: Photochemistry Reviews,Journal,13895567,-,Elsevier B.V.,Netherlands,ENGLISH,Catalysis,Organic Chemistry,Physical and Theoretical Chemistry,-,-,-,-,-
Journal of Photonics for Energy ,Journal,-,19477988,SPIE,United States,ENGLISH,"Renewable Energy, Sustainability and the Environment","Atomic and Molecular Physics, and Optics",-,-,-,-,-,-
Journal of Physical and Chemical Reference Data,Journal,00472689,15297845,American Institute of Physics,United States,ENGLISH,Chemistry (all),Physical and Theoretical Chemistry,Physics and Astronomy (all),-,-,-,-,-
Journal of Physical Chemistry A,Journal,10895639,15205215,American Chemical Society,United States,ENGLISH,Physical and Theoretical Chemistry,-,-,-,-,-,-,-
Journal of Physical Chemistry B,Journal,15206106,15205207,American Chemical Society,United States,ENGLISH,Physical and Theoretical Chemistry,Materials Chemistry,"Surfaces, Coatings and Films",-,-,-,-,-
Journal of Physical Chemistry C,Journal,19327447,19327455,American Chemical Society,United States,ENGLISH,Physical and Theoretical Chemistry,Energy (all),"Electronic, Optical and Magnetic Materials","Surfaces, Coatings and Films",-,-,-,-
Journal of Physical Chemistry Letters,Journal,-,19487185,American Chemical Society,United States,ENGLISH,Physical and Theoretical Chemistry,Materials Science (all),-,-,-,-,-,-
Journal of Physical Oceanography,Journal,00223670,15200485,American Meteorological Society,United States,ENGLISH,Oceanography,-,-,-,-,-,-,-
Journal of Physical Organic Chemistry,Journal,08943230,10991395,John Wiley and Sons Ltd,United Kingdom,ENGLISH,Organic Chemistry,Physical and Theoretical Chemistry,-,-,-,-,-,-
Journal of Physical Science,Journal,16753402,21804230,Penerbit Universiti Sains Malaysia,Malaysia,ENGLISH,Materials Science (all),Physics and Astronomy (all),-,-,-,-,-,-
Journal of Physics and Chemistry of Solids,Journal,00223697,18792553,Elsevier Ltd,United Kingdom,ENGLISH,Chemistry (all),Materials Science (all),Condensed Matter Physics,-,-,-,-,-
"Journal of Physics B: Atomic, Molecular and Optical Physics",Journal,09534075,13616455,Institute of Physics,United Kingdom,ENGLISH,Condensed Matter Physics,"Atomic and Molecular Physics, and Optics",-,-,-,-,-,-
Journal of Physics Condensed Matter,Journal,09538984,1361648X,Institute of Physics,United Kingdom,ENGLISH,Materials Science (all),Condensed Matter Physics,-,-,-,-,-,-
Journal of Physics D: Applied Physics,Journal,00223727,13616463,Institute of Physics,United Kingdom,ENGLISH,"Electronic, Optical and Magnetic Materials","Surfaces, Coatings and Films",Acoustics and Ultrasonics,Condensed Matter Physics,-,-,-,-
Journal of Physics: Complexity,Journal,-,2632072X,Institute of Physics,United Kingdom,ENGLISH,Artificial Intelligence,Computer Networks and Communications,Computer Science Applications,Information Systems,-,-,-,-
Journal of Pipeline Science and Engineering,Journal,-,26671433,KeAi Communications Co.,China,ENGLISH,Fluid Flow and Transfer Processes,Energy (miscellaneous),Engineering (miscellaneous),Civil and Structural Engineering,Mechanical Engineering,"Safety, Risk, Reliability and Quality",-,-
Journal of Pipeline Systems Engineering and Practice,Journal,19491190,19491204,American Society of Civil Engineers (ASCE),United States,ENGLISH,Civil and Structural Engineering,Mechanical Engineering,-,-,-,-,-,-
Journal of Planar Chromatography - Modern TLC,Journal,09334173,17890993,Akademiai Kiado ZRt.,Switzerland,ENGLISH,Biochemistry,Clinical Biochemistry,Analytical Chemistry,-,-,-,-,-
Journal of Plasma Physics,Journal,00223778,14697807,Cambridge University Press,United States,ENGLISH,Condensed Matter Physics,-,-,-,-,-,-,-
Journal of Plastic Film and Sheeting,Journal,87560879,15308014,SAGE Publications Ltd,United Kingdom,ENGLISH,Materials Chemistry,Polymers and Plastics,"Surfaces, Coatings and Films",-,-,-,-,-
Journal of Polymer Engineering,Journal,03346447,21910340,Walter de Gruyter GmbH,Germany,ENGLISH,Chemical Engineering (all),Materials Chemistry,Polymers and Plastics,-,-,-,-,-
Journal of Polymer Research,Journal,10229760,15728935,Springer Science and Business Media B.V.,Netherlands,ENGLISH,Organic Chemistry,Materials Chemistry,Polymers and Plastics,-,-,-,-,-
Journal of Polymer Science,Journal,26424150,26424169,John Wiley and Sons Inc,United States,ENGLISH,Organic Chemistry,Physical and Theoretical Chemistry,Materials Chemistry,Polymers and Plastics,-,-,-,-
Journal of Polymers and the Environment,Journal,15662543,15728919,Springer,United States,ENGLISH,Environmental Engineering,Materials Chemistry,Polymers and Plastics,-,-,-,-,-
Journal of Porous Materials,Journal,13802224,15734854,Springer,United States,ENGLISH,Mechanical Engineering,Mechanics of Materials,Materials Science (all),-,-,-,-,-
Journal of Porous Media,Journal,1091028X,19340508,Begell House Inc.,United States,ENGLISH,Biomedical Engineering,Mechanical Engineering,Mechanics of Materials,Materials Science (all),Modeling and Simulation,Condensed Matter Physics,-,-
Journal of Power Electronics,Journal,15982092,20934718,Springer,Singapore,ENGLISH,Control and Systems Engineering,Electrical and Electronic Engineering,-,-,-,-,-,-
Journal of Power Sources,Journal,03787753,-,Elsevier B.V.,Netherlands,ENGLISH,Physical and Theoretical Chemistry,Energy Engineering and Power Technology,"Renewable Energy, Sustainability and the Environment",Electrical and Electronic Engineering,-,-,-,-
Journal of Power Technologies,Journal,20834187,20834195,Warsaw University of Technology,Poland,ENGLISH,Energy Engineering and Power Technology,-,-,-,-,-,-,-
Journal of Pressure Vessel Technology,Journal,00949930,15288978,American Society of Mechanical Engineers (ASME),United States,ENGLISH,Mechanical Engineering,Mechanics of Materials,"Safety, Risk, Reliability and Quality",-,-,-,-,-
Journal of Process Control,Journal,09591524,-,Elsevier Ltd,United Kingdom,ENGLISH,Computer Science Applications,Control and Systems Engineering,Industrial and Manufacturing Engineering,Modeling and Simulation,-,-,-,-
Journal of Product Innovation Management,Journal,07376782,15405885,John Wiley and Sons Inc,United Kingdom,ENGLISH,Management of Technology and Innovation,Strategy and Management,Engineering (all),-,-,-,-,-
Journal of Propulsion and Power,Journal,07484658,15333876,AIAA International,United States,ENGLISH,Space and Planetary Science,Fuel Technology,Aerospace Engineering,Mechanical Engineering,-,-,-,-
Journal of Propulsion Technology,Journal,10014055,-,China Aerospace Science and Industry Corp,China,CHINESE,Aerospace Engineering,-,-,-,-,-,-,-
Journal of Protective Coatings and Linings,Journal,87551985,-,Technology Publishing Co.,United States,ENGLISH,Mechanical Engineering,Materials Chemistry,Metals and Alloys,"Surfaces, Coatings and Films",-,-,-,-
Journal of Quality,Journal,10220690,-,Chinese Society for Quality,Taiwan,ENGLISH,Management Science and Operations Research,"Safety, Risk, Reliability and Quality",-,-,-,-,-,-
Journal of Quality in Maintenance Engineering,Journal,13552511,17587832,Emerald Publishing,United Kingdom,ENGLISH,Strategy and Management,Industrial and Manufacturing Engineering,"Safety, Risk, Reliability and Quality",-,-,-,-,-
Journal of Quality Technology,Journal,00224065,-,Taylor and Francis Ltd.,United States,ENGLISH,Strategy and Management,Management Science and Operations Research,Industrial and Manufacturing Engineering,"Safety, Risk, Reliability and Quality",-,-,-,-
Journal of Quantitative Spectroscopy and Radiative Transfer,Journal,00224073,-,Elsevier Ltd,United Kingdom,ENGLISH,Spectroscopy,"Atomic and Molecular Physics, and Optics",Radiation,-,-,-,-,-
Journal of Radars,Journal,2095283X,2097339X,Editorial Office of Journal of Radars,China,CHINESE/ENGLISH,Signal Processing,Electrical and Electronic Engineering,Instrumentation,-,-,-,-,-
Journal of Radiation Research,Journal,04493060,13499157,Oxford University Press,United Kingdom,ENGLISH,"Health, Toxicology and Mutagenesis","Radiology, Nuclear Medicine and Imaging",Radiation,-,-,-,-,-
Journal of Radioanalytical and Nuclear Chemistry,Journal,02365731,15882780,Springer Nature,Switzerland,ENGLISH,Analytical Chemistry,Spectroscopy,Nuclear Energy and Engineering,"Health, Toxicology and Mutagenesis",Pollution,"Public Health, Environmental and Occupational Health","Radiology, Nuclear Medicine and Imaging",-
Journal of Radiological Protection,Journal,09524746,13616498,Institute of Physics,United Kingdom,ENGLISH,Waste Management and Disposal,"Public Health, Environmental and Occupational Health",-,-,-,-,-,-
Journal of Rail Transport Planning and Management,Journal,22109706,-,Elsevier B.V.,Netherlands,ENGLISH,Computer Science Applications,Management Science and Operations Research,Civil and Structural Engineering,Modeling and Simulation,Transportation,-,-,-
Journal of Railway Engineering Society,Journal,10062106,-,Editorial Department of Journal of Railway Engineering Society,China,CHINESE,Engineering (miscellaneous),-,-,-,-,-,-,-
Journal of Railway Science and Engineering,Journal,16727029,-,Central South University Press,China,CHINESE/ENGLISH,Civil and Structural Engineering,Control and Systems Engineering,Electrical and Electronic Engineering,Mechanical Engineering,Building and Construction,-,-,-
Journal of Raman Spectroscopy,Journal,03770486,10974555,John Wiley and Sons Ltd,United Kingdom,ENGLISH,Spectroscopy,Materials Science (all),-,-,-,-,-,-
Journal of Rare Earths,Journal,10020721,-,Editorial Office of Chinese Rare Earths,China,ENGLISH,Chemistry (all),Geochemistry and Petrology,-,-,-,-,-,-
Journal of Real-Time Image Processing,Journal,18618200,18618219,Springer Nature,Germany,ENGLISH,Information Systems,-,-,-,-,-,-,-
Journal of Rehabilitation and Assistive Technologies Engineering,Journal,-,20556683,SAGE Publications Ltd,United Kingdom,ENGLISH,Bioengineering,Artificial Intelligence,Computer Science Applications,Biomedical Engineering,"Physical Therapy, Sports Therapy and Rehabilitation",-,-,-
Journal of Reinforced Plastics and Composites,Journal,07316844,15307964,SAGE Publications Ltd,United Kingdom,ENGLISH,Mechanical Engineering,Mechanics of Materials,Ceramics and Composites,Materials Chemistry,Polymers and Plastics,-,-,-
Journal of Reliable Intelligent Environments,Journal,21994668,21994676,Springer Science and Business Media Deutschland GmbH,Switzerland,ENGLISH,Computer Science (miscellaneous),Artificial Intelligence,Computer Networks and Communications,Computer Science Applications,"Renewable Energy, Sustainability and the Environment",-,-,-
Journal of Remote Sensing (United States),Journal,20970064,26941589,American Association for the Advancement of Science,United States,ENGLISH,Earth and Planetary Sciences (miscellaneous),Instrumentation,"Geography, Planning and Development",-,-,-,-,-
Journal of Renewable and Sustainable Energy,Journal,-,19417012,American Institute of Physics,United States,ENGLISH,"Renewable Energy, Sustainability and the Environment",-,-,-,-,-,-,-
Journal of Renewable Materials,Journal,21646325,21646341,Tech Science Press,United States,ENGLISH,Environmental Science (miscellaneous),Materials Science (miscellaneous),-,-,-,-,-,-
Journal of Research in Science Teaching,Journal,00224308,10982736,John Wiley and Sons Inc,United States,ENGLISH,Education,-,-,-,-,-,-,-
Journal of Rheology,Journal,01486055,15208516,Society of Rheology,United States,ENGLISH,Mechanical Engineering,Mechanics of Materials,Materials Science (all),Condensed Matter Physics,-,-,-,-
Journal of Risk Research,Journal,13669877,14664461,Routledge,United Kingdom,ENGLISH,Strategy and Management,Engineering (all),"Safety, Risk, Reliability and Quality",Social Sciences (all),-,-,-,-
Journal of Road Engineering,Journal,20970498,27730077,KeAi Publishing Communications Ltd.,China,ENGLISH,Civil and Structural Engineering,Building and Construction,-,-,-,-,-,-
Journal of Robotic Surgery,Journal,18632483,18632491,Springer Nature,United Kingdom,ENGLISH,Health Informatics,Surgery,-,-,-,-,-,-
Journal of Robotics,Journal,16879600,16879619,John Wiley and Sons Ltd,United Kingdom,ENGLISH,Computer Science (all),Control and Systems Engineering,-,-,-,-,-,-
Journal of Robotics and Mechatronics,Journal,09153942,18838049,Fuji Technology Press,Japan,ENGLISH,Computer Science (all),Electrical and Electronic Engineering,-,-,-,-,-,-
Journal of Safety Research,Journal,00224375,-,Elsevier Ltd,United Kingdom,ENGLISH,"Safety, Risk, Reliability and Quality",-,-,-,-,-,-,-
Journal of Safety Science and Resilience,Journal,20967527,26664496,KeAi Communications Co.,China,ENGLISH,Computer Science Applications,Management Science and Operations Research,"Statistics, Probability and Uncertainty","Safety, Risk, Reliability and Quality",Safety Research,-,-,-
Journal of Sailing Technology,Journal,-,2475370X,Society of Naval Architects and Marine Engineers,United States,ENGLISH,Engineering (miscellaneous),Mechanical Engineering,Mechanics of Materials,Ocean Engineering,-,-,-,-
Journal of Sandwich Structures and Materials,Journal,10996362,15307972,SAGE Publications Ltd,United Kingdom,ENGLISH,Mechanical Engineering,Mechanics of Materials,Ceramics and Composites,-,-,-,-,-
Journal of Scheduling,Journal,10946136,10991425,Springer,United States,ENGLISH,Artificial Intelligence,Software,Management Science and Operations Research,Engineering (all),-,-,-,-
Journal of Scientific Computing,Journal,08857474,15737691,Springer,United States,ENGLISH,Computational Theory and Mathematics,Software,Engineering (all),Applied Mathematics,Computational Mathematics,Numerical Analysis,Theoretical Computer Science,-
Journal of Sedimentary Research,Journal,15271404,19383681,SEPM Society for Sedimentary Geology,United States,ENGLISH,Geology,-,-,-,-,-,-,-
Journal of Semiconductor Technology and Science,Journal,15981657,-,Institute of Electronics Engineers of Korea,South Korea,ENGLISH,Electrical and Electronic Engineering,"Electronic, Optical and Magnetic Materials",-,-,-,-,-,-
Journal of Semiconductors,Journal,16744926,20586140,Institute of Physics,United Kingdom,ENGLISH,Electrical and Electronic Engineering,"Electronic, Optical and Magnetic Materials",Materials Chemistry,Condensed Matter Physics,-,-,-,-
Journal of Sensors,Journal,1687725X,16877268,John Wiley and Sons Ltd,United Kingdom,ENGLISH,Control and Systems Engineering,Electrical and Electronic Engineering,Instrumentation,-,-,-,-,-
Journal of Sensors and Sensor Systems,Journal,21948771,2194878X,Copernicus Publications,Germany,ENGLISH,Electrical and Electronic Engineering,Instrumentation,-,-,-,-,-,-
Journal of Sensory Studies,Journal,08878250,1745459X,John Wiley and Sons Inc,United Kingdom,ENGLISH,Food Science,Sensory Systems,-,-,-,-,-,-
Journal of Separation Science,Journal,16159306,16159314,John Wiley and Sons Inc,Germany,ENGLISH,Filtration and Separation,Analytical Chemistry,-,-,-,-,-,-
Journal of Shanghai Jiaotong University (Science),Journal,10071172,19958188,Shanghai Jiaotong University,China,ENGLISH,Multidisciplinary,-,-,-,-,-,-,-
Journal of Ship Production and Design,Journal,21582866,21582874,Society of Naval Architects and Marine Engineers,United States,ENGLISH,Mechanical Engineering,Ocean Engineering,-,-,-,-,-,-
Journal of Ship Research,Journal,00224502,15420604,Society of Naval Architects and Marine Engineers,United States,ENGLISH,Civil and Structural Engineering,Mechanical Engineering,Ocean Engineering,Applied Mathematics,Numerical Analysis,-,-,-
Journal of Signal Processing Systems,Journal,19398018,19398115,Springer,United States,ENGLISH,Hardware and Architecture,Information Systems,Signal Processing,Control and Systems Engineering,Modeling and Simulation,Theoretical Computer Science,-,-
Journal of Simulation,Journal,17477778,17477786,Taylor and Francis Ltd.,United Kingdom,ENGLISH,Software,Management Science and Operations Research,Industrial and Manufacturing Engineering,Modeling and Simulation,-,-,-,-
Journal of Social Computing,Journal,-,26885255,Tsinghua University Press,China,ENGLISH,Computer Networks and Communications,Computer Science Applications,Information Systems,Communication,-,-,-,-
Journal of Software: Evolution and Process,Journal,-,20477481,John Wiley and Sons Ltd,United Kingdom,ENGLISH,Software,-,-,-,-,-,-,-
Journal of Solar Energy Engineering ,Journal,01996231,15288986,American Society of Mechanical Engineers (ASME),United States,ENGLISH,Energy Engineering and Power Technology,"Renewable Energy, Sustainability and the Environment",-,-,-,-,-,-
Journal of Sol-Gel Science and Technology,Journal,09280707,15734846,Springer,United States,ENGLISH,Chemistry (all),Biomaterials,Ceramics and Composites,"Electronic, Optical and Magnetic Materials",Materials Chemistry,Condensed Matter Physics,-,-
Journal of Solid State Chemistry,Journal,00224596,1095726X,Academic Press Inc.,United States,ENGLISH,Inorganic Chemistry,Physical and Theoretical Chemistry,Ceramics and Composites,"Electronic, Optical and Magnetic Materials",Materials Chemistry,Condensed Matter Physics,-,-
Journal of Solid State Electrochemistry,Journal,14328488,14330768,Springer Science and Business Media Deutschland GmbH,Germany,ENGLISH,Electrochemistry,Energy Engineering and Power Technology,Electrical and Electronic Engineering,Materials Science (all),Materials Chemistry,Condensed Matter Physics,-,-
Journal of Solid Waste Technology and Management,Journal,10881697,-,Widener University School of Civil Engineering,United States,ENGLISH,Waste Management and Disposal,-,-,-,-,-,-,-
Journal of Solution Chemistry,Journal,00959782,15728927,Springer,United States,ENGLISH,Biochemistry,Biophysics,Molecular Biology,Physical and Theoretical Chemistry,-,-,-,-
Journal of Sound and Vibration,Journal,0022460X,10958568,Academic Press,United Kingdom,ENGLISH,Mechanical Engineering,Mechanics of Materials,Acoustics and Ultrasonics,Condensed Matter Physics,-,-,-,-
Journal of Southeast University (English Edition),Journal,10037985,-,Southeast University,China,ENGLISH,Engineering (all),-,-,-,-,-,-,-
Journal of Spacecraft and Rockets,Journal,00224650,15336794,AIAA International,United States,ENGLISH,Space and Planetary Science,Aerospace Engineering,-,-,-,-,-,-
Journal of Spacecraft Technology,Journal,09711600,-,ISRO Satellite Centre,India,ENGLISH,Aerospace Engineering,-,-,-,-,-,-,-
Journal of Spectroscopy,Journal,23144920,23144939,John Wiley and Sons Ltd,United Kingdom,ENGLISH,Analytical Chemistry,Spectroscopy,"Atomic and Molecular Physics, and Optics",-,-,-,-,-
Journal of Stored Products Research,Journal,0022474X,-,Elsevier Ltd,United Kingdom,ENGLISH,Agronomy and Crop Science,Food Science,Horticulture,Insect Science,-,-,-,-
Journal of Strain Analysis for Engineering Design,Journal,03093247,20413130,SAGE Publications Ltd,United Kingdom,ENGLISH,Mechanical Engineering,Mechanics of Materials,Applied Mathematics,Modeling and Simulation,-,-,-,-
Journal of Strategic Information Systems,Journal,09638687,-,Elsevier B.V.,Netherlands,ENGLISH,Management Information Systems,Information Systems,Information Systems and Management,-,-,-,-,-
Journal of Strategy and Innovation ,Journal,3050791X,30507901,Elsevier B.V.,Netherlands,ENGLISH,Management of Technology and Innovation,Marketing,Strategy and Management,Computer Science Applications,Information Systems and Management,-,-,-
Journal of Structural and Construction Engineering,Journal,13404202,18818153,Architectural Institute of Japan,Japan,ENGLISH/JAPANESE,Building and Construction,Architecture,-,-,-,-,-,-
Journal of Structural Design and Construction Practice,Journal,29965136,29965144,American Society of Civil Engineers (ASCE),United States,ENGLISH,Arts and Humanities (miscellaneous),-,-,-,-,-,-,-
Journal of Structural Engineering,Journal,07339445,1943541X,American Society of Civil Engineers (ASCE),United States,ENGLISH,Civil and Structural Engineering,Mechanical Engineering,Mechanics of Materials,Building and Construction,Materials Science (all),-,-,-
Journal of Structural Engineering (India),Journal,09700137,-,Structural Engineering Research Centre,India,ENGLISH,Civil and Structural Engineering,Mechanical Engineering,Building and Construction,-,-,-,-,-
Journal of Structural Fire Engineering,Journal,20402317,20402325,Emerald Publishing,United Kingdom,ENGLISH,Mechanical Engineering,Mechanics of Materials,"Safety, Risk, Reliability and Quality",-,-,-,-,-
Journal of Structural Geology,Journal,01918141,-,Elsevier Ltd,United Kingdom,ENGLISH,Geology,-,-,-,-,-,-,-
Journal of Sulfur Chemistry,Journal,17415993,17416000,Taylor and Francis Ltd.,United Kingdom,ENGLISH,Chemistry (all),-,-,-,-,-,-,-
Journal of Supercomputing,Journal,09208542,15730484,Springer,United States,ENGLISH,Hardware and Architecture,Information Systems,Software,Theoretical Computer Science,-,-,-,-
Journal of Superconductivity and Novel Magnetism,Journal,15571939,15571947,Springer,United States,ENGLISH,"Electronic, Optical and Magnetic Materials",Condensed Matter Physics,-,-,-,-,-,-
Journal of Supercritical Fluids,Journal,08968446,-,Elsevier B.V.,Netherlands,ENGLISH,Chemical Engineering (all),Physical and Theoretical Chemistry,Condensed Matter Physics,-,-,-,-,-
Journal of Superhard Materials,Journal,10634576,19349408,Pleiades Publishing,United States,ENGLISH,Inorganic Chemistry,Materials Science (all),-,-,-,-,-,-
Journal of Surface Investigation,Journal,10274510,18197094,Pleiades Publishing,Russian Federation,ENGLISH,"Surfaces, Coatings and Films",-,-,-,-,-,-,-
Journal of Surfactants and Detergents,Journal,10973958,15589293,John Wiley and Sons Inc,Germany,ENGLISH,Chemical Engineering (all),Physical and Theoretical Chemistry,"Surfaces, Coatings and Films",-,-,-,-,-
Journal of Surveying Engineering,Journal,07339453,19435428,American Society of Civil Engineers (ASCE),United States,ENGLISH,Civil and Structural Engineering,-,-,-,-,-,-,-
Journal of Sustainable Forestry,Journal,10549811,1540756X,Taylor and Francis Ltd.,United States,ENGLISH,Food Science,Forestry,"Renewable Energy, Sustainability and the Environment","Management, Monitoring, Policy and Law","Geography, Planning and Development",-,-,-
Journal of Sustainable Metallurgy,Journal,21993823,21993831,Springer Science and Business Media Deutschland GmbH,Switzerland,ENGLISH,Mechanics of Materials,Environmental Science (miscellaneous),Metals and Alloys,-,-,-,-,-
Journal of Sustainable Water in the Built Environment,Journal,-,23796111,American Society of Civil Engineers (ASCE),United States,ENGLISH,"Management, Monitoring, Policy and Law",Water Science and Technology,-,-,-,-,-,-
Journal of Synchrotron Radiation,Journal,09090495,16005775,International Union of Crystallography,United Kingdom,ENGLISH,Instrumentation,Nuclear and High Energy Physics,Radiation,-,-,-,-,-
Journal of Systems and Information Technology,Journal,13287265,17588847,Emerald Publishing,United Kingdom,ENGLISH,Management Information Systems,Information Systems,-,-,-,-,-,-
Journal of Systems and Software,Journal,01641212,-,Elsevier Inc.,United States,ENGLISH,Hardware and Architecture,Information Systems,Software,-,-,-,-,-
Journal of Systems Architecture,Journal,13837621,-,Elsevier B.V.,Netherlands,ENGLISH,Hardware and Architecture,Software,-,-,-,-,-,-
Journal of Systems Engineering and Electronics ,Journal,16711793,-,Beijing Institute of Aerospace Information,China,ENGLISH,Computer Science Applications,Control and Systems Engineering,Electrical and Electronic Engineering,-,-,-,-,-
Journal of Systems Science and Complexity,Journal,10096124,15597067,"Springer Science and Business Media, LLC",United States,ENGLISH,Computer Science (miscellaneous),Information Systems,-,-,-,-,-,-
Journal of Systems Science and Systems Engineering,Journal,10043756,18619576,Systems Engineering Society of China,Germany,ENGLISH,Information Systems,Control and Systems Engineering,-,-,-,-,-,-
Journal of Taiwan Agricultural Engineering,Journal,02575744,-,Taiwan Agricultural Engineers Society,Taiwan,CHINESE,Agricultural and Biological Sciences (all),Engineering (all),-,-,-,-,-,-
Journal of Taiwan Society of Naval Architects and Marine Engineers,Journal,10234535,-,Taiwan Society of Naval Architects and Marine Engineers,Taiwan,CHINESE,Mechanical Engineering,Ocean Engineering,-,-,-,-,-,-
Journal of Technology,Journal,10123407,-,National Taiwan University of Science and Technology,Taiwan,CHINESE,Engineering (all),-,-,-,-,-,-,-
Journal of Technology Transfer,Journal,08929912,15737047,Springer,United States,ENGLISH,Accounting,Business and International Management,Engineering (all),-,-,-,-,-
"Journal of Technology, Management, and Applied Engineering",Journal,-,21660123,The Association of Technology Management and Applied Engineering,United States,ENGLISH,Engineering (all),-,-,-,-,-,-,-
Journal of Terramechanics,Journal,00224898,-,Elsevier Ltd,United Kingdom,ENGLISH,Mechanical Engineering,-,-,-,-,-,-,-
Journal of Testing and Evaluation,Journal,00903973,19457553,ASTM International,United States,ENGLISH,Mechanical Engineering,Mechanics of Materials,Materials Science (all),-,-,-,-,-
Journal of Textile Engineering,Journal,13468235,18801986,Textile Machinery Society of Japan,Japan,ENGLISH,Materials Science (all),-,-,-,-,-,-,-
Journal of Texture Studies,Journal,00224901,17454603,John Wiley and Sons Inc,United Kingdom,ENGLISH,Food Science,Pharmaceutical Science,-,-,-,-,-,-
Journal of the ACM,Journal,00045411,1557735X,Association for Computing Machinery,United States,ENGLISH,Artificial Intelligence,Hardware and Architecture,Information Systems,Software,Control and Systems Engineering,-,-,-
Journal of the Acoustical Society of America,Journal,00014966,15208524,Acoustical Society of America,United States,ENGLISH,Arts and Humanities (miscellaneous),Acoustics and Ultrasonics,-,-,-,-,-,-
Journal of the Air and Waste Management Association,Journal,10962247,21622906,Taylor and Francis Ltd.,United States,ENGLISH,Atmospheric Science,Environmental Science (miscellaneous),"Management, Monitoring, Policy and Law",Pollution,Waste Management and Disposal,-,-,-
Journal of the American Ceramic Society,Journal,00027820,15512916,John Wiley and Sons Inc,United States,ENGLISH,Ceramics and Composites,Materials Chemistry,-,-,-,-,-,-
Journal of the American Chemical Society,Journal,00027863,15205126,American Chemical Society,United States,ENGLISH,Biochemistry,Catalysis,Colloid and Surface Chemistry,Chemistry (all),-,-,-,-
Journal of the American Helicopter Society,Journal,00028711,-,American Helicopter Society,United States,ENGLISH,Aerospace Engineering,Mechanical Engineering,Mechanics of Materials,Materials Science (all),-,-,-,-
Journal of the American Leather Chemists Association,Journal,00029726,-,American Leather Chemists Association,United States,ENGLISH,Chemical Engineering (all),Chemistry (all),Materials Science (all),-,-,-,-,-
Journal of the American Society for Mass Spectrometry,Journal,10440305,18791123,American Chemical Society,United States,ENGLISH,Structural Biology,Spectroscopy,-,-,-,-,-,-
Journal of the American Water Resources Association,Journal,1093474X,17521688,John Wiley and Sons Inc,United States,ENGLISH,Earth-Surface Processes,Ecology,Water Science and Technology,-,-,-,-,-
Journal of the ASABE,Journal,27693295,27693287,American Society of Agricultural and Biological Engineers,United States,ENGLISH,Agronomy and Crop Science,Food Science,Forestry,Soil Science,Biomedical Engineering,-,-,-
Journal of the Association for Information Science and Technology,Journal,23301635,23301643,John Wiley and Sons Inc,United States,ENGLISH,Computer Networks and Communications,Information Systems,Information Systems and Management,Library and Information Sciences,-,-,-,-
Journal of the Association for Information Systems,Journal,15583457,15369323,Association for Information Systems,United States,ENGLISH,Computer Science Applications,Information Systems,-,-,-,-,-,-
Journal of the Astronautical Sciences,Journal,00219142,21950571,Springer,United States,ENGLISH,Space and Planetary Science,Aerospace Engineering,-,-,-,-,-,-
Journal of the Atmospheric Sciences,Journal,00224928,15200469,American Meteorological Society,United States,ENGLISH,Atmospheric Science,-,-,-,-,-,-,-
Journal of the Australian Ceramic Society,Journal,25101560,25101579,Springer,Singapore,ENGLISH,Ceramics and Composites,Materials Chemistry,-,-,-,-,-,-
Journal of the Brazilian Computer Society,Journal,01046500,16784804,Brazilian Computing Society,United Kingdom,ENGLISH,Computer Science (all),-,-,-,-,-,-,-
Journal of the Brazilian Society of Mechanical Sciences and Engineering,Journal,16785878,18063691,Springer Science and Business Media Deutschland GmbH,Germany,ENGLISH,Engineering (all),Aerospace Engineering,Automotive Engineering,Industrial and Manufacturing Engineering,Mechanical Engineering,Applied Mathematics,-,-
Journal of the Ceramic Society of Japan,Journal,18820743,13486535,Ceramic Society of Japan,Japan,ENGLISH,Chemistry (all),Ceramics and Composites,Materials Chemistry,Condensed Matter Physics,-,-,-,-
"Journal of the Chinese Institute of Engineers, Transactions of the Chinese Institute of Engineers,Series A",Journal,02533839,21587299,Taylor and Francis Ltd.,United Kingdom,ENGLISH,Engineering (all),-,-,-,-,-,-,-
"Journal of the Chinese Society of Mechanical Engineers, Transactions of the Chinese Institute of Engineers, Series C/Chung-Kuo Chi Hsueh Kung Ch'eng Hsuebo Pao",Journal,02579731,-,Chinese Mechanical Engineering Society,Taiwan,ENGLISH,Mechanical Engineering,-,-,-,-,-,-,-
Journal of the Electrochemical Society,Journal,00134651,19457111,Institute of Physics,United States,ENGLISH,Electrochemistry,"Renewable Energy, Sustainability and the Environment","Electronic, Optical and Magnetic Materials",Materials Chemistry,"Surfaces, Coatings and Films",Condensed Matter Physics,-,-
Journal of the Energy Institute,Journal,17439671,17460220,Elsevier B.V.,United Kingdom,ENGLISH,Energy Engineering and Power Technology,Fuel Technology,"Renewable Energy, Sustainability and the Environment",Control and Systems Engineering,Electrical and Electronic Engineering,Condensed Matter Physics,-,-
Journal of the European Ceramic Society,Journal,09552219,1873619X,Elsevier Ltd,United Kingdom,ENGLISH,Ceramics and Composites,Materials Chemistry,-,-,-,-,-,-
Journal of the European Optical Society-Rapid Publications,Journal,-,19902573,EDP Sciences,France,ENGLISH,"Atomic and Molecular Physics, and Optics",-,-,-,-,-,-,-
Journal of the Faculty of Engineering and Architecture of Gazi University,Journal,13001884,-,Gazi Universitesi,Turkey,TURKISH,Engineering (all),Architecture,-,-,-,-,-,-
Journal of the Franklin Institute,Journal,00160032,-,Elsevier Ltd,United Kingdom,ENGLISH,Computer Networks and Communications,Signal Processing,Control and Systems Engineering,Applied Mathematics,-,-,-,-
Journal of the Geological Society,Journal,00167649,2041479X,Geological Society of London,United Kingdom,ENGLISH,Geology,-,-,-,-,-,-,-
Journal of the ICRU,Journal,14736691,17423422,SAGE Publications Inc.,United States,ENGLISH,Biophysics,"Radiology, Nuclear Medicine and Imaging",Radiation,-,-,-,-,-
Journal of the IEST,Journal,10984321,-,Institute of Environmental Sciences and Technology,United States,ENGLISH,"Safety, Risk, Reliability and Quality",Environmental Chemistry,Environmental Engineering,-,-,-,-,-
Journal of the Illuminating Engineering Institute of Japan (Shomei Gakkai Shi),Journal,00192341,1349838X,The Illuminating Engineering Institute of Japan,Japan,ENGLISH/JAPANESE,Electrical and Electronic Engineering,-,-,-,-,-,-,-
Journal of the Indian Institute of Science,Journal,09704140,00194964,Springer,India,ENGLISH,Multidisciplinary,-,-,-,-,-,-,-
Journal of the Institute of Brewing,Journal,00469750,20500416,Chartered Institute of Brewers and Distillers,United Kingdom,ENGLISH,Food Science,-,-,-,-,-,-,-
Journal of the Institute of Conservation,Journal,19455224,19455232,Routledge,United Kingdom,ENGLISH,Conservation,Media Technology,Materials Science (all),-,-,-,-,-
Journal of the Institute of Electrical Engineers of Japan,Journal,13405551,18814190,Institute of Electrical Engineers of Japan,Japan,JAPANESE,Electrical and Electronic Engineering,-,-,-,-,-,-,-
"Journal of the Institute of Electronics, Information and Communication Engineers",Journal,09135693,-,Institute of Electronics Information Communication Engineers,Japan,JAPANESE,Electrical and Electronic Engineering,-,-,-,-,-,-,-
Journal of the Institute of Image Electronics Engineers of Japan,Journal,02859831,13480316,Institute of Image Electronics Engineers of Japan,Japan,ENGLISH,Computer Science (miscellaneous),Electrical and Electronic Engineering,-,-,-,-,-,-
Journal of the Institute of Telecommunications Professionals,Journal,17559278,-,Institute of Telecommunications Professionals,United Kingdom,ENGLISH,Computer Networks and Communications,Electrical and Electronic Engineering,-,-,-,-,-,-
Journal of the Institution of Engineers (India): Environmental Engineering Division,Journal,0251110X,-,Institution of Engineers (India),India,ENGLISH,Environmental Engineering,-,-,-,-,-,-,-
Journal of The Institution of Engineers (India): Series A,Journal,22502149,22502157,Springer,India,ENGLISH,Agricultural and Biological Sciences (all),Agricultural and Biological Sciences (miscellaneous),Civil and Structural Engineering,Mechanical Engineering,Building and Construction,Architecture,Environmental Engineering,-
Journal of The Institution of Engineers (India): Series B,Journal,22502106,22502114,Springer,India,ENGLISH,Computer Science (all),Electrical and Electronic Engineering,-,-,-,-,-,-
Journal of The Institution of Engineers (India): Series C,Journal,22500545,22500553,Springer,India,ENGLISH,Aerospace Engineering,Industrial and Manufacturing Engineering,Mechanical Engineering,Ocean Engineering,-,-,-,-
Journal of The Institution of Engineers (India): Series D,Journal,22502122,22502130,Springer,India,ENGLISH,Geotechnical Engineering and Engineering Geology,Mechanical Engineering,Materials Chemistry,Metals and Alloys,Computational Mathematics,-,-,-
Journal of The Institution of Engineers (India): Series E,Journal,22502483,22502491,Springer,India,ENGLISH,Chemical Engineering (all),Industrial and Manufacturing Engineering,Materials Science (all),Materials Science (miscellaneous),-,-,-,-
Journal of the International Association for Shell and Spatial Structures,Journal,1028365X,19969015,Int. Association for Shell and Spatial Structures,Spain,ENGLISH,Arts and Humanities (miscellaneous),Civil and Structural Engineering,Mechanical Engineering,Building and Construction,-,-,-,-
Journal of the Japan Petroleum Institute,Journal,13468804,1349273X,Japan Petroleum Institute,Japan,ENGLISH/JAPANESE,Energy Engineering and Power Technology,Fuel Technology,-,-,-,-,-,-
Journal of the Korean Ceramic Society,Journal,12297801,-,Springer,South Korea,ENGLISH,Ceramics and Composites,-,-,-,-,-,-,-
Journal of the Korean Chemical Society,Journal,10172548,22348530,Korean Chemical Society,South Korea,ENGLISH/KOREAN,Chemical Engineering (miscellaneous),Chemistry (miscellaneous),-,-,-,-,-,-
Journal of the Korean Physical Society,Journal,03744884,19768524,Korean Physical Society,South Korea,ENGLISH,Physics and Astronomy (all),-,-,-,-,-,-,-
Journal of the Korean Wood Science and Technology,Journal,10170715,22337180,Korean Society of Wood Science Technology,South Korea,ENGLISH,Industrial and Manufacturing Engineering,Materials Science (miscellaneous),-,-,-,-,-,-
Journal of the Magnetics Society of Japan,Journal,-,18822932,Magnetics Society of Japan,Japan,ENGLISH,Electrical and Electronic Engineering,"Electronic, Optical and Magnetic Materials",Condensed Matter Physics,Instrumentation,-,-,-,-
Journal of the Mechanical Behavior of Biomedical Materials,Journal,17516161,18780180,Elsevier Ltd,United Kingdom,ENGLISH,Biomedical Engineering,Mechanics of Materials,Biomaterials,-,-,-,-,-
Journal of the Mechanics and Physics of Solids,Journal,00225096,-,Elsevier Ltd,United Kingdom,ENGLISH,Mechanical Engineering,Mechanics of Materials,Condensed Matter Physics,-,-,-,-,-
Journal of the National Academy of Forensic Engineers,Journal,23793244,23793252,National Academy of Forensic Engineers,United States,ENGLISH,Automotive Engineering,Civil and Structural Engineering,"Safety, Risk, Reliability and Quality",Building and Construction,Pathology and Forensic Medicine,Law,-,-
Journal of the National Institute of Information and Communications Technology,Journal,13493205,-,National Institute of Information and Communications Technology,Japan,ENGLISH,Electrical and Electronic Engineering,Media Technology,-,-,-,-,-,-
Journal of the New England Water Works Association,Journal,00284939,-,New England Water Works Association,United States,ENGLISH,Civil and Structural Engineering,Water Science and Technology,-,-,-,-,-,-
Journal of the Operational Research Society,Journal,01605682,14769360,Taylor and Francis Ltd.,United Kingdom,ENGLISH,Management Information Systems,Marketing,Strategy and Management,Management Science and Operations Research,"Statistics, Probability and Uncertainty",Modeling and Simulation,-,-
Journal of the Operations Research Society of China,Journal,2194668X,21946698,Springer Nature,China,ENGLISH,Decision Sciences (all),Management Science and Operations Research,Mathematics (all),-,-,-,-,-
"Journal of the Optical Society of America A: Optics and Image Science, and Vision",Journal,10847529,15208532,Optica Publishing Group (formerly OSA),United States,ENGLISH,Computer Vision and Pattern Recognition,"Electronic, Optical and Magnetic Materials","Atomic and Molecular Physics, and Optics",-,-,-,-,-
Journal of the Optical Society of America B: Optical Physics,Journal,07403224,15208540,Optica Publishing Group (formerly OSA),United States,ENGLISH,"Atomic and Molecular Physics, and Optics",Statistical and Nonlinear Physics,-,-,-,-,-,-
Journal of the Royal Society Interface,Journal,17425689,17425662,Royal Society Publishing,United Kingdom,ENGLISH,Biochemistry,Biophysics,Biotechnology,Bioengineering,Biomedical Engineering,Biomaterials,-,-
Journal of the Serbian Chemical Society,Journal,03525139,18207421,Serbian Chemical Society,Serbia,ENGLISH,Chemistry (all),-,-,-,-,-,-,-
Journal of the Society for Information Display,Journal,10710922,19383657,John Wiley and Sons Inc,United States,ENGLISH,Electrical and Electronic Engineering,"Electronic, Optical and Magnetic Materials","Atomic and Molecular Physics, and Optics",-,-,-,-,-
Journal of the Society of Leather Technologists and Chemists,Journal,01440322,-,Society of Leather Technologists and Chemists,United Kingdom,ENGLISH,Chemical Engineering (all),Chemistry (all),Materials Science (all),-,-,-,-,-
Journal of the South African Institution of Civil Engineering,Journal,10212019,23098775,South African Institute of Civil Engineers,South Africa,ENGLISH,Civil and Structural Engineering,-,-,-,-,-,-,-
Journal of the Southern African Institute of Mining and Metallurgy,Journal,22256253,-,South African Institute of Mining and Metallurgy,South Africa,ENGLISH,Geotechnical Engineering and Engineering Geology,Materials Chemistry,Metals and Alloys,-,-,-,-,-
Journal of the Taiwan Institute of Chemical Engineers,Journal,18761070,-,Taiwan Institute of Chemical Engineers,Taiwan,ENGLISH,Chemical Engineering (all),Chemistry (all),-,-,-,-,-,-
Journal of the Textile Institute,Journal,00405000,17542340,Taylor and Francis Ltd.,United Kingdom,ENGLISH,Agricultural and Biological Sciences (all),Industrial and Manufacturing Engineering,Materials Science (miscellaneous),Polymers and Plastics,-,-,-,-
Journal of Theoretical and Applied Mechanics,Journal,14292955,-,Polish Society of Theoretical and Allied Mechanics,Germany,ENGLISH,Mechanical Engineering,Mathematics (all),-,-,-,-,-,-
Journal of Thermal Analysis and Calorimetry,Journal,13886150,15882926,Springer Science and Business Media B.V.,Netherlands,ENGLISH,Physical and Theoretical Chemistry,Condensed Matter Physics,Dentistry (all),-,-,-,-,-
Journal of Thermal Science,Journal,10032169,1993033X,Science Press,China,ENGLISH,Condensed Matter Physics,-,-,-,-,-,-,-
Journal of Thermal Science and Engineering Applications,Journal,19485085,19485093,American Society of Mechanical Engineers (ASME),United States,ENGLISH,Fluid Flow and Transfer Processes,Engineering (all),Materials Science (all),Condensed Matter Physics,-,-,-,-
Journal of Thermal Science and Technology,Journal,-,18805566,Japan Society of Mechanical Engineers,Japan,ENGLISH,Engineering (miscellaneous),Materials Science (all),Instrumentation,"Atomic and Molecular Physics, and Optics",-,-,-,-
Journal of Thermal Spray Technology,Journal,10599630,15441016,Springer,United States,ENGLISH,Materials Chemistry,"Surfaces, Coatings and Films",Condensed Matter Physics,-,-,-,-,-
Journal of Thermal Stresses,Journal,01495739,1521074X,Taylor and Francis Ltd.,United Kingdom,ENGLISH,Materials Science (all),Condensed Matter Physics,-,-,-,-,-,-
Journal of Thermophysics and Heat Transfer,Journal,08878722,15336808,AIAA International,United States,ENGLISH,Condensed Matter Physics,-,-,-,-,-,-,-
Journal of Thermoplastic Composite Materials,Journal,08927057,15307980,SAGE Publications Ltd,United Kingdom,ENGLISH,Ceramics and Composites,Condensed Matter Physics,-,-,-,-,-,-
Journal of Tissue Engineering,Journal,-,20417314,SAGE Publications Ltd,United Kingdom,ENGLISH,Biomedical Engineering,Biomaterials,Medicine (miscellaneous),-,-,-,-,-
Journal of Tissue Engineering and Regenerative Medicine,Journal,19326254,19327005,John Wiley and Sons Inc,United States,ENGLISH,Biomedical Engineering,Biomaterials,Medicine (miscellaneous),-,-,-,-,-
Journal of Traffic and Transportation Engineering (English Edition),Journal,20957564,25890379,KeAi Communications Co.,China,ENGLISH,Civil and Structural Engineering,Transportation,-,-,-,-,-,-
Journal of Transportation Engineering Part A: Systems,Journal,24732907,24732893,American Society of Civil Engineers (ASCE),United States,ENGLISH,Civil and Structural Engineering,Transportation,-,-,-,-,-,-
Journal of Transportation Engineering Part B: Pavements,Journal,-,25735438,American Society of Civil Engineers (ASCE),United States,ENGLISH,Civil and Structural Engineering,Transportation,-,-,-,-,-,-
Journal of Tribology,Journal,07424787,15288897,American Society of Mechanical Engineers (ASME),United States,ENGLISH,Mechanical Engineering,Mechanics of Materials,"Surfaces, Coatings and Films",Surfaces and Interfaces,-,-,-,-
Journal of Tropical Forest Science,Journal,01281283,-,Forest Research Institute Malaysia,Malaysia,ENGLISH,Forestry,-,-,-,-,-,-,-
Journal of Turbomachinery,Journal,0889504X,15288900,American Society of Mechanical Engineers (ASME),United States,ENGLISH,Mechanical Engineering,-,-,-,-,-,-,-
Journal of Ultrasound in Medicine,Journal,02784297,15509613,John Wiley and Sons Ltd,United States,ENGLISH,"Radiology, Nuclear Medicine and Imaging",Radiological and Ultrasound Technology,-,-,-,-,-,-
Journal of Urban Planning and Development,Journal,07339488,19435444,American Society of Civil Engineers (ASCE),United States,ENGLISH,Civil and Structural Engineering,Development,"Geography, Planning and Development",Urban Studies,-,-,-,-
"Journal of Vacuum Science and Technology A: Vacuum, Surfaces and Films",Journal,07342101,15208559,AVS Science and Technology Society,United States,ENGLISH,"Surfaces, Coatings and Films",Condensed Matter Physics,Surfaces and Interfaces,-,-,-,-,-
Journal of Vacuum Science and Technology B,Journal,21662746,21662754,AVS Science and Technology Society,United States,ENGLISH,Process Chemistry and Technology,Electrical and Electronic Engineering,"Electronic, Optical and Magnetic Materials",Materials Chemistry,"Surfaces, Coatings and Films",Condensed Matter Physics,Instrumentation,-
"Journal of Verification, Validation and Uncertainty Quantification",Journal,23772158,23772166,American Society of Mechanical Engineers (ASME),United States,ENGLISH,Computational Theory and Mathematics,Computer Science Applications,Modeling and Simulation,Statistics and Probability,-,-,-,-
Journal of Vibration and Acoustics,Journal,10489002,15288927,American Society of Mechanical Engineers (ASME),United States,ENGLISH,Mechanical Engineering,Mechanics of Materials,Acoustics and Ultrasonics,-,-,-,-,-
Journal of Vibroengineering,Journal,13928716,-,EXTRICA,Lithuania,ENGLISH,Mechanical Engineering,Materials Science (all),-,-,-,-,-,-
Journal of Vinyl and Additive Technology,Journal,10835601,15480585,John Wiley and Sons Ltd,United Kingdom,ENGLISH,Marketing,Chemical Engineering (all),Chemistry (all),Materials Chemistry,Polymers and Plastics,-,-,-
Journal of Visual Communication and Image Representation,Journal,10473203,10959076,Academic Press Inc.,United States,ENGLISH,Computer Vision and Pattern Recognition,Signal Processing,Electrical and Electronic Engineering,Media Technology,-,-,-,-
Journal of Volcanology and Geothermal Research,Journal,03770273,-,Elsevier B.V.,Netherlands,ENGLISH,Geochemistry and Petrology,Geophysics,-,-,-,-,-,-
Journal of Water and Climate Change,Journal,20402244,24089354,IWA Publishing,United Kingdom,ENGLISH,Atmospheric Science,Global and Planetary Change,"Management, Monitoring, Policy and Law",Water Science and Technology,-,-,-,-
Journal of Water Resources Planning and Management,Journal,07339496,19435452,American Society of Civil Engineers (ASCE),United States,ENGLISH,Civil and Structural Engineering,"Management, Monitoring, Policy and Law",Water Science and Technology,"Geography, Planning and Development",-,-,-,-
Journal of Water Sanitation and Hygiene for Development,Journal,20439083,24089362,IWA Publishing,United Kingdom,ENGLISH,Pollution,Waste Management and Disposal,Water Science and Technology,"Public Health, Environmental and Occupational Health",Development,-,-,-
"Journal of Waterway, Port, Coastal and Ocean Engineering",Journal,0733950X,19435460,American Society of Civil Engineers (ASCE),United States,ENGLISH,Civil and Structural Engineering,Ocean Engineering,Water Science and Technology,-,-,-,-,-
Journal of Web Semantics,Journal,15708268,-,Elsevier B.V.,Netherlands,ENGLISH,Computer Networks and Communications,Human-Computer Interaction,Software,-,-,-,-,-
Journal of Wind Engineering,Journal,13493507,1349340X,Japan Association for Wind Engineering,Japan,JAPANESE,"Renewable Energy, Sustainability and the Environment",-,-,-,-,-,-,-
Journal of Wind Engineering and Industrial Aerodynamics,Journal,01676105,-,Elsevier B.V.,Netherlands,ENGLISH,"Renewable Energy, Sustainability and the Environment",Civil and Structural Engineering,Mechanical Engineering,-,-,-,-,-
Journal of Wood Chemistry and Technology,Journal,02773813,15322319,Taylor and Francis Ltd.,United States,ENGLISH,Chemical Engineering (all),Chemistry (all),Materials Science (all),-,-,-,-,-
Journal of Wood Science,Journal,14350211,16114663,Springer,Japan,ENGLISH,Forestry,Biomaterials,-,-,-,-,-,-
Journal of X-Ray Science and Technology,Journal,08953996,10959114,SAGE Publications Ltd,United Kingdom,ENGLISH,Electrical and Electronic Engineering,"Radiology, Nuclear Medicine and Imaging",Condensed Matter Physics,Instrumentation,Radiation,-,-,-
Journal of Zhejiang University: Science A,Journal,1673565X,18621775,Zhejiang University,China,ENGLISH,Engineering (all),-,-,-,-,-,-,-
Journal on Advances in Signal Processing,Journal,-,30914507,Springer Science and Business Media Deutschland GmbH,Germany,ENGLISH,Hardware and Architecture,Signal Processing,Electrical and Electronic Engineering,-,-,-,-,-
Journal on Computing and Cultural Heritage,Journal,15564673,15564711,Association for Computing Machinery,United States,ENGLISH,Conservation,Computer Graphics and Computer-Aided Design,Computer Science Applications,Information Systems,-,-,-,-
Journal on Information Security,Journal,-,30914515,Springer Science and Business Media Deutschland GmbH,Germany,ENGLISH,Computer Science Applications,Signal Processing,-,-,-,-,-,-
Journal on Multimodal User Interfaces,Journal,17837677,17838738,Springer Science and Business Media Deutschland GmbH,Switzerland,ENGLISH,Human-Computer Interaction,Signal Processing,-,-,-,-,-,-
Journal on Wireless Communications and Networking,Journal,-,30914531,Springer Science and Business Media Deutschland GmbH,Germany,ENGLISH,Computer Networks and Communications,Computer Science Applications,Signal Processing,-,-,-,-,-
"Journal Wuhan University of Technology, Materials Science Edition",Journal,10002413,19930437,Wuhan Ligong Daxue,China,ENGLISH,Materials Science (all),-,-,-,-,-,-,-
JPhys Energy,Journal,-,25157655,Institute of Physics,United Kingdom,ENGLISH,Energy (all),Materials Science (miscellaneous),Materials Chemistry,-,-,-,-,-
JPhys Materials,Journal,-,25157639,Institute of Physics,United Kingdom,ENGLISH,Materials Science (all),Condensed Matter Physics,"Atomic and Molecular Physics, and Optics",-,-,-,-,-
JPhys Photonics,Journal,-,25157647,Institute of Physics,United Kingdom,ENGLISH,Electrical and Electronic Engineering,"Electronic, Optical and Magnetic Materials","Atomic and Molecular Physics, and Optics",-,-,-,-,-
JVC/Journal of Vibration and Control,Journal,10775463,17412986,SAGE Publications Inc.,United States,ENGLISH,Aerospace Engineering,Automotive Engineering,Mechanical Engineering,Mechanics of Materials,Materials Science (all),-,-,-
Kagaku Kogaku Ronbunshu,Journal,0386216X,13499203,"Society of Chemical Engineers, Japan",Japan,JAPANESE,Chemical Engineering (all),Chemistry (all),-,-,-,-,-,-
Kang T'ieh/Iron and Steel,Journal,0449749X,-,Chinese Society of Metals,China,CHINESE,Mechanical Engineering,Mechanics of Materials,Materials Chemistry,Metals and Alloys,-,-,-,-
Keikinzoku Yosetsu/Journal of Light Metal Welding,Journal,03685306,-,Japan Light Metal Welding and Construction Assoc.,Japan,JAPANESE,Mechanical Engineering,Mechanics of Materials,Materials Chemistry,Metals and Alloys,-,-,-,-
Keikinzoku/Journal of Japan Institute of Light Metals,Journal,04515994,-,Japan Institute of Light Metals,Japan,JAPANESE,Mechanical Engineering,Mechanics of Materials,Materials Chemistry,Metals and Alloys,-,-,-,-
Kerntechnik,Journal,09323902,21958580,Walter de Gruyter GmbH,Germany,GERMAN,Nuclear Energy and Engineering,"Safety, Risk, Reliability and Quality",Materials Science (all),Nuclear and High Energy Physics,Radiation,-,-,-
KGK Kautschuk Gummi Kunststoffe,Journal,09483276,-,Huthig GmbH,Germany,GERMAN,Industrial and Manufacturing Engineering,Mechanical Engineering,Materials Chemistry,Polymers and Plastics,-,-,-,-
KI - Kunstliche Intelligenz,Journal,09331875,16101987,Springer Science and Business Media Deutschland GmbH,Germany,ENGLISH,Artificial Intelligence,-,-,-,-,-,-,-
Kinetics and Catalysis,Journal,00231584,16083210,Pleiades Publishing,Russian Federation,ENGLISH,Catalysis,Chemistry (all),Computer Science Applications,Modeling and Simulation,-,-,-,-
Knowledge and Information Systems,Journal,02191377,02193116,Springer Science and Business Media Deutschland GmbH,United Kingdom,ENGLISH,Artificial Intelligence,Hardware and Architecture,Human-Computer Interaction,Information Systems,Software,-,-,-
Knowledge Engineering Review,Journal,02698889,14698005,Maximum Academic Press,United States,ENGLISH,Artificial Intelligence,Software,-,-,-,-,-,-
Knowledge-Based Systems,Journal,09507051,-,Elsevier B.V.,Netherlands,ENGLISH,Management Information Systems,Artificial Intelligence,Software,Information Systems and Management,-,-,-,-
KONA Powder and Particle Journal,Journal,02884534,21875537,Hosokawa Powder Technology Foundation,Japan,ENGLISH,Chemical Engineering (all),Chemistry (all),Engineering (all),Materials Science (all),-,-,-,-
Kongzhi Lilun Yu Yingyong/Control Theory and Applications,Journal,10008152,-,South China University of Technology,China,CHINESE,Control and Systems Engineering,Electrical and Electronic Engineering,-,-,-,-,-,-
Kongzhi yu Juece/Control and Decision,Journal,10010920,-,Northeast University,China,CHINESE,Artificial Intelligence,Software,Control and Systems Engineering,Control and Optimization,-,-,-,-
Konstruktion,Journal,07205953,-,VDI Fachmedien GmBH & Co. KG,Germany,GERMAN,Mechanical Engineering,Mechanics of Materials,Materials Science (all),Theoretical Computer Science,-,-,-,-
Korean Journal of Chemical Engineering,Journal,02561115,19757220,Springer,United States,ENGLISH,Chemical Engineering (all),Chemistry (all),-,-,-,-,-,-
Korean Journal of Materials Research,Journal,12250562,-,Korea Federation of Science and Technology,South Korea,KOREAN,Materials Science (all),-,-,-,-,-,-,-
KSCE Journal of Civil Engineering,Journal,12267988,19763808,Elsevier Inc.,United States,ENGLISH,Civil and Structural Engineering,-,-,-,-,-,-,-
KSII Transactions on Internet and Information Systems,Journal,19767277,22881468,Korean Society for Internet Information,South Korea,ENGLISH,Computer Networks and Communications,Information Systems,-,-,-,-,-,-
Kuei Suan Jen Hsueh Pao/Journal of the Chinese Ceramic Society,Journal,04545648,-,Chinese Ceramic Society,China,CHINESE,Inorganic Chemistry,Ceramics and Composites,Materials Chemistry,-,-,-,-,-
Kung Cheng Je Wu Li Hsueh Pao/Journal of Engineering Thermophysics,Journal,0253231X,-,Science Press,China,CHINESE,Mechanical Engineering,Materials Science (all),Condensed Matter Physics,-,-,-,-,-
Kybernetes,Journal,0368492X,17587883,Emerald Publishing,United Kingdom,ENGLISH,"Business, Management and Accounting (all)","Business, Management and Accounting (miscellaneous)",Management Information Systems,Strategy and Management,Computer Science (all),Computer Science (miscellaneous),Artificial Intelligence,Human-Computer Interaction
Kyokai Joho Imeji Zasshi/Journal of the Institute of Image Information and Television Engineers,Journal,13426907,-,Inst. of Image Information and Television Engineers,Japan,JAPANESE,Computer Science Applications,Electrical and Electronic Engineering,Media Technology,-,-,-,-,-
Lab on a Chip,Journal,14730197,14730189,Royal Society of Chemistry,United Kingdom,ENGLISH,Biochemistry,Bioengineering,Chemistry (all),Biomedical Engineering,-,-,-,-
Land Degradation and Development,Journal,10853278,1099145X,John Wiley and Sons Ltd,United Kingdom,ENGLISH,Soil Science,Environmental Science (all),Environmental Chemistry,Development,-,-,-,-
Landslides,Journal,1612510X,16125118,Springer Science and Business Media Deutschland GmbH,Germany,ENGLISH,Geotechnical Engineering and Engineering Geology,-,-,-,-,-,-,-
Langmuir,Journal,07437463,15205827,American Chemical Society,United States,ENGLISH,Electrochemistry,Spectroscopy,Materials Science (all),Condensed Matter Physics,Surfaces and Interfaces,-,-,-
Laser and Optoelectronics Progress,Journal,10064125,-,Chinese Laser Press,China,CHINESE,Electrical and Electronic Engineering,"Atomic and Molecular Physics, and Optics",-,-,-,-,-,-
Laser and Particle Beams,Journal,02630346,1469803X,Chinese Laser Press,United Kingdom,ENGLISH,Electrical and Electronic Engineering,Condensed Matter Physics,"Atomic and Molecular Physics, and Optics",-,-,-,-,-
Laser and Photonics Reviews,Journal,18638880,18638899,John Wiley and Sons Inc,Germany,ENGLISH,"Electronic, Optical and Magnetic Materials",Condensed Matter Physics,"Atomic and Molecular Physics, and Optics",-,-,-,-,-
Laser Physics,Journal,1054660X,15556611,Institute of Physics,United Kingdom,ENGLISH,Industrial and Manufacturing Engineering,Condensed Matter Physics,Instrumentation,"Atomic and Molecular Physics, and Optics",-,-,-,-
Lasers in Engineering,Journal,08981507,1029029X,Old City Publishing,United States,ENGLISH,Electrical and Electronic Engineering,Industrial and Manufacturing Engineering,"Atomic and Molecular Physics, and Optics",-,-,-,-,-
Lasers in Manufacturing and Materials Processing,Journal,21967229,21967237,Springer,United States,ENGLISH,Industrial and Manufacturing Engineering,Modeling and Simulation,Instrumentation,Nuclear and High Energy Physics,-,-,-,-
"Latin American Electron Devices Conference, LAEDC",Journal,-,28353471,Institute of Electrical and Electronics Engineers Inc.,United States,ENGLISH,Spectroscopy,"Renewable Energy, Sustainability and the Environment",Electrical and Electronic Engineering,Modeling and Simulation,Instrumentation,-,-,-
Latin American Journal of Solids and Structures,Journal,16797817,16797825,Marc├¡lio Alves,Brazil,ENGLISH,Aerospace Engineering,Automotive Engineering,Civil and Structural Engineering,Mechanical Engineering,Mechanics of Materials,Ocean Engineering,Materials Science (all),-
"Latin American Test Workshop, LATW",Journal,-,23730862,Institute of Electrical and Electronics Engineers Inc.,United States,ENGLISH,Artificial Intelligence,Computer Science Applications,Hardware and Architecture,Electrical and Electronic Engineering,-,-,-,-
Leading Edge,Journal,1070485X,19383789,Society of Exploration Geophysicists,United States,ENGLISH,Geology,Geophysics,-,-,-,-,-,-
Lean Construction Journal,Journal,-,15551369,Lean Construction Institute,United States,ENGLISH,Civil and Structural Engineering,Building and Construction,-,-,-,-,-,-
Leather and Footwear Journal,Journal,15834433,-,Institute National Cercetare-Dezvoltare Textiles Pielarie,Romania,ENGLISH,Chemical Engineering (all),Chemistry (all),Industrial and Manufacturing Engineering,-,-,-,-,-
Letters in Applied Microbiology,Journal,02668254,1472765X,Oxford University Press,United Kingdom,ENGLISH,Applied Microbiology and Biotechnology,-,-,-,-,-,-,-
LEUKOS - Journal of Illuminating Engineering Society of North America,Journal,15502724,15502716,Taylor and Francis Ltd.,United States,ENGLISH,"Atomic and Molecular Physics, and Optics",-,-,-,-,-,-,-
LIA Today,Journal,26905973,26905981,Laser Institute of America,United States,ENGLISH,Electrical and Electronic Engineering,"Atomic and Molecular Physics, and Optics",-,-,-,-,-,-
Light and Engineering,Journal,02362945,25419935,"LLC Editorial of Journal """"Light Technik""""",Russian Federation,ENGLISH,Electrical and Electronic Engineering,-,-,-,-,-,-,-
Light: Science and Applications,Journal,20955545,20477538,Springer Nature,United Kingdom,ENGLISH,"Electronic, Optical and Magnetic Materials","Atomic and Molecular Physics, and Optics",-,-,-,-,-,-
Lighting Research and Technology,Journal,14771535,14770938,SAGE Publications Ltd,United Kingdom,ENGLISH,Electrical and Electronic Engineering,-,-,-,-,-,-,-
Linear Algebra and Its Applications,Journal,00243795,-,Elsevier Inc.,United States,ENGLISH,Algebra and Number Theory,Discrete Mathematics and Combinatorics,Geometry and Topology,Numerical Analysis,-,-,-,-
Linye Kexue/Scientia Silvae Sinicae,Journal,10017488,-,Chinese Society of Forestry,China,CHINESE,Forestry,Plant Science,-,-,-,-,-,-
Lithosphere,Journal,19418264,19474253,Geoscienceworld,United States,ENGLISH,Geology,-,-,-,-,-,-,-
Lixue Xuebao/Chinese Journal of Theoretical and Applied Mechanics,Journal,04591879,-,Chinese Society of Theoretical and Applied Mechanics,China,CHINESE,Computational Mechanics,Mechanical Engineering,Mechanics of Materials,Applied Mathematics,-,-,-,-
Logic Journal of the IGPL,Journal,13670751,13689894,Oxford University Press,United Kingdom,ENGLISH,Philosophy,Logic,-,-,-,-,-,-
Logical Methods in Computer Science ,Journal,-,18605974,Logical Methods in Computer Science,Germany,ENGLISH,Computer Science (all),Computational Theory and Mathematics,Logic,Theoretical Computer Science,-,-,-,-
Logistics Research,Journal,1865035X,18650368,Emerald Publishing,Germany,ENGLISH,Management Information Systems,Computer Science Applications,Information Systems,Management Science and Operations Research,Control and Systems Engineering,-,-,-
Long Range Planning,Journal,00246301,18731872,Elsevier Ltd,United Kingdom,ENGLISH,Strategy and Management,Finance,"Geography, Planning and Development",-,-,-,-,-
Low Temperature Physics,Journal,1063777X,10906517,American Institute of Physics,United States,ENGLISH,Physics and Astronomy (miscellaneous),-,-,-,-,-,-,-
Low-Carbon Materials and Green Construction,Journal,-,27316319,Springer,Singapore,ENGLISH,Civil and Structural Engineering,Mechanics of Materials,Building and Construction,Environmental Engineering,-,-,-,-
Lubricants,Journal,-,20754442,Multidisciplinary Digital Publishing Institute (MDPI),Switzerland,ENGLISH,Mechanical Engineering,"Surfaces, Coatings and Films",-,-,-,-,-,-
Lubrication Science,Journal,09540075,15576833,John Wiley and Sons Ltd,United Kingdom,ENGLISH,Materials Chemistry,"Surfaces, Coatings and Films",-,-,-,-,-,-
Luminescence,Journal,15227235,15227243,John Wiley and Sons Ltd,United Kingdom,ENGLISH,Biophysics,Chemistry (miscellaneous),-,-,-,-,-,-
LWT,Journal,00236438,-,Academic Press,United Kingdom,ENGLISH,Food Science,-,-,-,-,-,-,-
M2VIP - Proceedings of the International Conference on Mechatronics and Machine Vision in Practice,Journal,29964156,29964164,Institute of Electrical and Electronics Engineers Inc.,United States,ENGLISH,Computer Vision and Pattern Recognition,Electrical and Electronic Engineering,Mechanical Engineering,Modeling and Simulation,-,-,-,-
Machine Graphics and Vision,Journal,12300535,2720250X,"Institute of Information Technology, Warsaw University of Life Sciences - SGGW",Poland,ENGLISH,Computer Graphics and Computer-Aided Design,Computer Vision and Pattern Recognition,Software,-,-,-,-,-
Machine Intelligence Research,Journal,2731538X,27315398,Chinese Academy of Sciences,China,ENGLISH,Artificial Intelligence,Computer Networks and Communications,Computer Science Applications,Computer Vision and Pattern Recognition,Signal Processing,Control and Systems Engineering,Applied Mathematics,Modeling and Simulation
Machine Learning,Journal,08856125,15730565,Springer,United States,ENGLISH,Artificial Intelligence,Software,-,-,-,-,-,-
Machine Learning with Applications,Journal,-,26668270,Elsevier Ltd,United Kingdom,ENGLISH,Computer Science (all),Artificial Intelligence,Computational Theory and Mathematics,Computer Science Applications,Information Systems,-,-,-
Machine Learning: Science and Technology,Journal,-,26322153,Institute of Physics,United Kingdom,ENGLISH,Artificial Intelligence,Human-Computer Interaction,Software,-,-,-,-,-
Machine Vision and Applications,Journal,09328092,14321769,Springer Science and Business Media Deutschland GmbH,Germany,ENGLISH,Computer Science Applications,Computer Vision and Pattern Recognition,Hardware and Architecture,Software,-,-,-,-
Machining Science and Technology,Journal,10910344,15322483,Taylor and Francis Ltd.,United States,ENGLISH,Industrial and Manufacturing Engineering,Mechanical Engineering,Materials Science (all),-,-,-,-,-
Macromolecular Bioscience,Journal,16165187,16165195,John Wiley and Sons Inc,Germany,ENGLISH,Biotechnology,Bioengineering,Biomaterials,Materials Chemistry,Polymers and Plastics,-,-,-
Macromolecular Chemistry and Physics,Journal,10221352,15213935,John Wiley and Sons Inc,Germany,ENGLISH,Organic Chemistry,Physical and Theoretical Chemistry,Materials Chemistry,Polymers and Plastics,Condensed Matter Physics,-,-,-
Macromolecular Materials and Engineering,Journal,14387492,14392054,John Wiley and Sons Inc,Germany,ENGLISH,Chemical Engineering (all),Organic Chemistry,Materials Chemistry,Polymers and Plastics,-,-,-,-
Macromolecular Rapid Communications,Journal,10221336,15213927,John Wiley and Sons Inc,Germany,ENGLISH,Organic Chemistry,Materials Chemistry,Polymers and Plastics,-,-,-,-,-
Macromolecular Reaction Engineering,Journal,1862832X,18628338,John Wiley and Sons Inc,Germany,ENGLISH,Chemical Engineering (all),Chemistry (all),Polymers and Plastics,-,-,-,-,-
Macromolecular Research,Journal,15985032,20927673,Polymer Society of Korea,South Korea,ENGLISH,Chemical Engineering (all),Organic Chemistry,Materials Chemistry,Polymers and Plastics,-,-,-,-
Macromolecular Symposia,Journal,10221360,15213900,John Wiley and Sons Inc,Germany,ENGLISH,Organic Chemistry,Materials Chemistry,Polymers and Plastics,Condensed Matter Physics,-,-,-,-
Macromolecular Theory and Simulations,Journal,10221344,15213919,John Wiley and Sons Inc,Germany,ENGLISH,Inorganic Chemistry,Organic Chemistry,Materials Chemistry,Polymers and Plastics,Condensed Matter Physics,-,-,-
Macromolecules,Journal,00249297,15205835,American Chemical Society,United States,ENGLISH,Inorganic Chemistry,Organic Chemistry,Materials Chemistry,Polymers and Plastics,-,-,-,-
Magazine of Civil Engineering,Journal,-,27128172,St. Petersburg Polytechnic University of Peter the Great,Russian Federation,RUSSIAN,Civil and Structural Engineering,Building and Construction,-,-,-,-,-,-
Magazine of Concrete Research,Journal,00249831,1751763X,Emerald Publishing,United Kingdom,ENGLISH,Civil and Structural Engineering,Building and Construction,Materials Science (all),-,-,-,-,-
Magnetic Resonance in Chemistry,Journal,07491581,1097458X,John Wiley and Sons Ltd,United Kingdom,ENGLISH,Chemistry (all),Materials Science (all),-,-,-,-,-,-
Magnetic Resonance in Medicine,Journal,07403194,15222594,John Wiley and Sons Inc,United States,ENGLISH,"Radiology, Nuclear Medicine and Imaging",-,-,-,-,-,-,-
Magnetic Resonance Letters,Journal,20970048,27725162,KeAi Communications Co.,China,ENGLISH,"Radiology, Nuclear Medicine and Imaging",-,-,-,-,-,-,-
Management Science,Journal,00251909,15265501,INFORMS Inst.for Operations Res.and the Management Sciences,United States,ENGLISH,Strategy and Management,Management Science and Operations Research,-,-,-,-,-,-
Manufacturing and Service Operations Management,Journal,15234614,15265498,INFORMS Inst.for Operations Res.and the Management Sciences,United States,ENGLISH,Strategy and Management,Management Science and Operations Research,-,-,-,-,-,-
Manufacturing Letters,Journal,22138463,-,Elsevier Ltd,United Kingdom,ENGLISH,Industrial and Manufacturing Engineering,Mechanics of Materials,-,-,-,-,-,-
Manufacturing Review,Journal,-,22654224,EDP Sciences,France,ENGLISH,Industrial and Manufacturing Engineering,-,-,-,-,-,-,-
Manufacturing Technology,Journal,12132489,-,Jan-Evangelista-Purkyne-University,Czech Republic,ENGLISH,Industrial and Manufacturing Engineering,-,-,-,-,-,-,-
Mari Papel y Corrugado,Journal,17943396,-,Latin Press Inc.,United States,SPANISH,Industrial and Manufacturing Engineering,Materials Science (all),-,-,-,-,-,-
Marine Biotechnology,Journal,14362228,14362236,Springer,United States,ENGLISH,Aquatic Science,Biotechnology,-,-,-,-,-,-
Marine Chemistry,Journal,03044203,-,Elsevier B.V.,Netherlands,ENGLISH,Chemistry (all),Oceanography,Environmental Chemistry,Water Science and Technology,-,-,-,-
Marine Environmental Research,Journal,01411136,18790291,Elsevier Ltd,United Kingdom,ENGLISH,Aquatic Science,Oceanography,Pollution,-,-,-,-,-
Marine Geology,Journal,00253227,-,Elsevier B.V.,Netherlands,ENGLISH,Geochemistry and Petrology,Geology,Oceanography,-,-,-,-,-
Marine Geophysical Research,Journal,00253235,15730581,Springer Science and Business Media B.V.,Netherlands,ENGLISH,Geochemistry and Petrology,Geophysics,Oceanography,-,-,-,-,-
Marine Georesources and Geotechnology,Journal,1064119X,15210618,Taylor and Francis Ltd.,United Kingdom,ENGLISH,Geotechnical Engineering and Engineering Geology,Oceanography,Ocean Engineering,-,-,-,-,-
Marine Geoscience and Energy Resources,Journal,-,31175775,Elsevier Ltd,United Kingdom,ENGLISH,Economic Geology,Geology,Geophysics,Oceanography,Stratigraphy,-,-,-
Marine Pollution Bulletin,Journal,0025326X,18793363,Elsevier Ltd,United Kingdom,ENGLISH,Aquatic Science,Oceanography,Pollution,-,-,-,-,-
Marine Structures,Journal,09518339,-,Elsevier Ltd,United Kingdom,ENGLISH,Mechanical Engineering,Mechanics of Materials,Ocean Engineering,Materials Science (all),-,-,-,-
Marine Systems and Ocean Technology,Journal,1679396X,21994749,Springer Nature,Switzerland,ENGLISH,Mechanical Engineering,Ocean Engineering,-,-,-,-,-,-
Marine Technology,Journal,00253316,21534721,Society of Naval Architects and Marine Engineers,United States,ENGLISH,Mechanical Engineering,Ocean Engineering,-,-,-,-,-,-
Marine Technology Society Journal,Journal,00253324,19481209,Marine Technology Society Inc.,United States,ENGLISH,Oceanography,Ocean Engineering,-,-,-,-,-,-
Maritime Engineering,Journal,17417597,17517737,Emerald Publishing,United Kingdom,ENGLISH,Ocean Engineering,-,-,-,-,-,-,-
Mass Spectrometry Reviews,Journal,02777037,10982787,John Wiley and Sons Inc,United States,ENGLISH,"Biochemistry, Genetics and Molecular Biology (all)",Analytical Chemistry,Spectroscopy,Condensed Matter Physics,-,-,-,-
Material Design and Processing Communications,Journal,-,25776576,John Wiley and Sons Ltd,United Kingdom,ENGLISH,Industrial and Manufacturing Engineering,Mechanical Engineering,Mechanics of Materials,-,-,-,-,-
Materiales de Construccion,Journal,04652746,19883226,CSIC Consejo Superior de Investigaciones Cientificas,Spain,SPANISH,Mechanics of Materials,Building and Construction,Materials Science (all),-,-,-,-,-
Materialia,Journal,-,25891529,Elsevier B.V.,Netherlands,ENGLISH,Materials Science (all),-,-,-,-,-,-,-
Materialpruefung/Materials Testing,Journal,00255300,21958572,Walter de Gruyter GmbH,Germany,GERMAN,Mechanical Engineering,Mechanics of Materials,Materials Science (all),-,-,-,-,-
Materials,Journal,-,19961944,Multidisciplinary Digital Publishing Institute (MDPI),Switzerland,ENGLISH,Materials Science (all),Condensed Matter Physics,-,-,-,-,-,-
Materials Advances,Journal,-,26335409,Royal Society of Chemistry,United Kingdom,ENGLISH,Chemistry (miscellaneous),Materials Science (all),-,-,-,-,-,-
Materials and Corrosion,Journal,09475117,15214176,John Wiley and Sons Inc,Germany,ENGLISH/GERMAN,Mechanical Engineering,Mechanics of Materials,Environmental Chemistry,Materials Chemistry,Metals and Alloys,"Surfaces, Coatings and Films",-,-
Materials and Design,Journal,02641275,18734197,Elsevier Ltd,United Kingdom,ENGLISH,Mechanical Engineering,Mechanics of Materials,Materials Science (all),-,-,-,-,-
Materials and Manufacturing Processes,Journal,10426914,15322475,Taylor and Francis Ltd.,United States,ENGLISH,Industrial and Manufacturing Engineering,Mechanical Engineering,Mechanics of Materials,Materials Science (all),-,-,-,-
Materials and Structures/Materiaux et Constructions,Journal,13595997,18716873,Springer Science and Business Media B.V.,Netherlands,ENGLISH,Civil and Structural Engineering,Mechanics of Materials,Building and Construction,Materials Science (all),-,-,-,-
Materials at High Temperatures,Journal,09603409,-,Taylor and Francis Ltd.,United Kingdom,ENGLISH,Mechanical Engineering,Mechanics of Materials,Ceramics and Composites,Materials Chemistry,Metals and Alloys,Condensed Matter Physics,-,-
Materials Characterization,Journal,10445803,-,Elsevier Inc.,United States,ENGLISH,Mechanical Engineering,Mechanics of Materials,Materials Science (all),Condensed Matter Physics,-,-,-,-
Materials Chemistry and Physics,Journal,02540584,-,Elsevier Ltd,United Kingdom,ENGLISH,Materials Science (all),Condensed Matter Physics,-,-,-,-,-,-
Materials Chemistry Frontiers,Journal,-,20521537,Royal Society of Chemistry,United Kingdom,ENGLISH,Materials Science (all),Materials Chemistry,-,-,-,-,-,-
Materials for Quantum Technology,Journal,-,26334356,Institute of Physics,United Kingdom,ENGLISH,Materials Science (all),Condensed Matter Physics,"Atomic and Molecular Physics, and Optics",-,-,-,-,-
Materials for Renewable and Sustainable Energy,Journal,21941459,21941467,Springer Science and Business Media Deutschland GmbH,Germany,ENGLISH,Fuel Technology,"Renewable Energy, Sustainability and the Environment","Electronic, Optical and Magnetic Materials",Materials Chemistry,-,-,-,-
Materials Futures,Journal,-,27525724,Institute of Physics,United Kingdom,ENGLISH,Biomaterials,-,-,-,-,-,-,-
Materials Horizons,Journal,20516347,20516355,Royal Society of Chemistry,United Kingdom,ENGLISH,Process Chemistry and Technology,Electrical and Electronic Engineering,Mechanics of Materials,Materials Science (all),-,-,-,-
Materials Letters,Journal,0167577X,18734979,Elsevier B.V.,Netherlands,ENGLISH,Mechanical Engineering,Mechanics of Materials,Materials Science (all),Condensed Matter Physics,-,-,-,-
Materials Letters: X,Journal,-,25901508,Elsevier B.V.,Netherlands,ENGLISH,Mechanical Engineering,Mechanics of Materials,Materials Science (all),Condensed Matter Physics,-,-,-,-
Materials Performance and Characterization,Journal,21653992,-,ASTM International,United States,ENGLISH,Mechanics of Materials,Ceramics and Composites,Metals and Alloys,Polymers and Plastics,-,-,-,-
Materials Physics and Mechanics,Journal,16052730,16058119,"Institute for Problems in Mechanical Engineering, Russian Academy of Sciences",Russian Federation,ENGLISH,Mechanical Engineering,Mechanics of Materials,Materials Science (all),Condensed Matter Physics,-,-,-,-
Materials Reports,Journal,1005023X,-,Chongqing Southwest Information Co Ltd,China,CHINESE,Materials Science (all),-,-,-,-,-,-,-
Materials Reports: Energy,Journal,-,26669358,KeAi Communications Co.,China,ENGLISH,Catalysis,Electrochemistry,Energy (miscellaneous),Energy Engineering and Power Technology,Mechanics of Materials,Materials Science (miscellaneous),Materials Chemistry,-
Materials Research,Journal,15161439,19805373,Universidade Federal de Sao Carlos,Brazil,ENGLISH,Mechanical Engineering,Mechanics of Materials,Materials Science (all),Condensed Matter Physics,-,-,-,-
Materials Research Bulletin,Journal,00255408,-,Elsevier Ltd,United Kingdom,ENGLISH,Mechanical Engineering,Mechanics of Materials,Materials Science (all),Condensed Matter Physics,-,-,-,-
Materials Research Express,Journal,-,20531591,Institute of Physics,United Kingdom,ENGLISH,Biomaterials,"Electronic, Optical and Magnetic Materials",Metals and Alloys,Polymers and Plastics,"Surfaces, Coatings and Films",-,-,-
Materials Research Innovations,Journal,14328917,1433075X,Taylor and Francis Ltd.,United Kingdom,ENGLISH,Mechanical Engineering,Mechanics of Materials,Materials Science (all),Condensed Matter Physics,-,-,-,-
Materials Science,Journal,1068820X,1573885X,Springer,United States,ENGLISH,Mechanical Engineering,Mechanics of Materials,Materials Science (all),Condensed Matter Physics,-,-,-,-
Materials Science and Engineering R: Reports,Journal,0927796X,-,Elsevier Ltd,United Kingdom,ENGLISH,Mechanical Engineering,Mechanics of Materials,Materials Science (all),Condensed Matter Physics,-,-,-,-
Materials Science and Engineering: A,Journal,09215093,-,Elsevier Ltd,United Kingdom,ENGLISH,Mechanical Engineering,Mechanics of Materials,Materials Science (all),Condensed Matter Physics,-,-,-,-
Materials Science and Engineering: B,Journal,09215107,-,Elsevier Ltd,United Kingdom,ENGLISH,Mechanical Engineering,Mechanics of Materials,Materials Science (all),Condensed Matter Physics,-,-,-,-
Materials Science and Technology (United Kingdom),Journal,02670836,17432847,SAGE Publications Inc.,United States,ENGLISH,Mechanical Engineering,Mechanics of Materials,Materials Science (all),Condensed Matter Physics,-,-,-,-
Materials Science for Energy Technologies,Journal,-,25892991,KeAi Communications Co.,China,ENGLISH,Chemical Engineering (miscellaneous),Fuel Technology,"Renewable Energy, Sustainability and the Environment",Materials Science (miscellaneous),-,-,-,-
Materials Science in Semiconductor Processing,Journal,13698001,-,Elsevier Ltd,United Kingdom,ENGLISH,Mechanical Engineering,Mechanics of Materials,Materials Science (all),Condensed Matter Physics,-,-,-,-
Materials Science-Poland,Journal,20831331,2083134X,Paradigm Publishing Services,Poland,ENGLISH,Mechanical Engineering,Mechanics of Materials,Materials Science (all),Condensed Matter Physics,-,-,-,-
Materials Technology,Journal,10667857,17535557,Taylor and Francis Ltd.,United Kingdom,ENGLISH,Mechanical Engineering,Mechanics of Materials,Materials Science (all),Condensed Matter Physics,-,-,-,-
Materials Today,Journal,13697021,18734103,Elsevier B.V.,Netherlands,ENGLISH,Mechanical Engineering,Mechanics of Materials,Materials Science (all),Condensed Matter Physics,-,-,-,-
Materials Today Advances,Journal,-,25900498,Elsevier Ltd,United Kingdom,ENGLISH,Mechanical Engineering,Materials Science (all),-,-,-,-,-,-
Materials Today Bio,Journal,-,25900064,Elsevier B.V.,Netherlands,ENGLISH,Biotechnology,Cell Biology,Molecular Biology,Bioengineering,Biomedical Engineering,Biomaterials,-,-
Materials Today Catalysis,Journal,-,2949754X,Elsevier Ltd,United Kingdom,ENGLISH,Catalysis,Chemistry (miscellaneous),Materials Science (miscellaneous),Materials Chemistry,-,-,-,-
Materials Today Chemistry,Journal,-,24685194,Elsevier Ltd,United Kingdom,ENGLISH,Catalysis,Colloid and Surface Chemistry,Biomaterials,"Electronic, Optical and Magnetic Materials",Materials Chemistry,Polymers and Plastics,-,-
Materials Today Communications,Journal,-,23524928,Elsevier Ltd,United Kingdom,ENGLISH,Computer Science (all),Computer Science (miscellaneous),Mechanics of Materials,Materials Science (all),Materials Chemistry,-,-,-
Materials Today Electronics,Journal,-,27729494,Elsevier Ltd,United Kingdom,ENGLISH,Electrical and Electronic Engineering,"Electronic, Optical and Magnetic Materials",-,-,-,-,-,-
Materials Today Energy,Journal,-,24686069,Elsevier Ltd,United Kingdom,ENGLISH,Energy Engineering and Power Technology,Fuel Technology,Nuclear Energy and Engineering,"Renewable Energy, Sustainability and the Environment",Materials Science (miscellaneous),-,-,-
Materials Today Nano,Journal,-,25888420,Elsevier Ltd,United Kingdom,ENGLISH,Biomaterials,"Electronic, Optical and Magnetic Materials",Materials Chemistry,Condensed Matter Physics,-,-,-,-
Materials Today Physics,Journal,-,25425293,Elsevier Ltd,United Kingdom,ENGLISH,Energy (miscellaneous),Materials Science (all),Physics and Astronomy (miscellaneous),-,-,-,-,-
Materials Today Sustainability,Journal,-,25892347,Elsevier Ltd,Netherlands,ENGLISH,Chemistry (all),"Renewable Energy, Sustainability and the Environment",Materials Science (all),-,-,-,-,-
Materials Transactions,Journal,13459678,13475320,Japan Institute of Metals (JIM),Japan,ENGLISH,Mechanical Engineering,Mechanics of Materials,Materials Science (all),Condensed Matter Physics,-,-,-,-
Materialwissenschaft und Werkstofftechnik,Journal,09335137,15214052,John Wiley and Sons Inc,Germany,ENGLISH/GERMAN,Mechanical Engineering,Mechanics of Materials,Materials Science (all),Condensed Matter Physics,-,-,-,-
Materiaux et Techniques,Journal,00326895,17783771,EDP Sciences,France,FRENCH,Materials Science (all),-,-,-,-,-,-,-
Mathematical and Computational Forestry and Natural-Resource Sciences ,Journal,-,19467664,University of Georgia,United States,ENGLISH,Forestry,Computer Science Applications,Environmental Engineering,Applied Mathematics,-,-,-,-
Mathematical and Computer Modelling of Dynamical Systems,Journal,13873954,17445051,Taylor and Francis Ltd.,United Kingdom,ENGLISH,Computer Science Applications,Software,Control and Systems Engineering,Applied Mathematics,Modeling and Simulation,-,-,-
Mathematical Biosciences,Journal,00255564,18793134,Elsevier Inc.,United States,ENGLISH,Agricultural and Biological Sciences (all),"Biochemistry, Genetics and Molecular Biology (all)",Immunology and Microbiology (all),Applied Mathematics,Modeling and Simulation,Statistics and Probability,Medicine (all),-
Mathematical Biosciences and Engineering,Journal,15471063,15510018,American Institute of Mathematical Sciences,United States,ENGLISH,Agricultural and Biological Sciences (all),Applied Mathematics,Computational Mathematics,Modeling and Simulation,Medicine (all),-,-,-
Mathematical Foundations of Computing,Journal,-,25778838,American Institute of Mathematical Sciences,United States,ENGLISH,Artificial Intelligence,Computational Theory and Mathematics,Computational Mathematics,Theoretical Computer Science,-,-,-,-
Mathematical Geosciences,Journal,18748961,18748953,Springer,Germany,ENGLISH,Earth and Planetary Sciences (all),Mathematics (miscellaneous),-,-,-,-,-,-
Mathematical Medicine and Biology,Journal,14778599,14778602,Oxford University Press,United Kingdom,ENGLISH,"Biochemistry, Genetics and Molecular Biology (all)",Environmental Science (all),Immunology and Microbiology (all),Applied Mathematics,Modeling and Simulation,Neuroscience (all),Pharmacology,-
Mathematical Methods in the Applied Sciences,Journal,01704214,10991476,John Wiley and Sons Ltd,United Kingdom,ENGLISH,Engineering (all),Mathematics (all),-,-,-,-,-,-
Mathematical Methods of Operations Research,Journal,14322994,14325217,Springer Science and Business Media Deutschland GmbH,Germany,ENGLISH,Software,Management Science and Operations Research,Mathematics (all),-,-,-,-,-
Mathematical Modelling and Analysis,Journal,13926292,16483510,Vilnius Gediminas Technical University,United Kingdom,ENGLISH,Analysis,Modeling and Simulation,-,-,-,-,-,-
Mathematical Modelling of Natural Phenomena,Journal,09735348,17606101,EDP Sciences,France,ENGLISH,Modeling and Simulation,-,-,-,-,-,-,-
Mathematical Models and Methods in Applied Sciences,Journal,02182025,17936314,World Scientific,Singapore,ENGLISH,Applied Mathematics,Modeling and Simulation,-,-,-,-,-,-
Mathematical Programming,Journal,00255610,14364646,Springer Science and Business Media Deutschland GmbH,Germany,ENGLISH,Software,Mathematics (all),-,-,-,-,-,-
Mathematical Programming Computation,Journal,18672949,18672957,Springer Science and Business Media Deutschland GmbH,Germany,ENGLISH,Software,Theoretical Computer Science,-,-,-,-,-,-
Mathematical Structures in Computer Science,Journal,09601295,14698072,Cambridge University Press,United Kingdom,ENGLISH,Computer Science Applications,Mathematics (miscellaneous),-,-,-,-,-,-
Mathematics and Computers in Simulation,Journal,03784754,-,Elsevier B.V.,Netherlands,ENGLISH,Computer Science (all),Applied Mathematics,Modeling and Simulation,Numerical Analysis,Theoretical Computer Science,-,-,-
Mathematics and Mechanics of Solids,Journal,10812865,17413028,SAGE Publications Inc.,United States,ENGLISH,Mechanics of Materials,Materials Science (all),Mathematics (all),-,-,-,-,-
Mathematics in Engineering,Journal,-,26403501,American Institute of Mathematical Sciences,United States,ENGLISH,Analysis,Applied Mathematics,Mathematical Physics,-,-,-,-,-
"Mathematics of Control, Signals, and Systems",Journal,09324194,1435568X,Springer Science and Business Media Deutschland GmbH,United Kingdom,ENGLISH,Signal Processing,Control and Systems Engineering,Applied Mathematics,Control and Optimization,-,-,-,-
Mathematics of Operations Research,Journal,0364765X,15265471,INFORMS Inst.for Operations Res.and the Management Sciences,United States,ENGLISH,Computer Science Applications,Management Science and Operations Research,Mathematics (all),-,-,-,-,-
Matter,Journal,25902393,25902385,Cell Press,United States,ENGLISH,Materials Science (all),-,-,-,-,-,-,-
Matter and Radiation at Extremes,Journal,24682047,2468080X,American Institute of Physics,China,ENGLISH,Nuclear Energy and Engineering,Electrical and Electronic Engineering,Nuclear and High Energy Physics,"Atomic and Molecular Physics, and Optics",-,-,-,-
Measurement and Control (United Kingdom),Journal,00202940,-,SAGE Publications Ltd,United Kingdom,ENGLISH,Applied Mathematics,Control and Optimization,Instrumentation,-,-,-,-,-
Measurement Science and Technology,Journal,09570233,13616501,Institute of Physics,United Kingdom,ENGLISH,Engineering (miscellaneous),Applied Mathematics,Instrumentation,-,-,-,-,-
Measurement Science Review,Journal,-,13358871,Paradigm Publishing Services,Poland,ENGLISH,Biomedical Engineering,Control and Systems Engineering,Instrumentation,-,-,-,-,-
Measurement Techniques,Journal,05431972,15738906,Springer,United States,ENGLISH,Engineering (all),Engineering (miscellaneous),Applied Mathematics,Instrumentation,-,-,-,-
Measurement: Journal of the International Measurement Confederation,Journal,02632241,-,Elsevier B.V.,Netherlands,ENGLISH,Electrical and Electronic Engineering,Applied Mathematics,Condensed Matter Physics,Instrumentation,-,-,-,-
Measurement: Sensors,Journal,-,26659174,Elsevier Ltd,United Kingdom,ENGLISH,Electrical and Electronic Engineering,Industrial and Manufacturing Engineering,Mechanics of Materials,"Electronic, Optical and Magnetic Materials",Instrumentation,-,-,-
Meat Science,Journal,03091740,18734138,Elsevier Ltd,United Kingdom,ENGLISH,Food Science,-,-,-,-,-,-,-
Meccanica,Journal,00256455,15729648,Springer Science and Business Media B.V.,Netherlands,ENGLISH,Mechanical Engineering,Mechanics of Materials,Condensed Matter Physics,-,-,-,-,-
Mechanical Sciences,Journal,21919151,2191916X,Copernicus Publications,Germany,ENGLISH,Fluid Flow and Transfer Processes,Civil and Structural Engineering,Control and Systems Engineering,Industrial and Manufacturing Engineering,Mechanical Engineering,Mechanics of Materials,-,-
Mechanical Systems and Signal Processing,Journal,08883270,10961216,Academic Press,United Kingdom,ENGLISH,Computer Science Applications,Signal Processing,Aerospace Engineering,Civil and Structural Engineering,Control and Systems Engineering,Mechanical Engineering,-,-
Mechanical Working and Steel Processing Conference proceedings,Journal,1075878X,-,Association for Iron and Steel Technology,United States,ENGLISH,Mechanical Engineering,Mechanics of Materials,Materials Chemistry,Metals and Alloys,-,-,-,-
Mechanics and Industry,Journal,22577777,22577750,EDP Sciences,France,FRENCH,Industrial and Manufacturing Engineering,Mechanical Engineering,Materials Science (all),-,-,-,-,-
Mechanics Based Design of Structures and Machines,Journal,15397734,15397742,Taylor and Francis Ltd.,United States,ENGLISH,Aerospace Engineering,Automotive Engineering,Civil and Structural Engineering,Mechanical Engineering,Mechanics of Materials,Ocean Engineering,Mathematics (all),Condensed Matter Physics
Mechanics of Advanced Materials and Structures,Journal,15376494,15376532,Taylor and Francis Ltd.,United States,ENGLISH,Civil and Structural Engineering,Mechanical Engineering,Mechanics of Materials,Materials Science (all),Mathematics (all),-,-,-
Mechanics of Composite Materials,Journal,01915665,15738922,Springer,United States,ENGLISH,Mechanics of Materials,Biomaterials,Ceramics and Composites,Polymers and Plastics,Mathematics (all),Condensed Matter Physics,-,-
Mechanics of Materials,Journal,01676636,-,Elsevier B.V.,Netherlands,ENGLISH,Mechanics of Materials,Materials Science (all),Instrumentation,-,-,-,-,-
Mechanics of Solids,Journal,00256544,19347936,Pleiades Publishing,Russian Federation,ENGLISH,Mechanics of Materials,Physics and Astronomy (all),-,-,-,-,-,-
Mechanics of Time-Dependent Materials,Journal,13852000,15732738,Springer Nature,Netherlands,ENGLISH,Chemical Engineering (all),Aerospace Engineering,Mechanical Engineering,Materials Science (all),-,-,-,-
Mechanics Research Communications,Journal,00936413,-,Elsevier Ltd,United Kingdom,ENGLISH,Civil and Structural Engineering,Mechanical Engineering,Mechanics of Materials,Materials Science (all),Condensed Matter Physics,-,-,-
Mechanika,Journal,13921207,20296983,Kauno Technologijos Universitetas,Lithuania,ENGLISH,Condensed Matter Physics,-,-,-,-,-,-,-
Mechanism and Machine Theory,Journal,0094114X,-,Elsevier Ltd,United Kingdom,ENGLISH,Bioengineering,Computer Science Applications,Mechanical Engineering,Mechanics of Materials,-,-,-,-
Mechatronic Systems and Control,Journal,25611771,2561178X,Acta Press,Canada,ENGLISH,Computer Science Applications,Control and Systems Engineering,-,-,-,-,-,-
Mechatronics,Journal,09574158,-,Elsevier Ltd,United Kingdom,ENGLISH,Computer Science Applications,Control and Systems Engineering,Electrical and Electronic Engineering,Mechanical Engineering,-,-,-,-
Medical and Biological Engineering and Computing,Journal,01400118,17410444,Springer Science and Business Media Deutschland GmbH,Germany,ENGLISH,Computer Science Applications,Biomedical Engineering,-,-,-,-,-,-
Medical Devices: Evidence and Research,Journal,-,11791470,Dove Medical Press Ltd,New Zealand,ENGLISH,Biomedical Engineering,Medicine (miscellaneous),-,-,-,-,-,-
Medical Engineering and Physics,Journal,13504533,18734030,Elsevier Ltd,United Kingdom,ENGLISH,Biophysics,Biomedical Engineering,-,-,-,-,-,-
Medical Image Analysis,Journal,13618415,13618423,Elsevier B.V.,Netherlands,ENGLISH,Computer Graphics and Computer-Aided Design,Computer Vision and Pattern Recognition,Health Informatics,"Radiology, Nuclear Medicine and Imaging",Radiological and Ultrasound Technology,-,-,-
Medical Physics,Journal,00942405,24734209,John Wiley and Sons Ltd,United States,ENGLISH,Biophysics,"Radiology, Nuclear Medicine and Imaging",-,-,-,-,-,-
Mediterranean Journal of Measurement and Control,Journal,17439310,-,Softmotor Ltd.,United Kingdom,ENGLISH,Control and Systems Engineering,Instrumentation,-,-,-,-,-,-
Meitan Kexue Jishu/Coal Science and Technology (Peking),Journal,02532336,-,China Coal Society,China,CHINESE,Geotechnical Engineering and Engineering Geology,Energy (all),-,-,-,-,-,-
Meitan Xuebao/Journal of the China Coal Society,Journal,02539993,-,China Coal Society,China,CHINESE,Geotechnical Engineering and Engineering Geology,Energy Engineering and Power Technology,Fuel Technology,Electrical and Electronic Engineering,Mechanical Engineering,-,-,-
Meitiandizhi Yu Kantan/Coal Geology and Exploration,Journal,10011986,-,Science China Press,China,CHINESE,Geology,Geotechnical Engineering and Engineering Geology,Energy Engineering and Power Technology,Fuel Technology,-,-,-,-
Membrane and Water Treatment,Journal,20058624,20927037,Techno-Press,South Korea,ENGLISH,Chemical Engineering (all),Water Science and Technology,-,-,-,-,-,-
Membranes,Journal,-,20770375,Multidisciplinary Digital Publishing Institute (MDPI),Switzerland,ENGLISH,Chemical Engineering (miscellaneous),Filtration and Separation,Process Chemistry and Technology,Materials Science (all),-,-,-,-
Membranes and Membrane Technologies,Journal,25177516,25177524,Pleiades Publishing,Russian Federation,ENGLISH,Chemical Engineering (miscellaneous),Chemistry (miscellaneous),Materials Science (miscellaneous),-,-,-,-,-
Memetic Computing,Journal,18659284,18659292,Springer Science and Business Media Deutschland GmbH,Germany,ENGLISH,Computer Science (all),Control and Optimization,-,-,-,-,-,-
"Memories - Materials, Devices, Circuits and Systems",Journal,-,27730646,Elsevier Ltd,United Kingdom,ENGLISH,Computer Science (miscellaneous),Engineering (miscellaneous),Computational Mechanics,Electrical and Electronic Engineering,Materials Science (all),-,-,-
Mendel,Journal,18033814,25713701,Brno University of Technology,Czech Republic,ENGLISH,Computer Science (all),Computational Mathematics,Theoretical Computer Science,-,-,-,-,-
Metabolic Engineering,Journal,10967176,10967184,Academic Press Inc.,United States,ENGLISH,Biotechnology,Bioengineering,Applied Microbiology and Biotechnology,-,-,-,-,-
"METAL - International Conference on Metallurgy and Materials, Conference Proceedings",Journal,-,26949296,TANGER Ltd.,Czech Republic,ENGLISH,Mechanics of Materials,Metals and Alloys,"Surfaces, Coatings and Films",-,-,-,-,-
Metal Science and Heat Treatment,Journal,00260673,15738973,Springer,United States,ENGLISH,Mechanics of Materials,Metals and Alloys,Condensed Matter Physics,-,-,-,-,-
"Metallography, Microstructure, and Analysis",Journal,21929262,21929270,Springer,United States,ENGLISH,Metals and Alloys,-,-,-,-,-,-,-
Metallomics,Journal,17565901,1756591X,Oxford University Press,United Kingdom,ENGLISH,Biochemistry,Biophysics,Chemistry (miscellaneous),Biomaterials,Metals and Alloys,-,-,-
Metallurgical and Materials Transactions A: Physical Metallurgy and Materials Science,Journal,10735623,15431940,Springer,United States,ENGLISH,Mechanics of Materials,Metals and Alloys,Condensed Matter Physics,-,-,-,-,-
Metallurgical and Materials Transactions B: Process Metallurgy and Materials Processing Science,Journal,10735615,15431916,Springer,United States,ENGLISH,Mechanics of Materials,Materials Chemistry,Metals and Alloys,Condensed Matter Physics,-,-,-,-
Metallurgical Research and Technology,Journal,22713646,22713654,EDP Sciences,France,ENGLISH,Computational Mechanics,Mechanics of Materials,Materials Chemistry,Metals and Alloys,-,-,-,-
Metallurgist,Journal,00260894,15738892,Springer,United States,ENGLISH,Mechanics of Materials,Materials Chemistry,Metals and Alloys,Condensed Matter Physics,-,-,-,-
Metals,Journal,-,20754701,Multidisciplinary Digital Publishing Institute (MDPI),Switzerland,ENGLISH,Materials Science (all),Metals and Alloys,-,-,-,-,-,-
Metals Advances,Journal,-,31177220,KeAi Communications Co.,China,ENGLISH,Industrial and Manufacturing Engineering,Metals and Alloys,-,-,-,-,-,-
Metals and Materials International,Journal,15989623,20054149,Korean Institute of Metals and Materials,South Korea,ENGLISH,Mechanics of Materials,Materials Chemistry,Metals and Alloys,Condensed Matter Physics,-,-,-,-
Metalurgija,Journal,05435846,-,Faculty of Metallurgy,Croatia,ENGLISH,Mechanics of Materials,Materials Chemistry,Metals and Alloys,Condensed Matter Physics,-,-,-,-
Meteorological Applications,Journal,13504827,14698080,John Wiley and Sons Ltd,United Kingdom,ENGLISH,Atmospheric Science,-,-,-,-,-,-,-
Metrologia,Journal,00261394,16817575,Institute of Physics,United Kingdom,ENGLISH,Engineering (all),-,-,-,-,-,-,-
Metrology and Measurement Systems,Journal,08608229,23001941,Polska Akademia Nauk,Poland,ENGLISH,Control and Systems Engineering,Instrumentation,-,-,-,-,-,-
Micro and Nano Engineering,Journal,-,25900072,Elsevier B.V.,Netherlands,ENGLISH,Electrical and Electronic Engineering,"Electronic, Optical and Magnetic Materials","Surfaces, Coatings and Films",Condensed Matter Physics,"Atomic and Molecular Physics, and Optics",-,-,-
Micro and Nano Letters ,Journal,-,17500443,John Wiley and Sons Inc,United Kingdom,ENGLISH,Bioengineering,Biomedical Engineering,Materials Science (all),Condensed Matter Physics,-,-,-,-
Micro and Nanostructures,Journal,27730131,27730123,Elsevier Ltd,United Kingdom,ENGLISH,Biomaterials,"Electronic, Optical and Magnetic Materials",Condensed Matter Physics,-,-,-,-,-
Micro and Nanosystems,Journal,18764029,18764037,Bentham Science Publishers,United Arab Emirates,ENGLISH,Building and Construction,-,-,-,-,-,-,-
Microbiological Research,Journal,09445013,16180623,Elsevier GmbH,Germany,ENGLISH,Microbiology,-,-,-,-,-,-,-
Microchimica Acta,Journal,00263672,14365073,Springer,Austria,ENGLISH,Analytical Chemistry,-,-,-,-,-,-,-
Microelectronic Engineering,Journal,01679317,-,Elsevier B.V.,Netherlands,ENGLISH,Electrical and Electronic Engineering,"Electronic, Optical and Magnetic Materials","Surfaces, Coatings and Films",Condensed Matter Physics,"Atomic and Molecular Physics, and Optics",-,-,-
Microelectronics International,Journal,13565362,1758812X,Emerald Publishing,United Kingdom,ENGLISH,Electrical and Electronic Engineering,"Electronic, Optical and Magnetic Materials","Surfaces, Coatings and Films",Condensed Matter Physics,"Atomic and Molecular Physics, and Optics",-,-,-
Microelectronics Journal,Journal,09598324,18792391,Elsevier Ltd,United Kingdom,ENGLISH,Electrical and Electronic Engineering,"Electronic, Optical and Magnetic Materials","Surfaces, Coatings and Films",Condensed Matter Physics,"Atomic and Molecular Physics, and Optics",-,-,-
Microelectronics Reliability,Journal,00262714,-,Elsevier Ltd,United Kingdom,ENGLISH,Electrical and Electronic Engineering,"Safety, Risk, Reliability and Quality","Electronic, Optical and Magnetic Materials","Surfaces, Coatings and Films",Condensed Matter Physics,"Atomic and Molecular Physics, and Optics",-,-
Microfluidics and Nanofluidics,Journal,16134982,16134990,Springer Science and Business Media Deutschland GmbH,Germany,ENGLISH,"Electronic, Optical and Magnetic Materials",Materials Chemistry,Condensed Matter Physics,-,-,-,-,-
Microgravity Science and Technology,Journal,09380108,18750494,Springer Science and Business Media B.V.,Netherlands,ENGLISH,Engineering (all),Applied Mathematics,Modeling and Simulation,Physics and Astronomy (all),-,-,-,-
Micromachines,Journal,-,2072666X,Multidisciplinary Digital Publishing Institute (MDPI),Switzerland,ENGLISH,Control and Systems Engineering,Electrical and Electronic Engineering,Mechanical Engineering,-,-,-,-,-
Micron,Journal,09684328,18784291,Elsevier Ltd,United Kingdom,ENGLISH,Cell Biology,Structural Biology,-,-,-,-,-,-
Microporous and Mesoporous Materials,Journal,13871811,-,Elsevier B.V.,Netherlands,ENGLISH,Chemistry (all),Mechanics of Materials,Materials Science (all),Condensed Matter Physics,-,-,-,-
Microprocessors and Microsystems,Journal,01419331,-,Elsevier B.V.,Netherlands,ENGLISH,Artificial Intelligence,Computer Networks and Communications,Hardware and Architecture,Software,-,-,-,-
Microscopy,Journal,20505698,20505701,Oxford University Press,United Kingdom,ENGLISH,Structural Biology,"Radiology, Nuclear Medicine and Imaging",Instrumentation,-,-,-,-,-
Microscopy Research and Technique,Journal,1059910X,10970029,John Wiley and Sons Inc,United States,ENGLISH,Anatomy,Histology,Instrumentation,Medical Laboratory Technology,-,-,-,-
Microsystem Technologies,Journal,09467076,14321858,Springer Science and Business Media Deutschland GmbH,Germany,ENGLISH,Hardware and Architecture,Electrical and Electronic Engineering,"Electronic, Optical and Magnetic Materials",Condensed Matter Physics,-,-,-,-
Microsystems and Nanoengineering,Journal,-,20557434,Springer Nature,United Kingdom,ENGLISH,Electrical and Electronic Engineering,Industrial and Manufacturing Engineering,Materials Science (miscellaneous),Condensed Matter Physics,"Atomic and Molecular Physics, and Optics",-,-,-
Microwave and Optical Technology Letters,Journal,08952477,10982760,John Wiley and Sons Inc,United States,ENGLISH,Electrical and Electronic Engineering,"Electronic, Optical and Magnetic Materials",Condensed Matter Physics,"Atomic and Molecular Physics, and Optics",-,-,-,-
Military Operations Research,Journal,02755823,-,Military Operations Research Society,United States,ENGLISH,Management Science and Operations Research,Civil and Structural Engineering,Mechanical Engineering,-,-,-,-,-
Minds and Machines,Journal,09246495,15728641,Springer Science and Business Media B.V.,Netherlands,ENGLISH,Philosophy,Artificial Intelligence,-,-,-,-,-,-
Mineral Processing and Extractive Metallurgy Review,Journal,08827508,15477401,Taylor and Francis Ltd.,United States,ENGLISH,Chemistry (all),Economic Geology,Geotechnical Engineering and Engineering Geology,Mechanical Engineering,-,-,-,-
Mineral Processing and Extractive Metallurgy: Transactions of the Institute of Mining and Metallurgy,Journal,25726641,2572665X,SAGE Publications Ltd,United Kingdom,ENGLISH,Chemistry (all),Geochemistry and Petrology,Geotechnical Engineering and Engineering Geology,-,-,-,-,-
Mineralium Deposita,Journal,00264598,14321866,Springer,Germany,ENGLISH,Economic Geology,Geochemistry and Petrology,Geophysics,-,-,-,-,-
Mineralogical Magazine,Journal,0026461X,14718022,Cambridge University Press,United Kingdom,ENGLISH,Geochemistry and Petrology,-,-,-,-,-,-,-
Minerals Engineering,Journal,08926875,-,Elsevier Ltd,United Kingdom,ENGLISH,Chemistry (all),Geotechnical Engineering and Engineering Geology,Control and Systems Engineering,Mechanical Engineering,-,-,-,-
Mining Report,Journal,21956529,21958378,Bergbau-Verwaltungsgesellschaft mbH,United Kingdom,ENGLISH,Economic Geology,Geochemistry and Petrology,Geotechnical Engineering and Engineering Geology,Energy (miscellaneous),"Renewable Energy, Sustainability and the Environment",-,-,-
Mining Science,Journal,23009586,23535423,Wroclaw University of Technology,Poland,ENGLISH,Geochemistry and Petrology,Geotechnical Engineering and Engineering Geology,-,-,-,-,-,-
Mining Science and Technology (Russian Federation),Journal,-,25000632,National University of Science and Technology MISIS,Russian Federation,ENGLISH/RUSSIAN,Process Chemistry and Technology,Geology,Geotechnical Engineering and Engineering Geology,Engineering (all),Industrial and Manufacturing Engineering,-,-,-
Mining Technology: Transactions of the Institutions of Mining and Metallurgy,Journal,25726668,25726676,SAGE Publications Ltd,United Kingdom,ENGLISH,Geology,Geotechnical Engineering and Engineering Geology,-,-,-,-,-,-
"Mining, Metallurgy and Exploration",Journal,25243462,25243470,Springer Science and Business Media Deutschland GmbH,Switzerland,ENGLISH,Chemistry (all),Geotechnical Engineering and Engineering Geology,Control and Systems Engineering,Mechanical Engineering,Materials Chemistry,Metals and Alloys,-,-
Mini-Reviews in Organic Chemistry,Journal,1570193X,18756298,Bentham Science Publishers,United Arab Emirates,ENGLISH,Organic Chemistry,-,-,-,-,-,-,-
MIS Quarterly: Management Information Systems,Journal,02767783,21629730,University of Minnesota,United States,ENGLISH,Management Information Systems,Computer Science Applications,Information Systems,Information Systems and Management,-,-,-,-
Mobile Networks and Applications,Journal,1383469X,15728153,Springer,United States,ENGLISH,Computer Networks and Communications,Hardware and Architecture,Information Systems,Software,-,-,-,-
"Modeling, Identification and Control",Journal,03327353,18901328,Research Council of Norway,Norway,ENGLISH,Computer Science Applications,Software,Control and Systems Engineering,Modeling and Simulation,-,-,-,-
Modelling,Journal,-,26733951,Multidisciplinary Digital Publishing Institute (MDPI),Switzerland,ENGLISH,Computer Science (miscellaneous),Engineering (miscellaneous),Mathematics (miscellaneous),Modeling and Simulation,-,-,-,-
Modelling and Simulation in Engineering,Journal,16875591,16875605,John Wiley and Sons Ltd,United Kingdom,ENGLISH,Computer Science Applications,Engineering (all),Modeling and Simulation,-,-,-,-,-
Modelling and Simulation in Materials Science and Engineering,Journal,09650393,1361651X,Institute of Physics,United Kingdom,ENGLISH,Computer Science Applications,Mechanics of Materials,Materials Science (all),Modeling and Simulation,Condensed Matter Physics,-,-,-
Modern Electronic Materials,Journal,24522449,24521779,Pensoft Publishers,Bulgaria,ENGLISH,"Electronic, Optical and Magnetic Materials","Surfaces, Coatings and Films",Condensed Matter Physics,Surfaces and Interfaces,-,-,-,-
Molecular Biotechnology,Journal,10736085,15590305,Springer,United States,ENGLISH,Biochemistry,Biotechnology,Molecular Biology,Bioengineering,Applied Microbiology and Biotechnology,-,-,-
Molecular Breeding,Journal,13803743,15729788,Springer Science and Business Media B.V.,Netherlands,ENGLISH,Agronomy and Crop Science,Plant Science,Biotechnology,Genetics,Molecular Biology,-,-,-
Molecular Catalysis,Journal,24688231,-,Elsevier B.V.,Netherlands,ENGLISH,Catalysis,Process Chemistry and Technology,Physical and Theoretical Chemistry,-,-,-,-,-
Molecular Crystals and Liquid Crystals,Journal,15421406,15635287,Taylor and Francis Ltd.,United States,ENGLISH,Chemistry (all),Materials Science (all),Condensed Matter Physics,-,-,-,-,-
Molecular Imaging,Journal,15353508,15360121,SAGE Publications Inc.,United States,ENGLISH,Biotechnology,Molecular Medicine,Biomedical Engineering,"Radiology, Nuclear Medicine and Imaging",Condensed Matter Physics,-,-,-
Molecular Informatics ,Journal,18681743,18681751,John Wiley and Sons Inc,Germany,ENGLISH,Molecular Medicine,Structural Biology,Organic Chemistry,Computer Science Applications,Drug Discovery,-,-,-
Molecular Physics,Journal,00268976,13623028,Taylor and Francis Ltd.,United Kingdom,ENGLISH,Biophysics,Molecular Biology,Physical and Theoretical Chemistry,Condensed Matter Physics,-,-,-,-
Molecular Simulation,Journal,08927022,10290435,Taylor and Francis Ltd.,United Kingdom,ENGLISH,Chemical Engineering (all),Chemistry (all),Information Systems,Materials Science (all),Modeling and Simulation,Condensed Matter Physics,-,-
Molecular Systems Design and Engineering,Journal,-,20589689,Royal Society of Chemistry,United Kingdom,ENGLISH,Chemical Engineering (miscellaneous),Process Chemistry and Technology,Chemistry (miscellaneous),Energy Engineering and Power Technology,Biomedical Engineering,Industrial and Manufacturing Engineering,Materials Chemistry,-
Monatshefte fur Chemie,Journal,00269247,14344475,Springer,Austria,ENGLISH,Chemistry (all),-,-,-,-,-,-,-
Mondo Digitale,Journal,1720898X,-,Associazione Italiana per l'Informatica e il Calcolo Automatico,Italy,ITALIAN,Computer Science Applications,Information Systems,Media Technology,-,-,-,-,-
Monthly Notices of the Royal Astronomical Society,Journal,00358711,13652966,Oxford University Press,United Kingdom,ENGLISH,Space and Planetary Science,Astronomy and Astrophysics,-,-,-,-,-,-
Monthly Weather Review,Journal,00270644,15200493,American Meteorological Society,United States,ENGLISH,Atmospheric Science,-,-,-,-,-,-,-
Moscow University Mechanics Bulletin,Journal,00271330,19348452,Pleiades Publishing,Russian Federation,ENGLISH,Mechanical Engineering,Mechanics of Materials,-,-,-,-,-,-
Moshi Shibie yu Rengong Zhineng/Pattern Recognition and Artificial Intelligence,Journal,10036059,-,Science Press,China,CHINESE,Artificial Intelligence,Computer Vision and Pattern Recognition,Software,-,-,-,-,-
MRS Advances,Journal,27315894,20598521,Springer Nature,Switzerland,ENGLISH,Mechanical Engineering,Mechanics of Materials,Materials Science (all),Condensed Matter Physics,-,-,-,-
MRS Bulletin,Journal,08837694,19381425,Springer Nature,Switzerland,ENGLISH,Physical and Theoretical Chemistry,Materials Science (all),Condensed Matter Physics,-,-,-,-,-
MRS Communications,Journal,21596859,21596867,Springer Nature,Switzerland,ENGLISH,Materials Science (all),-,-,-,-,-,-,-
MRS Energy and Sustainability,Journal,-,23292237,Springer Nature,Switzerland,ENGLISH,Energy Engineering and Power Technology,"Renewable Energy, Sustainability and the Environment",Mechanics of Materials,"Electronic, Optical and Magnetic Materials",-,-,-,-
MRS Energy and Sustainability - A Review Journal,Journal,23292237,23292229,Springer Nature,United Kingdom,ENGLISH,Energy Engineering and Power Technology,"Renewable Energy, Sustainability and the Environment",Materials Science (miscellaneous),-,-,-,-,-
Multiagent and Grid Systems,Journal,15741702,18759076,SAGE Publications Ltd,United Kingdom,ENGLISH,Computer Science (all),-,-,-,-,-,-,-
Multibody System Dynamics,Journal,13845640,1573272X,Springer Science and Business Media B.V.,Netherlands,ENGLISH,Computer Science Applications,Aerospace Engineering,Mechanical Engineering,Control and Optimization,Modeling and Simulation,-,-,-
Multidimensional Systems and Signal Processing,Journal,09236082,15730824,Springer,United States,ENGLISH,Artificial Intelligence,Computer Science Applications,Hardware and Architecture,Information Systems,Signal Processing,Software,Applied Mathematics,-
Multidiscipline Modeling in Materials and Structures,Journal,15736105,15736113,Emerald Publishing,United Kingdom,ENGLISH,Mechanical Engineering,Mechanics of Materials,Materials Science (all),Modeling and Simulation,-,-,-,-
Multimedia Systems,Journal,09424962,14321882,Springer Science and Business Media Deutschland GmbH,Germany,ENGLISH,Computer Networks and Communications,Hardware and Architecture,Information Systems,Software,Media Technology,-,-,-
Multimedia Tools and Applications,Journal,13807501,15737721,Springer,United States,ENGLISH,Computer Networks and Communications,Hardware and Architecture,Software,Media Technology,-,-,-,-
Multiphase Science and Technology,Journal,02761459,-,Begell House Inc.,United States,ENGLISH,Engineering (all),Modeling and Simulation,Condensed Matter Physics,-,-,-,-,-
"Multiscale and Multidisciplinary Modeling, Experiments and Design",Journal,25208160,25208179,Springer Science and Business Media B.V.,Switzerland,ENGLISH,Mechanics of Materials,Materials Science (all),Applied Mathematics,-,-,-,-,-
Multiscale Modeling and Simulation,Journal,15403459,15403467,Society for Industrial and Applied Mathematics Publications,United States,ENGLISH,Chemistry (all),Computer Science Applications,Ecological Modeling,Modeling and Simulation,Physics and Astronomy (all),-,-,-
Multisensory Research,Journal,22134794,22134808,Brill Academic Publishers,Netherlands,ENGLISH,Computer Vision and Pattern Recognition,Ophthalmology,Cognitive Neuroscience,Sensory Systems,Experimental and Cognitive Psychology,-,-,-
Nano,Journal,17932920,17937094,World Scientific,Singapore,ENGLISH,Materials Science (all),Condensed Matter Physics,-,-,-,-,-,-
Nano Biomedicine,Journal,18835198,21854734,National Institute of Informatics,Japan,ENGLISH,Biomedical Engineering,-,-,-,-,-,-,-
Nano Biomedicine and Engineering,Journal,-,21505578,KeAi Communications Co.,China,ENGLISH,Biomedical Engineering,-,-,-,-,-,-,-
Nano Communication Networks,Journal,18787789,-,Elsevier B.V.,Netherlands,ENGLISH,Computer Networks and Communications,Electrical and Electronic Engineering,Applied Mathematics,-,-,-,-,-
Nano Energy,Journal,22112855,-,Elsevier Ltd,United Kingdom,ENGLISH,"Renewable Energy, Sustainability and the Environment",Electrical and Electronic Engineering,Materials Science (all),-,-,-,-,-
Nano Express,Journal,-,2632959X,Institute of Physics,United Kingdom,ENGLISH,Materials Science (miscellaneous),Biomaterials,"Electronic, Optical and Magnetic Materials",Polymers and Plastics,-,-,-,-
Nano Futures,Journal,-,23991984,Institute of Physics,United Kingdom,ENGLISH,Bioengineering,Chemistry (all),Biomedical Engineering,Electrical and Electronic Engineering,Materials Science (all),"Atomic and Molecular Physics, and Optics",-,-
Nano Letters,Journal,15306984,15306992,American Chemical Society,United States,ENGLISH,Bioengineering,Chemistry (all),Mechanical Engineering,Materials Science (all),Condensed Matter Physics,-,-,-
Nano Materials Science,Journal,20966482,25899651,KeAi Communications Co.,China,ENGLISH,Chemical Engineering (miscellaneous),Mechanics of Materials,Materials Science (miscellaneous),-,-,-,-,-
Nano Research,Journal,19980124,19980000,Tsinghua University Press,China,ENGLISH,Electrical and Electronic Engineering,Materials Science (all),Condensed Matter Physics,"Atomic and Molecular Physics, and Optics",-,-,-,-
Nano Research Energy,Journal,27910091,27908119,Tsinghua University Press,China,ENGLISH,Chemistry (miscellaneous),Energy (miscellaneous),Materials Science (miscellaneous),-,-,-,-,-
Nano Today,Journal,17480132,1878044X,Elsevier B.V.,Netherlands,ENGLISH,Biotechnology,Bioengineering,Biomedical Engineering,Materials Science (all),Medicine (miscellaneous),Pharmaceutical Science,-,-
Nanobiotechnology Reports,Journal,26351676,26351684,Pleiades Publishing,United States,ENGLISH,Bioengineering,Engineering (miscellaneous),Biomedical Engineering,Electrical and Electronic Engineering,Materials Science (all),Condensed Matter Physics,-,-
Nanocomposites,Journal,20550324,20550332,Taylor and Francis Ltd.,United States,ENGLISH,Mechanical Engineering,Mechanics of Materials,Ceramics and Composites,Materials Chemistry,-,-,-,-
NanoImpact,Journal,-,24520748,Elsevier B.V.,Netherlands,ENGLISH,"Safety, Risk, Reliability and Quality",Materials Science (miscellaneous),"Public Health, Environmental and Occupational Health",Safety Research,-,-,-,-
Nanomanufacturing and Metrology,Journal,2520811X,25208128,Springer Nature,China,ENGLISH,Industrial and Manufacturing Engineering,Mechanical Engineering,Materials Science (miscellaneous),-,-,-,-,-
Nanomaterials and Energy,Journal,20459831,2045984X,Emerald Publishing,United Kingdom,ENGLISH,Energy (miscellaneous),Materials Science (all),-,-,-,-,-,-
Nanomaterials and Nanotechnology,Journal,-,18479804,SAGE Publications Ltd,United Kingdom,ENGLISH,Biotechnology,Electrical and Electronic Engineering,Ceramics and Composites,"Electronic, Optical and Magnetic Materials",-,-,-,-
"Nanomedicine: Nanotechnology, Biology, and Medicine",Journal,15499634,15499642,Elsevier Inc.,United States,ENGLISH,Molecular Medicine,Bioengineering,Biomedical Engineering,Materials Science (all),Medicine (miscellaneous),Pharmaceutical Science,-,-
Nano-Micro Letters,Journal,23116706,21505551,Springer Science and Business Media B.V.,Netherlands,ENGLISH,Electrical and Electronic Engineering,"Electronic, Optical and Magnetic Materials","Surfaces, Coatings and Films",-,-,-,-,-
Nanophotonics,Journal,21928606,21928614,John Wiley and Sons Inc,United States,ENGLISH,Biotechnology,Electrical and Electronic Engineering,"Electronic, Optical and Magnetic Materials","Atomic and Molecular Physics, and Optics",-,-,-,-
Nanoscale,Journal,20403364,20403372,Royal Society of Chemistry,United Kingdom,ENGLISH,Materials Science (all),-,-,-,-,-,-,-
Nanoscale Advances,Journal,-,25160230,Royal Society of Chemistry,United Kingdom,ENGLISH,Bioengineering,Chemistry (all),Engineering (all),Materials Science (all),"Atomic and Molecular Physics, and Optics",-,-,-
Nanoscale and Microscale Thermophysical Engineering,Journal,15567265,15567273,Taylor and Francis Ltd.,United States,ENGLISH,Mechanics of Materials,Materials Science (all),Condensed Matter Physics,"Atomic and Molecular Physics, and Optics",-,-,-,-
Nanoscale Horizons,Journal,20556756,20556764,Royal Society of Chemistry,United Kingdom,ENGLISH,Materials Science (all),-,-,-,-,-,-,-
Nanoscience and Technology,Journal,25724258,25724266,Begell House Inc.,United States,ENGLISH,Mechanics of Materials,Materials Science (all),Condensed Matter Physics,-,-,-,-,-
Nanotechnology,Journal,09574484,13616528,Institute of Physics,United Kingdom,ENGLISH,Bioengineering,Chemistry (all),Electrical and Electronic Engineering,Mechanical Engineering,Mechanics of Materials,Materials Science (all),-,-
Nanotechnology and Precision Engineering,Journal,16726030,25895540,American Institute of Physics,United States,ENGLISH,Electrical and Electronic Engineering,Industrial and Manufacturing Engineering,Mechanical Engineering,Instrumentation,-,-,-,-
Nanotechnology for Environmental Engineering,Journal,23656379,23656387,Springer Science and Business Media Deutschland GmbH,Switzerland,ENGLISH,Bioengineering,Environmental Chemistry,Environmental Engineering,-,-,-,-,-
Nanotechnology Reviews,Journal,21919089,21919097,Walter de Gruyter GmbH,Germany,ENGLISH,Biotechnology,Process Chemistry and Technology,Energy Engineering and Power Technology,Engineering (miscellaneous),Materials Science (miscellaneous),Biomaterials,"Surfaces, Coatings and Films",Medicine (miscellaneous)
National Remote Sensing Bulletin,Journal,10074619,-,Science Press,China,CHINESE/ENGLISH,Earth and Planetary Sciences (miscellaneous),Instrumentation,"Geography, Planning and Development",-,-,-,-,-
National Science Review,Journal,20955138,2053714X,Oxford University Press,United Kingdom,ENGLISH,Multidisciplinary,-,-,-,-,-,-,-
Natural Computing,Journal,15677818,15729796,Springer Science and Business Media B.V.,Netherlands,ENGLISH,Computer Science Applications,-,-,-,-,-,-,-
Natural Gas Industry,Journal,10000976,-,Science Press,China,CHINESE,Geotechnical Engineering and Engineering Geology,Energy Engineering and Power Technology,-,-,-,-,-,-
Natural Hazards Review,Journal,15276988,15276996,American Society of Civil Engineers (ASCE),United States,ENGLISH,Civil and Structural Engineering,Environmental Science (all),Social Sciences (all),-,-,-,-,-
Natural Language Processing,Journal,-,29770424,Cambridge University Press,United Kingdom,ENGLISH,Language and Linguistics,Artificial Intelligence,Software,Linguistics and Language,-,-,-,-
Natural Language Processing Journal,Journal,-,29497191,Elsevier Ltd,United Kingdom,ENGLISH,Computer Science (miscellaneous),Artificial Intelligence,Computer Networks and Communications,Linguistics and Language,-,-,-,-
Natural Resource Modeling,Journal,08908575,19397445,John Wiley and Sons Inc,United States,ENGLISH,Environmental Science (miscellaneous),Modeling and Simulation,-,-,-,-,-,-
Nature Biomedical Engineering,Journal,-,2157846X,Nature Research,United Kingdom,ENGLISH,Biotechnology,Bioengineering,Computer Science Applications,Biomedical Engineering,Medicine (miscellaneous),-,-,-
Nature Biotechnology,Journal,10870156,15461696,Nature Research,United States,ENGLISH,Biotechnology,Molecular Medicine,Bioengineering,Biomedical Engineering,Applied Microbiology and Biotechnology,-,-,-
Nature Catalysis,Journal,-,25201158,Nature Research,United Kingdom,ENGLISH,Biochemistry,Bioengineering,Catalysis,Process Chemistry and Technology,-,-,-,-
Nature Computational Science,Journal,-,26628457,Springer Nature,United States,ENGLISH,Computer Science (miscellaneous),Computer Networks and Communications,Computer Science Applications,-,-,-,-,-
Nature Electronics,Journal,-,25201131,Nature Research,United Kingdom,ENGLISH,Electrical and Electronic Engineering,"Electronic, Optical and Magnetic Materials",Instrumentation,-,-,-,-,-
Nature Energy,Journal,-,20587546,Nature Research,United Kingdom,ENGLISH,Energy Engineering and Power Technology,Fuel Technology,"Renewable Energy, Sustainability and the Environment","Electronic, Optical and Magnetic Materials",-,-,-,-
Nature Machine Intelligence,Journal,-,25225839,Nature Research,United Kingdom,ENGLISH,Artificial Intelligence,Computer Networks and Communications,Computer Vision and Pattern Recognition,Human-Computer Interaction,Software,-,-,-
Nature Materials,Journal,14761122,14764660,Nature Research,United Kingdom,ENGLISH,Chemistry (all),Mechanical Engineering,Mechanics of Materials,Materials Science (all),Condensed Matter Physics,-,-,-
Nature Nanotechnology,Journal,17483387,17483395,Nature Research,United Kingdom,ENGLISH,Bioengineering,Biomedical Engineering,Electrical and Electronic Engineering,Materials Science (all),Condensed Matter Physics,"Atomic and Molecular Physics, and Optics",-,-
Nature Photonics,Journal,17494885,17494893,Nature Research,United Kingdom,ENGLISH,"Electronic, Optical and Magnetic Materials","Atomic and Molecular Physics, and Optics",-,-,-,-,-,-
Nature Physics,Journal,17452473,17452481,Nature Research,United Kingdom,ENGLISH,Physics and Astronomy (all),-,-,-,-,-,-,-
Nature Reviews Materials,Journal,-,20588437,Nature Research,United Kingdom,ENGLISH,Energy (miscellaneous),Biomaterials,"Electronic, Optical and Magnetic Materials",Materials Chemistry,"Surfaces, Coatings and Films",-,-,-
Nature Reviews Physics,Journal,-,25225820,Springer Nature,United Kingdom,ENGLISH,Physics and Astronomy (all),-,-,-,-,-,-,-
Nature Sustainability,Journal,-,23989629,Nature Research,United Kingdom,ENGLISH,Food Science,"Renewable Energy, Sustainability and the Environment",Ecology,Global and Planetary Change,"Management, Monitoring, Policy and Law",Nature and Landscape Conservation,"Geography, Planning and Development",Urban Studies
Naval Research Logistics,Journal,0894069X,15206750,John Wiley and Sons Inc,United States,ENGLISH,Management Science and Operations Research,Ocean Engineering,Modeling and Simulation,-,-,-,-,-
"Navigation, Journal of the Institute of Navigation",Journal,00281522,21614296,Institute of Navigation,United States,ENGLISH,Aerospace Engineering,Electrical and Electronic Engineering,-,-,-,-,-,-
NDT and E International,Journal,09638695,-,Elsevier Ltd,United Kingdom,ENGLISH,Mechanical Engineering,Materials Science (all),Condensed Matter Physics,-,-,-,-,-
NEC Technical Journal,Journal,18805884,-,NEC Mediaproducts,Japan,ENGLISH,Hardware and Architecture,Information Systems,Electrical and Electronic Engineering,Materials Science (all),-,-,-,-
Neiranji Xuebao/Transactions of CSICE (Chinese Society for Internal Combustion Engines),Journal,10000909,-,Chinese Society for Internal Combustion Engines,China,CHINESE,Automotive Engineering,Mechanical Engineering,-,-,-,-,-,-
NEIS - Conference on Sustainable Energy Supply and Energy Storage Systems,Journal,25106902,-,VDE Verlag GmbH,Germany,ENGLISH,"Renewable Energy, Sustainability and the Environment",-,-,-,-,-,-,-
Network Modeling Analysis in Health Informatics and Bioinformatics,Journal,21926662,21926670,Springer,Austria,ENGLISH,"Biochemistry, Genetics and Molecular Biology (miscellaneous)",Computer Science (miscellaneous),Computer Networks and Communications,Computer Science Applications,Biomedical Engineering,Computational Mathematics,Health Informatics,Urology
Network Neuroscience,Journal,-,24721751,Massachusetts Institute of Technology,United States,ENGLISH,Artificial Intelligence,Computer Science Applications,Applied Mathematics,Neuroscience (all),-,-,-,-
Networks,Journal,00283045,10970037,John Wiley and Sons Inc,United States,ENGLISH,Computer Networks and Communications,Information Systems,-,-,-,-,-,-
Networks and Heterogeneous Media,Journal,15561801,1556181X,American Institute of Mathematical Sciences,United States,ENGLISH,Computer Science Applications,Engineering (all),Applied Mathematics,Statistics and Probability,-,-,-,-
Networks and Spatial Economics,Journal,1566113X,15729427,Springer,United States,ENGLISH,Artificial Intelligence,Computer Networks and Communications,Software,-,-,-,-,-
Neural Computation,Journal,08997667,1530888X,Massachusetts Institute of Technology,United States,ENGLISH,Arts and Humanities (miscellaneous),Cognitive Neuroscience,-,-,-,-,-,-
Neural Computing and Applications,Journal,09410643,14333058,Springer Science and Business Media Deutschland GmbH,United Kingdom,ENGLISH,Artificial Intelligence,Software,-,-,-,-,-,-
Neural Network World,Journal,12100552,23364335,Czech Technical University in Prague,Czech Republic,ENGLISH,Artificial Intelligence,Hardware and Architecture,Software,Neuroscience (all),-,-,-,-
Neural Networks,Journal,08936080,18792782,Elsevier Ltd,United Kingdom,ENGLISH,Artificial Intelligence,Cognitive Neuroscience,-,-,-,-,-,-
Neural Processing Letters,Journal,13704621,1573773X,Springer,United States,ENGLISH,Artificial Intelligence,Computer Networks and Communications,Software,Neuroscience (all),-,-,-,-
Neurocomputing,Journal,09252312,18728286,Elsevier B.V.,Netherlands,ENGLISH,Artificial Intelligence,Computer Science Applications,Cognitive Neuroscience,-,-,-,-,-
Neurodiagnostic Journal ,Journal,21646821,23758627,Taylor and Francis Ltd.,United States,ENGLISH,Neurology (clinical),Medical Laboratory Technology,-,-,-,-,-,-
Neuromorphic Computing and Engineering,Journal,-,26344386,Institute of Physics,United Kingdom,ENGLISH,Artificial Intelligence,Hardware and Architecture,Electrical and Electronic Engineering,"Electronic, Optical and Magnetic Materials",-,-,-,-
Neurophotonics,Journal,2329423X,23294248,SPIE,United States,ENGLISH,"Radiology, Nuclear Medicine and Imaging",Neuroscience (miscellaneous),Radiological and Ultrasound Technology,-,-,-,-,-
Neutrosophic Sets and Systems,Journal,23316055,2331608X,University of New Mexico,United States,ENGLISH,Applied Mathematics,Logic,-,-,-,-,-,-
New Biotechnology,Journal,18716784,18764347,Elsevier B.V.,Netherlands,ENGLISH,Biotechnology,Molecular Biology,Bioengineering,-,-,-,-,-
New Carbon Materials,Journal,20971605,18725805,Science Press,China,CHINESE/ENGLISH,Materials Science (all),-,-,-,-,-,-,-
New Forests,Journal,01694286,15735095,Springer Science and Business Media B.V.,Netherlands,ENGLISH,Forestry,-,-,-,-,-,-,-
New Generation Computing,Journal,02883635,18827055,Springer,Japan,ENGLISH,Computer Networks and Communications,Hardware and Architecture,Software,Theoretical Computer Science,-,-,-,-
New Journal of Chemistry,Journal,11440546,13699261,Royal Society of Chemistry,United Kingdom,ENGLISH,Catalysis,Chemistry (all),Materials Chemistry,-,-,-,-,-
New Journal of Physics,Journal,-,13672630,Institute of Physics,United Kingdom,ENGLISH,Physics and Astronomy (all),-,-,-,-,-,-,-
New Review of Hypermedia and Multimedia,Journal,13614568,17407842,Taylor and Francis Ltd.,United Kingdom,ENGLISH,Computer Science Applications,Information Systems,Media Technology,-,-,-,-,-
New Zealand Journal of Forestry,Journal,11747986,22531815,New Zealand Institute of Forestry,New Zealand,ENGLISH,Forestry,-,-,-,-,-,-,-
New Zealand Journal of Forestry Science,Journal,00480134,11795395,Scion,Switzerland,ENGLISH,Forestry,Plant Science,Chemical Engineering (all),Ecology,-,-,-,-
Nihon Enerugi Gakkaishi/Journal of the Japan Institute of Energy,Journal,09168753,18826121,Japan Institute of Energy,Japan,ENGLISH/JAPANESE,Energy (all),-,-,-,-,-,-,-
Nihon Ringakkai Shi/Journal of the Japanese Forestry Society,Journal,0021485X,-,Japanese Forestry Society,Japan,JAPANESE,Forestry,-,-,-,-,-,-,-
NII Technical Reports,Journal,13465597,-,National Institute of Informatics,Japan,ENGLISH,Computer Science Applications,Information Systems,-,-,-,-,-,-
Nippon Kinzoku Gakkaishi/Journal of the Japan Institute of Metals,Journal,00214876,18806880,Japan Institute of Metals (JIM),Japan,JAPANESE,Mechanics of Materials,Materials Chemistry,Metals and Alloys,Condensed Matter Physics,-,-,-,-
NMR in Biomedicine,Journal,09523480,10991492,John Wiley and Sons Ltd,United Kingdom,ENGLISH,Molecular Medicine,Spectroscopy,"Radiology, Nuclear Medicine and Imaging",-,-,-,-,-
Noise and Vibration Worldwide,Journal,09574565,20484062,SAGE Publications Inc.,United Kingdom,ENGLISH,Mechanical Engineering,Mechanics of Materials,Materials Science (all),Acoustics and Ultrasonics,Condensed Matter Physics,-,-,-
Noise Control Engineering Journal,Journal,07362501,21688710,Institute of Noise Control Engineering,United States,ENGLISH,Aerospace Engineering,Automotive Engineering,Industrial and Manufacturing Engineering,Mechanical Engineering,Building and Construction,"Public Health, Environmental and Occupational Health",Acoustics and Ultrasonics,-
Nondestructive Testing and Evaluation,Journal,10589759,14772671,Taylor and Francis Ltd.,United Kingdom,ENGLISH,Mechanical Engineering,Mechanics of Materials,Materials Science (all),Physics and Astronomy (all),-,-,-,-
Nongye Gongcheng Xuebao/Transactions of the Chinese Society of Agricultural Engineering,Journal,10026819,-,Chinese Society of Agricultural Engineering,China,CHINESE,Agricultural and Biological Sciences (all),Mechanical Engineering,-,-,-,-,-,-
Nongye Jixie Xuebao/Transactions of the Chinese Society for Agricultural Machinery,Journal,10001298,-,Chinese Society of Agricultural Machinery,China,CHINESE,Agricultural and Biological Sciences (all),Mechanical Engineering,-,-,-,-,-,-
"Nonlinear Analysis, Theory, Methods and Applications",Journal,0362546X,-,Elsevier Ltd,United Kingdom,ENGLISH,Analysis,Applied Mathematics,-,-,-,-,-,-
Nonlinear Analysis: Hybrid Systems,Journal,1751570X,-,Elsevier Ltd,United Kingdom,ENGLISH,Computer Science Applications,Control and Systems Engineering,Analysis,-,-,-,-,-
Nonlinear Analysis: Real World Applications,Journal,14681218,-,Elsevier Ltd,United Kingdom,ENGLISH,"Economics, Econometrics and Finance (all)",Engineering (all),Analysis,Applied Mathematics,Computational Mathematics,Medicine (all),-,-
Nonlinear Dynamics,Journal,0924090X,1573269X,Springer Science and Business Media B.V.,Netherlands,ENGLISH,Aerospace Engineering,Control and Systems Engineering,Electrical and Electronic Engineering,Mechanical Engineering,Ocean Engineering,Applied Mathematics,-,-
Nonlinear Engineering,Journal,21928010,21928029,Walter de Gruyter GmbH,Germany,ENGLISH,Chemical Engineering (all),Computer Networks and Communications,Engineering (all),Modeling and Simulation,-,-,-,-
Nonlinear Optics Quantum Optics,Journal,15430537,19448325,Old City Publishing,United States,ENGLISH,Computer Science (all),"Electronic, Optical and Magnetic Materials",Instrumentation,"Atomic and Molecular Physics, and Optics",Statistical and Nonlinear Physics,-,-,-
Nordic Pulp and Paper Research Journal,Journal,02832631,20000669,Walter de Gruyter GmbH,Sweden,ENGLISH,Forestry,Materials Science (all),-,-,-,-,-,-
NPG Asia Materials,Journal,18844049,18844057,Nature Research,United Kingdom,ENGLISH,Materials Science (all),Modeling and Simulation,Condensed Matter Physics,-,-,-,-,-
npj 2D Materials and Applications,Journal,-,23977132,Nature Research,United Kingdom,ENGLISH,Chemistry (all),Mechanical Engineering,Mechanics of Materials,Materials Science (all),Condensed Matter Physics,-,-,-
npj Clean Water,Journal,-,20597037,Nature Research,United Kingdom,ENGLISH,"Management, Monitoring, Policy and Law",Pollution,Waste Management and Disposal,Water Science and Technology,-,-,-,-
npj Computational Materials,Journal,-,20573960,Nature Research,United Kingdom,ENGLISH,Computer Science Applications,Mechanics of Materials,Materials Science (all),Modeling and Simulation,-,-,-,-
npj Digital Medicine,Journal,-,23986352,Nature Research,United Kingdom,ENGLISH,Computer Science Applications,Medicine (miscellaneous),Health Informatics,Health Information Management,-,-,-,-
npj Materials Degradation,Journal,-,23972106,Nature Publishing Group,United Kingdom,ENGLISH,Chemistry (miscellaneous),Materials Science (miscellaneous),Ceramics and Composites,Materials Chemistry,-,-,-,-
npj Microgravity,Journal,-,23738065,Nature Research,United Kingdom,ENGLISH,Agricultural and Biological Sciences (miscellaneous),"Biochemistry, Genetics and Molecular Biology (miscellaneous)",Space and Planetary Science,Materials Science (miscellaneous),Medicine (miscellaneous),Physics and Astronomy (miscellaneous),-,-
npj Quantum Information,Journal,-,20566387,Nature Research,United Kingdom,ENGLISH,Computer Science (miscellaneous),Computational Theory and Mathematics,Computer Networks and Communications,Statistical and Nonlinear Physics,-,-,-,-
npj Regenerative Medicine,Journal,-,20573995,Nature Research,United Kingdom,ENGLISH,Cell Biology,Developmental Biology,Biomedical Engineering,Medicine (miscellaneous),-,-,-,-
NTT Technical Review,Journal,13483447,-,Nippon Telegraph and Telephone Corp.,Japan,ENGLISH,Computer Networks and Communications,Computer Science Applications,Electrical and Electronic Engineering,-,-,-,-,-
Nuclear Analysis,Journal,-,27731839,KeAi Publishing Communications Ltd.,China,ENGLISH,Analytical Chemistry,Nuclear Energy and Engineering,Materials Science (miscellaneous),-,-,-,-,-
Nuclear Data Sheets,Journal,00903752,10959904,Academic Press Inc.,United States,ENGLISH,Nuclear and High Energy Physics,-,-,-,-,-,-,-
Nuclear Engineering and Design,Journal,00295493,-,Elsevier Ltd,United Kingdom,ENGLISH,Nuclear Energy and Engineering,Mechanical Engineering,"Safety, Risk, Reliability and Quality",Waste Management and Disposal,Materials Science (all),Nuclear and High Energy Physics,-,-
Nuclear Fusion,Journal,00295515,17414326,Institute of Physics,United Kingdom,ENGLISH,Condensed Matter Physics,Nuclear and High Energy Physics,-,-,-,-,-,-
"Nuclear Instruments and Methods in Physics Research, Section A: Accelerators, Spectrometers, Detectors and Associated Equipment",Journal,01689002,-,Elsevier B.V.,Netherlands,ENGLISH,Instrumentation,Nuclear and High Energy Physics,-,-,-,-,-,-
"Nuclear Instruments and Methods in Physics Research, Section B: Beam Interactions with Materials and Atoms",Journal,0168583X,-,Elsevier B.V.,Netherlands,ENGLISH,Instrumentation,Nuclear and High Energy Physics,-,-,-,-,-,-
Nuclear Materials and Energy,Journal,-,23521791,Elsevier Ltd,United Kingdom,ENGLISH,Nuclear Energy and Engineering,Materials Science (miscellaneous),Nuclear and High Energy Physics,-,-,-,-,-
Nuclear Science and Engineering,Journal,00295639,1943748X,Taylor and Francis Ltd.,United States,ENGLISH,Nuclear Energy and Engineering,-,-,-,-,-,-,-
Nuclear Science and Techniques,Journal,10018042,22103147,Springer,Singapore,ENGLISH,Nuclear Energy and Engineering,Nuclear and High Energy Physics,-,-,-,-,-,-
Nuclear Technology,Journal,00295450,19437471,Taylor and Francis Ltd.,United States,ENGLISH,Nuclear Energy and Engineering,Condensed Matter Physics,Nuclear and High Energy Physics,-,-,-,-,-
Numerical Analysis and Applications,Journal,19954239,19954247,Pleiades Publishing,Russian Federation,ENGLISH,Numerical Analysis,-,-,-,-,-,-,-
Numerical Functional Analysis and Optimization,Journal,01630563,15322467,Taylor and Francis Ltd.,United States,ENGLISH,Computer Science Applications,Signal Processing,Analysis,Control and Optimization,-,-,-,-
"Numerical Heat Transfer, Part B: Fundamentals",Journal,10407790,15210626,Taylor and Francis Ltd.,United Kingdom,ENGLISH,Computer Science Applications,Mechanics of Materials,Modeling and Simulation,Numerical Analysis,Condensed Matter Physics,-,-,-
Numerical Heat Transfer; Part A: Applications,Journal,10407782,15210634,Taylor and Francis Ltd.,United Kingdom,ENGLISH,Numerical Analysis,Condensed Matter Physics,-,-,-,-,-,-
Numerical Methods for Partial Differential Equations,Journal,0749159X,10982426,John Wiley and Sons Inc,United States,ENGLISH,Analysis,Applied Mathematics,Computational Mathematics,Numerical Analysis,-,-,-,-
Ocean and Coastal Management,Journal,09645691,-,Elsevier Ltd,United Kingdom,ENGLISH,Aquatic Science,Oceanography,"Management, Monitoring, Policy and Law",-,-,-,-,-
Ocean Dynamics,Journal,16167341,16167228,Springer Science and Business Media Deutschland GmbH,Germany,ENGLISH,Oceanography,-,-,-,-,-,-,-
Ocean Engineering,Journal,00298018,-,Elsevier Ltd,United Kingdom,ENGLISH,Ocean Engineering,Environmental Engineering,-,-,-,-,-,-
Ocean Modelling,Journal,14635003,14635011,Elsevier Ltd,United Kingdom,ENGLISH,Computer Science (miscellaneous),Atmospheric Science,Geotechnical Engineering and Engineering Geology,Oceanography,-,-,-,-
Oil and Gas Geology,Journal,02539985,-,Science Press,China,CHINESE,Geology,-,-,-,-,-,-,-
Oil Shale,Journal,0208189X,17367492,Estonian Academy Publishers,Estonia,ENGLISH,Geotechnical Engineering and Engineering Geology,Energy Engineering and Power Technology,Fuel Technology,-,-,-,-,-
Omega (United Kingdom),Journal,03050483,-,Elsevier Ltd,United Kingdom,ENGLISH,Strategy and Management,Information Systems and Management,Management Science and Operations Research,-,-,-,-,-
Online Information Review,Journal,14684527,14684535,Emerald Publishing,United Kingdom,ENGLISH,Computer Science Applications,Information Systems,Library and Information Sciences,-,-,-,-,-
Online Social Networks and Media,Journal,-,24686964,Elsevier B.V.,Netherlands,ENGLISH,Computer Networks and Communications,Information Systems,Communication,-,-,-,-,-
Open Computer Science,Journal,-,22991093,Walter de Gruyter GmbH,Germany,ENGLISH,Computer Science (all),-,-,-,-,-,-,-
Open Geosciences,Journal,-,23915447,Walter de Gruyter GmbH,Poland,ENGLISH,Earth and Planetary Sciences (all),Environmental Science (miscellaneous),-,-,-,-,-,-
Operating Systems Review (ACM),Journal,01635980,-,Association for Computing Machinery,United States,ENGLISH,Computer Networks and Communications,Hardware and Architecture,Information Systems,-,-,-,-,-
Operations Engineer,Journal,26323451,-,Society of Operations Engineers,United Kingdom,ENGLISH,Strategy and Management,Industrial and Manufacturing Engineering,-,-,-,-,-,-
Operations Research,Journal,0030364X,15265463,INFORMS Inst.for Operations Res.and the Management Sciences,United States,ENGLISH,Computer Science Applications,Management Science and Operations Research,-,-,-,-,-,-
Operations Research Letters,Journal,01676377,-,Elsevier B.V.,Netherlands,ENGLISH,Software,Management Science and Operations Research,Industrial and Manufacturing Engineering,Applied Mathematics,-,-,-,-
Opflow,Journal,01498029,15518701,John Wiley and Sons Inc,United States,ENGLISH,Pollution,Waste Management and Disposal,Water Science and Technology,-,-,-,-,-
Optica,Journal,23342536,-,Optica Publishing Group (formerly OSA),United States,ENGLISH,"Electronic, Optical and Magnetic Materials","Atomic and Molecular Physics, and Optics",-,-,-,-,-,-
Optica Applicata,Journal,00785466,18997015,Wroclaw University of Science and Technology,Poland,ENGLISH,"Electronic, Optical and Magnetic Materials","Atomic and Molecular Physics, and Optics",-,-,-,-,-,-
Optical and Quantum Electronics,Journal,03068919,1572817X,Springer,United States,ENGLISH,Electrical and Electronic Engineering,"Electronic, Optical and Magnetic Materials","Atomic and Molecular Physics, and Optics",-,-,-,-,-
Optical Engineering,Journal,00913286,15602303,SPIE,United States,ENGLISH,Engineering (all),"Atomic and Molecular Physics, and Optics",-,-,-,-,-,-
Optical Fiber Technology,Journal,10685200,10959912,Academic Press Inc.,United States,ENGLISH,Control and Systems Engineering,Electrical and Electronic Engineering,"Electronic, Optical and Magnetic Materials",Instrumentation,"Atomic and Molecular Physics, and Optics",-,-,-
Optical Materials,Journal,09253467,-,Elsevier B.V.,Netherlands,ENGLISH,Inorganic Chemistry,Organic Chemistry,Physical and Theoretical Chemistry,Spectroscopy,Computer Science (all),Electrical and Electronic Engineering,"Electronic, Optical and Magnetic Materials","Atomic and Molecular Physics, and Optics"
Optical Materials Express,Journal,-,21593930,Optica Publishing Group (formerly OSA),United States,ENGLISH,"Electronic, Optical and Magnetic Materials",-,-,-,-,-,-,-
Optical Materials: X,Journal,-,25901478,Elsevier B.V.,Netherlands,ENGLISH,Inorganic Chemistry,Organic Chemistry,Physical and Theoretical Chemistry,Spectroscopy,Computer Science (all),Electrical and Electronic Engineering,"Electronic, Optical and Magnetic Materials","Atomic and Molecular Physics, and Optics"
Optical Memory and Neural Networks (Information Optics),Journal,1060992X,19347898,Pleiades Publishing,Russian Federation,ENGLISH,Computer Science (all),Electrical and Electronic Engineering,"Electronic, Optical and Magnetic Materials",-,-,-,-,-
Optical Switching and Networking,Journal,15734277,-,Elsevier B.V.,Netherlands,ENGLISH,Computer Networks and Communications,Electrical and Electronic Engineering,-,-,-,-,-,-
Optics and Laser Technology,Journal,00303992,-,Elsevier Ltd,United Kingdom,ENGLISH,Electrical and Electronic Engineering,"Electronic, Optical and Magnetic Materials","Atomic and Molecular Physics, and Optics",-,-,-,-,-
Optics and Lasers in Engineering,Journal,01438166,-,Elsevier Ltd,United Kingdom,ENGLISH,Electrical and Electronic Engineering,Mechanical Engineering,"Electronic, Optical and Magnetic Materials","Atomic and Molecular Physics, and Optics",-,-,-,-
Optics and Spectroscopy,Journal,0030400X,15626911,Pleiades Publishing,Russian Federation,ENGLISH,"Electronic, Optical and Magnetic Materials","Atomic and Molecular Physics, and Optics",-,-,-,-,-,-
Optics Communications,Journal,00304018,-,Elsevier B.V.,Netherlands,ENGLISH,Physical and Theoretical Chemistry,Electrical and Electronic Engineering,"Electronic, Optical and Magnetic Materials","Atomic and Molecular Physics, and Optics",-,-,-,-
Optics Continuum,Journal,-,27700208,Optica Publishing Group (formerly OSA),United States,ENGLISH,Electrical and Electronic Engineering,"Electronic, Optical and Magnetic Materials","Atomic and Molecular Physics, and Optics",-,-,-,-,-
Optics Express,Journal,-,10944087,Optica Publishing Group (formerly OSA),United States,ENGLISH,"Atomic and Molecular Physics, and Optics",-,-,-,-,-,-,-
Optics Letters,Journal,01469592,15394794,Optica Publishing Group (formerly OSA),United States,ENGLISH,"Atomic and Molecular Physics, and Optics",-,-,-,-,-,-,-
Optik,Journal,00304026,16181336,Elsevier GmbH,Germany,ENGLISH,Electrical and Electronic Engineering,"Electronic, Optical and Magnetic Materials","Atomic and Molecular Physics, and Optics",-,-,-,-,-
Optimal Control Applications and Methods,Journal,01432087,10991514,John Wiley and Sons Ltd,United Kingdom,ENGLISH,Software,Control and Systems Engineering,Applied Mathematics,Control and Optimization,-,-,-,-
Optimization and Engineering,Journal,13894420,15732924,Springer,United States,ENGLISH,Software,Aerospace Engineering,Civil and Structural Engineering,Electrical and Electronic Engineering,Mechanical Engineering,Control and Optimization,-,-
Optimization Letters,Journal,18624472,18624480,Springer Science and Business Media Deutschland GmbH,Germany,ENGLISH,"Business, Management and Accounting (miscellaneous)",Control and Optimization,-,-,-,-,-,-
Optimization Methods and Software,Journal,10556788,10294937,Taylor and Francis Ltd.,United Kingdom,ENGLISH,Software,Applied Mathematics,Control and Optimization,-,-,-,-,-
Opto-Electronic Advances,Journal,20964579,-,Chinese Academy of Sciences,China,ENGLISH,Electrical and Electronic Engineering,"Electronic, Optical and Magnetic Materials","Surfaces, Coatings and Films","Atomic and Molecular Physics, and Optics",-,-,-,-
"Optoelectronics and Advanced Materials, Rapid Communications",Journal,18426573,20653824,National Institute of Optoelectronics,Romania,ENGLISH,Electrical and Electronic Engineering,"Electronic, Optical and Magnetic Materials",-,-,-,-,-,-
"Opto-Electronics and Communications Conference, OECC",Journal,21668884,21668892,Institute of Electrical and Electronics Engineers Inc.,United States,ENGLISH,Computer Networks and Communications,Electrical and Electronic Engineering,"Atomic and Molecular Physics, and Optics",-,-,-,-,-
Optoelectronics Letters,Journal,16731905,19935013,Springer Verlag,Germany,ENGLISH,Electrical and Electronic Engineering,"Electronic, Optical and Magnetic Materials",Condensed Matter Physics,"Atomic and Molecular Physics, and Optics",-,-,-,-
Opto-Electronics Review,Journal,12303402,18963757,Polska Akademia Nauk,Poland,ENGLISH,Electrical and Electronic Engineering,Materials Science (all),Radiation,-,-,-,-,-
"Optoelectronics, Instrumentation and Data Processing",Journal,87566990,19347944,Pleiades Publishing,Russian Federation,ENGLISH,Electrical and Electronic Engineering,Condensed Matter Physics,Instrumentation,-,-,-,-,-
Optometry and Vision Science,Journal,10405488,15389235,John Wiley and Sons Inc,United States,ENGLISH,Ophthalmology,Optometry,-,-,-,-,-,-
Ore Geology Reviews,Journal,01691368,-,Elsevier B.V.,Netherlands,ENGLISH,Economic Geology,Geochemistry and Petrology,Geology,-,-,-,-,-
Organic and Biomolecular Chemistry,Journal,14770520,14770539,Royal Society of Chemistry,United Kingdom,ENGLISH,Biochemistry,Organic Chemistry,Physical and Theoretical Chemistry,-,-,-,-,-
Organic Chemistry Frontiers,Journal,20524110,20524129,Royal Society of Chemistry,United Kingdom,ENGLISH,Organic Chemistry,-,-,-,-,-,-,-
Organic Electronics,Journal,15661199,-,Elsevier B.V.,Netherlands,ENGLISH,Chemistry (all),Electrical and Electronic Engineering,Biomaterials,"Electronic, Optical and Magnetic Materials",Materials Chemistry,Condensed Matter Physics,-,-
Organic Geochemistry,Journal,01466380,-,Elsevier Ltd,United Kingdom,ENGLISH,Geochemistry and Petrology,-,-,-,-,-,-,-
Organic Preparations and Procedures International,Journal,00304948,19455453,Taylor and Francis Ltd.,United Kingdom,ENGLISH,Organic Chemistry,-,-,-,-,-,-,-
Organic Process Research and Development,Journal,10836160,1520586X,American Chemical Society,United States,ENGLISH,Organic Chemistry,Physical and Theoretical Chemistry,-,-,-,-,-,-
Organometallics,Journal,02767333,15206041,American Chemical Society,United States,ENGLISH,Inorganic Chemistry,Organic Chemistry,Physical and Theoretical Chemistry,-,-,-,-,-
Oxford Open Materials Science,Journal,-,26336979,Oxford University Press,United Kingdom,ENGLISH,Materials Science (all),-,-,-,-,-,-,-
Oxidative Medicine and Cellular Longevity,Journal,19420900,19420994,John Wiley and Sons Ltd,United Kingdom,ENGLISH,Aging,Biochemistry,Cell Biology,-,-,-,-,-
Ozone: Science and Engineering,Journal,01919512,15476545,Taylor and Francis Ltd.,United States,ENGLISH,Environmental Chemistry,Environmental Engineering,-,-,-,-,-,-
Pacific Symposium on Biocomputing,Journal,23356928,23356936,World Scientific,Singapore,ENGLISH,Computational Theory and Mathematics,Biomedical Engineering,-,-,-,-,-,-
Packaging Technology and Science,Journal,08943214,10991522,John Wiley and Sons Ltd,United Kingdom,ENGLISH,Chemistry (all),Mechanical Engineering,Materials Science (all),-,-,-,-,-
PACLIC - Pacific Asia Conference on Language Information and Computation,Journal,-,26197782,Association for Computational Linguistics,United States,ENGLISH,Language and Linguistics,Computer Science (miscellaneous),-,-,-,-,-,-
Paddy and Water Environment,Journal,16112490,16112504,Springer Science and Business Media Deutschland GmbH,Russian Federation,ENGLISH,Agronomy and Crop Science,Environmental Engineering,Water Science and Technology,-,-,-,-,-
Paladyn,Journal,-,20814836,Walter de Gruyter GmbH,Poland,ENGLISH,Artificial Intelligence,Human-Computer Interaction,Behavioral Neuroscience,Cognitive Neuroscience,Developmental Neuroscience,-,-,-
Paleoceanography and Paleoclimatology,Journal,25724517,25724525,John Wiley and Sons Inc,United Kingdom,ENGLISH,Atmospheric Science,Oceanography,Paleontology,-,-,-,-,-
Palpu Chongi Gisul/Journal of Korea Technical Association of the Pulp and Paper Industry,Journal,02533200,-,Korean Technical Assoc. of the Pulp and Paper Industry,South Korea,KOREAN,Chemistry (all),Media Technology,Materials Science (all),-,-,-,-,-
Parallel Computing,Journal,01678191,-,Elsevier B.V.,Netherlands,ENGLISH,Artificial Intelligence,Computer Graphics and Computer-Aided Design,Computer Networks and Communications,Hardware and Architecture,Software,Theoretical Computer Science,-,-
Parallel Processing Letters,Journal,01296264,1793642X,World Scientific,Singapore,ENGLISH,Hardware and Architecture,Software,Theoretical Computer Science,-,-,-,-,-
Particle and Particle Systems Characterization,Journal,09340866,15214117,John Wiley and Sons Inc,Germany,ENGLISH,Chemistry (all),Materials Science (all),Condensed Matter Physics,-,-,-,-,-
Particulate Science and Technology,Journal,02726351,15480046,Taylor and Francis Ltd.,United States,ENGLISH,Chemical Engineering (all),-,-,-,-,-,-,-
Particuology,Journal,16742001,22104291,Elsevier B.V.,Netherlands,ENGLISH,Chemical Engineering (all),Materials Science (all),Condensed Matter Physics,-,-,-,-,-
Pattern Recognition,Journal,00313203,-,Elsevier Ltd,United Kingdom,ENGLISH,Artificial Intelligence,Computer Vision and Pattern Recognition,Signal Processing,Software,-,-,-,-
Pattern Recognition and Image Analysis,Journal,10546618,15556212,Pleiades Publishing,Russian Federation,ENGLISH,Computer Graphics and Computer-Aided Design,Computer Vision and Pattern Recognition,-,-,-,-,-,-
Pattern Recognition Letters,Journal,01678655,-,Elsevier B.V.,Netherlands,ENGLISH,Artificial Intelligence,Computer Vision and Pattern Recognition,Signal Processing,Software,-,-,-,-
Patterns,Journal,-,26663899,Cell Press,United States,ENGLISH,Multidisciplinary,Decision Sciences (all),-,-,-,-,-,-
PCI Journal,Journal,08879672,-,Precast/Prestressed Concrete Institute,United States,ENGLISH,Civil and Structural Engineering,Mechanics of Materials,Building and Construction,Materials Science (all),-,-,-,-
PeerJ Computer Science,Journal,-,23765992,PeerJ Inc.,United States,ENGLISH,Computer Science (all),-,-,-,-,-,-,-
PeerJ Materials Science,Journal,-,26916657,PeerJ Inc.,United States,ENGLISH,Materials Science (all),-,-,-,-,-,-,-
Peer-to-Peer Networking and Applications,Journal,19366442,19366450,Springer,United States,ENGLISH,Computer Networks and Communications,Software,-,-,-,-,-,-
Peptide Science,Journal,-,24758817,John Wiley and Sons Inc,United Kingdom,ENGLISH,Biochemistry,Biophysics,Organic Chemistry,Biomaterials,-,-,-,-
Performance Evaluation,Journal,01665316,-,Elsevier B.V.,Netherlands,ENGLISH,Computer Science (miscellaneous),Computer Networks and Communications,Computer Science Applications,Hardware and Architecture,Software,Modeling and Simulation,-,-
Performance Evaluation Review,Journal,01635999,-,Association for Computing Machinery,United States,ENGLISH,Computer Networks and Communications,Hardware and Architecture,Software,-,-,-,-,-
Periodica Polytechnica Chemical Engineering,Journal,03245853,15873765,Budapest University of Technology and Economics,Hungary,ENGLISH,Biotechnology,Chemical Engineering (all),Chemistry (all),Environmental Science (all),Materials Science (all),-,-,-
Periodica Polytechnica Civil Engineering,Journal,05536626,15873773,Budapest University of Technology and Economics,Hungary,ENGLISH,Earth and Planetary Sciences (miscellaneous),Geotechnical Engineering and Engineering Geology,Engineering (miscellaneous),Civil and Structural Engineering,-,-,-,-
Periodica Polytechnica Electrical Engineering and Computer Science,Journal,20645260,20645279,Budapest University of Technology and Economics,Hungary,ENGLISH,Computer Networks and Communications,Computer Science Applications,Information Systems,Signal Processing,Software,Electrical and Electronic Engineering,-,-
Periodica Polytechnica Mechanical Engineering,Journal,03246051,1587379X,Budapest University of Technology and Economics,Hungary,ENGLISH,Mechanical Engineering,-,-,-,-,-,-,-
Periodica Polytechnica Transportation Engineering,Journal,03037800,15873811,Budapest University of Technology and Economics,Hungary,ENGLISH,Aerospace Engineering,Automotive Engineering,Mechanical Engineering,Modeling and Simulation,-,-,-,-
Personal and Ubiquitous Computing,Journal,16174909,16174917,Springer Science and Business Media Deutschland GmbH,Switzerland,ENGLISH,Computer Science Applications,Hardware and Architecture,Management Science and Operations Research,Library and Information Sciences,-,-,-,-
Pervasive and Mobile Computing,Journal,15741192,-,Elsevier B.V.,Netherlands,ENGLISH,Computer Science (miscellaneous),Computer Networks and Communications,Computer Science Applications,Hardware and Architecture,Information Systems,Software,Applied Mathematics,-
Petroleum,Journal,24056561,24055816,KeAi Communications Co.,China,ENGLISH,Geochemistry and Petrology,Geology,Geotechnical Engineering and Engineering Geology,Energy Engineering and Power Technology,Fuel Technology,-,-,-
Petroleum Chemistry,Journal,09655441,15556239,Pleiades Publishing,Russian Federation,ENGLISH,Chemical Engineering (all),Chemistry (all),Geochemistry and Petrology,Energy Engineering and Power Technology,Fuel Technology,-,-,-
Petroleum Geoscience,Journal,13540793,-,Geological Society of London,United Kingdom,ENGLISH,Earth and Planetary Sciences (miscellaneous),Economic Geology,Geochemistry and Petrology,Geology,Fuel Technology,-,-,-
Petroleum Research,Journal,20962495,25241729,KeAi Publishing Communications Ltd.,China,ENGLISH,Geochemistry and Petrology,Geology,Energy Engineering and Power Technology,-,-,-,-,-
Petroleum Science,Journal,16725107,19958226,KeAi Communications Co.,China,ENGLISH,Economic Geology,Geochemistry and Petrology,Geology,Geophysics,Geotechnical Engineering and Engineering Geology,Energy Engineering and Power Technology,Fuel Technology,-
Petroleum Science and Technology,Journal,10916466,15322459,Taylor and Francis Ltd.,United States,ENGLISH,Chemical Engineering (all),Chemistry (all),Geotechnical Engineering and Engineering Geology,Energy Engineering and Power Technology,Fuel Technology,-,-,-
Petrophysics,Journal,15299074,-,Society of Petroleum Engineers (SPE),United States,ENGLISH,Geotechnical Engineering and Engineering Geology,-,-,-,-,-,-,-
Pharmaceutical Technology,Journal,15432521,21507376,UBM Medica Healthcare Publications,United States,ENGLISH,Biophysics,Pharmaceutical Science,-,-,-,-,-,-
Phase Transitions,Journal,01411594,10290338,Taylor and Francis Ltd.,United Kingdom,ENGLISH,Materials Science (all),Instrumentation,-,-,-,-,-,-
Philosophical Magazine,Journal,14786435,14786443,Taylor and Francis Ltd.,United Kingdom,ENGLISH,Condensed Matter Physics,-,-,-,-,-,-,-
Philosophical Magazine Letters,Journal,09500839,13623036,Taylor and Francis Ltd.,United Kingdom,ENGLISH,Condensed Matter Physics,-,-,-,-,-,-,-
"Philosophical Transactions of the Royal Society A: Mathematical, Physical and Engineering Sciences",Journal,1364503X,14712962,Royal Society Publishing,United Kingdom,ENGLISH,Engineering (all),Mathematics (all),Physics and Astronomy (all),-,-,-,-,-
Photoacoustics,Journal,22135979,-,Elsevier GmbH,Germany,ENGLISH,"Radiology, Nuclear Medicine and Imaging","Atomic and Molecular Physics, and Optics",-,-,-,-,-,-
"Photobiomodulation, Photomedicine, and Laser Surgery",Journal,-,25785478,SAGE Publications Ltd,United States,ENGLISH,Biomedical Engineering,"Radiology, Nuclear Medicine and Imaging",-,-,-,-,-,-
Photochemical and Photobiological Sciences,Journal,1474905X,14749092,Springer Nature,Switzerland,ENGLISH,Biophysics,Chemistry (all),Physical and Theoretical Chemistry,Radiation,-,-,-,-
Photogrammetric Engineering and Remote Sensing,Journal,00991112,-,American Society for Photogrammetry and Remote Sensing,United States,ENGLISH,Computers in Earth Sciences,-,-,-,-,-,-,-
Photogrammetric Record,Journal,0031868X,14779730,John Wiley and Sons Inc,United Kingdom,ENGLISH,Computer Science Applications,Earth and Planetary Sciences (miscellaneous),Computers in Earth Sciences,Engineering (miscellaneous),-,-,-,-
Photonic Network Communications,Journal,1387974X,15728188,Springer,United States,ENGLISH,Computer Networks and Communications,Hardware and Architecture,Software,Electrical and Electronic Engineering,"Atomic and Molecular Physics, and Optics",-,-,-
Photonic Sensors,Journal,16749251,21907439,Tsinghua University Press,Germany,ENGLISH,"Electronic, Optical and Magnetic Materials","Atomic and Molecular Physics, and Optics",-,-,-,-,-,-
Photonics,Journal,-,23046732,Multidisciplinary Digital Publishing Institute (MDPI),Switzerland,ENGLISH,"Radiology, Nuclear Medicine and Imaging",Instrumentation,"Atomic and Molecular Physics, and Optics",-,-,-,-,-
Photonics and Nanostructures - Fundamentals and Applications,Journal,15694410,15694429,Elsevier B.V.,Netherlands,ENGLISH,Hardware and Architecture,Electrical and Electronic Engineering,"Electronic, Optical and Magnetic Materials",Condensed Matter Physics,"Atomic and Molecular Physics, and Optics",-,-,-
Photonics Letters of Poland,Journal,-,20802242,Photonics Society of Poland,Poland,ENGLISH,"Electronic, Optical and Magnetic Materials",-,-,-,-,-,-,-
"Photonics North, PN",Journal,26938324,26938316,Institute of Electrical and Electronics Engineers Inc.,United States,ENGLISH,Hardware and Architecture,Electrical and Electronic Engineering,"Electronic, Optical and Magnetic Materials","Atomic and Molecular Physics, and Optics",-,-,-,-
Photonics Research,Journal,23279125,-,Optica Publishing Group (formerly OSA),United States,ENGLISH,"Electronic, Optical and Magnetic Materials","Atomic and Molecular Physics, and Optics",-,-,-,-,-,-
PhotonicsViews,Journal,26261294,26261308,John Wiley and Sons Inc,United States,ENGLISH,"Electronic, Optical and Magnetic Materials","Atomic and Molecular Physics, and Optics",-,-,-,-,-,-
PhotoniX,Journal,-,26621991,Springer Nature,China,ENGLISH,Engineering (miscellaneous),Electrical and Electronic Engineering,"Atomic and Molecular Physics, and Optics",-,-,-,-,-
Photosynthesis Research,Journal,01668595,15735079,Springer,Netherlands,ENGLISH,Plant Science,Biochemistry,Cell Biology,-,-,-,-,-
Physica A: Statistical Mechanics and its Applications,Journal,03784371,-,Elsevier B.V.,Netherlands,ENGLISH,Statistics and Probability,Condensed Matter Physics,Statistical and Nonlinear Physics,-,-,-,-,-
Physica B: Condensed Matter,Journal,09214526,-,Elsevier B.V.,Netherlands,ENGLISH,Electrical and Electronic Engineering,"Electronic, Optical and Magnetic Materials",Condensed Matter Physics,-,-,-,-,-
Physica C: Superconductivity and its Applications,Journal,09214534,18732143,Elsevier B.V.,Netherlands,ENGLISH,Energy Engineering and Power Technology,Electrical and Electronic Engineering,"Electronic, Optical and Magnetic Materials",Condensed Matter Physics,-,-,-,-
Physica D: Nonlinear Phenomena,Journal,01672789,-,Elsevier B.V.,Netherlands,ENGLISH,Applied Mathematics,Mathematical Physics,Condensed Matter Physics,Statistical and Nonlinear Physics,-,-,-,-
Physica E: Low-Dimensional Systems and Nanostructures,Journal,13869477,-,Elsevier B.V.,Netherlands,ENGLISH,"Electronic, Optical and Magnetic Materials",Condensed Matter Physics,"Atomic and Molecular Physics, and Optics",-,-,-,-,-
Physica Scripta,Journal,00318949,14024896,Institute of Physics,United Kingdom,ENGLISH,Mathematical Physics,Condensed Matter Physics,"Atomic and Molecular Physics, and Optics",-,-,-,-,-
Physica Status Solidi - Rapid Research Letters,Journal,18626254,18626270,John Wiley and Sons Inc,Germany,ENGLISH,Materials Science (all),Condensed Matter Physics,-,-,-,-,-,-
Physica Status Solidi (A) Applications and Materials Science,Journal,18626300,18626319,John Wiley and Sons Inc,Germany,ENGLISH,Electrical and Electronic Engineering,"Electronic, Optical and Magnetic Materials",Materials Chemistry,"Surfaces, Coatings and Films",Condensed Matter Physics,Surfaces and Interfaces,-,-
Physica Status Solidi (B): Basic Research,Journal,03701972,15213951,John Wiley and Sons Inc,Germany,ENGLISH,"Electronic, Optical and Magnetic Materials",Condensed Matter Physics,-,-,-,-,-,-
Physica Status Solidi (C) Current Topics in Solid State Physics,Journal,18626351,16101642,John Wiley and Sons Inc,Germany,ENGLISH,Condensed Matter Physics,-,-,-,-,-,-,-
Physical and Engineering Sciences in Medicine,Journal,26624729,26624737,Springer Science and Business Media Deutschland GmbH,Switzerland,ENGLISH,Biophysics,Biotechnology,Biomedical Engineering,"Radiology, Nuclear Medicine and Imaging",Physics and Astronomy (all),Instrumentation,Radiological and Ultrasound Technology,-
Physical Chemistry Chemical Physics,Journal,14639076,-,Royal Society of Chemistry,United Kingdom,ENGLISH,Physical and Theoretical Chemistry,Physics and Astronomy (all),-,-,-,-,-,-
Physical Communication,Journal,18744907,-,Elsevier B.V.,Netherlands,ENGLISH,Electrical and Electronic Engineering,Physics and Astronomy (all),-,-,-,-,-,-
Physical Mesomechanics,Journal,10299599,19905424,Pleiades Publishing,Russian Federation,ENGLISH,Mechanics of Materials,Materials Science (all),Condensed Matter Physics,Surfaces and Interfaces,-,-,-,-
Physical Review A,Journal,24699926,24699934,American Physical Society,United States,ENGLISH,"Atomic and Molecular Physics, and Optics",-,-,-,-,-,-,-
Physical Review Applied,Journal,-,23317019,American Physical Society,United States,ENGLISH,Physics and Astronomy (all),-,-,-,-,-,-,-
Physical Review B,Journal,24699950,24699969,American Physical Society,United States,ENGLISH,"Electronic, Optical and Magnetic Materials",Condensed Matter Physics,-,-,-,-,-,-
Physical Review E,Journal,24700045,24700053,American Physical Society,United States,ENGLISH,Statistics and Probability,Condensed Matter Physics,Statistical and Nonlinear Physics,-,-,-,-,-
Physical Review Fluids,Journal,-,2469990X,American Physical Society,United States,ENGLISH,Fluid Flow and Transfer Processes,Computational Mechanics,Modeling and Simulation,-,-,-,-,-
Physical Review Letters,Journal,00319007,10797114,American Physical Society,United States,ENGLISH,Physics and Astronomy (all),-,-,-,-,-,-,-
Physical Review Materials,Journal,-,24759953,American Physical Society,United States,ENGLISH,Materials Science (all),Physics and Astronomy (miscellaneous),-,-,-,-,-,-
Physical Review Research,Journal,26431564,-,American Physical Society,United States,ENGLISH,Physics and Astronomy (all),-,-,-,-,-,-,-
Physical Review X,Journal,-,21603308,American Physical Society,United States,ENGLISH,Physics and Astronomy (all),-,-,-,-,-,-,-
Physics and Chemistry of Glasses: European Journal of Glass Science and Technology Part B,Journal,17533562,-,Society of Glass Technology,United Kingdom,ENGLISH,Physical and Theoretical Chemistry,"Electronic, Optical and Magnetic Materials",Materials Chemistry,Condensed Matter Physics,-,-,-,-
Physics and Chemistry of Liquids,Journal,00319104,10290451,Taylor and Francis Ltd.,United Kingdom,ENGLISH,Physical and Theoretical Chemistry,"Electronic, Optical and Magnetic Materials",Materials Chemistry,Condensed Matter Physics,-,-,-,-
Physics and Chemistry of Minerals,Journal,03421791,14322021,Springer Science and Business Media Deutschland GmbH,Germany,ENGLISH,Geochemistry and Petrology,Materials Science (all),-,-,-,-,-,-
Physics and Chemistry of the Earth,Journal,14747065,-,Elsevier Ltd,United Kingdom,ENGLISH,Geochemistry and Petrology,Geophysics,-,-,-,-,-,-
Physics in Medicine and Biology,Journal,00319155,13616560,Institute of Physics,United Kingdom,ENGLISH,"Radiology, Nuclear Medicine and Imaging",Radiological and Ultrasound Technology,-,-,-,-,-,-
"Physics Letters, Section A: General, Atomic and Solid State Physics",Journal,03759601,-,Elsevier B.V.,Netherlands,ENGLISH,Physics and Astronomy (all),-,-,-,-,-,-,-
Physics of Fluids,Journal,10706631,10897666,American Institute of Physics,United States,ENGLISH,Fluid Flow and Transfer Processes,Computational Mechanics,Mechanical Engineering,Mechanics of Materials,Condensed Matter Physics,-,-,-
Physics of Life Reviews,Journal,15710645,18731457,Elsevier B.V.,Netherlands,ENGLISH,Agricultural and Biological Sciences (all),Artificial Intelligence,Physics and Astronomy (all),-,-,-,-,-
Physics of Metals and Metallography,Journal,0031918X,15556190,Pleiades Publishing,Russian Federation,ENGLISH,Materials Chemistry,Condensed Matter Physics,-,-,-,-,-,-
Physics of Plasmas,Journal,1070664X,10897674,American Institute of Physics,United States,ENGLISH,Condensed Matter Physics,-,-,-,-,-,-,-
Physics of the Earth and Planetary Interiors,Journal,00319201,18727395,Elsevier B.V.,Netherlands,ENGLISH,Geophysics,Space and Planetary Science,Physics and Astronomy (miscellaneous),Astronomy and Astrophysics,-,-,-,-
Physics-Uspekhi,Journal,10637869,14684780,Uspekhi Fizicheskikh Nauk,Russian Federation,ENGLISH,Physics and Astronomy (all),-,-,-,-,-,-,-
Physiological Measurement,Journal,09673334,13616579,Institute of Physics,United Kingdom,ENGLISH,Biophysics,Physiology,Biomedical Engineering,Physiology (medical),-,-,-,-
Phytochemical Analysis,Journal,09580344,10991565,John Wiley and Sons Ltd,United Kingdom,ENGLISH,Food Science,Plant Science,Biochemistry,Molecular Medicine,Analytical Chemistry,Complementary and Alternative Medicine,Drug Discovery,-
Pigment and Resin Technology,Journal,03699420,17586941,Emerald Publishing,United Kingdom,ENGLISH,Materials Chemistry,"Surfaces, Coatings and Films",-,-,-,-,-,-
Planetary and Space Science,Journal,00320633,-,Elsevier Ltd,United Kingdom,ENGLISH,Space and Planetary Science,Astronomy and Astrophysics,-,-,-,-,-,-
"Plant Cell, Tissue and Organ Culture",Journal,01676857,15735044,Springer Science and Business Media B.V.,Netherlands,ENGLISH,Horticulture,-,-,-,-,-,-,-
Plant Journal,Journal,09607412,1365313X,John Wiley and Sons Inc,United Kingdom,ENGLISH,Plant Science,Cell Biology,Genetics,-,-,-,-,-
Plant Nano Biology,Journal,-,27731111,Elsevier B.V.,Netherlands,ENGLISH,Agronomy and Crop Science,Plant Science,-,-,-,-,-,-
Plant Phenomics,Journal,-,26436515,Elsevier B.V.,Netherlands,ENGLISH,Agronomy and Crop Science,Plant Science,Conservation,Literature and Literary Theory,Music,-,-,-
Plasma and Fusion Research,Journal,-,18806821,Japan Society of Plasma Science and Nuclear Fusion Research,Japan,ENGLISH,Condensed Matter Physics,-,-,-,-,-,-,-
Plasma Chemistry and Plasma Processing,Journal,02724324,15728986,Springer,United States,ENGLISH,Chemical Engineering (all),Chemistry (all),"Surfaces, Coatings and Films",Condensed Matter Physics,-,-,-,-
Plasma Medicine,Journal,19475764,19475772,Begell House Inc.,United States,ENGLISH,Biomedical Engineering,Physics and Astronomy (all),-,-,-,-,-,-
Plasma Physics and Controlled Fusion,Journal,07413335,13616587,Institute of Physics,United Kingdom,ENGLISH,Nuclear Energy and Engineering,Condensed Matter Physics,-,-,-,-,-,-
Plasma Processes and Polymers,Journal,16128850,16128869,John Wiley and Sons Inc,Germany,ENGLISH,Polymers and Plastics,Condensed Matter Physics,-,-,-,-,-,-
Plasma Science and Technology,Journal,10090630,20586272,Institute of Physics,United Kingdom,ENGLISH,Condensed Matter Physics,-,-,-,-,-,-,-
Plasma Sources Science and Technology,Journal,09630252,13616595,Institute of Physics,United Kingdom,ENGLISH,Condensed Matter Physics,-,-,-,-,-,-,-
Plastics Engineering,Journal,00919578,19419635,Society of Plastics Engineers,United States,ENGLISH,Chemical Engineering (all),Materials Chemistry,Polymers and Plastics,-,-,-,-,-
"Plastics, Rubber and Composites",Journal,14658011,17432898,SAGE Publications Ltd,United Kingdom,ENGLISH,Chemical Engineering (all),Ceramics and Composites,Materials Chemistry,Polymers and Plastics,-,-,-,-
PLOS Computational Biology,Journal,1553734X,15537358,Public Library of Science,United States,ENGLISH,"Ecology, Evolution, Behavior and Systematics",Genetics,Molecular Biology,Computational Theory and Mathematics,Ecology,Modeling and Simulation,Cellular and Molecular Neuroscience,-
Polimeros,Journal,01041428,16785169,Associacao Brasileira de Polimeros,Brazil,PORTUGUESE,Chemical Engineering (miscellaneous),Organic Chemistry,-,-,-,-,-,-
Polimery/Polymers,Journal,00322725,-,Industrial Chemistry Research Institute,Poland,ENGLISH,Chemical Engineering (all),Materials Chemistry,Polymers and Plastics,-,-,-,-,-
Polish Maritime Research,Journal,12332585,20837429,Paradigm Publishing Services,Poland,ENGLISH,Mechanical Engineering,Ocean Engineering,-,-,-,-,-,-
Polycyclic Aromatic Compounds,Journal,10406638,15635333,Taylor and Francis Ltd.,United Kingdom,ENGLISH,Organic Chemistry,Materials Chemistry,Polymers and Plastics,-,-,-,-,-
Polyhedron,Journal,02775387,-,Elsevier Ltd,United Kingdom,ENGLISH,Inorganic Chemistry,Physical and Theoretical Chemistry,Materials Chemistry,-,-,-,-,-
Polymer,Journal,00323861,-,Elsevier Ltd,United Kingdom,ENGLISH,Organic Chemistry,Materials Chemistry,Polymers and Plastics,-,-,-,-,-
Polymer Bulletin,Journal,01700839,14362449,Springer Science and Business Media Deutschland GmbH,Germany,ENGLISH,Chemistry (all),Materials Chemistry,Polymers and Plastics,Condensed Matter Physics,-,-,-,-
Polymer Chemistry,Journal,17599954,17599962,Royal Society of Chemistry,United Kingdom,ENGLISH,Biochemistry,Bioengineering,Organic Chemistry,Biomedical Engineering,Polymers and Plastics,-,-,-
Polymer Composites,Journal,02728397,15480569,John Wiley and Sons Inc,United States,ENGLISH,Chemistry (all),Ceramics and Composites,Materials Chemistry,Polymers and Plastics,-,-,-,-
Polymer Degradation and Stability,Journal,01413910,-,Elsevier Ltd,United Kingdom,ENGLISH,Mechanics of Materials,Materials Chemistry,Polymers and Plastics,Condensed Matter Physics,-,-,-,-
Polymer Engineering and Science,Journal,00323888,15482634,John Wiley and Sons Inc,United States,ENGLISH,Chemistry (all),Engineering (all),Materials Chemistry,Polymers and Plastics,-,-,-,-
Polymer International,Journal,09598103,10970126,John Wiley and Sons Ltd,United Kingdom,ENGLISH,Organic Chemistry,Materials Chemistry,Polymers and Plastics,-,-,-,-,-
Polymer Journal,Journal,00323896,13490540,Springer Nature,United Kingdom,ENGLISH,Materials Chemistry,Polymers and Plastics,-,-,-,-,-,-
Polymer Reviews,Journal,15583724,15583716,Taylor and Francis Ltd.,United States,ENGLISH,Chemistry (all),"Renewable Energy, Sustainability and the Environment",Biomedical Engineering,Electrical and Electronic Engineering,"Electronic, Optical and Magnetic Materials",Materials Chemistry,Polymers and Plastics,-
Polymer Science - Series A,Journal,0965545X,15556107,Pleiades Publishing,Russian Federation,ENGLISH,Materials Chemistry,Polymers and Plastics,-,-,-,-,-,-
Polymer Science - Series B,Journal,15600904,15556123,Pleiades Publishing,Russian Federation,ENGLISH,Ceramics and Composites,Materials Chemistry,Polymers and Plastics,-,-,-,-,-
Polymer Science - Series C,Journal,18112382,1555614X,Pleiades Publishing,Russian Federation,ENGLISH,Chemistry (all),Materials Chemistry,Polymers and Plastics,-,-,-,-,-
Polymer Science - Series D,Journal,19954212,19954220,Pleiades Publishing,Russian Federation,ENGLISH,Chemical Engineering (all),Chemistry (all),Polymers and Plastics,-,-,-,-,-
Polymer Science and Technology,Journal,-,29973279,American Chemical Society,United States,ENGLISH,Metals and Alloys,Polymers and Plastics,-,-,-,-,-,-
Polymer Testing,Journal,01429418,-,Elsevier Ltd,United Kingdom,ENGLISH,Organic Chemistry,Polymers and Plastics,-,-,-,-,-,-
Polymer-Plastics Technology and Materials,Journal,25740881,2574089X,Taylor and Francis Ltd.,United States,ENGLISH,Chemical Engineering (all),Materials Science (miscellaneous),Materials Chemistry,Polymers and Plastics,-,-,-,-
Polymers,Journal,-,20734360,Multidisciplinary Digital Publishing Institute (MDPI),Switzerland,ENGLISH,Chemistry (all),Polymers and Plastics,-,-,-,-,-,-
Polymers and Polymer Composites,Journal,09673911,14782391,SAGE Publications Ltd,United Kingdom,ENGLISH,Ceramics and Composites,Materials Chemistry,Polymers and Plastics,-,-,-,-,-
Polymers for Advanced Technologies,Journal,10427147,10991581,John Wiley and Sons Ltd,United Kingdom,ENGLISH,Polymers and Plastics,-,-,-,-,-,-,-
Polymers from Renewable Resources,Journal,20412479,20451377,SAGE Publications Ltd,United Kingdom,ENGLISH,Polymers and Plastics,-,-,-,-,-,-,-
Polyoxometalates,Journal,29579821,29579503,Tsinghua University Press,China,ENGLISH,Chemistry (miscellaneous),Inorganic Chemistry,Physical and Theoretical Chemistry,-,-,-,-,-
Powder Diffraction,Journal,08857156,19457413,Cambridge University Press,United States,ENGLISH,Materials Science (all),Condensed Matter Physics,Instrumentation,Radiation,-,-,-,-
Powder Metallurgy,Journal,00325899,17432901,SAGE Publications Ltd,United Kingdom,ENGLISH,Mechanics of Materials,Ceramics and Composites,Materials Chemistry,Metals and Alloys,Condensed Matter Physics,-,-,-
Powder Metallurgy and Metal Ceramics,Journal,10681302,15739066,Springer,United States,ENGLISH,Mechanics of Materials,Ceramics and Composites,Materials Chemistry,Metals and Alloys,Condensed Matter Physics,-,-,-
Powder Technology,Journal,00325910,1873328X,Elsevier B.V.,Netherlands,ENGLISH,Chemical Engineering (all),-,-,-,-,-,-,-
Power Electronic Devices and Components,Journal,-,27723704,Elsevier B.V.,Netherlands,ENGLISH,Computer Science (miscellaneous),Engineering (miscellaneous),Electrical and Electronic Engineering,Physics and Astronomy (miscellaneous),-,-,-,-
Practical Metallography,Journal,0032678X,21958599,Walter de Gruyter GmbH,Germany,ENGLISH/GERMAN,Mechanics of Materials,"Electronic, Optical and Magnetic Materials",Metals and Alloys,Condensed Matter Physics,-,-,-,-
Pramana - Journal of Physics,Journal,03044289,09737111,Springer,India,ENGLISH,Physics and Astronomy (all),-,-,-,-,-,-,-
Precision Engineering,Journal,01416359,-,Elsevier Inc.,United States,ENGLISH,Engineering (all),-,-,-,-,-,-,-
Presence: Teleoperators and Virtual Environments,Journal,10547460,15313263,Massachusetts Institute of Technology,United States,ENGLISH,Computer Vision and Pattern Recognition,Human-Computer Interaction,Software,Control and Systems Engineering,-,-,-,-
Probabilistic Engineering Mechanics,Journal,02668920,18784275,Elsevier Ltd,United Kingdom,ENGLISH,Nuclear Energy and Engineering,Aerospace Engineering,Civil and Structural Engineering,Mechanical Engineering,Ocean Engineering,Condensed Matter Physics,Statistical and Nonlinear Physics,-
Probability in the Engineering and Informational Sciences,Journal,02699648,14698951,Cambridge University Press,United States,ENGLISH,Management Science and Operations Research,"Statistics, Probability and Uncertainty",Industrial and Manufacturing Engineering,Statistics and Probability,-,-,-,-
Problems of Information Transmission,Journal,00329460,16083253,Pleiades Publishing,Russian Federation,ENGLISH,Computer Networks and Communications,Computer Science Applications,Information Systems,-,-,-,-,-
"Proceeding of the IEEE International Conference on Smart Instrumentation, Measurement and Applications, ICSIMA",Journal,26406543,26406535,Institute of Electrical and Electronics Engineers Inc.,United States,ENGLISH,Artificial Intelligence,Computer Networks and Communications,Computer Science Applications,Instrumentation,-,-,-,-
"Proceeding of the WRC Symposium on Advanced Robotics and Automation, WRC SARA",Journal,28353366,28353358,Institute of Electrical and Electronics Engineers Inc.,United States,ENGLISH,Artificial Intelligence,Computer Science Applications,Biomedical Engineering,Control and Optimization,-,-,-,-
"Proceedings - IEEE International Conference on Advanced Video and Signal-Based Surveillance, AVSS",Journal,-,26436213,Institute of Electrical and Electronics Engineers Inc.,United States,ENGLISH,Artificial Intelligence,Computer Vision and Pattern Recognition,Signal Processing,Media Technology,-,-,-,-
"Proceedings - International Conference on Electronics Technology, ICET",Journal,27686493,27686515,Institute of Electrical and Electronics Engineers Inc.,United States,ENGLISH,Electrical and Electronic Engineering,"Electronic, Optical and Magnetic Materials",Modeling and Simulation,Instrumentation,-,-,-,-
"Proceedings - International Conference on Energy Research and Development, ICERD",Journal,-,26422727,American Society of Heating Refrigerating and Air-Conditioning Engineers,United States,ENGLISH,Energy Engineering and Power Technology,"Renewable Energy, Sustainability and the Environment",-,-,-,-,-,-
"Proceedings - International Seminar on Intelligent Technology and its Applications, ISITIA",Journal,-,27695492,Institute of Electrical and Electronics Engineers Inc.,United States,ENGLISH,Artificial Intelligence,Computer Networks and Communications,Computer Science Applications,Computer Vision and Pattern Recognition,"Renewable Energy, Sustainability and the Environment",Instrumentation,-,-
"Proceedings - Swiss Conference on Data Science, SDS",Journal,28353412,28353420,Institute of Electrical and Electronics Engineers Inc.,United States,ENGLISH,Artificial Intelligence,Information Systems,Information Systems and Management,-,-,-,-,-
"Proceedings of IEEE Games, Entertainment and Media Conference, GEM",Journal,28315510,27666530,Institute of Electrical and Electronics Engineers Inc.,United States,ENGLISH,Artificial Intelligence,Human-Computer Interaction,Media Technology,Modeling and Simulation,-,-,-,-
Proceedings of Institution of Civil Engineers: Construction Materials,Journal,1747650X,17476518,Emerald Publishing,United Kingdom,ENGLISH,Civil and Structural Engineering,Mechanics of Materials,Materials Science (all),-,-,-,-,-
Proceedings of Institution of Civil Engineers: Energy,Journal,17514223,17514231,Emerald Publishing,United Kingdom,ENGLISH,Energy (all),Energy Engineering and Power Technology,"Renewable Energy, Sustainability and the Environment",-,-,-,-,-
"Proceedings of Institution of Civil Engineers: Management, Procurement and Law",Journal,17514304,17514312,Emerald Publishing,United Kingdom,ENGLISH,"Business, Management and Accounting (all)",Civil and Structural Engineering,"Safety, Risk, Reliability and Quality",-,-,-,-,-
Proceedings of Institution of Civil Engineers: Waste and Resource Management,Journal,17476526,17476534,Emerald Publishing,United Kingdom,ENGLISH,Civil and Structural Engineering,Waste Management and Disposal,-,-,-,-,-,-
"Proceedings of Papers, TELSIKS",Journal,-,29950651,Institute of Electrical and Electronics Engineers Inc.,United States,ENGLISH,Computer Networks and Communications,Hardware and Architecture,Information Systems,Information Systems and Management,-,-,-,-
Proceedings of the ACM on Computer Graphics and Interactive Techniques,Journal,-,25776193,Association for Computing Machinery,United States,ENGLISH,Computer Graphics and Computer-Aided Design,Computer Science Applications,-,-,-,-,-,-
Proceedings of the ACM on Human-Computer Interaction,Journal,-,25730142,Association for Computing Machinery,United States,ENGLISH,Computer Networks and Communications,Human-Computer Interaction,Social Sciences (miscellaneous),-,-,-,-,-
"Proceedings of the ACM on Interactive, Mobile, Wearable and Ubiquitous Technologies",Journal,-,24749567,Association for Computing Machinery,United States,ENGLISH,Computer Networks and Communications,Hardware and Architecture,Human-Computer Interaction,-,-,-,-,-
Proceedings of the ACM on Measurement and Analysis of Computing Systems,Journal,-,24761249,Association for Computing Machinery,United States,ENGLISH,Computer Science (miscellaneous),Computer Networks and Communications,Hardware and Architecture,"Safety, Risk, Reliability and Quality",-,-,-,-
Proceedings of the ACM on Programming Languages,Journal,-,24751421,Association for Computing Machinery,United States,ENGLISH,Software,"Safety, Risk, Reliability and Quality",-,-,-,-,-,-
"Proceedings of the Annual International Conference on Control, Automation and Robotics, ICCAR",Journal,22512454,22512446,Institute of Electrical and Electronics Engineers Inc.,United States,ENGLISH,Artificial Intelligence,Computer Science Applications,Media Technology,Control and Optimization,Modeling and Simulation,-,-,-
"Proceedings of the Annual Symposium of the Ultrasonic Industry Association, UIA",Journal,2162349X,21623503,Institute of Electrical and Electronics Engineers Inc.,United States,ENGLISH,Acoustics and Ultrasonics,-,-,-,-,-,-,-
Proceedings of the Association for Information Science and Technology,Journal,-,23739231,John Wiley and Sons Inc,United States,ENGLISH,Computer Science (all),Library and Information Sciences,-,-,-,-,-,-
"Proceedings of the Austrian Workshop on Microelectronics, Austrochip",Journal,26898152,26898144,Institute of Electrical and Electronics Engineers Inc.,United States,ENGLISH,Software,Electrical and Electronic Engineering,-,-,-,-,-,-
Proceedings of the Combustion Institute,Journal,15407489,-,Elsevier Ltd,United Kingdom,ENGLISH,Chemical Engineering (all),Physical and Theoretical Chemistry,Mechanical Engineering,-,-,-,-,-
Proceedings of the Estonian Academy of Sciences,Journal,17366046,17367530,Estonian Academy Publishers,Estonia,ENGLISH,Engineering (all),-,-,-,-,-,-,-
"Proceedings of the Euromicro Conference on Software Engineering and Advanced Applications, EUROMICRO-SEAA",Journal,2640592X,23769521,Institute of Electrical and Electronics Engineers Inc.,United States,ENGLISH,Artificial Intelligence,Computer Science Applications,Software,-,-,-,-,-
Proceedings of the IEEE,Journal,00189219,15582256,Institute of Electrical and Electronics Engineers Inc.,United States,ENGLISH,Computer Science (all),Electrical and Electronic Engineering,-,-,-,-,-,-
"Proceedings of the IEEE Central America and Panama Convention, CONCAPAN",Journal,29960886,26877244,Institute of Electrical and Electronics Engineers Inc.,United States,ENGLISH,Artificial Intelligence,Computer Networks and Communications,Computer Vision and Pattern Recognition,Information Systems and Management,Energy Engineering and Power Technology,"Renewable Energy, Sustainability and the Environment",Electrical and Electronic Engineering,-
"Proceedings of the IEEE Conference on Systems, Process and Control, ICSPC",Journal,27698378,27697916,Institute of Electrical and Electronics Engineers Inc.,United States,ENGLISH,Artificial Intelligence,Computer Science Applications,Information Systems,Information Systems and Management,"Safety, Risk, Reliability and Quality",Control and Optimization,Modeling and Simulation,Education
"Proceedings of the IEEE Dallas Circuits and Systems Conference, DCAS",Journal,2994578X,27665186,Institute of Electrical and Electronics Engineers Inc.,United States,ENGLISH,Hardware and Architecture,Electrical and Electronic Engineering,"Safety, Risk, Reliability and Quality",Modeling and Simulation,-,-,-,-
"Proceedings of the IEEE International Conference on Big Data and Smart Computing, BIGCOMP",Journal,2375933X,23759356,Institute of Electrical and Electronics Engineers Inc.,United States,ENGLISH,Artificial Intelligence,Computational Theory and Mathematics,Computer Networks and Communications,Computer Science Applications,Computer Vision and Pattern Recognition,Information Systems,-,-
"Proceedings of the IEEE International Conference on Big Data Computing Service and Applications, BigDataService",Journal,2690828X,29962269,Institute of Electrical and Electronics Engineers Inc.,United States,ENGLISH,Artificial Intelligence,Computer Science Applications,Information Systems and Management,"Statistics, Probability and Uncertainty",Modeling and Simulation,-,-,-
"Proceedings of the IEEE International Conference on Big Data, BigData",Journal,-,25732978,Institute of Electrical and Electronics Engineers Inc.,United States,ENGLISH,Artificial Intelligence,Computer Networks and Communications,Computer Science Applications,Information Systems,Information Systems and Management,"Safety, Risk, Reliability and Quality",-,-
"Proceedings of the IEEE International Conference on Computer and Communications, ICCC",Journal,-,28377109,Institute of Electrical and Electronics Engineers Inc.,United States,ENGLISH,Computer Networks and Communications,Computer Science Applications,Signal Processing,Energy Engineering and Power Technology,Control and Optimization,Instrumentation,"Atomic and Molecular Physics, and Optics",-
"Proceedings of the IEEE International Conference on Computer Communication and the Internet, ICCCI",Journal,28332342,28332350,Institute of Electrical and Electronics Engineers Inc.,United States,ENGLISH,Artificial Intelligence,Computer Networks and Communications,Computer Science Applications,Signal Processing,Information Systems and Management,-,-,-
Proceedings of the IEEE International Conference on Control Science and Systems Engineering/ICCSSE,Journal,-,28321871,Institute of Electrical and Electronics Engineers Inc.,United States,ENGLISH,Artificial Intelligence,Aerospace Engineering,Control and Systems Engineering,Control and Optimization,Modeling and Simulation,-,-,-
"Proceedings of the IEEE International Conference on Cybernetics and Intelligent Systems, CIS",Journal,23268123,23268239,Institute of Electrical and Electronics Engineers Inc.,United States,ENGLISH,Artificial Intelligence,Computer Science Applications,Electrical and Electronic Engineering,Mechanical Engineering,Control and Optimization,-,-,-
"Proceedings of the IEEE International Conference on Fog and Edge Computing, ICFEC",Journal,26943263,26943255,Institute of Electrical and Electronics Engineers Inc.,United States,ENGLISH,Computer Networks and Communications,Hardware and Architecture,Information Systems and Management,-,-,-,-,-
"Proceedings of the IEEE International Conference on High Performance Computing, Data, and Analytics Workshops, HiPCW",Journal,27700151,27700135,Institute of Electrical and Electronics Engineers Inc.,United States,ENGLISH,Computer Science Applications,Information Systems,Software,Information Systems and Management,-,-,-,-
"Proceedings of the IEEE International Conference on Pervasive Computing and Communications, PerCom",Journal,24742503,2474249X,Institute of Electrical and Electronics Engineers Inc.,United States,ENGLISH,Computational Theory and Mathematics,Software,Theoretical Computer Science,-,-,-,-,-
"Proceedings of the IEEE International Conference on Service Operations and Logistics, and Informatics, SOLI",Journal,28326547,27681890,Institute of Electrical and Electronics Engineers Inc.,United States,ENGLISH,Computer Networks and Communications,Information Systems,Information Systems and Management,Management Science and Operations Research,"Safety, Risk, Reliability and Quality",-,-,-
"Proceedings of the IEEE International Conference on Trust, Security and Privacy in Computing and Communications, TrustCom",Journal,2324898X,23249013,Institute of Electrical and Electronics Engineers Inc.,United States,ENGLISH,Artificial Intelligence,Computer Networks and Communications,Hardware and Architecture,Information Systems and Management,"Safety, Risk, Reliability and Quality",-,-,-
"Proceedings of the IEEE International Conference on Web Services, ICWS",Journal,28363876,28363868,Institute of Electrical and Electronics Engineers Inc.,United States,ENGLISH,Artificial Intelligence,Computer Networks and Communications,Computer Science Applications,Information Systems,Information Systems and Management,-,-,-
"Proceedings of the IEEE International Multi Topic Conference, INMIC",Journal,28358848,28358864,Institute of Electrical and Electronics Engineers Inc.,United States,ENGLISH,Artificial Intelligence,Computer Science Applications,Computer Vision and Pattern Recognition,Energy Engineering and Power Technology,Ceramics and Composites,Control and Optimization,Modeling and Simulation,Instrumentation
"Proceedings of the IEEE International Parallel and Distributed Processing Symposium, IPDPS",Journal,-,15302075,Institute of Electrical and Electronics Engineers Inc.,United States,ENGLISH,Artificial Intelligence,Computer Networks and Communications,Computer Science Applications,Hardware and Architecture,-,-,-,-
"Proceedings of the IEEE International Symposium on Hardware Oriented Security and Trust, HOST",Journal,28355709,27658406,Institute of Electrical and Electronics Engineers Inc.,United States,ENGLISH,Artificial Intelligence,Hardware and Architecture,"Safety, Risk, Reliability and Quality",-,-,-,-,-
"Proceedings of the IEEE International Workshop on Integrated Power Packaging, IWIPP",Journal,28348362,28348370,Institute of Electrical and Electronics Engineers Inc.,United States,ENGLISH,Energy Engineering and Power Technology,Electrical and Electronic Engineering,"Electronic, Optical and Magnetic Materials",-,-,-,-,-
"Proceedings of the IEEE MTT-S International Microwave Workshop Series on Advanced Materials and Processes for RF and THz Applications, IMWS-AMP",Journal,27669564,26942992,Institute of Electrical and Electronics Engineers Inc.,United States,ENGLISH,Computer Networks and Communications,Electrical and Electronic Engineering,"Electronic, Optical and Magnetic Materials","Surfaces, Coatings and Films",Instrumentation,Radiation,Surfaces and Interfaces,-
"Proceedings of the IEEE Power India International Conference, PIICON",Journal,26425297,26425289,Institute of Electrical and Electronics Engineers Inc.,United States,ENGLISH,Computer Networks and Communications,Energy Engineering and Power Technology,"Renewable Energy, Sustainability and the Environment",Electrical and Electronic Engineering,"Geography, Planning and Development",-,-,-
"Proceedings of the IEEE Workshop on Electrical Machines Design, Control and Diagnosis, WEMDCD",Journal,26940264,2380856X,Institute of Electrical and Electronics Engineers Inc.,United States,ENGLISH,Electrical and Electronic Engineering,Mechanical Engineering,Control and Optimization,-,-,-,-,-
"Proceedings of the IEEE World Forum on Internet of Things, WF-IoT",Journal,-,27681734,Institute of Electrical and Electronics Engineers Inc.,United States,ENGLISH,Artificial Intelligence,Computer Networks and Communications,Hardware and Architecture,Information Systems,Information Systems and Management,Control and Optimization,-,-
"Proceedings of the IEEE-APS Topical Conference on Antennas and Propagation in Wireless Communications, APWC",Journal,28352378,2766287X,Institute of Electrical and Electronics Engineers Inc.,United States,ENGLISH,Computer Networks and Communications,Electrical and Electronic Engineering,Instrumentation,Radiation,-,-,-,-
Proceedings of the Indian Academy of Sciences: Mathematical Sciences,Journal,02534142,09737685,Springer,India,ENGLISH,Mathematics (all),-,-,-,-,-,-,-
Proceedings of the Indian National Science Academy,Journal,03700046,24549983,Springer Nature,India,ENGLISH,"Biochemistry, Genetics and Molecular Biology (all)",Physics and Astronomy (all),-,-,-,-,-,-
Proceedings of the Institution of Civil Engineers - Engineering History and Heritage,Journal,17579430,17579449,Emerald Publishing,United Kingdom,ENGLISH,Engineering (miscellaneous),-,-,-,-,-,-,-
Proceedings of the Institution of Civil Engineers: Bridge Engineering,Journal,14784637,17517664,Emerald Publishing,United Kingdom,ENGLISH,Civil and Structural Engineering,Building and Construction,-,-,-,-,-,-
Proceedings of the Institution of Civil Engineers: Civil Engineering,Journal,0965089X,17517672,Emerald Publishing,United Kingdom,ENGLISH,Civil and Structural Engineering,-,-,-,-,-,-,-
Proceedings of the Institution of Civil Engineers: Engineering and Computational Mechanics,Journal,17550777,17550785,Emerald Publishing,United Kingdom,ENGLISH,Civil and Structural Engineering,Mechanics of Materials,-,-,-,-,-,-
Proceedings of the Institution of Civil Engineers: Engineering Sustainability,Journal,14784629,17517680,Emerald Publishing,United Kingdom,ENGLISH,Civil and Structural Engineering,-,-,-,-,-,-,-
Proceedings of the Institution of Civil Engineers: Forensic Engineering,Journal,20439903,20439911,Emerald Publishing,United Kingdom,ENGLISH,"Safety, Risk, Reliability and Quality",-,-,-,-,-,-,-
Proceedings of the Institution of Civil Engineers: Geotechnical Engineering,Journal,13532618,17518563,Emerald Publishing,United Kingdom,ENGLISH,Earth and Planetary Sciences (miscellaneous),Geotechnical Engineering and Engineering Geology,-,-,-,-,-,-
Proceedings of the Institution of Civil Engineers: Ground Improvement,Journal,17550750,17550769,Emerald Publishing,United Kingdom,ENGLISH,Soil Science,Geotechnical Engineering and Engineering Geology,Mechanics of Materials,Building and Construction,-,-,-,-
Proceedings of the Institution of Civil Engineers: Municipal Engineer,Journal,09650903,17517699,Emerald Publishing,United Kingdom,ENGLISH,Civil and Structural Engineering,-,-,-,-,-,-,-
Proceedings of the Institution of Civil Engineers: Smart Infrastructure and Construction,Journal,-,23978759,Emerald Publishing,United Kingdom,ENGLISH,Computer Graphics and Computer-Aided Design,Computer Science Applications,Information Systems,Civil and Structural Engineering,-,-,-,-
Proceedings of the Institution of Civil Engineers: Structures and Buildings,Journal,09650911,17517702,Emerald Publishing,United Kingdom,ENGLISH,Civil and Structural Engineering,Building and Construction,-,-,-,-,-,-
Proceedings of the Institution of Civil Engineers: Transport,Journal,0965092X,17517710,Emerald Publishing,United Kingdom,ENGLISH,Civil and Structural Engineering,Transportation,-,-,-,-,-,-
Proceedings of the Institution of Civil Engineers: Urban Design and Planning,Journal,17550793,17550807,Emerald Publishing,United Kingdom,ENGLISH,Civil and Structural Engineering,Architecture,"Geography, Planning and Development",Urban Studies,-,-,-,-
Proceedings of the Institution of Civil Engineers: Water Management,Journal,17417589,17517729,Emerald Publishing,United Kingdom,ENGLISH,Water Science and Technology,-,-,-,-,-,-,-
Proceedings of the Institution of Mechanical Engineers Part M: Journal of Engineering for the Maritime Environment,Journal,14750902,20413084,SAGE Publications Ltd,United Kingdom,ENGLISH,Mechanical Engineering,Ocean Engineering,-,-,-,-,-,-
"Proceedings of the Institution of Mechanical Engineers, Part A: Journal of Power and Energy",Journal,09576509,20412967,SAGE Publications Ltd,United Kingdom,ENGLISH,Energy Engineering and Power Technology,Mechanical Engineering,-,-,-,-,-,-
"Proceedings of the Institution of Mechanical Engineers, Part B: Journal of Engineering Manufacture",Journal,09544054,20412975,SAGE Publications Ltd,United Kingdom,ENGLISH,Industrial and Manufacturing Engineering,Mechanical Engineering,-,-,-,-,-,-
"Proceedings of the Institution of Mechanical Engineers, Part C: Journal of Mechanical Engineering Science",Journal,09544062,20412983,SAGE Publications Ltd,United Kingdom,ENGLISH,Mechanical Engineering,-,-,-,-,-,-,-
"Proceedings of the Institution of Mechanical Engineers, Part D: Journal of Automobile Engineering",Journal,09544070,20412991,SAGE Publications Ltd,United Kingdom,ENGLISH,Aerospace Engineering,Mechanical Engineering,-,-,-,-,-,-
"Proceedings of the Institution of Mechanical Engineers, Part E: Journal of Process Mechanical Engineering",Journal,09544089,20413009,SAGE Publications Ltd,United Kingdom,ENGLISH,Industrial and Manufacturing Engineering,Mechanical Engineering,-,-,-,-,-,-
"Proceedings of the Institution of Mechanical Engineers, Part F: Journal of Rail and Rapid Transit",Journal,09544097,20413017,SAGE Publications Ltd,United Kingdom,ENGLISH,Mechanical Engineering,-,-,-,-,-,-,-
"Proceedings of the Institution of Mechanical Engineers, Part G: Journal of Aerospace Engineering",Journal,09544100,20413025,SAGE Publications Ltd,United Kingdom,ENGLISH,Aerospace Engineering,Mechanical Engineering,-,-,-,-,-,-
"Proceedings of the Institution of Mechanical Engineers, Part H: Journal of Engineering in Medicine",Journal,09544119,20413033,SAGE Publications Ltd,United Kingdom,ENGLISH,Mechanical Engineering,Medicine (all),-,-,-,-,-,-
"Proceedings of the Institution of Mechanical Engineers, Part J: Journal of Engineering Tribology",Journal,13506501,2041305X,SAGE Publications Ltd,United Kingdom,ENGLISH,Mechanical Engineering,"Surfaces, Coatings and Films",Surfaces and Interfaces,-,-,-,-,-
"Proceedings of the Institution of Mechanical Engineers, Part K: Journal of Multi-body Dynamics",Journal,14644193,20413068,SAGE Publications Ltd,United Kingdom,ENGLISH,Mechanical Engineering,Condensed Matter Physics,-,-,-,-,-,-
"Proceedings of the Institution of Mechanical Engineers, Part L: Journal of Materials: Design and Applications",Journal,14644207,20413076,SAGE Publications Ltd,United Kingdom,ENGLISH,Mechanical Engineering,Materials Science (all),-,-,-,-,-,-
"Proceedings of the Institution of Mechanical Engineers, Part N: Journal of Nanomaterials, Nanoengineering and Nanosystems",Journal,23977914,23977922,SAGE Publications Ltd,United Kingdom,ENGLISH,Electrical and Electronic Engineering,Materials Science (all),Condensed Matter Physics,-,-,-,-,-
"Proceedings of the Institution of Mechanical Engineers, Part O: Journal of Risk and Reliability",Journal,1748006X,17480078,SAGE Publications Ltd,United Kingdom,ENGLISH,"Safety, Risk, Reliability and Quality",-,-,-,-,-,-,-
"Proceedings of the Institution of Mechanical Engineers, Part P: Journal of Sports Engineering and Technology",Journal,17543371,1754338X,SAGE Publications Ltd,United Kingdom,ENGLISH,Engineering (all),-,-,-,-,-,-,-
Proceedings of the Institution of Mechanical Engineers. Part I: Journal of Systems and Control Engineering,Journal,09596518,20413041,SAGE Publications Ltd,United Kingdom,ENGLISH,Control and Systems Engineering,Mechanical Engineering,-,-,-,-,-,-
"Proceedings of the International Colloquium on Signal Processing and Its Applications, CSPA",Journal,2836418X,28364090,Institute of Electrical and Electronics Engineers Inc.,United States,ENGLISH,Artificial Intelligence,Computer Science Applications,Signal Processing,Media Technology,Control and Optimization,Modeling and Simulation,-,-
"Proceedings of the International Conference on Advanced Computer Theory and Engineering, ICACTE",Journal,21547491,21547505,Institute of Electrical and Electronics Engineers Inc.,United States,ENGLISH,Artificial Intelligence,Computational Theory and Mathematics,Computer Science Applications,Modeling and Simulation,-,-,-,-
"Proceedings of the International Conference on Automation, Robotics and Applications, ICARA",Journal,27677737,27677745,Institute of Electrical and Electronics Engineers Inc.,United States,ENGLISH,Artificial Intelligence,Computer Science Applications,Mechanical Engineering,"Safety, Risk, Reliability and Quality",Control and Optimization,Modeling and Simulation,-,-
"Proceedings of the International Conference on Big Data Computing and Communications, BIGCOM",Journal,27672182,27672174,Institute of Electrical and Electronics Engineers Inc.,United States,ENGLISH,Artificial Intelligence,Computer Science Applications,Computer Vision and Pattern Recognition,Information Systems,Information Systems and Management,"Statistics, Probability and Uncertainty",Health Informatics,-
"Proceedings of the International Conference on Computer Supported Cooperative Work in Design, CSCWD",Journal,2835639X,27681904,Institute of Electrical and Electronics Engineers Inc.,United States,ENGLISH,Artificial Intelligence,Computer Graphics and Computer-Aided Design,Computer Networks and Communications,Computer Vision and Pattern Recognition,Control and Optimization,Modeling and Simulation,-,-
"Proceedings of the International Conference on Cybernetics and Informatics, K and I",Journal,28353056,2767875X,Institute of Electrical and Electronics Engineers Inc.,United States,ENGLISH,Artificial Intelligence,Computer Networks and Communications,Hardware and Architecture,Information Systems,Mechanical Engineering,Control and Optimization,-,-
"Proceedings of the International Conference on Electromagnetics in Advanced Applications, ICEAA",Journal,28351355,27662284,Institute of Electrical and Electronics Engineers Inc.,United States,ENGLISH,Computer Networks and Communications,Electrical and Electronic Engineering,Instrumentation,Radiation,-,-,-,-
"Proceedings of the International Conference on Engineering Technologies and Computer Science, EnT",Journal,-,27671976,Institute of Electrical and Electronics Engineers Inc.,United States,ENGLISH,Computer Science (miscellaneous),Computer Science Applications,Hardware and Architecture,Engineering (miscellaneous),Electrical and Electronic Engineering,Instrumentation,-,-
"Proceedings of the International Conference on Green Energy and Applications, ICGEA",Journal,26943301,26943298,Institute of Electrical and Electronics Engineers Inc.,United States,ENGLISH,Energy Engineering and Power Technology,"Renewable Energy, Sustainability and the Environment",Electrical and Electronic Engineering,Mechanical Engineering,"Safety, Risk, Reliability and Quality",-,-,-
"Proceedings of the International Conference on Information Technology and Electrical Engineering, ICITEE",Journal,-,27660419,Institute of Electrical and Electronics Engineers Inc.,United States,ENGLISH,Computer Science Applications,Information Systems,Energy Engineering and Power Technology,"Renewable Energy, Sustainability and the Environment",Electrical and Electronic Engineering,Media Technology,-,-
"Proceedings of the International Conference on Mechanical and Intelligent Manufacturing Technologies, ICMIMT",Journal,26943190,26943182,Institute of Electrical and Electronics Engineers Inc.,United States,ENGLISH,Artificial Intelligence,Computer Science Applications,Computer Vision and Pattern Recognition,Industrial and Manufacturing Engineering,Mechanical Engineering,"Safety, Risk, Reliability and Quality",-,-
"Proceedings of the International Conference on Multimedia Information Processing and Retrieval, MIPR",Journal,27704327,27704319,Institute of Electrical and Electronics Engineers Inc.,United States,ENGLISH,Artificial Intelligence,Computer Science Applications,Computer Vision and Pattern Recognition,Information Systems,Media Technology,-,-,-
"Proceedings of the International Conference on Power Electronics, Drives, and Energy Systems for Industrial Growth, PEDES",Journal,28363841,27683486,Institute of Electrical and Electronics Engineers Inc.,United States,ENGLISH,Energy Engineering and Power Technology,Electrical and Electronic Engineering,Mechanical Engineering,"Safety, Risk, Reliability and Quality",-,-,-,-
"Proceedings of the International Conference on Research in Computational Intelligence and Communication Networks, ICRCICN",Journal,-,28323645,Institute of Electrical and Electronics Engineers Inc.,United States,ENGLISH,Artificial Intelligence,Computer Networks and Communications,Computer Science Applications,Computer Vision and Pattern Recognition,Information Systems and Management,Health Informatics,-,-
"Proceedings of the International Conference on Soft Computing and Machine Intelligence, ISCMI",Journal,26400154,26400146,Institute of Electrical and Electronics Engineers Inc.,United States,ENGLISH,Artificial Intelligence,Computer Networks and Communications,Computer Science Applications,Computer Vision and Pattern Recognition,Modeling and Simulation,-,-,-
"Proceedings of the International Conference Radioelektronika, RADIOELEKTRONIKA",Journal,29932165,27679969,Institute of Electrical and Electronics Engineers Inc.,United States,ENGLISH,Computer Networks and Communications,Computer Vision and Pattern Recognition,Signal Processing,Electrical and Electronic Engineering,Instrumentation,Radiation,-,-
"Proceedings of the International Cryptology and Information Security Conference, Cryptology",Journal,27166783,-,Putra Malaysia University Institute for Mathematical Research,Malaysia,ENGLISH,Computer Science Applications,Information Systems,-,-,-,-,-,-
"Proceedings of the International Middle East Power System Conference, MEPCON",Journal,29945747,25733044,Institute of Electrical and Electronics Engineers Inc.,United States,ENGLISH,Artificial Intelligence,Energy Engineering and Power Technology,Electrical and Electronic Engineering,Mechanical Engineering,"Safety, Risk, Reliability and Quality",Control and Optimization,-,-
"Proceedings of the International Symposium on Applied Machine Intelligence and Informatics, SAMI",Journal,28360834,27679438,Institute of Electrical and Electronics Engineers Inc.,United States,ENGLISH,Artificial Intelligence,Computer Science Applications,Hardware and Architecture,Information Systems,-,-,-,-
"Proceedings of the International Symposium on Computational and Business Intelligence, ISCBI",Journal,28324757,28324749,Institute of Electrical and Electronics Engineers Inc.,United States,ENGLISH,Artificial Intelligence,Computational Theory and Mathematics,-,-,-,-,-,-
"Proceedings of the International Symposium on Digital Forensics and Security, ISDFS",Journal,-,27681831,Institute of Electrical and Electronics Engineers Inc.,United States,ENGLISH,Artificial Intelligence,Computer Networks and Communications,Computer Vision and Pattern Recognition,Information Systems,Information Systems and Management,"Safety, Risk, Reliability and Quality",-,-
"Proceedings of the International Symposium on Electromagnetic Compatibility, EMC Europe",Journal,23250356,23250364,Institute of Electrical and Electronics Engineers Inc.,United States,ENGLISH,Energy Engineering and Power Technology,Electrical and Electronic Engineering,Instrumentation,Radiation,-,-,-,-
"Proceedings of the International Symposium on Intelligent Signal Processing and Communication Systems, ISPACS",Journal,26423510,26423529,Institute of Electrical and Electronics Engineers Inc.,United States,ENGLISH,Artificial Intelligence,Computer Networks and Communications,Signal Processing,-,-,-,-,-
"Proceedings of the International Symposium on System and Software Reliability, ISSSR",Journal,28352831,28352823,Institute of Electrical and Electronics Engineers Inc.,United States,ENGLISH,Artificial Intelligence,Computer Networks and Communications,Information Systems,Software,Electrical and Electronic Engineering,"Safety, Risk, Reliability and Quality",Modeling and Simulation,-
"Proceedings of the International Technical Meeting of the Satellite Division of The Institute of Navigation, ION GNSS+",Journal,-,23315954,Institute of Navigation,United States,ENGLISH,Computer Networks and Communications,Computer Science Applications,Information Systems,Software,Electrical and Electronic Engineering,Communication,-,-
"Proceedings of the International Workshop on Advances in Sensors and Interfaces, IWASI",Journal,28368681,28367936,Institute of Electrical and Electronics Engineers Inc.,United States,ENGLISH,Human-Computer Interaction,Biomedical Engineering,Control and Optimization,Instrumentation,Health (social science),-,-,-
"Proceedings of the National Conference on Communications, NCC",Journal,29932610,29932645,Institute of Electrical and Electronics Engineers Inc.,United States,ENGLISH,Computer Networks and Communications,Computer Vision and Pattern Recognition,Signal Processing,Electrical and Electronic Engineering,"Safety, Risk, Reliability and Quality",Communication,-,-
"Proceedings of the Open Conference of Electrical, Electronic and Information Sciences, eStream",Journal,28315634,26908506,Institute of Electrical and Electronics Engineers Inc.,United States,ENGLISH,Artificial Intelligence,Computer Science Applications,Computer Vision and Pattern Recognition,Hardware and Architecture,Information Systems,Electrical and Electronic Engineering,Control and Optimization,Instrumentation
"Proceedings of the Royal Society A: Mathematical, Physical and Engineering Sciences",Journal,13645021,14712946,Royal Society Publishing,United Kingdom,ENGLISH,Engineering (all),Mathematics (all),Physics and Astronomy (all),-,-,-,-,-
"Proceedings of the Society for Experimental Mechanics, Inc.",Journal,10466789,-,Society for Experimental Mechanics Inc.,United States,ENGLISH,Mechanical Engineering,Mechanics of Materials,-,-,-,-,-,-
"Proceedings of the Symposium on Design, Test, Integration, and Packaging of MEMS/MOEMS, DTIP",Journal,28368487,27681874,Institute of Electrical and Electronics Engineers Inc.,United States,ENGLISH,Electrical and Electronic Engineering,"Safety, Risk, Reliability and Quality","Electronic, Optical and Magnetic Materials",Control and Optimization,Instrumentation,-,-,-
Proceedings of the VLDB Endowment,Journal,-,21508097,VLDB Endowment,United States,ENGLISH,Computer Science (all),Computer Science (miscellaneous),-,-,-,-,-,-
"Proceedings. Smart City Symposium Prague, SCSP",Journal,28315618,26913666,Institute of Electrical and Electronics Engineers Inc.,United States,ENGLISH,Artificial Intelligence,Computer Science Applications,Control and Optimization,Transportation,Urban Studies,-,-,-
Process Biochemistry,Journal,13595113,18733298,Elsevier Ltd,United Kingdom,ENGLISH,Biochemistry,Bioengineering,Applied Microbiology and Biotechnology,-,-,-,-,-
Process Integration and Optimization for Sustainability,Journal,25094238,25094246,Springer,Singapore,ENGLISH,Chemical Engineering (all),"Renewable Energy, Sustainability and the Environment",Control and Systems Engineering,"Management, Monitoring, Policy and Law",Pollution,Waste Management and Disposal,"Geography, Planning and Development",-
Process Safety and Environmental Protection,Journal,09575820,-,Institution of Chemical Engineers,United Kingdom,ENGLISH,Chemical Engineering (all),"Safety, Risk, Reliability and Quality",Environmental Chemistry,Environmental Engineering,-,-,-,-
Process Safety Progress,Journal,10668527,15475913,John Wiley and Sons Inc,United States,ENGLISH,Chemical Engineering (all),"Safety, Risk, Reliability and Quality",-,-,-,-,-,-
Processes,Journal,-,22279717,Multidisciplinary Digital Publishing Institute (MDPI),Switzerland,ENGLISH,Chemical Engineering (miscellaneous),Bioengineering,Process Chemistry and Technology,-,-,-,-,-
Production and Manufacturing Research,Journal,-,21693277,Taylor and Francis Ltd.,United Kingdom,ENGLISH,Industrial and Manufacturing Engineering,-,-,-,-,-,-,-
Production Engineering,Journal,09446524,18637353,Springer Science and Business Media Deutschland GmbH,Germany,ENGLISH,Engineering (all),Industrial and Manufacturing Engineering,Mechanical Engineering,-,-,-,-,-
Production Planning and Control,Journal,09537287,13665871,Taylor and Francis Ltd.,United Kingdom,ENGLISH,Strategy and Management,Computer Science Applications,Management Science and Operations Research,Industrial and Manufacturing Engineering,-,-,-,-
Programming and Computer Software,Journal,03617688,16083261,Pleiades Publishing,Russian Federation,ENGLISH,Software,-,-,-,-,-,-,-
Progress in Aerospace Sciences,Journal,03760421,-,Elsevier Ltd,United Kingdom,ENGLISH,Aerospace Engineering,Mechanical Engineering,Mechanics of Materials,-,-,-,-,-
"Progress in Applied Electrical Engineering, PAEE",Journal,28378318,28378326,Institute of Electrical and Electronics Engineers Inc.,United States,ENGLISH,Energy Engineering and Power Technology,Electrical and Electronic Engineering,-,-,-,-,-,-
Progress in Artificial Intelligence,Journal,21926352,21926360,Springer Science and Business Media Deutschland GmbH,Germany,ENGLISH,Artificial Intelligence,-,-,-,-,-,-,-
Progress in Biomedical Engineering,Journal,-,25161091,Institute of Physics,United Kingdom,ENGLISH,Biomedical Engineering,-,-,-,-,-,-,-
Progress in Computational Fluid Dynamics,Journal,14684349,17415233,Inderscience Publishers,United Kingdom,ENGLISH,Computer Science Applications,Condensed Matter Physics,-,-,-,-,-,-
Progress in Crystal Growth and Characterization of Materials,Journal,09608974,-,Elsevier Ltd,United Kingdom,ENGLISH,Materials Science (all),Condensed Matter Physics,-,-,-,-,-,-
Progress in Electromagnetics Research,Journal,10704698,15598985,Electromagnetics Academy,United States,ENGLISH,Electrical and Electronic Engineering,Condensed Matter Physics,Radiation,-,-,-,-,-
Progress in Electromagnetics Research B,Journal,19376472,-,Electromagnetics Academy,United States,ENGLISH,Electrical and Electronic Engineering,"Electronic, Optical and Magnetic Materials",Condensed Matter Physics,-,-,-,-,-
Progress in Electromagnetics Research C,Journal,19378718,-,Electromagnetics Academy,United States,ENGLISH,"Electronic, Optical and Magnetic Materials",-,-,-,-,-,-,-
Progress in Electromagnetics Research Letters,Journal,-,19376480,Electromagnetics Academy,United States,ENGLISH,"Electronic, Optical and Magnetic Materials",-,-,-,-,-,-,-
Progress in Electromagnetics Research M,Journal,-,19378726,Electromagnetics Academy,United States,ENGLISH,"Electronic, Optical and Magnetic Materials",Condensed Matter Physics,-,-,-,-,-,-
Progress in Energy,Journal,-,25161083,Institute of Physics,United Kingdom,ENGLISH,Energy (all),-,-,-,-,-,-,-
Progress in Energy and Combustion Science,Journal,03601285,-,Elsevier Ltd,United Kingdom,ENGLISH,Chemical Engineering (all),Energy Engineering and Power Technology,Fuel Technology,-,-,-,-,-
Progress in Engineering Science,Journal,-,29504252,Elsevier B.V.,Netherlands,ENGLISH,Engineering (miscellaneous),Civil and Structural Engineering,Mechanical Engineering,Building and Construction,-,-,-,-
Progress in Materials Science,Journal,00796425,18732208,Elsevier Ltd,United Kingdom,ENGLISH,Materials Science (all),-,-,-,-,-,-,-
Progress in Nanoscience and Nanotechnology,Journal,-,31173659,Bentham Science Publishers,United Arab Emirates,ENGLISH,Engineering (all),Materials Science (all),-,-,-,-,-,-
Progress in Natural Science: Materials International,Journal,10020071,17455391,Elsevier B.V.,Netherlands,ENGLISH,Multidisciplinary,Materials Science (all),-,-,-,-,-,-
Progress in Nuclear Energy,Journal,01491970,-,Elsevier Ltd,United Kingdom,ENGLISH,Energy Engineering and Power Technology,Nuclear Energy and Engineering,"Safety, Risk, Reliability and Quality",Waste Management and Disposal,-,-,-,-
Progress in Nuclear Magnetic Resonance Spectroscopy,Journal,00796565,18733301,Elsevier B.V.,Netherlands,ENGLISH,Biochemistry,Analytical Chemistry,Spectroscopy,Materials Science (all),Nuclear and High Energy Physics,-,-,-
Progress in Oceanography,Journal,00796611,-,Elsevier Ltd,United Kingdom,ENGLISH,Aquatic Science,Geology,-,-,-,-,-,-
Progress in Organic Coatings,Journal,03009440,-,Elsevier B.V.,Netherlands,ENGLISH,Chemical Engineering (all),Organic Chemistry,Materials Chemistry,"Surfaces, Coatings and Films",-,-,-,-
Progress in Particle and Nuclear Physics,Journal,01466410,-,Elsevier B.V.,Netherlands,ENGLISH,Nuclear and High Energy Physics,-,-,-,-,-,-,-
Progress in Photovoltaics: Research and Applications,Journal,10627995,1099159X,John Wiley and Sons Ltd,United Kingdom,ENGLISH,"Renewable Energy, Sustainability and the Environment",Electrical and Electronic Engineering,"Electronic, Optical and Magnetic Materials",Condensed Matter Physics,-,-,-,-
Progress in Polymer Science,Journal,00796700,-,Elsevier Ltd,United Kingdom,ENGLISH,Organic Chemistry,Ceramics and Composites,Materials Chemistry,Polymers and Plastics,Surfaces and Interfaces,-,-,-
Progress in Quantum Electronics,Journal,00796727,-,Elsevier Ltd,United Kingdom,ENGLISH,Electrical and Electronic Engineering,"Electronic, Optical and Magnetic Materials","Atomic and Molecular Physics, and Optics",Statistical and Nonlinear Physics,-,-,-,-
Progress in Reaction Kinetics and Mechanism,Journal,14686783,1471406X,SAGE Publications Ltd,United Kingdom,ENGLISH,Physical and Theoretical Chemistry,-,-,-,-,-,-,-
"Progress in Rubber, Plastics and Recycling Technology",Journal,14777606,14782413,SAGE Publications Ltd,United Kingdom,ENGLISH,Chemical Engineering (all),Organic Chemistry,Materials Chemistry,Polymers and Plastics,-,-,-,-
Progress in Solid State Chemistry,Journal,00796786,-,Elsevier Ltd,United Kingdom,ENGLISH,Physical and Theoretical Chemistry,Materials Science (all),Condensed Matter Physics,-,-,-,-,-
Progress in Superconductivity and Cryogenics (PSAC),Journal,12293008,22876251,Korea Institute of Applied Superconductivity and Cryogenics,South Korea,ENGLISH/KOREAN,Electrical and Electronic Engineering,"Electronic, Optical and Magnetic Materials",-,-,-,-,-,-
Progress in Surface Science,Journal,00796816,-,Elsevier Ltd,United Kingdom,ENGLISH,"Surfaces, Coatings and Films",Condensed Matter Physics,Surfaces and Interfaces,-,-,-,-,-
"Propellants, Explosives, Pyrotechnics",Journal,07213115,15214087,John Wiley and Sons Inc,Germany,ENGLISH,Chemical Engineering (all),Chemistry (all),-,-,-,-,-,-
Protection and Control of Modern Power Systems,Journal,23672617,23670983,Institute of Electrical and Electronics Engineers Inc.,Singapore,ENGLISH,Energy Engineering and Power Technology,Electrical and Electronic Engineering,"Safety, Risk, Reliability and Quality",-,-,-,-,-
Protection of Metals and Physical Chemistry of Surfaces,Journal,20702051,2070206X,Pleiades Publishing,Russian Federation,ENGLISH,Organic Chemistry,Materials Chemistry,Metals and Alloys,"Surfaces, Coatings and Films",-,-,-,-
"Protein Engineering, Design and Selection",Journal,17410126,17410134,Oxford University Press,United Kingdom,ENGLISH,Biochemistry,Biotechnology,Molecular Biology,Bioengineering,-,-,-,-
PRX Quantum,Journal,-,26913399,American Physical Society,United States,ENGLISH,Computer Science (all),Electrical and Electronic Engineering,"Electronic, Optical and Magnetic Materials",Applied Mathematics,Mathematical Physics,Physics and Astronomy (all),-,-
Public Recreation and Landscape Protection,Journal,23366311,2336632X,Mendel University in Brno,Czech Republic,ENGLISH,Environmental Engineering,Nature and Landscape Conservation,"Geography, Planning and Development",-,-,-,-,-
Public Transport,Journal,1866749X,16137159,Springer Science and Business Media Deutschland GmbH,Germany,ENGLISH,Information Systems,Management Science and Operations Research,Mechanical Engineering,Transportation,-,-,-,-
Publications of the Astronomical Society of Japan,Journal,00046264,2053051X,Oxford University Press,United Kingdom,ENGLISH,Space and Planetary Science,Astronomy and Astrophysics,-,-,-,-,-,-
Pure and Applied Chemistry,Journal,00334545,13653075,Walter de Gruyter GmbH,United States,ENGLISH,Chemical Engineering (all),Chemistry (all),-,-,-,-,-,-
Pure and Applied Geophysics,Journal,00334553,14209136,Birkhauser,Switzerland,ENGLISH,Geochemistry and Petrology,Geophysics,-,-,-,-,-,-
Qiche Gongcheng/Automotive Engineering,Journal,1000680X,-,SAE-China,China,CHINESE,Automotive Engineering,-,-,-,-,-,-,-
Qinghua Daxue Xuebao/Journal of Tsinghua University,Journal,10000054,-,Tsinghua University,China,CHINESE,Computer Science Applications,Engineering (all),Applied Mathematics,-,-,-,-,-
Quality and Reliability Engineering International,Journal,07488017,10991638,John Wiley and Sons Ltd,United Kingdom,ENGLISH,Management Science and Operations Research,"Safety, Risk, Reliability and Quality",-,-,-,-,-,-
Quality Assurance and Safety of Crops and Foods,Journal,17578361,1757837X,Codon Publications,Singapore,ENGLISH,Agronomy and Crop Science,Food Science,-,-,-,-,-,-
Quality Engineering,Journal,08982112,15324222,Taylor and Francis Ltd.,United States,ENGLISH,Industrial and Manufacturing Engineering,"Safety, Risk, Reliability and Quality",-,-,-,-,-,-
Quality Technology and Quantitative Management,Journal,16843703,-,Taylor and Francis Ltd.,Taiwan,ENGLISH,Business and International Management,Management of Technology and Innovation,Industrial Relations,Information Systems and Management,Management Science and Operations Research,"Statistics, Probability and Uncertainty",-,-
Quanqiu Nengyuan Hulianwang,Journal,20965125,-,Global Energy Interconnection Development and Cooperation Organization,China,CHINESE,Energy Engineering and Power Technology,"Renewable Energy, Sustainability and the Environment",Electrical and Electronic Engineering,-,-,-,-,-
Quantitative InfraRed Thermography Journal,Journal,17686733,21167176,Taylor and Francis Ltd.,United Kingdom,ENGLISH,Fluid Flow and Transfer Processes,Engineering (miscellaneous),Electrical and Electronic Engineering,Mechanical Engineering,Instrumentation,-,-,-
Quantum Engineering,Journal,-,25770470,John Wiley and Sons Ltd,United Kingdom,ENGLISH,Engineering (all),Physics and Astronomy (miscellaneous),-,-,-,-,-,-
Quantum Information and Computation,Journal,15337146,-,Paradigm Publishing Services,Poland,ENGLISH,Computational Theory and Mathematics,Mathematical Physics,Theoretical Computer Science,Physics and Astronomy (all),Nuclear and High Energy Physics,Statistical and Nonlinear Physics,-,-
Quantum Information Processing,Journal,15700755,15731332,Springer,United States,ENGLISH,Signal Processing,Electrical and Electronic Engineering,"Electronic, Optical and Magnetic Materials",Modeling and Simulation,Theoretical Computer Science,Statistical and Nonlinear Physics,-,-
Quantum Machine Intelligence,Journal,25244906,25244914,Springer Science and Business Media Deutschland GmbH,Switzerland,ENGLISH,Artificial Intelligence,Computational Theory and Mathematics,Software,Applied Mathematics,Theoretical Computer Science,-,-,-
Quantum Science and Technology,Journal,-,20589565,Institute of Physics,United Kingdom,ENGLISH,Electrical and Electronic Engineering,Materials Science (miscellaneous),Physics and Astronomy (miscellaneous),"Atomic and Molecular Physics, and Optics",-,-,-,-
Quarterly Journal of Engineering Geology and Hydrogeology,Journal,14709236,-,Geological Society of London,United Kingdom,ENGLISH,Earth and Planetary Sciences (miscellaneous),Geology,Geotechnical Engineering and Engineering Geology,-,-,-,-,-
Quarterly Journal of Mechanics and Applied Mathematics,Journal,00335614,14643855,Oxford University Press,United Kingdom,ENGLISH,Mechanical Engineering,Mechanics of Materials,Applied Mathematics,Condensed Matter Physics,-,-,-,-
Quarterly Journal of the Royal Meteorological Society,Journal,00359009,1477870X,John Wiley and Sons Ltd,United Kingdom,ENGLISH,Atmospheric Science,-,-,-,-,-,-,-
Quarterly of Applied Mathematics,Journal,0033569X,15524485,American Mathematical Society,United States,ENGLISH,Applied Mathematics,-,-,-,-,-,-,-
Quarterly Report of RTRI (Railway Technical Research Institute),Journal,00339008,18801765,Ken-yusha Inc.,Japan,ENGLISH,Mechanical Engineering,-,-,-,-,-,-,-
Quaternary Research (United States),Journal,00335894,10960287,Cambridge University Press,United States,ENGLISH,Arts and Humanities (miscellaneous),Earth and Planetary Sciences (all),Earth-Surface Processes,-,-,-,-,-
Quaternary Science Reviews,Journal,02773791,-,Elsevier Ltd,United Kingdom,ENGLISH,"Ecology, Evolution, Behavior and Systematics",Archeology (arts and humanities),Geology,Global and Planetary Change,Archeology,-,-,-
Queue,Journal,15427730,15427749,Association for Computing Machinery,United States,ENGLISH,Computer Science (all),-,-,-,-,-,-,-
Queueing Systems,Journal,02570130,15729443,Springer,United States,ENGLISH,Computational Theory and Mathematics,Computer Science Applications,Management Science and Operations Research,Statistics and Probability,-,-,-,-
R and D: Research and Development Kobe Steel Engineering Reports,Journal,03738868,-,Kobe Steel Ltd,Japan,JAPANESE,Mechanics of Materials,Materials Chemistry,Metals and Alloys,-,-,-,-,-
Radiation and Environmental Biophysics,Journal,0301634X,14322099,Springer Science and Business Media Deutschland GmbH,Germany,ENGLISH,Biophysics,Environmental Science (all),Radiation,-,-,-,-,-
Radiation Effects and Defects in Solids,Journal,10420150,10294953,Taylor and Francis Ltd.,United States,ENGLISH,Materials Science (all),Condensed Matter Physics,Nuclear and High Energy Physics,Radiation,-,-,-,-
Radiation Measurements,Journal,13504487,-,Elsevier Ltd,United Kingdom,ENGLISH,Instrumentation,Radiation,-,-,-,-,-,-
Radiation Physics and Chemistry,Journal,0969806X,18790895,Elsevier Ltd,United Kingdom,ENGLISH,Radiation,-,-,-,-,-,-,-
Radio Science,Journal,00486604,1944799X,John Wiley and Sons Inc,United States,ENGLISH,Earth and Planetary Sciences (all),Electrical and Electronic Engineering,Condensed Matter Physics,-,-,-,-,-
Radiochemistry,Journal,10663622,16083288,Pleiades Publishing,Russian Federation,ENGLISH,Physical and Theoretical Chemistry,-,-,-,-,-,-,-
Radioelectronics and Communications Systems,Journal,07352727,19348061,Allerton Press Inc.,United States,ENGLISH,Electrical and Electronic Engineering,-,-,-,-,-,-,-
Radiophysics and Quantum Electronics,Journal,00338443,15739120,Springer,United States,ENGLISH,Electrical and Electronic Engineering,"Electronic, Optical and Magnetic Materials",Astronomy and Astrophysics,Nuclear and High Energy Physics,Statistical and Nonlinear Physics,-,-,-
Radioprotection,Journal,00338451,1769700X,EDP Sciences,France,ENGLISH/FRENCH,Nuclear Energy and Engineering,"Renewable Energy, Sustainability and the Environment","Safety, Risk, Reliability and Quality","Health, Toxicology and Mutagenesis",Waste Management and Disposal,"Public Health, Environmental and Occupational Health",-,-
Radwaste Solutions,Journal,15294900,-,American Nuclear Society,United States,ENGLISH,Nuclear Energy and Engineering,"Safety, Risk, Reliability and Quality",Waste Management and Disposal,-,-,-,-,-
RAICS - IEEE Recent Advances in Intelligent Computational Systems,Journal,-,27695565,Institute of Electrical and Electronics Engineers Inc.,United States,ENGLISH,Artificial Intelligence,Computer Science Applications,Computer Vision and Pattern Recognition,Information Systems,Control and Optimization,Modeling and Simulation,Instrumentation,-
Railway Engineering Science,Journal,26624745,26624753,Springer,Singapore,ENGLISH,Computer Science Applications,Computational Mechanics,Electrical and Electronic Engineering,Mechanical Engineering,Transportation,-,-,-
RAIRO - Operations Research,Journal,-,28047303,EDP Sciences,France,ENGLISH/FRENCH,Computer Science Applications,Management Science and Operations Research,Theoretical Computer Science,-,-,-,-,-
RAIRO - Theoretical Informatics and Applications,Journal,-,28047346,EDP Sciences,France,ENGLISH,Computer Science Applications,Software,Mathematics (all),-,-,-,-,-
Rapid Communications in Mass Spectrometry,Journal,09514198,10970231,John Wiley and Sons Ltd,United Kingdom,ENGLISH,Analytical Chemistry,Organic Chemistry,Spectroscopy,-,-,-,-,-
Rapid Prototyping Journal,Journal,13552546,17587670,Emerald Publishing,United Kingdom,ENGLISH,Industrial and Manufacturing Engineering,Mechanical Engineering,-,-,-,-,-,-
Rare Metals,Journal,10010521,18677185,John Wiley and Sons Inc,United States,ENGLISH,Physical and Theoretical Chemistry,Materials Chemistry,Metals and Alloys,Condensed Matter Physics,-,-,-,-
Reaction Chemistry and Engineering,Journal,-,20589883,Royal Society of Chemistry,United Kingdom,ENGLISH,Chemical Engineering (miscellaneous),Catalysis,Fluid Flow and Transfer Processes,Process Chemistry and Technology,Chemistry (miscellaneous),-,-,-
"Reaction Kinetics, Mechanisms and Catalysis",Journal,18785190,18785204,Springer Science and Business Media B.V.,Netherlands,ENGLISH,Catalysis,Physical and Theoretical Chemistry,-,-,-,-,-,-
Reactive and Functional Polymers,Journal,13815148,-,Elsevier B.V.,Netherlands,ENGLISH,Biochemistry,Chemical Engineering (all),Chemistry (all),Environmental Chemistry,Materials Chemistry,Polymers and Plastics,-,-
Real-Time Systems,Journal,09226443,15731383,Springer,United States,ENGLISH,Computer Networks and Communications,Computer Science Applications,Control and Systems Engineering,Electrical and Electronic Engineering,Control and Optimization,Modeling and Simulation,-,-
Recent Advances in Computer Science and Communications,Journal,26662558,26662566,Bentham Science Publishers,United Arab Emirates,ENGLISH,Computer Science (all),-,-,-,-,-,-,-
Recent Advances in Electrical and Electronic Engineering,Journal,23520965,23520973,Bentham Science Publishers,United Arab Emirates,ENGLISH,Electrical and Electronic Engineering,"Electronic, Optical and Magnetic Materials",-,-,-,-,-,-
Recent Innovations in Chemical Engineering,Journal,24055204,24055212,Bentham Science Publishers,United Arab Emirates,ENGLISH,Chemical Engineering (all),-,-,-,-,-,-,-
Recent Patents on Biotechnology,Journal,18722083,22124012,Bentham Science Publishers,United Arab Emirates,ENGLISH,Biotechnology,Bioengineering,Applied Microbiology and Biotechnology,-,-,-,-,-
Recent Patents on Engineering,Journal,18722121,22124047,Bentham Science Publishers,United Arab Emirates,ENGLISH,Engineering (all),-,-,-,-,-,-,-
Recent Patents on Mechanical Engineering,Journal,22127976,1874477X,Bentham Science Publishers,United Arab Emirates,ENGLISH,Mechanical Engineering,-,-,-,-,-,-,-
Recent Patents on Nanotechnology,Journal,18722105,22124020,Bentham Science Publishers,United Arab Emirates,ENGLISH,Engineering (all),Materials Science (all),Condensed Matter Physics,-,-,-,-,-
Refractories and Industrial Ceramics,Journal,10834877,15739139,Springer,United States,ENGLISH,Ceramics and Composites,Materials Chemistry,-,-,-,-,-,-
Regenerative Biomaterials,Journal,20563418,20563426,Oxford University Press,United Kingdom,ENGLISH,Biomedical Engineering,Biomaterials,-,-,-,-,-,-
Reliability Engineering and System Safety,Journal,09518320,18790836,Elsevier Ltd,United Kingdom,ENGLISH,Industrial and Manufacturing Engineering,"Safety, Risk, Reliability and Quality",Applied Mathematics,-,-,-,-,-
Reliable Computing,Journal,13853139,15731340,University of Louisiana-Lafayette,Netherlands,ENGLISH,Software,Applied Mathematics,Computational Mathematics,-,-,-,-,-
Remote Sensing,Journal,-,20724292,Multidisciplinary Digital Publishing Institute (MDPI),Switzerland,ENGLISH,Earth and Planetary Sciences (all),-,-,-,-,-,-,-
Remote Sensing Letters,Journal,2150704X,21507058,Taylor and Francis Ltd.,United Kingdom,ENGLISH,Earth and Planetary Sciences (miscellaneous),Electrical and Electronic Engineering,-,-,-,-,-,-
Remote Sensing of Environment,Journal,00344257,-,Elsevier Inc.,United States,ENGLISH,Soil Science,Computers in Earth Sciences,Geology,-,-,-,-,-
Rendiconti Lincei,Journal,20374631,23852623,Springer Science and Business Media Deutschland GmbH,Switzerland,ITALIAN,Agricultural and Biological Sciences (all),Earth and Planetary Sciences (all),Environmental Science (all),-,-,-,-,-
Renewable and Sustainable Energy Reviews,Journal,13640321,18790690,Elsevier Ltd,United Kingdom,ENGLISH,"Renewable Energy, Sustainability and the Environment",-,-,-,-,-,-,-
Renewable and Sustainable Energy Transition,Journal,-,2667095X,Elsevier Ltd,United Kingdom,ENGLISH,Energy (all),Energy (miscellaneous),"Renewable Energy, Sustainability and the Environment",-,-,-,-,-
Renewable Energy,Journal,09601481,18790682,Elsevier Ltd,United Kingdom,ENGLISH,"Renewable Energy, Sustainability and the Environment",Engineering (all),-,-,-,-,-,-
Renewable Energy Focus,Journal,17550084,18780229,Elsevier Ltd,United Kingdom,ENGLISH,"Renewable Energy, Sustainability and the Environment",-,-,-,-,-,-,-
Requirements Engineering,Journal,09473602,1432010X,Springer Science and Business Media Deutschland GmbH,United Kingdom,ENGLISH,Information Systems,Software,-,-,-,-,-,-
Research,Journal,20965168,26395274,American Association for the Advancement of Science,United States,ENGLISH,Multidisciplinary,-,-,-,-,-,-,-
Research in Engineering Design,Journal,09349839,14356066,Springer Science and Business Media Deutschland GmbH,United Kingdom,ENGLISH,Civil and Structural Engineering,Industrial and Manufacturing Engineering,Mechanical Engineering,Architecture,-,-,-,-
Research in Nondestructive Evaluation,Journal,09349847,14322110,Taylor and Francis Ltd.,United States,ENGLISH,Mechanical Engineering,Mechanics of Materials,Materials Science (all),Condensed Matter Physics,-,-,-,-
Research on Biomedical Engineering,Journal,24464732,24464740,Springer Science and Business Media Deutschland GmbH,Switzerland,ENGLISH,Biomedical Engineering,-,-,-,-,-,-,-
Research on Chemical Intermediates,Journal,09226168,15685675,Springer Science and Business Media B.V.,Netherlands,ENGLISH,Chemistry (all),-,-,-,-,-,-,-
Research on Engineering Structures and Materials,Journal,21489807,21494088,MIM RESEARCH GROUP,Turkey,ENGLISH,Engineering (miscellaneous),Civil and Structural Engineering,Mechanical Engineering,Mechanics of Materials,-,-,-,-
Research Policy,Journal,00487333,-,Elsevier B.V.,Netherlands,ENGLISH,Management of Technology and Innovation,Strategy and Management,Management Science and Operations Research,Engineering (all),-,-,-,-
Research Technology Management,Journal,08956308,19300166,Routledge,United Kingdom,ENGLISH,Management of Technology and Innovation,Strategy and Management,Engineering (all),-,-,-,-,-
"Resilience Week, RWS",Journal,-,27664481,Institute of Electrical and Electronics Engineers Inc.,United States,ENGLISH,Artificial Intelligence,Energy Engineering and Power Technology,Electrical and Electronic Engineering,"Safety, Risk, Reliability and Quality",-,-,-,-
Resilient Cities and Structures,Journal,-,27727416,Elsevier B.V.,Netherlands,ENGLISH,Civil and Structural Engineering,-,-,-,-,-,-,-
Resource and Energy Economics,Journal,09287655,-,Elsevier B.V.,Netherlands,ENGLISH,Economics and Econometrics,-,-,-,-,-,-,-
Resources Chemicals and Materials,Journal,-,27724433,KeAi Communications Co.,China,ENGLISH,Chemical Engineering (miscellaneous),Fuel Technology,Materials Science (miscellaneous),-,-,-,-,-
Resources Policy,Journal,03014207,-,Elsevier Ltd,United Kingdom,ENGLISH,Economics and Econometrics,"Management, Monitoring, Policy and Law",Law,Sociology and Political Science,-,-,-,-
"Resources, Conservation and Recycling",Journal,09213449,18790658,Elsevier B.V.,Netherlands,ENGLISH,Economics and Econometrics,Waste Management and Disposal,-,-,-,-,-,-
"Resources, Conservation and Recycling Advances",Journal,26673789,-,Elsevier Inc.,United States,ENGLISH,Economics and Econometrics,"Management, Monitoring, Policy and Law",Nature and Landscape Conservation,Waste Management and Disposal,-,-,-,-
"Resources, Environment and Sustainability",Journal,-,26669161,Elsevier B.V.,Netherlands,ENGLISH,Environmental Science (miscellaneous),Environmental Engineering,"Management, Monitoring, Policy and Law",Pollution,-,-,-,-
Results in Applied Mathematics,Journal,-,25900374,Elsevier B.V.,Netherlands,ENGLISH,Applied Mathematics,-,-,-,-,-,-,-
Results in Engineering,Journal,-,25901230,Elsevier B.V.,Netherlands,ENGLISH,Engineering (all),-,-,-,-,-,-,-
Review of Scientific Instruments,Journal,00346748,10897623,American Institute of Physics,United States,ENGLISH,Instrumentation,-,-,-,-,-,-,-
Reviews in Chemical Engineering,Journal,01678299,21910235,Walter de Gruyter GmbH,Germany,ENGLISH,Chemical Engineering (all),-,-,-,-,-,-,-
Reviews in Physics,Journal,-,24054283,Elsevier B.V.,Netherlands,ENGLISH,Physics and Astronomy (all),-,-,-,-,-,-,-
Reviews of Geophysics,Journal,87551209,19449208,John Wiley and Sons Inc,United Kingdom,ENGLISH,Geophysics,-,-,-,-,-,-,-
Reviews of Modern Physics,Journal,00346861,15390756,American Physical Society,United States,ENGLISH,Physics and Astronomy (all),-,-,-,-,-,-,-
Reviews on Advanced Materials Science,Journal,16065131,16058127,Walter de Gruyter GmbH,Russian Federation,ENGLISH,Materials Science (all),Condensed Matter Physics,-,-,-,-,-,-
"Revista de la Real Academia de Ciencias Exactas, Fisicas y Naturales - Serie A: Matematicas",Journal,15787303,15791505,Springer-Verlag Italia s.r.l.,Italy,ENGLISH,Algebra and Number Theory,Analysis,Applied Mathematics,Computational Mathematics,Geometry and Topology,-,-,-
Revista de Materiales Compuestos,Journal,-,25310739,Scipedia S.L.,Spain,ENGLISH/SPANISH,Civil and Structural Engineering,Materials Science (miscellaneous),-,-,-,-,-,-
Revista de Metalurgia,Journal,00348570,19884222,CSIC Consejo Superior de Investigaciones Cientificas,Spain,SPANISH,Physical and Theoretical Chemistry,Materials Chemistry,Metals and Alloys,Condensed Matter Physics,-,-,-,-
Revista de Obras Publicas,Journal,00348619,16954408,Colegio de Ingenieros de Caminos Canales y Puertos,Spain,SPANISH,Civil and Structural Engineering,-,-,-,-,-,-,-
Revista Iberoamericana de Tecnologias del Aprendizaje,Journal,-,19328540,Education Society of IEEE (Spanish Chapter),Spain,SPANISH,Engineering (all),Education,-,-,-,-,-,-
Revue de l'Energie,Journal,0303240X,24927988,Conseil Francais de l Energie,France,FRENCH,Energy (miscellaneous),Energy Engineering and Power Technology,-,-,-,-,-,-
Revue Forestiere Francaise,Journal,00352829,-,Ecole Nationale du Genie Rural des Eaux et des Forets,France,FRENCH,Forestry,-,-,-,-,-,-,-
Revue Francaise de Photogrammetrie et de Teledetection,Journal,17689791,-,Soc. Francaise de Photogrammetrie et de Teledetection,France,ENGLISH/FRENCH,Computer Science Applications,Electrical and Electronic Engineering,-,-,-,-,-,-
Rheologica Acta,Journal,00354511,14351528,Springer Nature,Germany,ENGLISH,Chemical Engineering (miscellaneous),Mechanics of Materials,Materials Science (all),Condensed Matter Physics,-,-,-,-
RIAI - Revista Iberoamericana de Automatica e Informatica Industrial,Journal,16977912,16977920,Universitat Politecnica de Valencia,Spain,SPANISH,Computer Science (all),Control and Systems Engineering,-,-,-,-,-,-
Rinsan Shikenj Oha/Journal of the Hokkaido Forest Products Research Institute,Journal,0913140X,-,Hoikkaido Forest Products Research Institute,Japan,JAPANESE,Forestry,Materials Science (all),-,-,-,-,-,-
Risk Analysis,Journal,02724332,15396924,John Wiley and Sons Inc,United States,ENGLISH,"Safety, Risk, Reliability and Quality",Physiology (medical),-,-,-,-,-,-
River,Journal,-,27504867,Wiley-VCH Verlag,Germany,ENGLISH,Water Science and Technology,-,-,-,-,-,-,-
Rivista Italiana della Saldatura,Journal,00356794,-,Instituto Italiano della Saldatura,Italy,ITALIAN,Mechanical Engineering,Mechanics of Materials,-,-,-,-,-,-
Road Materials and Pavement Design,Journal,14680629,21647402,Taylor and Francis Ltd.,United Kingdom,ENGLISH,Civil and Structural Engineering,-,-,-,-,-,-,-
ROBOMECH Journal,Journal,-,21974225,Springer Science and Business Media Deutschland GmbH,Switzerland,ENGLISH,Artificial Intelligence,Mechanical Engineering,Control and Optimization,Modeling and Simulation,Instrumentation,-,-,-
Robotic Intelligence and Automation,Journal,27546969,27546977,Emerald Publishing,United Kingdom,ENGLISH,Artificial Intelligence,Computer Science Applications,Human-Computer Interaction,Control and Systems Engineering,Electrical and Electronic Engineering,Industrial and Manufacturing Engineering,-,-
Robotica,Journal,02635747,14698668,Cambridge University Press,United States,ENGLISH,Artificial Intelligence,Computer Science Applications,Computer Vision and Pattern Recognition,Software,Computational Mechanics,Control and Systems Engineering,Mechanical Engineering,Mathematics (all)
Robotics and Autonomous Systems,Journal,09218890,-,Elsevier B.V.,Netherlands,ENGLISH,Computer Science Applications,Software,Control and Systems Engineering,Mathematics (all),-,-,-,-
Robotics and Computer-Integrated Manufacturing,Journal,07365845,-,Elsevier Ltd,United Kingdom,ENGLISH,Computer Science Applications,Software,Control and Systems Engineering,Industrial and Manufacturing Engineering,Mathematics (all),-,-,-
Rock Mechanics and Rock Engineering,Journal,07232632,1434453X,Springer,Austria,ENGLISH,Geology,Geotechnical Engineering and Engineering Geology,Civil and Structural Engineering,-,-,-,-,-
Rocks and Minerals,Journal,00357529,19401191,Routledge,United States,ENGLISH,Economic Geology,Geology,Stratigraphy,-,-,-,-,-
RSC Advances,Journal,-,20462069,Royal Society of Chemistry,United Kingdom,ENGLISH,Chemical Engineering (all),Chemistry (all),-,-,-,-,-,-
Ruan Jian Xue Bao/Journal of Software,Journal,10009825,-,Chinese Academy of Sciences,China,ENGLISH,Software,-,-,-,-,-,-,-
Rubber Chemistry and Technology,Journal,00359475,-,Rubber Division of the American Chemical Society,United States,ENGLISH,Materials Chemistry,Polymers and Plastics,-,-,-,-,-,-
Rubber World,Journal,00359572,-,Lippincott and Peto Inc.,United States,ENGLISH,Materials Chemistry,Polymers and Plastics,-,-,-,-,-,-
Rudarsko Geolosko Naftni Zbornik,Journal,03534529,18490409,"Faculty of Mining, Geology and Petroleum Engineering University of Zagreb",Croatia,ENGLISH,Earth and Planetary Sciences (all),Geology,Geotechnical Engineering and Engineering Geology,Energy (all),Water Science and Technology,-,-,-
RusAutoCon - Proceedings of the International Russian Automation Conference,Journal,28366131,2836614X,Institute of Electrical and Electronics Engineers Inc.,United States,ENGLISH,Control and Systems Engineering,Mechanical Engineering,Control and Optimization,-,-,-,-,-
Russian Aeronautics,Journal,10687998,19347901,Pleiades Publishing,Russian Federation,ENGLISH,Aerospace Engineering,-,-,-,-,-,-,-
Russian Chemical Reviews,Journal,0036021X,14684837,Editorial Board of the Journal Uspekhi Khimii (Russian Chemical Reviews),Russian Federation,ENGLISH,Chemistry (all),-,-,-,-,-,-,-
Russian Electrical Engineering,Journal,10683712,19348010,Pleiades Publishing,United States,ENGLISH,Electrical and Electronic Engineering,-,-,-,-,-,-,-
Russian Engineering Research,Journal,1068798X,19348088,Pleiades Publishing,Russian Federation,ENGLISH,Industrial and Manufacturing Engineering,Mechanical Engineering,-,-,-,-,-,-
Russian Journal of Applied Chemistry,Journal,10704272,16083296,Pleiades Publishing,Russian Federation,ENGLISH,Chemical Engineering (all),Chemistry (all),-,-,-,-,-,-
Russian Journal of Coordination Chemistry/Koordinatsionnaya Khimiya,Journal,10703284,16083318,Pleiades Publishing,Russian Federation,ENGLISH,Chemical Engineering (all),Chemistry (all),-,-,-,-,-,-
Russian Journal of Electrochemistry,Journal,10231935,16083342,Pleiades Publishing,Russian Federation,ENGLISH,Electrochemistry,-,-,-,-,-,-,-
Russian Journal of Inorganic Chemistry,Journal,00360236,15318613,Pleiades Publishing,Russian Federation,ENGLISH,Inorganic Chemistry,Physical and Theoretical Chemistry,Materials Science (miscellaneous),-,-,-,-,-
Russian Journal of Nondestructive Testing,Journal,10618309,16083385,Pleiades Publishing,Russian Federation,ENGLISH,Mechanical Engineering,Mechanics of Materials,Materials Science (all),Condensed Matter Physics,-,-,-,-
Russian Journal of Non-Ferrous Metals,Journal,10678212,1934970X,Pleiades Publishing,Russian Federation,ENGLISH,Mechanics of Materials,Metals and Alloys,"Surfaces, Coatings and Films",-,-,-,-,-
Russian Journal of Numerical Analysis and Mathematical Modelling,Journal,09276467,15693988,Walter de Gruyter GmbH,Germany,ENGLISH,Computational Mathematics,Modeling and Simulation,Numerical Analysis,-,-,-,-,-
Russian Journal of Physical Chemistry A,Journal,00360244,1531863X,Pleiades Publishing,Russian Federation,ENGLISH,Physical and Theoretical Chemistry,-,-,-,-,-,-,-
Russian Metallurgy (Metally),Journal,00360295,15556255,Pleiades Publishing,Russian Federation,ENGLISH,Metals and Alloys,-,-,-,-,-,-,-
Russian Meteorology and Hydrology,Journal,10683739,19348096,Pleiades Publishing,Russian Federation,ENGLISH,Fluid Flow and Transfer Processes,Atmospheric Science,Water Science and Technology,-,-,-,-,-
Russian Microelectronics,Journal,10637397,16083415,Pleiades Publishing,Russian Federation,ENGLISH,Electrical and Electronic Engineering,"Electronic, Optical and Magnetic Materials",Materials Chemistry,Condensed Matter Physics,-,-,-,-
"SACI, IEEE International Symposium on Applied Computational Intelligence and Informatics",Journal,28339010,2765818X,Institute of Electrical and Electronics Engineers Inc.,United States,ENGLISH,Artificial Intelligence,Computer Networks and Communications,Information Systems,Electrical and Electronic Engineering,Health Informatics,Statistical and Nonlinear Physics,-,-
Sadhana - Academy Proceedings in Engineering Sciences,Journal,02562499,09737677,Springer,India,ENGLISH,Multidisciplinary,-,-,-,-,-,-,-
SAE International Journal of Advances and Current Practices in Mobility,Journal,-,26419645,SAE International,United States,ENGLISH,Artificial Intelligence,Fuel Technology,Aerospace Engineering,Automotive Engineering,Mechanical Engineering,-,-,-
SAE International Journal of Aerospace,Journal,19463855,19463901,SAE International,United States,ENGLISH,Aerospace Engineering,-,-,-,-,-,-,-
SAE International Journal of Commercial Vehicles,Journal,1946391X,19463928,SAE International,United States,ENGLISH,Automotive Engineering,-,-,-,-,-,-,-
SAE International Journal of Connected and Automated Vehicles,Journal,25740741,2574075X,SAE International,United States,ENGLISH,Artificial Intelligence,Computer Science Applications,Automotive Engineering,Control and Systems Engineering,-,-,-,-
SAE International Journal of Electrified Vehicles,Journal,26913747,26913755,SAE International,United States,ENGLISH,Fuel Technology,Automotive Engineering,-,-,-,-,-,-
SAE International Journal of Engines,Journal,19463936,19463944,SAE International,United States,ENGLISH,Fuel Technology,Automotive Engineering,-,-,-,-,-,-
SAE International Journal of Fuels and Lubricants,Journal,19463952,19463960,SAE International,United States,ENGLISH,Fuel Technology,Pollution,-,-,-,-,-,-
SAE International Journal of Materials and Manufacturing,Journal,19463979,19463987,SAE International,United States,ENGLISH,Industrial and Manufacturing Engineering,Mechanical Engineering,Mechanics of Materials,-,-,-,-,-
SAE International Journal of Passenger Vehicle Systems,Journal,27703460,27703479,SAE International,United States,ENGLISH,Automotive Engineering,Mechanical Engineering,"Safety, Risk, Reliability and Quality",Modeling and Simulation,-,-,-,-
"SAE International Journal of Sustainable Transportation, Energy, Environment, and Policy",Journal,2640642X,26406438,SAE International,United States,ENGLISH,"Renewable Energy, Sustainability and the Environment",Engineering (miscellaneous),Aerospace Engineering,Automotive Engineering,Civil and Structural Engineering,"Management, Monitoring, Policy and Law",Transportation,-
SAE International Journal of Transportation Cybersecurity and Privacy,Journal,25721046,25721054,SAE International,United States,ENGLISH,Computer Networks and Communications,Computer Science Applications,Information Systems,Automotive Engineering,"Safety, Risk, Reliability and Quality",-,-,-
SAE International Journal of Transportation Safety,Journal,23275626,23275634,SAE International,United States,ENGLISH,Mechanical Engineering,"Safety, Risk, Reliability and Quality",Human Factors and Ergonomics,Safety Research,-,-,-,-
"SAE International Journal of Vehicle Dynamics, Stability, and NVH",Journal,23802162,23802170,SAE International,United States,ENGLISH,Automotive Engineering,Computational Mechanics,Mechanical Engineering,Control and Optimization,-,-,-,-
Safety Science,Journal,09257535,18791042,Elsevier B.V.,Netherlands,ENGLISH,"Safety, Risk, Reliability and Quality",Building and Construction,"Public Health, Environmental and Occupational Health",Safety Research,-,-,-,-
SAIEE Africa Research Journal,Journal,19911696,-,South African Institute of Electrical Engineers,South Africa,ENGLISH,Electrical and Electronic Engineering,-,-,-,-,-,-,-
SAMPE Journal,Journal,00911062,-,Soc. for the Advancement of Material and Process Engineering,United States,ENGLISH,Mechanical Engineering,Mechanics of Materials,Materials Science (all),-,-,-,-,-
SAR and QSAR in Environmental Research,Journal,1062936X,1029046X,Taylor and Francis Ltd.,United Kingdom,ENGLISH,Molecular Medicine,Bioengineering,Drug Discovery,-,-,-,-,-
Satellite Navigation,Journal,26629291,26621363,Springer Nature,China,ENGLISH,Signal Processing,Aerospace Engineering,Electrical and Electronic Engineering,-,-,-,-,-
Scandinavian Journal of Forest Research,Journal,02827581,16511891,Taylor and Francis A.S.,Sweden,ENGLISH,Forestry,-,-,-,-,-,-,-
Science Advances ,Journal,-,23752548,American Association for the Advancement of Science,United States,ENGLISH,Multidisciplinary,-,-,-,-,-,-,-
Science and Engineering of Composite Materials,Journal,07921233,21910359,Walter de Gruyter GmbH,Germany,ENGLISH,Ceramics and Composites,Materials Chemistry,-,-,-,-,-,-
Science and Global Security,Journal,08929882,15477800,Routledge,United Kingdom,ENGLISH,Engineering (all),-,-,-,-,-,-,-
Science and Technology for Energy Transition (STET),Journal,-,28047699,Editions Technip,France,ENGLISH,Chemical Engineering (all),Energy Engineering and Power Technology,Fuel Technology,-,-,-,-,-
Science and Technology for the Built Environment,Journal,23744731,2374474X,Taylor and Francis Ltd.,United States,ENGLISH,Fluid Flow and Transfer Processes,Building and Construction,Environmental Engineering,-,-,-,-,-
Science and Technology Libraries,Journal,0194262X,15411109,Routledge,United States,ENGLISH,Library and Information Sciences,-,-,-,-,-,-,-
Science and Technology of Advanced Materials,Journal,14686996,18785514,Taylor and Francis Ltd.,United Kingdom,ENGLISH,Materials Science (all),-,-,-,-,-,-,-
Science and Technology of Food Industry,Journal,10020306,-,Editorial Department of Science and Technology of Food Science,China,CHINESE/ENGLISH,Food Science,-,-,-,-,-,-,-
Science and Technology of Nuclear Installations,Journal,16876075,16876083,John Wiley and Sons Ltd,United Kingdom,ENGLISH,Nuclear Energy and Engineering,-,-,-,-,-,-,-
Science and Technology of Welding and Joining,Journal,13621718,17432936,SAGE Publications Ltd,United Kingdom,ENGLISH,Materials Science (all),Condensed Matter Physics,-,-,-,-,-,-
Science Bulletin,Journal,20959273,20959281,Elsevier B.V.,China,ENGLISH,Multidisciplinary,-,-,-,-,-,-,-
Science China Chemistry,Journal,16747291,18691870,Science China Press,China,ENGLISH,Chemistry (all),-,-,-,-,-,-,-
Science China Earth Sciences,Journal,16747313,18691897,Science China Press,China,ENGLISH,Earth and Planetary Sciences (all),-,-,-,-,-,-,-
Science China Information Sciences,Journal,1674733X,18691919,Science China Press,China,ENGLISH,Computer Science (all),-,-,-,-,-,-,-
Science China Materials,Journal,20958226,21994501,Science China Press,China,ENGLISH,Materials Science (all),-,-,-,-,-,-,-
Science China Technological Sciences,Journal,16747321,18691900,Science China Press,China,ENGLISH,Engineering (all),Materials Science (all),-,-,-,-,-,-
"Science China: Physics, Mechanics and Astronomy",Journal,16747348,18691927,Science China Press,China,ENGLISH,Physics and Astronomy (all),-,-,-,-,-,-,-
Science of Computer Programming,Journal,01676423,-,Elsevier B.V.,Netherlands,ENGLISH,Computational Theory and Mathematics,Information Systems,Software,Modeling and Simulation,-,-,-,-
Science of Sintering,Journal,0350820X,-,International Institute for the Science of Sintering (IISS),Serbia,ENGLISH,Ceramics and Composites,Materials Chemistry,Metals and Alloys,Condensed Matter Physics,-,-,-,-
Science of the Total Environment,Journal,00489697,18791026,Elsevier B.V.,Netherlands,ENGLISH,Environmental Chemistry,Environmental Engineering,Pollution,Waste Management and Disposal,-,-,-,-
Science Robotics,Journal,-,24709476,American Association for the Advancement of Science,United States,ENGLISH,Artificial Intelligence,Computer Science Applications,Mechanical Engineering,Control and Optimization,-,-,-,-
Science Technology and Engineering,Journal,16711815,-,Beijing Kexue Jishu yu Gongcheng Zazhishe,China,CHINESE/ENGLISH,Engineering (all),-,-,-,-,-,-,-
Scientia Forestalis/Forest Sciences,Journal,14139324,-,University of Sao Paolo,Brazil,PORTUGUESE,Forestry,-,-,-,-,-,-,-
Scientia Iranica,Journal,10263098,23453605,Sharif University of Technology,Netherlands,ENGLISH,Multidisciplinary,Chemistry (miscellaneous),Computer Science (miscellaneous),Engineering (all),Civil and Structural Engineering,Industrial and Manufacturing Engineering,Mechanical Engineering,Materials Science (miscellaneous)
Scientia Sinica Technologica,Journal,16747259,2095946X,Science Press,China,CHINESE,Computer Networks and Communications,Control and Systems Engineering,-,-,-,-,-,-
Scientific and Technical Information Processing,Journal,01476882,19348118,Pleiades Publishing,Russian Federation,ENGLISH,Computer Science (all),-,-,-,-,-,-,-
Scientific Drilling,Journal,18168957,18163459,Copernicus Publications,Japan,ENGLISH,Energy Engineering and Power Technology,Mechanical Engineering,-,-,-,-,-,-
Scientific Mining Journal,Journal,25647024,25872613,Chamber of Mining Engineers of Turkey,Turkey,TURKISH,Geotechnical Engineering and Engineering Geology,Industrial and Manufacturing Engineering,Mechanical Engineering,-,-,-,-,-
Scientific Visualization,Journal,-,20793537,National Research Nuclear University,Russian Federation,ENGLISH/RUSSIAN,Computer Vision and Pattern Recognition,Software,-,-,-,-,-,-
Scripta Materialia,Journal,13596462,-,Acta Materialia Inc,United Kingdom,ENGLISH,Mechanical Engineering,Mechanics of Materials,Materials Science (all),Metals and Alloys,Condensed Matter Physics,-,-,-
SDHM Structural Durability and Health Monitoring,Journal,19302983,19302991,Tech Science Press,United States,ENGLISH,Civil and Structural Engineering,Building and Construction,-,-,-,-,-,-
SEAISI Quarterly (South East Asia Iron and Steel Institute),Journal,01295721,-,South East Asian Iron and Steel Institute,Malaysia,ENGLISH,Physical and Theoretical Chemistry,Materials Chemistry,Metals and Alloys,Condensed Matter Physics,-,-,-,-
Security and Privacy,Journal,-,24756725,John Wiley and Sons Inc,United States,ENGLISH,Computer Networks and Communications,Computer Science Applications,Information Systems,Software,Safety Research,-,-,-
Sedimentary Geology,Journal,00370738,-,Elsevier B.V.,Netherlands,ENGLISH,Geology,Stratigraphy,-,-,-,-,-,-
Sedimentology,Journal,00370746,13653091,John Wiley and Sons Inc,United Kingdom,ENGLISH,Geology,Stratigraphy,-,-,-,-,-,-
SEI Technical Review,Journal,13434349,-,Sumitomo Electric Industries Ltd.,Japan,ENGLISH,Electrical and Electronic Engineering,-,-,-,-,-,-,-
Seimitsu Kogaku Kaishi/Journal of the Japan Society for Precision Engineering,Journal,09120289,1882675X,Japan Society for Precision Engineering,Japan,JAPANESE,Mechanical Engineering,-,-,-,-,-,-,-
Seismological Research Letters,Journal,08950695,19382057,Seismological Society of America,United States,ENGLISH,Geophysics,-,-,-,-,-,-,-
"Semiconductor Physics, Quantum Electronics and Optoelectronics",Journal,15608034,16056582,National Academy of Sciences of Ukraine - Institute of Semiconductor Physics,Ukraine,ENGLISH,Electrical and Electronic Engineering,"Electronic, Optical and Magnetic Materials","Atomic and Molecular Physics, and Optics",-,-,-,-,-
Semiconductor Science and Technology,Journal,02681242,13616641,Institute of Physics,United Kingdom,ENGLISH,Electrical and Electronic Engineering,"Electronic, Optical and Magnetic Materials",Materials Chemistry,Condensed Matter Physics,-,-,-,-
Sensing and Imaging,Journal,15572064,15572072,Springer,United States,ENGLISH,Electrical and Electronic Engineering,Instrumentation,-,-,-,-,-,-
Sensor Review,Journal,02602288,17586828,Emerald Publishing,United Kingdom,ENGLISH,Electrical and Electronic Engineering,Industrial and Manufacturing Engineering,-,-,-,-,-,-
Sensors,Journal,-,14248220,Multidisciplinary Digital Publishing Institute (MDPI),Switzerland,ENGLISH,Biochemistry,Analytical Chemistry,Information Systems,Electrical and Electronic Engineering,Instrumentation,"Atomic and Molecular Physics, and Optics",-,-
Sensors and Actuators A: Physical,Journal,09244247,-,Elsevier B.V.,Netherlands,ENGLISH,Electrical and Electronic Engineering,"Electronic, Optical and Magnetic Materials",Metals and Alloys,"Surfaces, Coatings and Films",Condensed Matter Physics,Instrumentation,-,-
Sensors and Actuators B: Chemical,Journal,09254005,-,Elsevier B.V.,Netherlands,ENGLISH,Analytical Chemistry,Electrochemistry,Spectroscopy,Electrical and Electronic Engineering,"Electronic, Optical and Magnetic Materials",Materials Chemistry,Metals and Alloys,"Surfaces, Coatings and Films"
Sensors and Actuators Reports,Journal,-,26660539,Elsevier B.V.,Netherlands,ENGLISH,Analytical Chemistry,Computer Science (miscellaneous),Electrical and Electronic Engineering,"Electronic, Optical and Magnetic Materials",Instrumentation,"Atomic and Molecular Physics, and Optics",-,-
Sensors and Materials,Journal,09144935,-,M Y U Scientific Publishing Division,Japan,ENGLISH,Materials Science (all),Instrumentation,-,-,-,-,-,-
Sensors International,Journal,-,26663511,KeAi Communications Co.,China,ENGLISH,Bioengineering,Chemical Health and Safety,Chemistry (miscellaneous),Electrochemistry,Electrical and Electronic Engineering,Materials Science (miscellaneous),"Electronic, Optical and Magnetic Materials",-
Separation and Purification Reviews,Journal,15422119,15422127,Taylor and Francis Ltd.,United States,ENGLISH,Filtration and Separation,Analytical Chemistry,-,-,-,-,-,-
Separation and Purification Technology,Journal,13835866,18733794,Elsevier B.V.,Netherlands,ENGLISH,Filtration and Separation,Analytical Chemistry,-,-,-,-,-,-
Separation Science and Technology (Philadelphia),Journal,01496395,15205754,Taylor and Francis Ltd.,United States,ENGLISH,Chemical Engineering (all),Filtration and Separation,Process Chemistry and Technology,Chemistry (all),-,-,-,-
Separation Science Plus,Journal,-,25731815,John Wiley and Sons Inc,United States,ENGLISH,Filtration and Separation,Analytical Chemistry,-,-,-,-,-,-
Sequential Analysis,Journal,07474946,15324176,Taylor and Francis Ltd.,United States,ENGLISH,"Business, Management and Accounting (all)",Modeling and Simulation,Statistics and Probability,-,-,-,-,-
Service Oriented Computing and Applications,Journal,18632386,18632394,Springer Science and Business Media Deutschland GmbH,United Kingdom,ENGLISH,Management Information Systems,Hardware and Architecture,Information Systems,Software,-,-,-,-
Set-Valued and Variational Analysis,Journal,18770533,18770541,Springer Science and Business Media B.V.,Netherlands,ENGLISH,Analysis,Applied Mathematics,Geometry and Topology,Numerical Analysis,Statistics and Probability,-,-,-
Shanghai Jiaotong Daxue Xuebao/Journal of Shanghai Jiaotong University,Journal,10062467,-,Shanghai Jiaotong University,China,CHINESE,Multidisciplinary,-,-,-,-,-,-,-
Shape Memory and Superelasticity,Journal,2199384X,21993858,Springer,United States,ENGLISH,Mechanics of Materials,Materials Science (all),-,-,-,-,-,-
Shengwu Gongcheng Xuebao/Chinese Journal of Biotechnology,Journal,10003061,18722075,Chinese Academy of Sciences,China,CHINESE,Biotechnology,Applied Microbiology and Biotechnology,-,-,-,-,-,-
Shengwu Yixue Gongchengxue Zazhi/Journal of Biomedical Engineering,Journal,10015515,-,"West China Hospital, Sichuan Institute of Biomedical Engineering",China,CHINESE,Biomedical Engineering,-,-,-,-,-,-,-
Shengxue Xuebao/Acta Acustica,Journal,03710025,-,Science Press,China,CHINESE,Acoustics and Ultrasonics,-,-,-,-,-,-,-
Ship Building of China,Journal,10004882,-,Editorial office of Ship Building of China,China,CHINESE,Mechanical Engineering,-,-,-,-,-,-,-
Ship Technology Research,Journal,09377255,20567111,Taylor and Francis Ltd.,United Kingdom,ENGLISH,Ocean Engineering,-,-,-,-,-,-,-
Shipin Kexue/Food Science,Journal,10026630,-,Chinese Chamber of Commerce,China,CHINESE,Food Science,-,-,-,-,-,-,-
Ships and Offshore Structures,Journal,17445302,1754212X,Taylor and Francis Ltd.,United Kingdom,ENGLISH,Mechanical Engineering,Ocean Engineering,-,-,-,-,-,-
Shiyou Diqiu Wuli Kantan/Oil Geophysical Prospecting,Journal,10007210,-,Editorial office of Oil Geophysical Prospecting,China,CHINESE,Geology,Geotechnical Engineering and Engineering Geology,Energy Engineering and Power Technology,-,-,-,-,-
Shiyou Kantan Yu Kaifa/Petroleum Exploration and Development,Journal,10000747,-,Editorial Office of Petroleum Exploration and Development,China,CHINESE,Geology,Geotechnical Engineering and Engineering Geology,Energy Engineering and Power Technology,-,-,-,-,-
"Shiyou Xuebao, Shiyou Jiagong/Acta Petrolei Sinica (Petroleum Processing Section)",Journal,10018719,-,Editorial Office of Acta Petrolei Sinica,China,CHINESE,Chemical Engineering (all),Energy Engineering and Power Technology,Fuel Technology,-,-,-,-,-
Shiyou Xuebao/Acta Petrolei Sinica,Journal,02532697,-,Science Press,China,CHINESE,Chemical Engineering (all),Energy Engineering and Power Technology,Fuel Technology,-,-,-,-,-
Shock and Vibration,Journal,10709622,18759203,John Wiley and Sons Ltd,United Kingdom,ENGLISH,Geotechnical Engineering and Engineering Geology,Civil and Structural Engineering,Mechanical Engineering,Mechanics of Materials,Condensed Matter Physics,-,-,-
Shock Waves,Journal,09381287,14322153,Springer Science and Business Media Deutschland GmbH,Germany,ENGLISH,Mechanical Engineering,Physics and Astronomy (all),-,-,-,-,-,-
Shuili Xuebao/Journal of Hydraulic Engineering,Journal,05599350,-,International Research and Training Center on Erosion and Sedimentation and China Water and Power Press,China,CHINESE,Energy Engineering and Power Technology,Mechanical Engineering,Water Science and Technology,-,-,-,-,-
SIAM Journal on Applied Algebra and Geometry,Journal,-,24706566,Society for Industrial and Applied Mathematics Publications,United States,ENGLISH,Algebra and Number Theory,Applied Mathematics,Geometry and Topology,-,-,-,-,-
SIAM Journal on Applied Dynamical Systems ,Journal,-,15360040,Society for Industrial and Applied Mathematics Publications,United States,ENGLISH,Analysis,Modeling and Simulation,-,-,-,-,-,-
SIAM Journal on Applied Mathematics,Journal,00361399,1095712X,Society for Industrial and Applied Mathematics Publications,United States,ENGLISH,Applied Mathematics,-,-,-,-,-,-,-
SIAM Journal on Computing,Journal,00975397,10957111,Society for Industrial and Applied Mathematics Publications,United States,ENGLISH,Computer Science (all),Mathematics (all),-,-,-,-,-,-
SIAM Journal on Control and Optimization,Journal,03630129,10957138,Society for Industrial and Applied Mathematics Publications,United States,ENGLISH,Applied Mathematics,Control and Optimization,-,-,-,-,-,-
SIAM Journal on Discrete Mathematics,Journal,08954801,10957146,Society for Industrial and Applied Mathematics Publications,United States,ENGLISH,Mathematics (all),-,-,-,-,-,-,-
SIAM Journal on Imaging Sciences ,Journal,-,19364954,Society for Industrial and Applied Mathematics Publications,United States,ENGLISH,Mathematics (all),Applied Mathematics,-,-,-,-,-,-
SIAM Journal on Mathematical Analysis,Journal,00361410,10957154,Society for Industrial and Applied Mathematics Publications,United States,ENGLISH,Analysis,Applied Mathematics,Computational Mathematics,-,-,-,-,-
SIAM Journal on Matrix Analysis and Applications,Journal,08954798,10957162,Society for Industrial and Applied Mathematics Publications,United States,ENGLISH,Analysis,-,-,-,-,-,-,-
SIAM Journal on Numerical Analysis,Journal,00361429,10957170,Society for Industrial and Applied Mathematics Publications,United States,ENGLISH,Applied Mathematics,Computational Mathematics,Numerical Analysis,-,-,-,-,-
SIAM Journal on Optimization,Journal,10526234,10957189,Society for Industrial and Applied Mathematics Publications,United States,ENGLISH,Software,Applied Mathematics,Theoretical Computer Science,-,-,-,-,-
SIAM Journal on Scientific Computing,Journal,10648275,10957197,Society for Industrial and Applied Mathematics Publications,United States,ENGLISH,Applied Mathematics,Computational Mathematics,-,-,-,-,-,-
SIAM Review,Journal,00361445,10957200,Society for Industrial and Applied Mathematics Publications,United States,ENGLISH,Applied Mathematics,Computational Mathematics,Theoretical Computer Science,-,-,-,-,-
SIAM-ASA Journal on Uncertainty Quantification,Journal,-,21662525,Society for Industrial and Applied Mathematics Publications,United States,ENGLISH,"Statistics, Probability and Uncertainty",Applied Mathematics,Discrete Mathematics and Combinatorics,Modeling and Simulation,Statistics and Probability,-,-,-
"SICE Journal of Control, Measurement, and System Integration",Journal,-,18849970,Taylor and Francis Ltd.,United Kingdom,ENGLISH,Computer Science (all),Control and Systems Engineering,-,-,-,-,-,-
SIGMOD Record,Journal,01635808,-,Association for Computing Machinery,United States,ENGLISH,Information Systems,Software,-,-,-,-,-,-
Signal Processing,Journal,01651684,-,Elsevier B.V.,Netherlands,ENGLISH,Computer Vision and Pattern Recognition,Signal Processing,Software,Control and Systems Engineering,Electrical and Electronic Engineering,-,-,-
Signal Processing: Image Communication,Journal,09235965,-,Elsevier B.V.,Netherlands,ENGLISH,Computer Vision and Pattern Recognition,Signal Processing,Software,Electrical and Electronic Engineering,-,-,-,-
"Signal, Image and Video Processing",Journal,18631703,18631711,Springer Science and Business Media Deutschland GmbH,United Kingdom,ENGLISH,Signal Processing,Electrical and Electronic Engineering,-,-,-,-,-,-
Silicon,Journal,1876990X,18769918,Springer Science and Business Media B.V.,Netherlands,ENGLISH,"Electronic, Optical and Magnetic Materials",-,-,-,-,-,-,-
Silva Fennica,Journal,00375330,22424075,Finnish Society of Forest Science,Finland,ENGLISH,Forestry,Ecological Modeling,-,-,-,-,-,-
Silvae Genetica,Journal,00375349,25098934,Paradigm Publishing Services,Poland,ENGLISH,Forestry,Genetics,-,-,-,-,-,-
Simulation,Journal,00375497,17413133,SAGE Publications Ltd,United Kingdom,ENGLISH,Computer Graphics and Computer-Aided Design,Software,Modeling and Simulation,-,-,-,-,-
Simulation Modelling Practice and Theory,Journal,1569190X,-,Elsevier B.V.,Netherlands,ENGLISH,Hardware and Architecture,Software,Modeling and Simulation,-,-,-,-,-
Skin Research and Technology,Journal,0909752X,16000846,John Wiley and Sons Inc,United Kingdom,ENGLISH,Dermatology,-,-,-,-,-,-,-
SLAS Technology,Journal,24726303,24726311,Elsevier B.V.,Netherlands,ENGLISH,Computer Science Applications,Medical Laboratory Technology,-,-,-,-,-,-
Small,Journal,16136810,16136829,John Wiley and Sons Inc,Germany,ENGLISH,Biotechnology,Chemistry (all),Engineering (miscellaneous),Materials Science (all),Biomaterials,-,-,-
Small Methods,Journal,-,23669608,John Wiley and Sons Inc,United States,ENGLISH,Chemistry (all),Materials Science (all),-,-,-,-,-,-
Smart and Sustainable Built Environment,Journal,20466099,20466102,Emerald Publishing,United Kingdom,ENGLISH,"Renewable Energy, Sustainability and the Environment",Civil and Structural Engineering,Building and Construction,Architecture,"Management, Monitoring, Policy and Law",Human Factors and Ergonomics,Cultural Studies,Urban Studies
Smart and Sustainable Manufacturing Systems,Journal,25206478,25723928,ASTM International,United States,ENGLISH,Computer Science Applications,Control and Systems Engineering,Industrial and Manufacturing Engineering,-,-,-,-,-
Smart Energy,Journal,-,26669552,Elsevier Ltd,United Kingdom,ENGLISH,Energy (miscellaneous),Energy Engineering and Power Technology,"Renewable Energy, Sustainability and the Environment",Mechanical Engineering,"Management, Monitoring, Policy and Law",-,-,-
"Smart Grid Conference, SGC",Journal,25726935,25726927,Institute of Electrical and Electronics Engineers Inc.,United States,ENGLISH,Artificial Intelligence,Computer Networks and Communications,Energy Engineering and Power Technology,Electrical and Electronic Engineering,"Safety, Risk, Reliability and Quality",Control and Optimization,-,-
Smart Grids and Sustainable Energy,Journal,-,27318087,Springer,Singapore,ENGLISH,Economics and Econometrics,Energy (miscellaneous),"Renewable Energy, Sustainability and the Environment",Electrical and Electronic Engineering,-,-,-,-
Smart Materials and Structures,Journal,09641726,1361665X,Institute of Physics,United Kingdom,ENGLISH,Signal Processing,Civil and Structural Engineering,Electrical and Electronic Engineering,Mechanics of Materials,Materials Science (all),Condensed Matter Physics,"Atomic and Molecular Physics, and Optics",-
Smart Materials in Manufacturing,Journal,-,27728102,KeAi Communications Co.,China,ENGLISH,Engineering (miscellaneous),Materials Science (miscellaneous),-,-,-,-,-,-
Smart Materials in Medicine,Journal,-,25901834,KeAi Communications Co.,China,ENGLISH,Bioengineering,Biomedical Engineering,Biomaterials,-,-,-,-,-
Smart Power,Journal,20964145,-,Zhihui Dianli Bianjibu,China,CHINESE/ENGLISH,Energy (all),-,-,-,-,-,-,-
Smart Science,Journal,-,23080477,Taylor and Francis Ltd.,United Kingdom,ENGLISH,Fluid Flow and Transfer Processes,Chemistry (miscellaneous),Computer Networks and Communications,Energy (miscellaneous),Engineering (all),Computational Mathematics,Modeling and Simulation,-
Smart Structures and Systems,Journal,17381584,17381991,Techno-Press,South Korea,ENGLISH,Computer Science Applications,Control and Systems Engineering,Electrical and Electronic Engineering,-,-,-,-,-
SmartMat,Journal,27668525,2688819X,John Wiley and Sons Inc,China,ENGLISH,Chemistry (miscellaneous),Mechanics of Materials,Materials Science (all),-,-,-,-,-
SMPTE Motion Imaging Journal,Journal,15450279,21602492,Society of Motion Picture and Television Engineers,United States,ENGLISH,Electrical and Electronic Engineering,Media Technology,-,-,-,-,-,-
SOCAR Proceedings,Journal,22186867,22188622,Oil Gas Scientific Research Project Institute,Azerbaijan,ENGLISH,Chemical Engineering (miscellaneous),Chemistry (miscellaneous),Geology,Geophysics,Geotechnical Engineering and Engineering Geology,Energy (all),Energy Engineering and Power Technology,Fuel Technology
Social Network Analysis and Mining,Journal,18695450,18695469,Springer,Austria,ENGLISH,Computer Science Applications,Human-Computer Interaction,Information Systems,Media Technology,Communication,-,-,-
Soft Computing,Journal,14327643,14337479,Springer Science and Business Media Deutschland GmbH,Germany,ENGLISH,Software,Geometry and Topology,Theoretical Computer Science,-,-,-,-,-
Soft Materials,Journal,1539445X,15394468,Taylor and Francis Ltd.,United States,ENGLISH,Chemistry (all),Materials Science (all),Condensed Matter Physics,-,-,-,-,-
Soft Matter,Journal,1744683X,17446848,Royal Society of Chemistry,United Kingdom,ENGLISH,Chemistry (all),Condensed Matter Physics,-,-,-,-,-,-
Soft Robotics,Journal,21695172,21695180,SAGE Publications Ltd,United States,ENGLISH,Biophysics,Artificial Intelligence,Control and Systems Engineering,-,-,-,-,-
Software - Practice and Experience,Journal,00380644,1097024X,John Wiley and Sons Ltd,United Kingdom,ENGLISH,Software,-,-,-,-,-,-,-
Software and Systems Modeling,Journal,16191366,16191374,Springer Science and Business Media Deutschland GmbH,Germany,ENGLISH,Software,Modeling and Simulation,-,-,-,-,-,-
Software Quality Journal,Journal,09639314,15731367,Springer,United States,ENGLISH,Visual Arts and Performing Arts,Software,"Safety, Risk, Reliability and Quality",Media Technology,-,-,-,-
Software Testing Verification and Reliability,Journal,09600833,10991689,John Wiley and Sons Ltd,United Kingdom,ENGLISH,Software,"Safety, Risk, Reliability and Quality",Media Technology,-,-,-,-,-
SoftwareX,Journal,-,23527110,Elsevier B.V.,Netherlands,ENGLISH,Computer Science Applications,Software,-,-,-,-,-,-
Soil and Sediment Contamination,Journal,15320383,15497887,Taylor and Francis Ltd.,United States,ENGLISH,Soil Science,Environmental Chemistry,"Health, Toxicology and Mutagenesis",Pollution,-,-,-,-
Soil and Tillage Research,Journal,01671987,-,Elsevier B.V.,Netherlands,ENGLISH,Agronomy and Crop Science,Soil Science,Earth-Surface Processes,-,-,-,-,-
Soil Biology and Biochemistry,Journal,00380717,-,Elsevier Ltd,United Kingdom,ENGLISH,Soil Science,Microbiology,-,-,-,-,-,-
Soil Dynamics and Earthquake Engineering,Journal,02677261,-,Elsevier Ltd,United Kingdom,ENGLISH,Soil Science,Geotechnical Engineering and Engineering Geology,Civil and Structural Engineering,-,-,-,-,-
Soil Mechanics and Foundation Engineering,Journal,00380741,15739279,Springer,United States,ENGLISH,Soil Science,Geotechnical Engineering and Engineering Geology,Energy (all),Ocean Engineering,Water Science and Technology,-,-,-
Soil Research,Journal,1838675X,18386768,CSIRO Publishing,Australia,ENGLISH,Soil Science,Earth-Surface Processes,Environmental Science (miscellaneous),-,-,-,-,-
Soil Science Society of America Journal,Journal,03615995,14350661,John Wiley and Sons Inc,United States,ENGLISH,Soil Science,-,-,-,-,-,-,-
Soil Use and Management,Journal,02660032,14752743,John Wiley and Sons Inc,United Kingdom,ENGLISH,Agronomy and Crop Science,Soil Science,Pollution,-,-,-,-,-
Soils and Foundations,Journal,00380806,-,Elsevier B.V.,Japan,ENGLISH,Geotechnical Engineering and Engineering Geology,Civil and Structural Engineering,-,-,-,-,-,-
Soils and Rocks,Journal,19809743,26755475,Associacao Brasileira de Mecanica dos Solos,Brazil,ENGLISH,Geotechnical Engineering and Engineering Geology,-,-,-,-,-,-,-
Solar Energy,Journal,0038092X,-,Elsevier Ltd,United Kingdom,ENGLISH,"Renewable Energy, Sustainability and the Environment",Materials Science (all),-,-,-,-,-,-
Solar Energy Materials and Solar Cells,Journal,09270248,-,Elsevier B.V.,Netherlands,ENGLISH,"Renewable Energy, Sustainability and the Environment","Electronic, Optical and Magnetic Materials","Surfaces, Coatings and Films",-,-,-,-,-
Solar RRL,Journal,-,2367198X,John Wiley and Sons Inc,Germany,ENGLISH,Energy Engineering and Power Technology,Electrical and Electronic Engineering,"Electronic, Optical and Magnetic Materials","Atomic and Molecular Physics, and Optics",-,-,-,-
Soldagem e Inspecao,Journal,01049224,19806973,University Federal de Uberlandia,Brazil,ENGLISH/PORTUGUESE/SPANISH,Mechanical Engineering,Mechanics of Materials,Metals and Alloys,-,-,-,-,-
Soldering and Surface Mount Technology,Journal,09540911,17586836,Emerald Publishing,United Kingdom,ENGLISH,Electrical and Electronic Engineering,Materials Science (all),Condensed Matter Physics,-,-,-,-,-
Solid Earth,Journal,18699510,18699529,Copernicus Publications,Germany,ENGLISH,Soil Science,Earth-Surface Processes,Geochemistry and Petrology,Geology,Geophysics,Paleontology,Stratigraphy,-
Solid Fuel Chemistry,Journal,03615219,19348029,Pleiades Publishing,Russian Federation,ENGLISH,Chemical Engineering (all),Chemistry (all),Fuel Technology,-,-,-,-,-
Solid State Communications,Journal,00381098,-,Elsevier Ltd,United Kingdom,ENGLISH,Chemistry (all),Materials Chemistry,Condensed Matter Physics,-,-,-,-,-
Solid State Ionics,Journal,01672738,-,Elsevier B.V.,Netherlands,ENGLISH,Chemistry (all),Materials Science (all),Condensed Matter Physics,-,-,-,-,-
Solid State Nuclear Magnetic Resonance,Journal,09262040,15273326,Elsevier B.V.,Netherlands,ENGLISH,Chemistry (all),Instrumentation,Nuclear and High Energy Physics,Radiation,-,-,-,-
Solid State Sciences,Journal,12932558,-,Elsevier Masson s.r.l.,France,ENGLISH,Chemistry (all),Materials Science (all),Condensed Matter Physics,-,-,-,-,-
Solid-State Electronics,Journal,00381101,-,Elsevier Ltd,United Kingdom,ENGLISH,Electrical and Electronic Engineering,"Electronic, Optical and Magnetic Materials",Materials Chemistry,Condensed Matter Physics,-,-,-,-
Solvent Extraction and Ion Exchange,Journal,07366299,15322262,Taylor and Francis Ltd.,United States,ENGLISH,Chemical Engineering (all),Chemistry (all),-,-,-,-,-,-
SORT,Journal,16962281,20138830,Institut d'Estadistica de Catalunya,Spain,ENGLISH,Management Science and Operations Research,"Statistics, Probability and Uncertainty",Statistics and Probability,-,-,-,-,-
South African Journal of Industrial Engineering,Journal,1012277X,22247890,South African Institute of Industrial Engineering,South Africa,ENGLISH,Industrial and Manufacturing Engineering,-,-,-,-,-,-,-
Space Science Reviews,Journal,00386308,15729672,Springer Science and Business Media B.V.,Netherlands,ENGLISH,Space and Planetary Science,Astronomy and Astrophysics,-,-,-,-,-,-
Space: Science and Technology (United States),Journal,-,26927659,American Association for the Advancement of Science,United States,ENGLISH,Space and Planetary Science,Aerospace Engineering,-,-,-,-,-,-
Spatial Cognition and Computation,Journal,13875868,15739252,Taylor and Francis Ltd.,United States,ENGLISH,Computer Graphics and Computer-Aided Design,Computer Vision and Pattern Recognition,Earth-Surface Processes,Modeling and Simulation,Experimental and Cognitive Psychology,-,-,-
Spatial Information Research,Journal,23663286,23663294,Korean Spatial Information Society,South Korea,ENGLISH,Artificial Intelligence,Computer Science Applications,Computers in Earth Sciences,"Geography, Planning and Development",-,-,-,-
SPE Journal,Journal,1086055X,-,Society of Petroleum Engineers (SPE),United States,ENGLISH,Geotechnical Engineering and Engineering Geology,Energy Engineering and Power Technology,-,-,-,-,-,-
Special Topics and Reviews in Porous Media,Journal,21514798,2151562X,Begell House Inc.,United States,ENGLISH,Engineering (all),Materials Science (all),-,-,-,-,-,-
Spectrochimica Acta - Part A: Molecular and Biomolecular Spectroscopy,Journal,13861425,-,Elsevier B.V.,Netherlands,ENGLISH,Analytical Chemistry,Spectroscopy,Instrumentation,"Atomic and Molecular Physics, and Optics",-,-,-,-
Spectrochimica Acta - Part B Atomic Spectroscopy,Journal,05848547,-,Elsevier B.V.,Netherlands,ENGLISH,Analytical Chemistry,Spectroscopy,Instrumentation,"Atomic and Molecular Physics, and Optics",-,-,-,-
Spectroscopy (Santa Monica),Journal,08876703,-,Advanstar Communications Inc.,United States,ENGLISH,Analytical Chemistry,Spectroscopy,"Atomic and Molecular Physics, and Optics",-,-,-,-,-
Spectroscopy Letters,Journal,00387010,15322289,Taylor and Francis Ltd.,United Kingdom,ENGLISH,Analytical Chemistry,Spectroscopy,"Atomic and Molecular Physics, and Optics",-,-,-,-,-
Speech Communication,Journal,01676393,-,Elsevier B.V.,Netherlands,ENGLISH,Language and Linguistics,Computer Science Applications,Computer Vision and Pattern Recognition,Software,Modeling and Simulation,Linguistics and Language,Communication,-
Sports Engineering,Journal,13697072,14602687,Springer Science and Business Media Deutschland GmbH,United Kingdom,ENGLISH,Biomedical Engineering,Mechanical Engineering,Mechanics of Materials,Modeling and Simulation,Orthopedics and Sports Medicine,"Physical Therapy, Sports Therapy and Rehabilitation",-,-
Starch/Staerke,Journal,00389056,1521379X,John Wiley and Sons Inc,Germany,ENGLISH,Food Science,Organic Chemistry,-,-,-,-,-,-
Statistical Analysis and Data Mining,Journal,19321864,19321872,John Wiley and Sons Inc,United States,ENGLISH,Computer Science Applications,Information Systems,"Statistics, Probability and Uncertainty",Analysis,Statistics and Probability,-,-,-
Steel and Composite Structures,Journal,12299367,15986233,Techno-Press,South Korea,ENGLISH,Civil and Structural Engineering,Building and Construction,Metals and Alloys,-,-,-,-,-
Steel Construction,Journal,18670520,18670539,Ernst und Sohn,United Kingdom,ENGLISH,Civil and Structural Engineering,Mechanics of Materials,Building and Construction,Metals and Alloys,-,-,-,-
Steel in Translation,Journal,09670912,19350988,Pleiades Publishing,Russian Federation,ENGLISH,Materials Science (all),-,-,-,-,-,-,-
Steel Research International,Journal,16113683,1869344X,John Wiley and Sons Inc,Germany,ENGLISH,Physical and Theoretical Chemistry,Materials Chemistry,Metals and Alloys,Condensed Matter Physics,-,-,-,-
Stochastic Environmental Research and Risk Assessment,Journal,14363240,14363259,Springer Science and Business Media Deutschland GmbH,Germany,ENGLISH,"Safety, Risk, Reliability and Quality",Environmental Science (all),Environmental Chemistry,Environmental Engineering,Water Science and Technology,Statistics and Probability,-,-
Stochastic Models,Journal,15326349,15324214,Taylor and Francis Ltd.,United States,ENGLISH,Applied Mathematics,Modeling and Simulation,Statistics and Probability,-,-,-,-,-
Stochastic Processes and their Applications,Journal,03044149,-,Elsevier B.V.,Netherlands,ENGLISH,Applied Mathematics,Modeling and Simulation,Statistics and Probability,-,-,-,-,-
Strain,Journal,00392103,14751305,John Wiley and Sons Inc,United Kingdom,ENGLISH,Mechanical Engineering,Mechanics of Materials,-,-,-,-,-,-
Strategic Management Journal,Journal,01432095,10970266,John Wiley and Sons Ltd,United Kingdom,ENGLISH,Business and International Management,Strategy and Management,-,-,-,-,-,-
Strategic Planning for Energy and the Environment,Journal,10485236,15460126,River Publishers,United States,ENGLISH,"Renewable Energy, Sustainability and the Environment",Environmental Science (all),-,-,-,-,-,-
Strategic Study of CAE,Journal,10091742,-,Beijing Zhongguo Gongcheng Kexue Zazhishe,China,CHINESE/ENGLISH,Engineering (all),-,-,-,-,-,-,-
Strength of Materials,Journal,00392316,15739325,Springer,United States,ENGLISH,Mechanics of Materials,-,-,-,-,-,-,-
"Strength, Fracture and Complexity",Journal,15672069,-,SAGE Publications Ltd,United Kingdom,ENGLISH,Mechanical Engineering,Mechanics of Materials,Condensed Matter Physics,-,-,-,-,-
Strojniski Vestnik/Journal of Mechanical Engineering,Journal,00392480,-,Assoc. of Mechanical Eng. and Technicians of Slovenia,Slovenia,ENGLISH/SLOVENIAN,Mechanical Engineering,Mechanics of Materials,-,-,-,-,-,-
Structural and Multidisciplinary Optimization,Journal,1615147X,16151488,Springer Science and Business Media Deutschland GmbH,Germany,ENGLISH,Computer Graphics and Computer-Aided Design,Computer Science Applications,Software,Control and Systems Engineering,Control and Optimization,-,-,-
Structural Chemistry,Journal,10400400,15729001,Springer,United States,ENGLISH,Physical and Theoretical Chemistry,Condensed Matter Physics,-,-,-,-,-,-
Structural Concrete,Journal,14644177,17517648,John Wiley and Sons Inc,United Kingdom,ENGLISH,Civil and Structural Engineering,Mechanics of Materials,Building and Construction,Materials Science (all),-,-,-,-
Structural Control and Health Monitoring,Journal,15452255,15452263,John Wiley and Sons Ltd,United Kingdom,ENGLISH,Civil and Structural Engineering,Mechanics of Materials,Building and Construction,-,-,-,-,-
Structural Design of Tall and Special Buildings,Journal,15417794,15417808,John Wiley and Sons Ltd,United Kingdom,ENGLISH,Civil and Structural Engineering,Building and Construction,Architecture,-,-,-,-,-
Structural Dynamics,Journal,-,23297778,American Crystallographic Association,United States,ENGLISH,Spectroscopy,Condensed Matter Physics,Instrumentation,Radiation,-,-,-,-
Structural Engineering and Mechanics,Journal,12254568,15986217,Techno-Press,South Korea,ENGLISH,Civil and Structural Engineering,Mechanical Engineering,Mechanics of Materials,Building and Construction,-,-,-,-
Structural Engineering International,Journal,10168664,16830350,Taylor and Francis Ltd.,United Kingdom,ENGLISH,Civil and Structural Engineering,Building and Construction,-,-,-,-,-,-
Structural Equation Modeling,Journal,10705511,15328007,Routledge,United Kingdom,ENGLISH,Decision Sciences (all),"Economics, Econometrics and Finance (all)",Modeling and Simulation,Sociology and Political Science,-,-,-,-
Structural Health Monitoring,Journal,14759217,17413168,SAGE Publications Ltd,United Kingdom,ENGLISH,Biophysics,Mechanical Engineering,-,-,-,-,-,-
Structural Safety,Journal,01674730,-,Elsevier B.V.,Netherlands,ENGLISH,Civil and Structural Engineering,"Safety, Risk, Reliability and Quality",Building and Construction,-,-,-,-,-
Structure and Infrastructure Engineering,Journal,15732479,17448980,Taylor and Francis Ltd.,United Kingdom,ENGLISH,Geotechnical Engineering and Engineering Geology,Civil and Structural Engineering,Mechanical Engineering,Ocean Engineering,"Safety, Risk, Reliability and Quality",Building and Construction,-,-
Structures,Journal,-,23520124,Elsevier Ltd,United Kingdom,ENGLISH,Civil and Structural Engineering,"Safety, Risk, Reliability and Quality",Building and Construction,Architecture,-,-,-,-
Studies in Applied Mathematics,Journal,00222526,14679590,John Wiley and Sons Inc,United Kingdom,ENGLISH,Applied Mathematics,-,-,-,-,-,-,-
Studies in Conservation,Journal,00393630,20470584,Taylor and Francis Ltd.,United Kingdom,ENGLISH,Conservation,-,-,-,-,-,-,-
Sumarski List,Journal,03731332,-,Hrvatsko Sumarsko Drustvo,Croatia,CROATIAN/ENGLISH,Forestry,-,-,-,-,-,-,-
Summaries of JSSI and JSSE Joint Conference on Snow and Ice Research,Journal,18830870,18830889,Japan Society for Snow Engineering,Japan,JAPANESE,Earth and Planetary Sciences (all),-,-,-,-,-,-,-
Supercomputing Frontiers and Innovations,Journal,24096008,23138734,"South Ural State University, Publishing Center",Russian Federation,ENGLISH,Computational Theory and Mathematics,Computer Networks and Communications,Computer Science Applications,Hardware and Architecture,Information Systems,Software,-,-
Superconductivity,Journal,-,27728307,Elsevier B.V.,Netherlands,ENGLISH,Energy Engineering and Power Technology,Electrical and Electronic Engineering,"Electronic, Optical and Magnetic Materials",Condensed Matter Physics,-,-,-,-
Superconductor Science and Technology,Journal,09532048,13616668,Institute of Physics,United Kingdom,ENGLISH,Electrical and Electronic Engineering,Ceramics and Composites,Materials Chemistry,Metals and Alloys,Condensed Matter Physics,-,-,-
Surface and Coatings Technology,Journal,02578972,-,Elsevier B.V.,Netherlands,ENGLISH,Chemistry (all),Materials Chemistry,"Surfaces, Coatings and Films",Condensed Matter Physics,Surfaces and Interfaces,-,-,-
Surface and Interface Analysis,Journal,01422421,10969918,John Wiley and Sons Ltd,United Kingdom,ENGLISH,Chemistry (all),Materials Chemistry,"Surfaces, Coatings and Films",Condensed Matter Physics,Surfaces and Interfaces,-,-,-
Surface Coatings International,Journal,-,17540925,Oil and Colour Chemists' Association,United Kingdom,ENGLISH,Chemistry (all),Materials Chemistry,"Surfaces, Coatings and Films",-,-,-,-,-
Surface Engineering,Journal,02670844,17432944,SAGE Publications Ltd,United Kingdom,ENGLISH,Conservation,Materials Chemistry,"Surfaces, Coatings and Films",Condensed Matter Physics,Surfaces and Interfaces,-,-,-
Surface Engineering and Applied Electrochemistry,Journal,10683755,19348002,Pleiades Publishing,United States,ENGLISH,Industrial and Manufacturing Engineering,"Surfaces, Coatings and Films",Surfaces and Interfaces,-,-,-,-,-
Surface Innovations,Journal,20506252,20506260,Emerald Publishing,United Kingdom,ENGLISH,Process Chemistry and Technology,Materials Chemistry,"Surfaces, Coatings and Films",-,-,-,-,-
Surface Review and Letters,Journal,0218625X,17936667,World Scientific,Singapore,ENGLISH,Materials Chemistry,"Surfaces, Coatings and Films",Condensed Matter Physics,Surfaces and Interfaces,-,-,-,-
Surface Science,Journal,00396028,-,Elsevier B.V.,Netherlands,ENGLISH,Materials Chemistry,"Surfaces, Coatings and Films",Condensed Matter Physics,Surfaces and Interfaces,-,-,-,-
Surface Science and Technology,Journal,20973624,27317838,Springer,Singapore,ENGLISH,Materials Science (miscellaneous),Ceramics and Composites,Metals and Alloys,"Surfaces, Coatings and Films",-,-,-,-
Surface Science Reports,Journal,01675729,1879274X,Elsevier B.V.,Netherlands,ENGLISH,"Electronic, Optical and Magnetic Materials",Materials Chemistry,Metals and Alloys,"Surfaces, Coatings and Films",Condensed Matter Physics,Surfaces and Interfaces,-,-
Surface Science Spectra,Journal,10555269,15208575,AVS Science and Technology Society,United States,ENGLISH,"Surfaces, Coatings and Films",Condensed Matter Physics,Surfaces and Interfaces,-,-,-,-,-
Surface Technology,Journal,10013660,20976283,Chongqing Wujiu Periodicals Press,China,CHINESE,"Surfaces, Coatings and Films",-,-,-,-,-,-,-
Surface Topography: Metrology and Properties,Journal,-,2051672X,Institute of Physics,United Kingdom,ENGLISH,Process Chemistry and Technology,Materials Chemistry,"Surfaces, Coatings and Films",Instrumentation,-,-,-,-
Surveys in Geophysics,Journal,01693298,15730956,Springer Science and Business Media B.V.,Netherlands,ENGLISH,Geochemistry and Petrology,Geophysics,-,-,-,-,-,-
SusMat,Journal,-,26924552,John Wiley and Sons Inc,United States,ENGLISH,"Renewable Energy, Sustainability and the Environment",Environmental Science (all),Environmental Science (miscellaneous),Environmental Chemistry,Waste Management and Disposal,Materials Science (all),-,-
Sustainable and Resilient Infrastructure,Journal,23789689,23789697,Taylor and Francis Ltd.,United States,ENGLISH,Civil and Structural Engineering,"Safety, Risk, Reliability and Quality",Building and Construction,"Geography, Planning and Development",-,-,-,-
Sustainable Buildings,Journal,-,24926035,EDP Sciences,France,ENGLISH,"Renewable Energy, Sustainability and the Environment",Building and Construction,-,-,-,-,-,-
Sustainable Cities and Society,Journal,22106707,22106715,Elsevier Ltd,United Kingdom,ENGLISH,"Renewable Energy, Sustainability and the Environment",Civil and Structural Engineering,"Geography, Planning and Development",Transportation,-,-,-,-
Sustainable Computing: Informatics and Systems,Journal,22105379,-,Elsevier Inc.,United States,ENGLISH,Computer Science (all),Electrical and Electronic Engineering,-,-,-,-,-,-
Sustainable Energy and Fuels,Journal,-,23984902,Royal Society of Chemistry,United Kingdom,ENGLISH,Energy Engineering and Power Technology,Fuel Technology,"Renewable Energy, Sustainability and the Environment",-,-,-,-,-
Sustainable Energy Research,Journal,-,27319237,Springer Science and Business Media B.V.,Netherlands,ENGLISH,Energy (miscellaneous),Energy Engineering and Power Technology,Fuel Technology,"Renewable Energy, Sustainability and the Environment",-,-,-,-
Sustainable Energy Technologies and Assessments,Journal,22131388,-,Elsevier Ltd,United Kingdom,ENGLISH,Energy Engineering and Power Technology,"Renewable Energy, Sustainability and the Environment",-,-,-,-,-,-
"Sustainable Energy, Grids and Networks",Journal,-,23524677,Elsevier Ltd,United Kingdom,ENGLISH,Energy Engineering and Power Technology,"Renewable Energy, Sustainability and the Environment",Control and Systems Engineering,Electrical and Electronic Engineering,-,-,-,-
Sustainable Environment Research,Journal,-,24682039,BioMed Central Ltd,United Kingdom,ENGLISH,"Renewable Energy, Sustainability and the Environment",Environmental Engineering,Pollution,Waste Management and Disposal,Water Science and Technology,-,-,-
Sustainable Horizons,Journal,-,27727378,Elsevier B.V.,Netherlands,ENGLISH,Environmental Science (miscellaneous),-,-,-,-,-,-,-
Sustainable Materials and Technologies,Journal,22149929,22149937,Elsevier B.V.,Netherlands,ENGLISH,"Renewable Energy, Sustainability and the Environment",Industrial and Manufacturing Engineering,Waste Management and Disposal,Materials Science (all),-,-,-,-
Sustainable Operations and Computers,Journal,-,26664127,KeAi Communications Co.,China,ENGLISH,Computer Science (all),Computer Science Applications,Management Science and Operations Research,"Renewable Energy, Sustainability and the Environment",Industrial and Manufacturing Engineering,Global and Planetary Change,-,-
Sustainable Production and Consumption,Journal,-,23525509,Elsevier B.V.,Netherlands,ENGLISH,"Renewable Energy, Sustainability and the Environment",Industrial and Manufacturing Engineering,Environmental Chemistry,Environmental Engineering,-,-,-,-
Sustainable Water Resources Management,Journal,23635037,23635045,Springer Science and Business Media Deutschland GmbH,Switzerland,ENGLISH,"Renewable Energy, Sustainability and the Environment",Water Science and Technology,-,-,-,-,-,-
Swarm and Evolutionary Computation,Journal,22106502,-,Elsevier B.V.,Netherlands,ENGLISH,Computer Science (all),Mathematics (all),-,-,-,-,-,-
Swarm Intelligence,Journal,19353812,19353820,Springer,United States,ENGLISH,Artificial Intelligence,-,-,-,-,-,-,-
"Symposium on Sensorless Control for Electrical Drives, SLED",Journal,21666725,-,Institute of Electrical and Electronics Engineers Inc.,United States,ENGLISH,Computational Mechanics,Electrical and Electronic Engineering,Mechanical Engineering,-,-,-,-,-
Synthesis (Germany),Journal,00397881,1437210X,Georg Thieme Verlag,Germany,ENGLISH/GERMAN,Catalysis,Organic Chemistry,-,-,-,-,-,-
Synthetic Biology,Journal,19397267,23977000,Oxford University Press,United States,ENGLISH,Agricultural and Biological Sciences (miscellaneous),Biotechnology,Bioengineering,Biomedical Engineering,Biomaterials,-,-,-
Synthetic Communications,Journal,00397911,15322432,Taylor and Francis Ltd.,United Kingdom,ENGLISH,Organic Chemistry,-,-,-,-,-,-,-
Synthetic Metals,Journal,03796779,-,Elsevier Ltd,United Kingdom,ENGLISH,Mechanical Engineering,Mechanics of Materials,"Electronic, Optical and Magnetic Materials",Materials Chemistry,Metals and Alloys,Condensed Matter Physics,-,-
Systems,Journal,-,20798954,Multidisciplinary Digital Publishing Institute (MDPI),Switzerland,ENGLISH,Computer Networks and Communications,Software,Information Systems and Management,Control and Systems Engineering,Modeling and Simulation,-,-,-
Systems and Control Letters,Journal,01676911,-,Elsevier B.V.,Netherlands,ENGLISH,Computer Science (all),Control and Systems Engineering,Electrical and Electronic Engineering,Mechanical Engineering,Applied Mathematics,-,-,-
Systems and Soft Computing,Journal,-,27729419,Academic Press,United States,ENGLISH,Computational Theory and Mathematics,Computer Science Applications,Software,Theoretical Computer Science,-,-,-,-
Systems Engineering,Journal,10981241,15206858,John Wiley and Sons Inc,United States,ENGLISH,Computer Networks and Communications,Hardware and Architecture,-,-,-,-,-,-
Systems Microbiology and Biomanufacturing,Journal,26627655,26627663,Springer Nature,China,ENGLISH,Food Science,"Biochemistry, Genetics and Molecular Biology (miscellaneous)",Applied Microbiology and Biotechnology,Microbiology,-,-,-,-
Systems Research and Behavioral Science,Journal,10927026,10991743,John Wiley and Sons Ltd,United Kingdom,ENGLISH,Strategy and Management,Information Systems and Management,Social Sciences (all),-,-,-,-,-
Systems Science and Control Engineering,Journal,-,21642583,Taylor and Francis Ltd.,United Kingdom,ENGLISH,Artificial Intelligence,Control and Systems Engineering,Control and Optimization,-,-,-,-,-
Taiwan Journal of Forest Science,Journal,10264469,-,Taiwan Forestry Research Institute,Taiwan,CHINESE/ENGLISH,Forestry,-,-,-,-,-,-,-
Taiwan Water Conservancy,Journal,04921550,-,Taiwan Joint Irrigation Associations,Taiwan,CHINESE,Environmental Engineering,Water Science and Technology,-,-,-,-,-,-
Taiyangneng Xuebao/Acta Energiae Solaris Sinica,Journal,02540096,-,Science Press,China,CHINESE,Energy Engineering and Power Technology,"Renewable Energy, Sustainability and the Environment","Electronic, Optical and Magnetic Materials","Atomic and Molecular Physics, and Optics",-,-,-,-
Talanta,Journal,00399140,18733573,Elsevier B.V.,Netherlands,ENGLISH,Biochemistry,Chemistry (all),Analytical Chemistry,Spectroscopy,-,-,-,-
Teaching Mathematics and its Applications,Journal,02683679,14716976,Oxford University Press,United Kingdom,ENGLISH,Mathematics (all),Education,-,-,-,-,-,-
Technical Communication Quarterly,Journal,10572252,15427625,Routledge,United States,ENGLISH,Education,Communication,-,-,-,-,-,-
Technical Electrodynamics,Journal,16077970,22181903,"Institute of Electrodynamics, National Academy of Sciences of Ukraine",Ukraine,ENGLISH/RUSSIAN/UKRAINIAN,Energy Engineering and Power Technology,Electrical and Electronic Engineering,-,-,-,-,-,-
Technical Services Quarterly,Journal,07317131,-,Routledge,United States,ENGLISH,Computer Science Applications,Library and Information Sciences,-,-,-,-,-,-
Technische Sicherheit,Journal,21910073,-,VDI Fachmedien GmBH & Co. KG,Germany,GERMAN,Engineering (miscellaneous),"Public Health, Environmental and Occupational Health",-,-,-,-,-,-
Technisches Messen,Journal,01718096,21967113,De Gruyter Oldenbourg,Germany,ENGLISH,Electrical and Electronic Engineering,Instrumentation,-,-,-,-,-,-
Technological Forecasting and Social Change,Journal,00401625,-,Elsevier Inc.,United States,ENGLISH,Business and International Management,Management of Technology and Innovation,Applied Psychology,-,-,-,-,-
Technologies,Journal,-,22277080,Multidisciplinary Digital Publishing Institute (MDPI),Switzerland,ENGLISH,Computer Science (miscellaneous),-,-,-,-,-,-,-
Technology Architecture and Design,Journal,24751448,2475143X,Routledge,United States,ENGLISH,Visual Arts and Performing Arts,Architecture,Urban Studies,-,-,-,-,-
Technology in Society,Journal,0160791X,-,Elsevier Ltd,United Kingdom,ENGLISH,Business and International Management,Education,Human Factors and Ergonomics,Sociology and Political Science,-,-,-,-
"Technology, Knowledge and Learning",Journal,22111662,22111670,Springer Science and Business Media B.V.,Netherlands,ENGLISH,Computer Science Applications,Human-Computer Interaction,Mathematics (miscellaneous),Education,-,-,-,-
Technometrics,Journal,00401706,15372723,American Statistical Association,United States,ENGLISH,Applied Mathematics,Modeling and Simulation,Statistics and Probability,-,-,-,-,-
Technovation,Journal,01664972,-,Elsevier Ltd,United Kingdom,ENGLISH,Management of Technology and Innovation,Engineering (all),-,-,-,-,-,-
Tectonics,Journal,02787407,19449194,John Wiley and Sons Inc,United States,ENGLISH,Geochemistry and Petrology,Geophysics,-,-,-,-,-,-
Tectonophysics,Journal,00401951,-,Elsevier B.V.,Netherlands,ENGLISH,Earth-Surface Processes,Geophysics,-,-,-,-,-,-
Tehnicki Vjesnik,Journal,13303651,18486339,Strojarski Facultet,Croatia,CROATIAN,Engineering (all),-,-,-,-,-,-,-
Tekstil ve Muhendis,Journal,13007599,21470510,Chamber of Textile Engineers,Turkey,TURKISH,Industrial and Manufacturing Engineering,Materials Science (all),-,-,-,-,-,-
Telecom,Journal,-,26734001,Multidisciplinary Digital Publishing Institute (MDPI),Switzerland,ENGLISH,Computer Networks and Communications,Electrical and Electronic Engineering,-,-,-,-,-,-
Telecommunication Systems,Journal,10184864,15729451,Springer,United States,ENGLISH,Electrical and Electronic Engineering,-,-,-,-,-,-,-
Telecommunications and Radio Engineering (English translation of Elektrosvyaz and Radiotekhnika),Journal,00402508,19436009,Begell House Inc.,United States,ENGLISH,Electrical and Electronic Engineering,-,-,-,-,-,-,-
Telecommunications Policy,Journal,03085961,-,Elsevier Ltd,United Kingdom,ENGLISH,Management Information Systems,Information Systems,Economics and Econometrics,Electrical and Electronic Engineering,"Management, Monitoring, Policy and Law",Human Factors and Ergonomics,Library and Information Sciences,Communication
Telematics and Informatics,Journal,07365853,-,Elsevier Ltd,United Kingdom,ENGLISH,Computer Networks and Communications,Electrical and Electronic Engineering,Law,Communication,-,-,-,-
Telemedicine and e-Health,Journal,15305627,15563669,SAGE Publications Ltd,United States,ENGLISH,Medicine (all),Health Informatics,Health Information Management,-,-,-,-,-
"Tenside, Surfactants, Detergents",Journal,09323414,21958564,Walter de Gruyter GmbH,Germany,ENGLISH/GERMAN,Chemical Engineering (all),Chemistry (all),Condensed Matter Physics,-,-,-,-,-
Tetsu-To-Hagane/Journal of the Iron and Steel Institute of Japan,Journal,00211575,-,Iron and Steel Institute of Japan,Japan,ENGLISH/JAPANESE,Physical and Theoretical Chemistry,Materials Chemistry,Metals and Alloys,Condensed Matter Physics,-,-,-,-
Textile Outlook International,Journal,02684764,-,Textiles Intelligence Ltd.,United Kingdom,ENGLISH,"Business, Management and Accounting (all)",Materials Science (all),-,-,-,-,-,-
Textile Progress,Journal,00405167,17542278,Taylor and Francis Ltd.,United Kingdom,ENGLISH,Chemical Engineering (all),Industrial and Manufacturing Engineering,Materials Science (all),-,-,-,-,-
Textile Research Journal ,Journal,00405175,17467748,SAGE Publications Ltd,United Kingdom,ENGLISH,Chemical Engineering (miscellaneous),Polymers and Plastics,-,-,-,-,-,-
The Lancet Digital Health,Journal,-,25897500,Elsevier Ltd,United Kingdom,ENGLISH,Decision Sciences (miscellaneous),Medicine (miscellaneous),Health Informatics,Health Information Management,-,-,-,-
Theoretical and Applied Fracture Mechanics,Journal,01678442,-,Elsevier B.V.,Netherlands,ENGLISH,Mechanical Engineering,Materials Science (all),Applied Mathematics,Condensed Matter Physics,-,-,-,-
Theoretical and Applied Genetics,Journal,00405752,14322242,Springer Science and Business Media Deutschland GmbH,Germany,ENGLISH,Agronomy and Crop Science,Biotechnology,Genetics,-,-,-,-,-
Theoretical and Applied Mechanics Letters,Journal,20950349,25890336,Elsevier Ltd,United Kingdom,ENGLISH,Aerospace Engineering,Biomedical Engineering,Civil and Structural Engineering,Computational Mechanics,Mechanical Engineering,Mechanics of Materials,Ocean Engineering,Environmental Engineering
Theoretical and Computational Fluid Dynamics,Journal,09354964,14322250,Springer Science and Business Media Deutschland GmbH,Germany,ENGLISH,Fluid Flow and Transfer Processes,Engineering (all),Computational Mechanics,Condensed Matter Physics,-,-,-,-
Theoretical Computer Science,Journal,03043975,-,Elsevier B.V.,Netherlands,ENGLISH,Computer Science (all),Theoretical Computer Science,-,-,-,-,-,-
Theoretical Foundations of Chemical Engineering,Journal,00405795,16083431,Pleiades Publishing,Russian Federation,ENGLISH,Chemical Engineering (all),Chemistry (all),-,-,-,-,-,-
Theory and Decision,Journal,00405833,15737187,Springer,United States,ENGLISH,Arts and Humanities (miscellaneous),Computer Science Applications,Decision Sciences (all),"Economics, Econometrics and Finance (all)",Applied Psychology,Developmental and Educational Psychology,Social Sciences (all),-
Theory and Practice of Logic Programming,Journal,14710684,14753081,Cambridge University Press,United Kingdom,ENGLISH,Artificial Intelligence,Computational Theory and Mathematics,Hardware and Architecture,Software,Theoretical Computer Science,-,-,-
Theory of Computing,Journal,-,15572862,"University of Chicago, Department of Computer Science",United States,ENGLISH,Computational Theory and Mathematics,Theoretical Computer Science,-,-,-,-,-,-
Theory of Computing Systems,Journal,14324350,14330490,Springer,United States,ENGLISH,Computational Theory and Mathematics,Theoretical Computer Science,-,-,-,-,-,-
Thermal Engineering,Journal,00406015,15556301,Pleiades Publishing,Russian Federation,ENGLISH,Energy Engineering and Power Technology,Nuclear Energy and Engineering,-,-,-,-,-,-
Thermal Science,Journal,03549836,-,Serbian Society of Heat Transfer Engineers,Serbia,ENGLISH,"Renewable Energy, Sustainability and the Environment",-,-,-,-,-,-,-
Thermal Science and Engineering Progress,Journal,-,24519049,Elsevier Ltd,United Kingdom,ENGLISH,Fluid Flow and Transfer Processes,-,-,-,-,-,-,-
Thermochimica Acta,Journal,00406031,1872762X,Elsevier B.V.,Netherlands,ENGLISH,Physical and Theoretical Chemistry,Condensed Matter Physics,Instrumentation,-,-,-,-,-
Thermophysics and Aeromechanics,Journal,08698643,15318699,Kutateladze Institute of Thermophysics SB RAS,Russian Federation,ENGLISH,Energy Engineering and Power Technology,Aerospace Engineering,Modeling and Simulation,Nuclear and High Energy Physics,Radiation,-,-,-
Thin Solid Films,Journal,00406090,-,Elsevier B.V.,Netherlands,ENGLISH,"Electronic, Optical and Magnetic Materials",Materials Chemistry,Metals and Alloys,"Surfaces, Coatings and Films",Surfaces and Interfaces,-,-,-
Thin-Walled Structures,Journal,02638231,-,Elsevier Ltd,United Kingdom,ENGLISH,Civil and Structural Engineering,Mechanical Engineering,Building and Construction,-,-,-,-,-
Tianjin Daxue Xuebao (Ziran Kexue yu Gongcheng Jishu Ban)/Journal of Tianjin University Science and Technology,Journal,04932137,-,Tianjin University,China,CHINESE,Multidisciplinary,-,-,-,-,-,-,-
Tiedao Xuebao/Journal of the China Railway Society,Journal,10018360,-,Science Press,China,CHINESE,Mechanical Engineering,-,-,-,-,-,-,-
Tien Tzu Hsueh Pao/Acta Electronica Sinica,Journal,03722112,-,Chinese Institute of Electronics,China,CHINESE,Electrical and Electronic Engineering,-,-,-,-,-,-,-
Tire Science and Technology,Journal,00908657,-,Tire Society Inc.,United States,ENGLISH,Automotive Engineering,Mechanics of Materials,Polymers and Plastics,-,-,-,-,-
Tissue Engineering - Part A,Journal,19373341,1937335X,SAGE Publications Ltd,United States,ENGLISH,Biochemistry,Bioengineering,Biomedical Engineering,Biomaterials,-,-,-,-
Tissue Engineering - Part B: Reviews,Journal,19373368,19373376,SAGE Publications Ltd,United States,ENGLISH,Biochemistry,Bioengineering,Biomedical Engineering,Biomaterials,-,-,-,-
Tissue Engineering - Part C: Methods,Journal,19373384,19373392,SAGE Publications Ltd,United States,ENGLISH,Bioengineering,Biomedical Engineering,Medicine (miscellaneous),-,-,-,-,-
Tissue Engineering and Regenerative Medicine,Journal,17382696,22125469,Korean Tissue Engineering and Regenerative Medicine Society,South Korea,KOREAN,Biomedical Engineering,Medicine (miscellaneous),-,-,-,-,-,-
Tongji Daxue Xuebao/Journal of Tongji University,Journal,0253374X,-,Editorial Department of Journal of Tongji University,China,CHINESE,Multidisciplinary,-,-,-,-,-,-,-
Tongxin Xuebao/Journal on Communications,Journal,1000436X,-,Editorial Board of Journal on Communications,China,CHINESE,Computer Networks and Communications,Information Systems,Signal Processing,-,-,-,-,-
Topics in Catalysis,Journal,10225528,15729028,Springer,United States,ENGLISH,Catalysis,Chemistry (all),-,-,-,-,-,-
Toraibarojisuto/Journal of Japanese Society of Tribologists,Journal,09151168,-,Japanese Society of Tribologists,Japan,JAPANESE,Mechanical Engineering,Mechanics of Materials,Materials Chemistry,"Surfaces, Coatings and Films",Surfaces and Interfaces,-,-,-
Toxicological and Environmental Chemistry,Journal,02772248,10290486,Taylor and Francis Ltd.,United Kingdom,ENGLISH,Environmental Chemistry,"Health, Toxicology and Mutagenesis",Pollution,-,-,-,-,-
TQM Journal,Journal,17542731,1754274X,Emerald Publishing,United Kingdom,ENGLISH,"Business, Management and Accounting (all)",Business and International Management,Strategy and Management,Decision Sciences (all),-,-,-,-
TrAC - Trends in Analytical Chemistry,Journal,01659936,18793142,Elsevier B.V.,Netherlands,ENGLISH,Analytical Chemistry,Spectroscopy,Environmental Chemistry,-,-,-,-,-
Traffic Engineering and Control,Journal,00410683,-,Hemming Group Ltd,United Kingdom,ENGLISH,Civil and Structural Engineering,Control and Optimization,"Geography, Planning and Development",Transportation,-,-,-,-
Traffic Injury Prevention,Journal,15389588,1538957X,Taylor and Francis Ltd.,United States,ENGLISH,"Public Health, Environmental and Occupational Health",Safety Research,-,-,-,-,-,-
Traitement du Signal,Journal,07650019,19585608,International Information and Engineering Technology Association,France,ENGLISH/FRENCH,Electrical and Electronic Engineering,-,-,-,-,-,-,-
Transactions - Society of Naval Architects and Marine Engineers,Journal,00811661,-,Society of Naval Architects and Marine Engineers,United States,ENGLISH,Ocean Engineering,-,-,-,-,-,-,-
Transactions in GIS,Journal,13611682,14679671,John Wiley and Sons Inc,United Kingdom,ENGLISH,Earth and Planetary Sciences (all),-,-,-,-,-,-,-
Transactions of Japanese Society for Medical and Biological Engineering,Journal,18814379,1347443X,Japan Soc. of Med. Electronics and Biol. Engineering,Japan,JAPANESE,Biomedical Engineering,-,-,-,-,-,-,-
Transactions of Nanjing University of Aeronautics and Astronautics,Journal,10051120,-,Nanjing University of Aeronautics an Astronautics,China,ENGLISH,Space and Planetary Science,Aerospace Engineering,-,-,-,-,-,-
Transactions of Nonferrous Metals Society of China (English Edition),Journal,10036326,22103384,Nonferrous Metals Society of China,China,ENGLISH,Geotechnical Engineering and Engineering Geology,Materials Chemistry,Metals and Alloys,Condensed Matter Physics,-,-,-,-
Transactions of the Association for Computational Linguistics,Journal,-,2307387X,Massachusetts Institute of Technology,United States,ENGLISH,Artificial Intelligence,Computer Science Applications,Human-Computer Interaction,Linguistics and Language,Communication,-,-,-
Transactions of the Atomic Energy Society of Japan,Journal,13472879,21862931,Atomic Energy Society of Japan,Japan,ENGLISH,Nuclear Energy and Engineering,"Safety, Risk, Reliability and Quality",-,-,-,-,-,-
Transactions of the Canadian Society for Mechanical Engineering,Journal,03158977,-,Canadian Science Publishing,Canada,ENGLISH,Mechanical Engineering,-,-,-,-,-,-,-
Transactions of the Indian Ceramic Society,Journal,0371750X,21655456,Taylor and Francis Ltd.,United Kingdom,ENGLISH,Ceramics and Composites,-,-,-,-,-,-,-
Transactions of the Indian Institute of Metals,Journal,09722815,09751645,Springer,India,ENGLISH,Metals and Alloys,-,-,-,-,-,-,-
Transactions of the Institute of Measurement and Control,Journal,01423312,14770369,SAGE Publications Ltd,United Kingdom,ENGLISH,Instrumentation,-,-,-,-,-,-,-
Transactions of the Institute of Metal Finishing,Journal,00202967,17459192,Taylor and Francis Ltd.,United Kingdom,ENGLISH,Mechanics of Materials,Metals and Alloys,"Surfaces, Coatings and Films",Condensed Matter Physics,Surfaces and Interfaces,-,-,-
Transactions of the Japan Society for Aeronautical and Space Sciences,Journal,05493811,-,Japan Society for Aeronautical and Space Sciences,Japan,ENGLISH,Space and Planetary Science,Aerospace Engineering,-,-,-,-,-,-
Transactions of the Japan Society for Computational Engineering and Science,Journal,13449443,13478826,Japan Society for Computational Engineering and Science,Japan,JAPANESE,Computer Science (all),Engineering (all),-,-,-,-,-,-
Transactions of the Japanese Society for Artificial Intelligence,Journal,13460714,13468030,Japanese Society for Artificial Intelligence,Japan,JAPANESE,Artificial Intelligence,Software,-,-,-,-,-,-
Transactions of the Korean Institute of Electrical Engineers,Journal,19758359,22874364,Korean Institute of Electrical Engineers,South Korea,KOREAN,Electrical and Electronic Engineering,-,-,-,-,-,-,-
"Transactions of the Korean Society of Mechanical Engineers, A",Journal,12264873,22885226,Korean Society of Mechanical Engineers,South Korea,ENGLISH/KOREAN,Mechanical Engineering,-,-,-,-,-,-,-
"Transactions of the Korean Society of Mechanical Engineers, B",Journal,12264881,22885234,Korean Society of Mechanical Engineers,South Korea,ENGLISH/KOREAN,Mechanical Engineering,-,-,-,-,-,-,-
Transactions of the Royal Institution of Naval Architects Part A: International Journal of Maritime Engineering,Journal,14798751,17400716,University of Buckingham Press,United Kingdom,ENGLISH,Ocean Engineering,Environmental Engineering,-,-,-,-,-,-
Transactions of the Royal Institution of Naval Architects Part B: International Journal of Small Craft Technology,Journal,17400694,-,Royal Institution of Naval Architects,United Kingdom,ENGLISH,Civil and Structural Engineering,Ocean Engineering,-,-,-,-,-,-
Transactions of Tianjin University,Journal,10064982,19958196,Tianjin University,China,CHINESE/ENGLISH,Multidisciplinary,-,-,-,-,-,-,-
Transactions on Data Privacy,Journal,18885063,20131631,University of Skovde,Spain,ENGLISH,Software,Statistics and Probability,-,-,-,-,-,-
Transactions on Electrical and Electronic Materials,Journal,12297607,20927592,Korean Institute of Electrical and Electronic Material Engineers,South Korea,ENGLISH,Electrical and Electronic Engineering,"Electronic, Optical and Magnetic Materials",-,-,-,-,-,-
Transactions on Emerging Telecommunications Technologies,Journal,-,21613915,John Wiley and Sons Inc,United States,ENGLISH,Electrical and Electronic Engineering,-,-,-,-,-,-,-
Transition Metal Chemistry,Journal,03404285,1572901X,Springer Science and Business Media Deutschland GmbH,Switzerland,ENGLISH,Inorganic Chemistry,Materials Chemistry,Metals and Alloys,-,-,-,-,-
Transport,Journal,16484142,16483480,Vilnius Gediminas Technical University,Lithuania,ENGLISH,Automotive Engineering,Mechanical Engineering,-,-,-,-,-,-
Transport in Porous Media,Journal,01693913,15731634,Springer Science and Business Media B.V.,Netherlands,ENGLISH,Chemical Engineering (all),Catalysis,-,-,-,-,-,-
Transport Policy,Journal,0967070X,1879310X,Elsevier Ltd,United Kingdom,ENGLISH,"Geography, Planning and Development",Law,Transportation,-,-,-,-,-
Transportation,Journal,00494488,15729435,Springer,United States,ENGLISH,Civil and Structural Engineering,Development,Transportation,-,-,-,-,-
Transportation Engineering,Journal,-,2666691X,Elsevier Ltd,United Kingdom,ENGLISH,Aerospace Engineering,Automotive Engineering,Civil and Structural Engineering,Mechanical Engineering,"Safety, Risk, Reliability and Quality",-,-,-
Transportation Letters,Journal,19427867,19427875,Taylor and Francis Ltd.,United Kingdom,ENGLISH,Transportation,-,-,-,-,-,-,-
Transportation Planning and Technology,Journal,03081060,10290354,Routledge,United Kingdom,ENGLISH,"Geography, Planning and Development",Transportation,-,-,-,-,-,-
Transportation Research Board - Special Report,Journal,0360859X,-,National Academy of Sciences,United States,ENGLISH,Transportation,-,-,-,-,-,-,-
Transportation Research Part A: Policy and Practice,Journal,09658564,-,Elsevier Ltd,United Kingdom,ENGLISH,"Business, Management and Accounting (miscellaneous)",Management Science and Operations Research,Aerospace Engineering,Civil and Structural Engineering,Transportation,-,-,-
Transportation Research Part B: Methodological,Journal,01912615,-,Elsevier Ltd,United Kingdom,ENGLISH,Management Science and Operations Research,Civil and Structural Engineering,Transportation,-,-,-,-,-
Transportation Research Part C: Emerging Technologies,Journal,0968090X,-,Elsevier Ltd,United Kingdom,ENGLISH,Computer Science Applications,Management Science and Operations Research,Automotive Engineering,Civil and Structural Engineering,Transportation,-,-,-
Transportation Research Part D: Transport and Environment,Journal,13619209,-,Elsevier Ltd,United Kingdom,ENGLISH,Civil and Structural Engineering,Environmental Science (all),Transportation,-,-,-,-,-
Transportation Research Part E: Logistics and Transportation Review,Journal,13665545,-,Elsevier Ltd,United Kingdom,ENGLISH,Business and International Management,Management Science and Operations Research,Civil and Structural Engineering,Transportation,-,-,-,-
Transportation Research Part F: Traffic Psychology and Behaviour,Journal,13698478,-,Elsevier Ltd,United Kingdom,ENGLISH,Automotive Engineering,Civil and Structural Engineering,Applied Psychology,Transportation,-,-,-,-
Transportation Research Record,Journal,03611981,21694052,SAGE Publications Ltd,United States,ENGLISH,Civil and Structural Engineering,Mechanical Engineering,-,-,-,-,-,-
Transportation Safety and Environment,Journal,26316765,26314428,Oxford University Press,United Kingdom,ENGLISH,Engineering (miscellaneous),Control and Systems Engineering,"Safety, Risk, Reliability and Quality",-,-,-,-,-
Transportation Science,Journal,00411655,15265447,INFORMS Inst.for Operations Res.and the Management Sciences,United States,ENGLISH,Civil and Structural Engineering,Transportation,-,-,-,-,-,-
Transportmetrica A: Transport Science,Journal,23249935,23249943,Taylor and Francis Ltd.,United Kingdom,ENGLISH,Engineering (all),Transportation,-,-,-,-,-,-
Trees - Structure and Function,Journal,09311890,14322285,Springer Science and Business Media Deutschland GmbH,Germany,ENGLISH,Forestry,Plant Science,Physiology,Ecology,-,-,-,-
Trends in Biomaterials and Artificial Organs,Journal,09711198,-,Society for Biomaterials and Artificial Organs - India,India,ENGLISH,Biotechnology,Medicine (miscellaneous),-,-,-,-,-,-
Trends in Biotechnology,Journal,01677799,18793096,Elsevier Ltd,United Kingdom,ENGLISH,Biotechnology,Bioengineering,-,-,-,-,-,-
Trends in Chemistry,Journal,-,25895974,Cell Press,United States,ENGLISH,Chemistry (all),-,-,-,-,-,-,-
Trends in Cognitive Sciences,Journal,13646613,1879307X,Elsevier Ltd,United Kingdom,ENGLISH,Cognitive Neuroscience,Experimental and Cognitive Psychology,Neuropsychology and Physiological Psychology,-,-,-,-,-
Trends in Food Science and Technology,Journal,09242244,-,Elsevier Ltd,United Kingdom,ENGLISH,Food Science,Biotechnology,-,-,-,-,-,-
Tribologia: Finnish Journal of Tribology,Journal,07802285,17972531,The Finnish Society for Tribology,Finland,ENGLISH/FINNISH/SWEDISH,Mechanical Engineering,Mechanics of Materials,"Surfaces, Coatings and Films",Surfaces and Interfaces,-,-,-,-
Tribologie und Schmierungstechnik,Journal,07243472,-,Expert Verlag,Germany,GERMAN,Mechanical Engineering,Mechanics of Materials,"Surfaces, Coatings and Films",Surfaces and Interfaces,-,-,-,-
Tribology,Journal,10040595,-,Science Press,China,CHINESE,Mechanical Engineering,Mechanics of Materials,Materials Chemistry,"Surfaces, Coatings and Films",-,-,-,-
"Tribology - Materials, Surfaces and Interfaces",Journal,17515831,1751584X,SAGE Publications Ltd,United Kingdom,ENGLISH,Mechanical Engineering,Materials Science (all),-,-,-,-,-,-
Tribology International,Journal,0301679X,-,Elsevier Ltd,United Kingdom,ENGLISH,Mechanical Engineering,Mechanics of Materials,"Surfaces, Coatings and Films",Surfaces and Interfaces,-,-,-,-
Tribology Letters,Journal,10238883,15732711,Springer,United States,ENGLISH,Mechanical Engineering,Mechanics of Materials,"Surfaces, Coatings and Films",Surfaces and Interfaces,-,-,-,-
Tribology Online,Journal,1881218X,18812198,Japanese Society of Tribologists,Japan,ENGLISH,"Surfaces, Coatings and Films",-,-,-,-,-,-,-
Tribology Transactions,Journal,10402004,1547397X,Taylor and Francis Ltd.,United States,ENGLISH,Mechanical Engineering,Mechanics of Materials,"Surfaces, Coatings and Films",Surfaces and Interfaces,-,-,-,-
Tsinghua Science and Technology,Journal,10070214,18787606,Tsinghua University Press,China,ENGLISH,Multidisciplinary,-,-,-,-,-,-,-
Tumu Gongcheng Xuebao/China Civil Engineering Journal,Journal,1000131X,-,Chinese Society of Civil Engineering,China,CHINESE,Arts and Humanities (miscellaneous),Civil and Structural Engineering,Building and Construction,Architecture,-,-,-,-
Tungsten,Journal,26618028,26618036,Springer Nature,China,ENGLISH,Materials Science (miscellaneous),"Electronic, Optical and Magnetic Materials",Materials Chemistry,Metals and Alloys,Polymers and Plastics,"Surfaces, Coatings and Films",-,-
Tunnel Construction,Journal,20964498,-,Editorial Office of Tunnel Construction,China,CHINESE/ENGLISH,Geotechnical Engineering and Engineering Geology,Civil and Structural Engineering,Mechanical Engineering,Building and Construction,-,-,-,-
Tunnelling and Underground Space Technology,Journal,08867798,-,Elsevier Ltd,United Kingdom,ENGLISH,Geotechnical Engineering and Engineering Geology,Building and Construction,-,-,-,-,-,-
Turkish Journal of Agriculture and Forestry,Journal,1300011X,13036173,TUBITAK,Turkey,ENGLISH,Food Science,Forestry,Ecology,-,-,-,-,-
Turkish Journal of Civil Engineering,Journal,28226836,-,Turkish Chamber of Civil Engineers,Turkey,TURKISH,Civil and Structural Engineering,Building and Construction,-,-,-,-,-,-
Turkish Journal of Electrical Engineering and Computer Sciences,Journal,13000632,13036203,TUBITAK,Turkey,ENGLISH,Computer Science (all),Electrical and Electronic Engineering,-,-,-,-,-,-
Turkish Journal of Physics,Journal,13000101,13036122,TUBITAK,Turkey,ENGLISH,Physics and Astronomy (all),-,-,-,-,-,-,-
"UK, Europe, China Millimetre Waves and THZ Technology Workshop, UCMMT",Journal,-,26394537,Institute of Electrical and Electronics Engineers Inc.,United States,ENGLISH,Computer Networks and Communications,Signal Processing,Instrumentation,"Atomic and Molecular Physics, and Optics",-,-,-,-
Ultrafast Science,Journal,20970331,27658791,American Association for the Advancement of Science,United States,ENGLISH,Biophysics,Physical and Theoretical Chemistry,Physics and Astronomy (miscellaneous),"Atomic and Molecular Physics, and Optics",-,-,-,-
Ultramicroscopy,Journal,03043991,18792723,Elsevier B.V.,Netherlands,ENGLISH,"Electronic, Optical and Magnetic Materials",Instrumentation,"Atomic and Molecular Physics, and Optics",-,-,-,-,-
Ultrasonic Imaging,Journal,01617346,10960910,SAGE Publications Inc.,United States,ENGLISH,"Radiology, Nuclear Medicine and Imaging",Radiological and Ultrasound Technology,-,-,-,-,-,-
Ultrasonics,Journal,0041624X,18749968,Elsevier B.V.,Netherlands,ENGLISH,Acoustics and Ultrasonics,-,-,-,-,-,-,-
Ultrasonics Sonochemistry,Journal,13504177,18732828,Elsevier B.V.,Netherlands,ENGLISH,Chemical Engineering (miscellaneous),Inorganic Chemistry,Organic Chemistry,Environmental Chemistry,"Radiology, Nuclear Medicine and Imaging",Acoustics and Ultrasonics,-,-
Ultrasound in Medicine and Biology,Journal,03015629,1879291X,Elsevier Inc.,United States,ENGLISH,Biophysics,"Radiology, Nuclear Medicine and Imaging",Acoustics and Ultrasonics,Radiological and Ultrasound Technology,-,-,-,-
Underground Space (new),Journal,20962754,24679674,KeAi Communications Co.,China,ENGLISH,Geotechnical Engineering and Engineering Geology,Civil and Structural Engineering,Building and Construction,-,-,-,-,-
Universal Access in the Information Society,Journal,16155289,16155297,Springer Science and Business Media Deutschland GmbH,Germany,ENGLISH,Computer Networks and Communications,Human-Computer Interaction,Information Systems,Software,-,-,-,-
Unmanned Systems,Journal,23013850,23013869,World Scientific,Singapore,ENGLISH,Aerospace Engineering,Automotive Engineering,Control and Systems Engineering,Control and Optimization,-,-,-,-
"UPB Scientific Bulletin, Series A: Applied Mathematics and Physics",Journal,12237027,22863672,Politechnica University of Bucharest,Romania,ENGLISH,Applied Mathematics,Physics and Astronomy (all),-,-,-,-,-,-
"UPB Scientific Bulletin, Series B: Chemistry and Materials Science",Journal,14542331,22863680,Politechnica University of Bucharest,Romania,ENGLISH,Chemistry (all),Materials Science (all),-,-,-,-,-,-
"UPB Scientific Bulletin, Series C: Electrical Engineering and Computer Science",Journal,22863540,22863559,Politechnica University of Bucharest,Romania,ENGLISH,Electrical and Electronic Engineering,-,-,-,-,-,-,-
"UPB Scientific Bulletin, Series D: Mechanical Engineering",Journal,14542358,22863699,Politechnica University of Bucharest,Romania,ENGLISH,Mechanical Engineering,-,-,-,-,-,-,-
Urban Rail Transit,Journal,21996687,21996679,Springer Science and Business Media Deutschland GmbH,Singapore,ENGLISH,Automotive Engineering,Civil and Structural Engineering,Electrical and Electronic Engineering,"Geography, Planning and Development",Transportation,Urban Studies,-,-
User Modeling and User-Adapted Interaction,Journal,09241868,15731391,Springer Science and Business Media B.V.,Netherlands,ENGLISH,Computer Science Applications,Human-Computer Interaction,Education,-,-,-,-,-
Utilities Policy,Journal,09571787,-,Elsevier Ltd,United Kingdom,ENGLISH,Business and International Management,"Economics, Econometrics and Finance (all)","Economics, Econometrics and Finance (miscellaneous)",Economics and Econometrics,Energy (all),"Management, Monitoring, Policy and Law",Development,Law
Vacuum,Journal,0042207X,18792715,Elsevier Ltd,United Kingdom,ENGLISH,"Surfaces, Coatings and Films",Condensed Matter Physics,Instrumentation,-,-,-,-,-
Vadose Zone Journal ,Journal,-,15391663,John Wiley and Sons Inc,United States,ENGLISH,Soil Science,-,-,-,-,-,-,-
Vakuum in Forschung und Praxis,Journal,0947076X,15222454,John Wiley and Sons Inc,Germany,ENGLISH,"Surfaces, Coatings and Films",Condensed Matter Physics,-,-,-,-,-,-
Vehicle System Dynamics,Journal,00423114,17445159,Taylor and Francis Ltd.,United Kingdom,ENGLISH,Automotive Engineering,Mechanical Engineering,"Safety, Risk, Reliability and Quality",-,-,-,-,-
Vehicles,Journal,-,26248921,Multidisciplinary Digital Publishing Institute (MDPI),Switzerland,ENGLISH,Automotive Engineering,Electrical and Electronic Engineering,-,-,-,-,-,-
Vertiflite,Journal,16559711,30825547,American Helicopter Society,United States,ENGLISH,Aerospace Engineering,-,-,-,-,-,-,-
Vibrational Spectroscopy,Journal,09242031,-,Elsevier B.V.,Netherlands,ENGLISH,Spectroscopy,-,-,-,-,-,-,-
Vietnam Journal of Chemistry,Journal,-,25728288,John Wiley and Sons Inc,United States,ENGLISH,Chemistry (all),-,-,-,-,-,-,-
VIEW,Journal,26883988,2688268X,John Wiley and Sons Inc,United Kingdom,ENGLISH,Biomedical Engineering,Biomaterials,-,-,-,-,-,-
VINE Journal of Information and Knowledge Management Systems,Journal,20595891,20595905,Emerald Publishing,United Kingdom,ENGLISH,Management of Technology and Innovation,Computer Networks and Communications,Computer Science Applications,Information Systems,Library and Information Sciences,-,-,-
Virtual and Physical Prototyping,Journal,17452759,17452767,Taylor and Francis Ltd.,United Kingdom,ENGLISH,Computer Graphics and Computer-Aided Design,Signal Processing,Industrial and Manufacturing Engineering,Modeling and Simulation,-,-,-,-
Virtual Reality,Journal,13594338,14349957,Springer Science and Business Media Deutschland GmbH,United Kingdom,ENGLISH,Computer Graphics and Computer-Aided Design,Human-Computer Interaction,Software,-,-,-,-,-
Virtual Reality and Intelligent Hardware,Journal,20965796,26661209,KeAi Communications Co.,China,ENGLISH,Computer Graphics and Computer-Aided Design,Computer Science Applications,Human-Computer Interaction,-,-,-,-,-
Visual Computer,Journal,01782789,14322315,Springer Science and Business Media Deutschland GmbH,Germany,ENGLISH,Computer Graphics and Computer-Aided Design,Computer Vision and Pattern Recognition,Software,-,-,-,-,-
"Visual Computing for Industry, Biomedicine, and Art",Journal,2096496X,25244442,Springer,Singapore,ENGLISH,Visual Arts and Performing Arts,Computer Science (miscellaneous),Computer Graphics and Computer-Aided Design,Computer Vision and Pattern Recognition,Software,Medicine (miscellaneous),-,-
Visual Informatics,Journal,25432656,2468502X,Elsevier B.V.,Netherlands,ENGLISH,Computer Graphics and Computer-Aided Design,Human-Computer Interaction,Software,-,-,-,-,-
Visual Intelligence,Journal,20973330,27319008,Springer,Singapore,ENGLISH,Computer Graphics and Computer-Aided Design,Computer Vision and Pattern Recognition,Signal Processing,-,-,-,-,-
VLDB Journal,Journal,10668888,0949877X,Springer Science and Business Media Deutschland GmbH,Germany,ENGLISH,Hardware and Architecture,Information Systems,-,-,-,-,-,-
WasserWirtschaft,Journal,00430978,21928762,Springer Vieweg,Germany,GERMAN,Water Science and Technology,-,-,-,-,-,-,-
Waste and Biomass Valorization,Journal,18772641,1877265X,Springer Science and Business Media B.V.,Netherlands,ENGLISH,"Renewable Energy, Sustainability and the Environment",Environmental Engineering,Waste Management and Disposal,-,-,-,-,-
Waste Disposal and Sustainable Energy,Journal,25247980,25247891,Springer Nature,China,ENGLISH,"Renewable Energy, Sustainability and the Environment",Pollution,Waste Management and Disposal,-,-,-,-,-
Waste Management,Journal,0956053X,18792456,Elsevier Ltd,United Kingdom,ENGLISH,Waste Management and Disposal,-,-,-,-,-,-,-
Waste Management and Research,Journal,0734242X,10963669,SAGE Publications Ltd,United Kingdom,ENGLISH,Environmental Engineering,Pollution,Waste Management and Disposal,-,-,-,-,-
Water (Switzerland),Journal,-,20734441,Multidisciplinary Digital Publishing Institute (MDPI),Switzerland,ENGLISH,Aquatic Science,Biochemistry,Water Science and Technology,"Geography, Planning and Development",-,-,-,-
Water and Environment Journal,Journal,17476585,17476593,John Wiley and Sons Inc,United Kingdom,ENGLISH,Environmental Engineering,"Management, Monitoring, Policy and Law",Pollution,Water Science and Technology,-,-,-,-
Water Conservation Science and Engineering,Journal,23663340,23645687,Springer Nature,Singapore,ENGLISH,Ocean Engineering,Environmental Engineering,Waste Management and Disposal,Water Science and Technology,-,-,-,-
Water Cycle,Journal,-,26664453,KeAi Communications Co.,China,ENGLISH,Engineering (miscellaneous),Environmental Engineering,Water Science and Technology,-,-,-,-,-
Water Environment Research,Journal,10614303,15547531,John Wiley and Sons Inc,United States,ENGLISH,Ecological Modeling,Environmental Chemistry,Pollution,Waste Management and Disposal,Water Science and Technology,-,-,-
Water Practice and Technology,Journal,1751231X,-,IWA Publishing,United Kingdom,ENGLISH,Water Science and Technology,-,-,-,-,-,-,-
Water Quality Research Journal,Journal,27098044,27098052,IWA Publishing,United Kingdom,ENGLISH,Water Science and Technology,-,-,-,-,-,-,-
Water Research,Journal,00431354,18792448,Elsevier Ltd,United Kingdom,ENGLISH,Civil and Structural Engineering,Ecological Modeling,Environmental Engineering,Pollution,Waste Management and Disposal,Water Science and Technology,-,-
Water Research X,Journal,-,25899147,Elsevier Ltd,United Kingdom,ENGLISH,Ecological Modeling,Pollution,Waste Management and Disposal,Water Science and Technology,-,-,-,-
Water Resources and Industry,Journal,-,22123717,Elsevier B.V.,Netherlands,ENGLISH,Water Science and Technology,"Geography, Planning and Development",-,-,-,-,-,-
Water Resources Management,Journal,09204741,15731650,Springer Science and Business Media B.V.,Netherlands,ENGLISH,Civil and Structural Engineering,Water Science and Technology,-,-,-,-,-,-
Water Resources Protection,Journal,10046933,-,Editorial Board of Water Resources Protection,China,CHINESE,Environmental Chemistry,Environmental Engineering,Pollution,Waste Management and Disposal,Water Science and Technology,-,-,-
Water Resources Research,Journal,00431397,19447973,John Wiley and Sons Inc,United Kingdom,ENGLISH,Water Science and Technology,-,-,-,-,-,-,-
Water SA ,Journal,03784738,18167950,South African Water Research Commission,South Africa,ENGLISH,"Management, Monitoring, Policy and Law",Waste Management and Disposal,Water Science and Technology,Applied Microbiology and Biotechnology,-,-,-,-
Water Science and Engineering,Journal,16742370,24058106,Editorial Office of Water Science and Engineering,China,ENGLISH,Civil and Structural Engineering,Ocean Engineering,-,-,-,-,-,-
Water Science and Technology,Journal,02731223,19969732,IWA Publishing,United Kingdom,ENGLISH,Environmental Engineering,Water Science and Technology,-,-,-,-,-,-
Water Supply,Journal,16069749,16070798,IWA Publishing,United Kingdom,ENGLISH,Water Science and Technology,-,-,-,-,-,-,-
"Water, Air, and Soil Pollution",Journal,00496979,15732932,Springer Nature,Switzerland,ENGLISH,Ecological Modeling,Environmental Chemistry,Environmental Engineering,Pollution,Water Science and Technology,-,-,-
Water-Energy Nexus,Journal,-,25889125,KeAi Communications Co.,China,ENGLISH,"Renewable Energy, Sustainability and the Environment",Control and Systems Engineering,Environmental Engineering,Waste Management and Disposal,Water Science and Technology,-,-,-
Wave Motion,Journal,01652125,-,Elsevier B.V.,Netherlands,ENGLISH,Applied Mathematics,Computational Mathematics,Modeling and Simulation,Physics and Astronomy (all),-,-,-,-
Wear,Journal,00431648,-,Elsevier Ltd,United Kingdom,ENGLISH,Mechanics of Materials,Materials Chemistry,"Surfaces, Coatings and Films",Condensed Matter Physics,Surfaces and Interfaces,-,-,-
Wearable Electronics,Journal,-,29502357,KeAi Communications Co.,China,ENGLISH,Chemical Engineering (miscellaneous),Chemistry (all),Electrical and Electronic Engineering,Materials Science (miscellaneous),Biomaterials,"Electronic, Optical and Magnetic Materials",Materials Chemistry,Polymers and Plastics
Wearable Technologies,Journal,-,26317176,Cambridge University Press,United Kingdom,ENGLISH,Human-Computer Interaction,Biomedical Engineering,Rehabilitation,-,-,-,-,-
Weather and Forecasting,Journal,08828156,15200434,American Meteorological Society,United States,ENGLISH,Atmospheric Science,-,-,-,-,-,-,-
Web Intelligence,Journal,24056456,24056464,SAGE Publications Ltd,United Kingdom,ENGLISH,Artificial Intelligence,Computer Networks and Communications,Software,-,-,-,-,-
Welding in the World,Journal,00432288,18786669,Springer Science and Business Media Deutschland GmbH,Germany,ENGLISH,Mechanical Engineering,Mechanics of Materials,Metals and Alloys,-,-,-,-,-
Welding International,Journal,09507116,17542138,Taylor and Francis Ltd.,United Kingdom,ENGLISH,Mechanical Engineering,Mechanics of Materials,Metals and Alloys,-,-,-,-,-
Welding Journal,Journal,00432296,-,American Welding Society,United States,ENGLISH,Mechanical Engineering,Mechanics of Materials,Metals and Alloys,-,-,-,-,-
Wiley Interdisciplinary Reviews: Climate Change,Journal,17577780,17577799,John Wiley and Sons Inc,United States,ENGLISH,Atmospheric Science,Global and Planetary Change,"Geography, Planning and Development",-,-,-,-,-
Wiley Interdisciplinary Reviews: Computational Molecular Science,Journal,17590876,17590884,John Wiley and Sons Inc,United States,ENGLISH,Biochemistry,Physical and Theoretical Chemistry,Computer Science Applications,Materials Chemistry,Computational Mathematics,-,-,-
Wiley Interdisciplinary Reviews: Computational Statistics,Journal,19395108,19390068,John Wiley and Sons Inc,United States,ENGLISH,Statistics and Probability,-,-,-,-,-,-,-
Wiley Interdisciplinary Reviews: Data Mining and Knowledge Discovery,Journal,19424787,19424795,John Wiley and Sons Inc,United States,ENGLISH,Computer Science (all),-,-,-,-,-,-,-
Wiley Interdisciplinary Reviews: Energy and Environment,Journal,20418396,2041840X,John Wiley and Sons Ltd,United States,ENGLISH,"Renewable Energy, Sustainability and the Environment",Environmental Science (all),-,-,-,-,-,-
Wiley Interdisciplinary Reviews: Nanomedicine and Nanobiotechnology,Journal,19395116,19390041,John Wiley and Sons Inc,United States,ENGLISH,Bioengineering,Biomedical Engineering,Medicine (miscellaneous),-,-,-,-,-
"Wind and Structures, An International Journal",Journal,12266116,15986225,Techno-Press,South Korea,ENGLISH,Civil and Structural Engineering,Building and Construction,Modeling and Simulation,-,-,-,-,-
Wind Energy,Journal,10954244,10991824,John Wiley and Sons Ltd,United Kingdom,ENGLISH,"Renewable Energy, Sustainability and the Environment",-,-,-,-,-,-,-
Wind Energy Science,Journal,23667443,23667451,Copernicus Publications,Germany,ENGLISH,Energy Engineering and Power Technology,"Renewable Energy, Sustainability and the Environment",-,-,-,-,-,-
Wind Engineering,Journal,0309524X,2048402X,SAGE Publications Inc.,United Kingdom,ENGLISH,Energy Engineering and Power Technology,"Renewable Energy, Sustainability and the Environment",-,-,-,-,-,-
Wireless Networks,Journal,10220038,15728196,Springer,United States,ENGLISH,Computer Networks and Communications,Information Systems,Electrical and Electronic Engineering,-,-,-,-,-
Wireless Personal Communications,Journal,09296212,1572834X,Springer,United States,ENGLISH,Computer Science Applications,Electrical and Electronic Engineering,-,-,-,-,-,-
Wireless Power Transfer,Journal,-,20528418,Maximum Academic Press,United States,ENGLISH,Computer Networks and Communications,Energy Engineering and Power Technology,Electrical and Electronic Engineering,-,-,-,-,-
Wood and Fiber Science,Journal,07356161,-,Society of Wood Science and Technology,United States,ENGLISH,Forestry,Materials Science (all),-,-,-,-,-,-
Wood Material Science and Engineering,Journal,17480272,17480280,Taylor and Francis Ltd.,United Kingdom,ENGLISH,Materials Science (all),-,-,-,-,-,-,-
Wood Research,Journal,13364561,-,Pulp and Paper Research Institute,Slovakia,ENGLISH,Forestry,Materials Science (all),-,-,-,-,-,-
Wood Science and Technology,Journal,00437719,14325225,Springer Science and Business Media Deutschland GmbH,Germany,ENGLISH,Forestry,Plant Science,Industrial and Manufacturing Engineering,Materials Science (all),-,-,-,-
"Workshop on Power Electronics and Power Quality Applications, PEPQA",Journal,2993494X,25788485,Institute of Electrical and Electronics Engineers Inc.,United States,ENGLISH,Energy Engineering and Power Technology,Electrical and Electronic Engineering,Mechanical Engineering,"Safety, Risk, Reliability and Quality",Control and Optimization,-,-,-
World Electric Vehicle Journal,Journal,-,20326653,Multidisciplinary Digital Publishing Institute (MDPI),Belgium,ENGLISH,Automotive Engineering,-,-,-,-,-,-,-
World Journal of Microbiology and Biotechnology,Journal,09593993,15730972,Springer Science and Business Media B.V.,Netherlands,ENGLISH,Biotechnology,Physiology,Applied Microbiology and Biotechnology,-,-,-,-,-
World of Metallurgy - ERZMETALL,Journal,16132394,-,"GDMB Gesellschaft fur Bergbau, Metallurgie, Rohstoff- und Umwelttechnik e.V.",Germany,ENGLISH,Geotechnical Engineering and Engineering Geology,Industrial and Manufacturing Engineering,Environmental Chemistry,Waste Management and Disposal,-,-,-,-
World of Mining - Surface and Underground,Journal,16132408,-,"GDMB Gesellschaft fur Bergbau, Metallurgie, Rohstoff- und Umwelttechnik e.V.",Germany,ENGLISH/GERMAN,Strategy and Management,Geotechnical Engineering and Engineering Geology,-,-,-,-,-,-
World Wide Web,Journal,1386145X,15731413,Springer,United States,ENGLISH,Computer Networks and Communications,Hardware and Architecture,Software,-,-,-,-,-
WT Werkstattstechnik,Journal,-,14364980,VDI Fachmedien GmBH & Co. KG,Germany,ENGLISH/GERMAN,Automotive Engineering,Control and Systems Engineering,-,-,-,-,-,-
Wuhan Daxue Xuebao (Xinxi Kexue Ban)/Geomatics and Information Science of Wuhan University,Journal,16718860,-,Editorial Department of Geomatics and Information Science of Wuhan University,China,CHINESE,Computer Science (miscellaneous),Earth-Surface Processes,-,-,-,-,-,-
Wuji Cailiao Xuebao/Journal of Inorganic Materials,Journal,1000324X,-,Science Press,China,CHINESE,Inorganic Chemistry,Materials Science (all),-,-,-,-,-,-
Wuli Xuebao/Acta Physica Sinica,Journal,10003290,-,"Chinese Physical Society and Institute of Physics, Chinese Academy of Sciences",China,CHINESE,Physics and Astronomy (all),-,-,-,-,-,-,-
Xi Tong Gong Cheng Yu Dian Zi Ji Shu/Systems Engineering and Electronics,Journal,1001506X,-,Chinese Institute of Electronics,China,CHINESE,Control and Systems Engineering,Electrical and Electronic Engineering,-,-,-,-,-,-
Xi'an Dianzi Keji Daxue Xuebao/Journal of Xidian University,Journal,10012400,-,Science Press,China,CHINESE,Computer Science Applications,Electrical and Electronic Engineering,-,-,-,-,-,-
Xibei Gongye Daxue Xuebao/Journal of Northwestern Polytechnical University,Journal,10002758,-,Northwestern Polytechnical University,China,CHINESE,Engineering (all),-,-,-,-,-,-,-
Xinan Jiaotong Daxue Xuebao/Journal of Southwest Jiaotong University,Journal,02582724,-,Editorial Department of Journal of Southwest Jiaotong University,China,CHINESE,Multidisciplinary,-,-,-,-,-,-,-
Xitong Fangzhen Xuebao / Journal of System Simulation,Journal,1004731X,-,Acta Simulata Systematica Sinica,China,CHINESE,Computer Science Applications,Aerospace Engineering,Modeling and Simulation,-,-,-,-,-
Xitong Gongcheng Lilun yu Shijian/System Engineering Theory and Practice,Journal,10006788,-,Systems Engineering Society of China,China,CHINESE,Computer Science Applications,Economic Geology,Control and Systems Engineering,Modeling and Simulation,-,-,-,-
Xiyou Jinshu Cailiao Yu Gongcheng/Rare Metal Materials and Engineering,Journal,1002185X,-,Science Press,China,CHINESE,Electrical and Electronic Engineering,"Electronic, Optical and Magnetic Materials",Materials Chemistry,Metals and Alloys,-,-,-,-
Xiyou Jinshu/Chinese Journal of Rare Metals,Journal,02587076,-,Editorial Office of Chinese Journal of Rare Metals,China,CHINESE,Metals and Alloys,-,-,-,-,-,-,-
X-Ray Spectrometry,Journal,00498246,10974539,John Wiley and Sons Ltd,United Kingdom,ENGLISH,Spectroscopy,-,-,-,-,-,-,-
Yantu Gongcheng Xuebao/Chinese Journal of Geotechnical Engineering,Journal,10004548,-,Chinese Society of Civil Engineering,China,CHINESE,Geotechnical Engineering and Engineering Geology,-,-,-,-,-,-,-
Yantu Lixue/Rock and Soil Mechanics,Journal,10007598,-,Editorial Office of Rock and Soil Mechanics,China,CHINESE,Soil Science,Geotechnical Engineering and Engineering Geology,Civil and Structural Engineering,-,-,-,-,-
Yi Qi Yi Biao Xue Bao/Chinese Journal of Scientific Instrument,Journal,02543087,-,Editorial office of Chinese Journal of Scientific Instrument,China,CHINESE,Instrumentation,-,-,-,-,-,-,-
Yingyong Jichu yu Gongcheng Kexue Xuebao/Journal of Basic Science and Engineering,Journal,10050930,-,Editorial Board of Journal of Basic Science and Engineering,China,CHINESE,Engineering (all),-,-,-,-,-,-,-
Yosetsu Gakkai Ronbunshu/Quarterly Journal of the Japan Welding Society,Journal,02884771,-,Japan Welding Society,Japan,JAPANESE,Mechanical Engineering,Mechanics of Materials,Metals and Alloys,"Surfaces, Coatings and Films",-,-,-,-
Yosetsu Gakkai Shi/Journal of the Japan Welding Society,Journal,00214787,-,Japan Welding Society,Japan,JAPANESE,Mechanical Engineering,Mechanics of Materials,Metals and Alloys,"Surfaces, Coatings and Films",-,-,-,-
"Youth Academic Annual Conference of Chinese Association of Automation, YAC",Journal,28378598,28378601,Institute of Electrical and Electronics Engineers Inc.,United States,ENGLISH,Artificial Intelligence,Computer Science Applications,"Safety, Risk, Reliability and Quality",Control and Optimization,-,-,-,-
Yuanzineng Kexue Jishu/Atomic Energy Science and Technology,Journal,10006931,-,Atomic Energy Press,China,CHINESE,Nuclear Energy and Engineering,-,-,-,-,-,-,-
Yuhang Xuebao/Journal of Astronautics,Journal,10001328,-,Chinese Society of Astronautics,China,CHINESE,Space and Planetary Science,Aerospace Engineering,-,-,-,-,-,-
Yuki Gosei Kagaku Kyokaishi/Journal of Synthetic Organic Chemistry,Journal,00379980,18836526,Society of Synthetic Organic Chemistry,Japan,JAPANESE,Organic Chemistry,-,-,-,-,-,-,-
Zairyo to Kankyo/ Corrosion Engineering,Journal,09170480,18819664,Japan Society of Corrosion Engineering,Japan,JAPANESE,Electrochemistry,Materials Chemistry,Metals and Alloys,"Surfaces, Coatings and Films",-,-,-,-
"Zairyo/Journal of the Society of Materials Science, Japan",Journal,05145163,18807488,Society of Materials Science Japan,Japan,JAPANESE,Mechanical Engineering,Mechanics of Materials,Materials Science (all),Condensed Matter Physics,-,-,-,-
ZAMM Zeitschrift fur Angewandte Mathematik und Mechanik,Journal,00442267,15214001,John Wiley and Sons Inc,Germany,ENGLISH,Computational Mechanics,Applied Mathematics,-,-,-,-,-,-
Zeitschrift fur Angewandte Mathematik und Physik,Journal,00442275,14209039,Springer International Publishing,Switzerland,ENGLISH,Mathematics (all),Applied Mathematics,Physics and Astronomy (all),-,-,-,-,-
Zeitschrift fur Anorganische und Allgemeine Chemie,Journal,00442313,15213749,John Wiley and Sons Inc,Germany,ENGLISH/FRENCH/GERMAN,Inorganic Chemistry,-,-,-,-,-,-,-
Zeitschrift fur Medizinische Physik,Journal,09393889,18764436,Elsevier GmbH,Germany,ENGLISH/GERMAN,Biophysics,"Radiology, Nuclear Medicine and Imaging",Radiological and Ultrasound Technology,-,-,-,-,-
Zeitschrift fur Naturforschung - Section B Journal of Chemical Sciences,Journal,09320776,18657117,Walter de Gruyter GmbH,Germany,ENGLISH/GERMAN,Chemistry (all),-,-,-,-,-,-,-
Zeitschrift fur Physik C-Particles and Fields,Journal,01709739,14315858,Springer Verlag,Germany,ENGLISH,Physics and Astronomy (miscellaneous),-,-,-,-,-,-,-
Zeitschrift fur Physikalische Chemie,Journal,09429352,21967156,Walter de Gruyter GmbH,Germany,ENGLISH/GERMAN,Physical and Theoretical Chemistry,-,-,-,-,-,-,-
Zeitschrift Kunststofftechnik/Journal of Plastics Technology,Journal,18642217,-,Carl Hanser Verlag,Germany,GERMAN,Polymers and Plastics,-,-,-,-,-,-,-
Zhejiang Daxue Xuebao (Gongxue Ban)/Journal of Zhejiang University (Engineering Science),Journal,1008973X,-,Zhejiang University,China,CHINESE,Engineering (all),-,-,-,-,-,-,-
"Zhendong Ceshi Yu Zhenduan/Journal of Vibration, Measurement and Diagnosis",Journal,10046801,-,Nanjing University of Aeronautics an Astronautics,China,CHINESE,Mechanical Engineering,Mechanics of Materials,Acoustics and Ultrasonics,Instrumentation,-,-,-,-
Zhendong Gongcheng Xuebao/Journal of Vibration Engineering,Journal,10044523,-,Nanjing University of Aeronautics an Astronautics,China,CHINESE,Aerospace Engineering,Civil and Structural Engineering,Mechanical Engineering,Mechanics of Materials,Acoustics and Ultrasonics,-,-,-
Zhendong yu Chongji/Journal of Vibration and Shock,Journal,10003835,-,Chinese Vibration Engineering Society,China,CHINESE,Mechanical Engineering,Mechanics of Materials,Acoustics and Ultrasonics,-,-,-,-,-
Zhongguo Biaomian Gongcheng/China Surface Engineering,Journal,10079289,-,Chinese Mechanical Engineering Society,China,CHINESE,"Surfaces, Coatings and Films",-,-,-,-,-,-,-
Zhongguo Dianji Gongcheng Xuebao/Proceedings of the Chinese Society of Electrical Engineering,Journal,02588013,-,Chinese Society for Electrical Engineering,China,CHINESE,Electrical and Electronic Engineering,-,-,-,-,-,-,-
Zhongguo Gonglu Xuebao/China Journal of Highway and Transport,Journal,10017372,-,Chang'an University,China,CHINESE,Civil and Structural Engineering,Mechanical Engineering,Transportation,-,-,-,-,-
Zhongguo Guanxing Jishu Xuebao/Journal of Chinese Inertial Technology,Journal,10056734,-,Editorial Department of Journal of Chinese Inertial Technology,China,CHINESE,Aerospace Engineering,Control and Systems Engineering,-,-,-,-,-,-
Zhongguo Huanjing Kexue/China Environmental Science,Journal,10006923,-,Chinese Society for Environmental Sciences,China,CHINESE,Environmental Science (all),-,-,-,-,-,-,-
Zhongguo Jiguang/Chinese Journal of Lasers,Journal,02587025,-,Chinese Laser Press,China,CHINESE,Electrical and Electronic Engineering,"Electronic, Optical and Magnetic Materials","Atomic and Molecular Physics, and Optics",-,-,-,-,-
Zhongguo Jixie Gongcheng/China Mechanical Engineering,Journal,1004132X,-,Chinese Mechanical Engineering Society,China,CHINESE,Mechanical Engineering,-,-,-,-,-,-,-
Zhongguo Kuangye Daxue Xuebao/Journal of China University of Mining and Technology,Journal,10001964,-,China University of Mining and Technology,China,CHINESE,Geology,Geotechnical Engineering and Engineering Geology,Civil and Structural Engineering,Mechanical Engineering,-,-,-,-
Zhongguo Shiyou Daxue Xuebao (Ziran Kexue Ban)/Journal of China University of Petroleum (Edition of Natural Science),Journal,16735005,-,"University of Petroleum, China",China,ENGLISH,Chemical Engineering (all),Geotechnical Engineering and Engineering Geology,Energy Engineering and Power Technology,Fuel Technology,Control and Systems Engineering,Mechanical Engineering,-,-
Zhongguo Tiedao Kexue/China Railway Science,Journal,10014632,-,Chinese Academy of Railway Sciences,China,CHINESE,Mechanical Engineering,-,-,-,-,-,-,-
Zhongguo Xitu Xuebao/Journal of the Chinese Rare Earth Society,Journal,10004343,-,Editorial Office of Chinese Rare Earths,China,CHINESE,Materials Science (miscellaneous),-,-,-,-,-,-,-
Zhongguo Youse Jinshu Xuebao/Chinese Journal of Nonferrous Metals,Journal,10040609,-,Central South University,China,CHINESE,Materials Chemistry,Metals and Alloys,Condensed Matter Physics,-,-,-,-,-
Zhongnan Daxue Xuebao (Ziran Kexue Ban)/Journal of Central South University (Science and Technology),Journal,16727207,-,Central South University,China,CHINESE,Geotechnical Engineering and Engineering Geology,Materials Chemistry,Metals and Alloys,Condensed Matter Physics,-,-,-,-
Zidonghua Xuebao/Acta Automatica Sinica,Journal,02544156,-,Science Press,China,CHINESE,Computer Graphics and Computer-Aided Design,Information Systems,Software,Control and Systems Engineering,-,-,-,-
Zpravy Lesnickeho Vyzkumu,Journal,03229688,18059872,Forestry and Game Management Research Institute,Czech Republic,CZECH,Forestry,Nature and Landscape Conservation,-,-,-,-,-,-
ZWF Zeitschrift fuer Wirtschaftlichen Fabrikbetrieb,Journal,09470085,25110896,Walter de Gruyter GmbH,Germany,GERMAN,Strategy and Management,Management Science and Operations Research,Engineering (all),-,-,-,-,-
