Full Title,ISSN,Unformatted ISSN,Product ID,Change History,Shortcut URL
AACE Clinical Case Reports,2376-0605,23760605,30454,,https://www.sciencedirect.com/science/journal/23760605
AACE Endocrinology and Diabetes,3050-9157,30509157,30454,,https://www.sciencedirect.com/science/journal/30509157
aBIOTECH,2662-1738,26621738,32140,,https://www.sciencedirect.com/science/journal/26621738
Academic Pathology,2374-2895,23742895,31362,,https://www.sciencedirect.com/science/journal/23742895
Academic Pediatrics,1876-2859,18762859,07802,Formerly known as Ambulatory Pediatrics,https://www.sciencedirect.com/science/journal/18762859
Academic Radiology,1076-6332,10766332,13351,,https://www.sciencedirect.com/science/journal/10766332
Academy of Management Inside Organizations,3117-9878,31179878,32443,,https://www.sciencedirect.com/science/journal/31179878
Academy of Management Organizations and Their Environments,3117-9886,31179886,32444,,https://www.sciencedirect.com/science/journal/31179886
"Accelerator: Science, Technology &amp; Applications",3118-0019,31180019,32436,,https://www.sciencedirect.com/science/journal/31180019
Accident Analysis & Prevention,0001-4575,00014575,00336,,https://www.sciencedirect.com/science/journal/00014575
Accounting Open,3050-5461,30505461,32007,,https://www.sciencedirect.com/science/journal/30505461
"Accounting, Organizations and Society",0361-3682,03613682,00486,,https://www.sciencedirect.com/science/journal/03613682
Accounting Theory and Practice,2949-9453,29499453,31663,,https://www.sciencedirect.com/science/journal/29499453
Acta Adamantum,2773-224X,2773224X,31471,,https://www.sciencedirect.com/science/journal/2773224X
Acta Astronautica,0094-5765,00945765,00310,,https://www.sciencedirect.com/science/journal/00945765
Acta Biomaterialia,1742-7061,17427061,04067,,https://www.sciencedirect.com/science/journal/17427061
Acta Colombiana de Cuidado Intensivo,0122-7262,01227262,16845,,https://www.sciencedirect.com/science/journal/01227262
Acta Histochemica,0065-1281,00651281,10000,,https://www.sciencedirect.com/science/journal/00651281
Acta Materialia,1359-6454,13596454,00221,Formerly part of Acta Metallurgica et Materialia; Incorporating Nanostructured Materials,https://www.sciencedirect.com/science/journal/13596454
Acta Oecologica,1146-609X,1146609X,09000,,https://www.sciencedirect.com/science/journal/1146609X
Acta Otorrinolaringologica (English Edition),2173-5735,21735735,15795,,https://www.sciencedirect.com/science/journal/21735735
Acta Otorrinolaringológica Española,0001-6519,00016519,15720,,https://www.sciencedirect.com/science/journal/00016519
Acta Pharmaceutica Sinica B,2211-3835,22113835,08775,,https://www.sciencedirect.com/science/journal/22113835
Acta Physico-Chimica Sinica,1000-6818,10006818,32008,,https://www.sciencedirect.com/science/journal/10006818
Acta Psychologica,0001-6918,00016918,05251,,https://www.sciencedirect.com/science/journal/00016918
Acta Psychologica Clinical,3118-0558,31180558,32469,,https://www.sciencedirect.com/science/journal/31180558
Acta Psychologica Consumer,3118-0523,31180523,32466,,https://www.sciencedirect.com/science/journal/31180523
Acta Psychologica Developmental,3118-054X,3118054X,32468,,https://www.sciencedirect.com/science/journal/3118054X
Acta Psychologica Reports,3117-9894,31179894,32430,,https://www.sciencedirect.com/science/journal/31179894
Acta Psychologica Social,3118-0434,31180434,32471,,https://www.sciencedirect.com/science/journal/31180434
Acta Tropica,0001-706X,0001706X,05083,,https://www.sciencedirect.com/science/journal/0001706X
Actas Urológicas Españolas,0210-4806,02104806,15762,,https://www.sciencedirect.com/science/journal/02104806
Actas Urológicas Españolas (English Edition),2173-5786,21735786,15794,,https://www.sciencedirect.com/science/journal/21735786
Actualités Pharmaceutiques,0515-3700,05153700,09076,,https://www.sciencedirect.com/science/journal/05153700
Ad Hoc Networks,1570-8705,15708705,05481,,https://www.sciencedirect.com/science/journal/15708705
Addiction Neuroscience,2772-3925,27723925,31224,,https://www.sciencedirect.com/science/journal/27723925
Addictive Behaviors,0306-4603,03064603,00471,,https://www.sciencedirect.com/science/journal/03064603
Addictive Behaviors Reports,2352-8532,23528532,18120,,https://www.sciencedirect.com/science/journal/23528532
Additive Manufacturing,2214-8604,22148604,17059,,https://www.sciencedirect.com/science/journal/22148604
Additive Manufacturing Frontiers,2950-4317,29504317,31294,,https://www.sciencedirect.com/science/journal/29504317
Additive Manufacturing Letters,2772-3690,27723690,31214,,https://www.sciencedirect.com/science/journal/27723690
Advanced AgroChem,2773-2371,27732371,31473,,https://www.sciencedirect.com/science/journal/27732371
Advanced Bionics,2950-3876,29503876,31782,,https://www.sciencedirect.com/science/journal/29503876
Advanced Design Research,2949-7825,29497825,31529,,https://www.sciencedirect.com/science/journal/29497825
Advanced Drug Delivery Reviews,0169-409X,0169409X,05000,,https://www.sciencedirect.com/science/journal/0169409X
Advanced Engineering Informatics,1474-0346,14740346,02007,Formerly known as Artificial Intelligence in Engineering,https://www.sciencedirect.com/science/journal/14740346
Advanced Exercise and Health Science,2950-273X,2950273X,31709,,https://www.sciencedirect.com/science/journal/2950273X
Advanced Functional Crystals,3118-0167,31180167,32451,,https://www.sciencedirect.com/science/journal/31180167
Advanced Industrial and Engineering Polymer Research,2542-5048,25425048,18401,,https://www.sciencedirect.com/science/journal/25425048
Advanced Interventional Materials,3051-1577,30511577,32167,,https://www.sciencedirect.com/science/journal/30511577
Advanced Light Materials,3117-3144,31173144,32232,,https://www.sciencedirect.com/science/journal/31173144
Advanced Membranes,2772-8234,27728234,31352,,https://www.sciencedirect.com/science/journal/27728234
Advanced Nanocomposites,2949-9445,29499445,31614,,https://www.sciencedirect.com/science/journal/29499445
Advanced Oral Science,3118-0361,31180361,32458,,https://www.sciencedirect.com/science/journal/31180361
Advanced Orthopaedics,3050-7170,30507170,32088,,https://www.sciencedirect.com/science/journal/30507170
Advanced Powder Materials,2772-834X,2772834X,31366,,https://www.sciencedirect.com/science/journal/2772834X
Advanced Powder Technology,0921-8831,09218831,08668,,https://www.sciencedirect.com/science/journal/09218831
Advanced Scientific Instruments,3117-3748,31173748,32248,,https://www.sciencedirect.com/science/journal/31173748
Advanced Sensor and Energy Materials,2773-045X,2773045X,31421,,https://www.sciencedirect.com/science/journal/2773045X
Advances in Accounting,0882-6110,08826110,05609,Incorporating Advances in International Accounting,https://www.sciencedirect.com/science/journal/08826110
Advances in Anesthesia,0737-6146,07376146,13139,,https://www.sciencedirect.com/science/journal/07376146
Advances in Animal Biosciences,2040-4700,20404700,31194,,https://www.sciencedirect.com/science/journal/20404700
Advances in Applied Energy,2666-7924,26667924,30446,,https://www.sciencedirect.com/science/journal/26667924
Advances in Applied Mathematics,0196-8858,01968858,12001,,https://www.sciencedirect.com/science/journal/01968858
Advances in Archaeomaterials,2667-1360,26671360,31127,,https://www.sciencedirect.com/science/journal/26671360
Advances in Bamboo Science,2773-1391,27731391,31441,,https://www.sciencedirect.com/science/journal/27731391
Advances in Biological Regulation,2212-4926,22124926,00427,Formerly known as Advances in Enzyme Regulation,https://www.sciencedirect.com/science/journal/22124926
Advances in Biomarker Sciences and Technology,2543-1064,25431064,18403,,https://www.sciencedirect.com/science/journal/25431064
Advances in Business and Management Research,3051-0511,30510511,32138,,https://www.sciencedirect.com/science/journal/30510511
Advances in Cancer Biology - Metastasis,2667-3940,26673940,31189,,https://www.sciencedirect.com/science/journal/26673940
Advances in Chronic Kidney Disease,1548-5595,15485595,13265,Formerly known as Advances in Renal Replacement Therapy,https://www.sciencedirect.com/science/journal/15485595
Advances in Climate Change Research,1674-9278,16749278,18115,,https://www.sciencedirect.com/science/journal/16749278
Advances in Clinical Radiology,2589-8701,25898701,18931,,https://www.sciencedirect.com/science/journal/25898701
Advances in Colloid and Interface Science,0001-8686,00018686,05136,,https://www.sciencedirect.com/science/journal/00018686
Advances in Cosmetic Surgery,2542-4327,25424327,18920,,https://www.sciencedirect.com/science/journal/25424327
Advances in Engineering Software,0965-9978,09659978,02000,Formerly known as Advances in Engineering Software and Workstations; Incorporating Computing Systems in Engineering,https://www.sciencedirect.com/science/journal/09659978
Advances in Family Practice Nursing,2589-420X,2589420X,18928,,https://www.sciencedirect.com/science/journal/2589420X
Advances in Industrial and Manufacturing Engineering,2666-9129,26669129,31020,,https://www.sciencedirect.com/science/journal/26669129
Advances in Integrative Medicine,2212-9588,22129588,10154,,https://www.sciencedirect.com/science/journal/22129588
Advances in Kidney Disease and Health,2949-8139,29498139,13265,,https://www.sciencedirect.com/science/journal/29498139
Advances in Life Course Research,1569-4909,15694909,05617,,https://www.sciencedirect.com/science/journal/15694909
Advances in Mathematics,0001-8708,00018708,12005,,https://www.sciencedirect.com/science/journal/00018708
Advances in Medical Sciences,1896-1126,18961126,11016,,https://www.sciencedirect.com/science/journal/18961126
Advances in Molecular Pathology,2589-4080,25894080,18924,,https://www.sciencedirect.com/science/journal/25894080
Advances in Nutrition,2161-8313,21618313,31528,,https://www.sciencedirect.com/science/journal/21618313
Advances in Oncology,2666-853X,2666853X,30451,,https://www.sciencedirect.com/science/journal/2666853X
Advances in Ophthalmology and Optometry,2452-1760,24521760,18867,,https://www.sciencedirect.com/science/journal/24521760
Advances in Ophthalmology Practice and Research,2667-3762,26673762,31178,,https://www.sciencedirect.com/science/journal/26673762
Advances in Oral and Maxillofacial Surgery,2667-1476,26671476,31126,,https://www.sciencedirect.com/science/journal/26671476
Advances in Patient-Reported Outcomes,3050-6964,30506964,32071,,https://www.sciencedirect.com/science/journal/30506964
Advances in Pediatrics,0065-3101,00653101,13279,,https://www.sciencedirect.com/science/journal/00653101
Advances in Psychiatry and Behavioral Health,2667-3827,26673827,31185,,https://www.sciencedirect.com/science/journal/26673827
Advances in Radiation Oncology,2452-1094,24521094,18873,,https://www.sciencedirect.com/science/journal/24521094
Advances in Redox Research,2667-1379,26671379,31128,,https://www.sciencedirect.com/science/journal/26671379
Advances in Sample Preparation,2772-5820,27725820,31266,,https://www.sciencedirect.com/science/journal/27725820
Advances in Small Animal Care,2666-450X,2666450X,30319,,https://www.sciencedirect.com/science/journal/2666450X
Advances in Space Research,0273-1177,02731177,00644,,https://www.sciencedirect.com/science/journal/02731177
Advances in Surgery,0065-3411,00653411,13142,,https://www.sciencedirect.com/science/journal/00653411
Advances in Water Resources,0309-1708,03091708,02001,,https://www.sciencedirect.com/science/journal/03091708
Advances in Wind Engineering,2950-6018,29506018,31835,,https://www.sciencedirect.com/science/journal/29506018
Advancing Medical-Surgical Nursing,3050-8592,30508592,32118,,https://www.sciencedirect.com/science/journal/30508592
Aeolian Research,1875-9637,18759637,08639,,https://www.sciencedirect.com/science/journal/18759637
Aerospace Science and Technology,1270-9638,12709638,09001,,https://www.sciencedirect.com/science/journal/12709638
Aerospace Traffic and Safety,2950-3388,29503388,31728,,https://www.sciencedirect.com/science/journal/29503388
AEU - International Journal of Electronics and Communications,1434-8411,14348411,10029,,https://www.sciencedirect.com/science/journal/14348411
African Journal of Emergency Medicine,2211-419X,2211419X,08770,,https://www.sciencedirect.com/science/journal/2211419X
African Transport Studies,2950-1962,29501962,31658,,https://www.sciencedirect.com/science/journal/29501962
Ageing Research Reviews,1568-1637,15681637,05464,,https://www.sciencedirect.com/science/journal/15681637
Aggression and Violent Behavior,1359-1789,13591789,01001,,https://www.sciencedirect.com/science/journal/13591789
Aging Brain,2589-9589,25899589,18939,,https://www.sciencedirect.com/science/journal/25899589
Aging and Health Research,2667-0321,26670321,31086,,https://www.sciencedirect.com/science/journal/26670321
Agricultural Environment and Sustainability,3117-4094,31174094,32263,,https://www.sciencedirect.com/science/journal/31174094
Agricultural and Forest Meteorology,0168-1923,01681923,05320,Formerly known as Agricultural Meteorology,https://www.sciencedirect.com/science/journal/01681923
Agricultural Systems,0308-521X,0308521X,02002,,https://www.sciencedirect.com/science/journal/0308521X
Agricultural Water Management,0378-3774,03783774,05085,,https://www.sciencedirect.com/science/journal/03783774
Agriculture Communications,2949-7981,29497981,31536,,https://www.sciencedirect.com/science/journal/29497981
"Agriculture, Ecosystems & Environment",0167-8809,01678809,05086,Incorporating Agriculture and Environment and Agro-Ecosystems,https://www.sciencedirect.com/science/journal/01678809
AI Open,2666-6510,26666510,30405,,https://www.sciencedirect.com/science/journal/26666510
AI Thermal Fluids,3050-5852,30505852,32019,,https://www.sciencedirect.com/science/journal/30505852
Ain Shams Engineering Journal,2090-4479,20904479,08727,,https://www.sciencedirect.com/science/journal/20904479
Air Medical Journal,1067-991X,1067991X,13163,Formerly known as Journal of Air Medical Transport,https://www.sciencedirect.com/science/journal/1067991X
AJC: Cerebrovascular Medicine,3118-0566,31180566,32457,,https://www.sciencedirect.com/science/journal/31180566
AJO International,2950-2535,29502535,31685,,https://www.sciencedirect.com/science/journal/29502535
AJO-DO Clinical Companion,2666-4305,26664305,30322,,https://www.sciencedirect.com/science/journal/26664305
AJOG Global Reports,2666-5778,26665778,30374,,https://www.sciencedirect.com/science/journal/26665778
AJPM Focus,2773-0654,27730654,31426,,https://www.sciencedirect.com/science/journal/27730654
Alcohol,0741-8329,07418329,07500,,https://www.sciencedirect.com/science/journal/07418329
Alexandria Engineering Journal,1110-0168,11100168,08731,,https://www.sciencedirect.com/science/journal/11100168
Algal Research,2211-9264,22119264,08794,,https://www.sciencedirect.com/science/journal/22119264
Allergology International,1323-8930,13238930,18067,,https://www.sciencedirect.com/science/journal/13238930
Allergy Medicine,2949-9135,29499135,31831,,https://www.sciencedirect.com/science/journal/29499135
American Heart Journal,0002-8703,00028703,13240,,https://www.sciencedirect.com/science/journal/00028703
American Heart Journal Plus: Cardiology Research and Practice,2666-6022,26666022,30359,,https://www.sciencedirect.com/science/journal/26666022
The American Journal of Cardiology,0002-9149,00029149,07586,,https://www.sciencedirect.com/science/journal/00029149
The American Journal of Clinical Nutrition,0002-9165,00029165,31525,,https://www.sciencedirect.com/science/journal/00029165
The American Journal of Emergency Medicine,0735-6757,07356757,13226,,https://www.sciencedirect.com/science/journal/07356757
The American Journal of Geriatric Psychiatry,1064-7481,10647481,14116,,https://www.sciencedirect.com/science/journal/10647481
"The American Journal of Geriatric Psychiatry: Open Science, Education, and Practice",2950-3868,29503868,31781,,https://www.sciencedirect.com/science/journal/29503868
The American Journal of Human Genetics,0002-9297,00029297,07813,,https://www.sciencedirect.com/science/journal/00029297
American Journal of Infection Control,0196-6553,01966553,13170,,https://www.sciencedirect.com/science/journal/01966553
American Journal of Kidney Diseases,0272-6386,02726386,13229,,https://www.sciencedirect.com/science/journal/02726386
The American Journal of the Medical Sciences,0002-9629,00029629,18851,,https://www.sciencedirect.com/science/journal/00029629
The American Journal of Medicine,0002-9343,00029343,07587,,https://www.sciencedirect.com/science/journal/00029343
American Journal of Medicine Open,2667-0364,26670364,31087,,https://www.sciencedirect.com/science/journal/26670364
The American Journal of Medicine Supplements,1548-2766,15482766,07777,,https://www.sciencedirect.com/science/journal/15482766
American Journal of Obstetrics and Gynecology,0002-9378,00029378,13246,,https://www.sciencedirect.com/science/journal/00029378
American Journal of Obstetrics & Gynecology MFM,2589-9333,25899333,18938,,https://www.sciencedirect.com/science/journal/25899333
American Journal of Ophthalmology,0002-9394,00029394,07582,,https://www.sciencedirect.com/science/journal/00029394
American Journal of Ophthalmology Case Reports,2451-9936,24519936,18854,,https://www.sciencedirect.com/science/journal/24519936
American Journal of Orthodontics and Dentofacial Orthopedics,0889-5406,08895406,13027,Formerly known as American Journal of Orthodontics,https://www.sciencedirect.com/science/journal/08895406
American Journal of Otolaryngology,0196-0709,01960709,13046,,https://www.sciencedirect.com/science/journal/01960709
The American Journal of Pathology,0002-9440,00029440,14039,,https://www.sciencedirect.com/science/journal/00029440
American Journal of Pharmaceutical Education,0002-9459,00029459,31607,,https://www.sciencedirect.com/science/journal/00029459
American Journal of Preventive Cardiology,2666-6677,26666677,30413,,https://www.sciencedirect.com/science/journal/26666677
American Journal of Preventive Medicine,0749-3797,07493797,07689,,https://www.sciencedirect.com/science/journal/07493797
The American Journal of Surgery,0002-9610,00029610,07588,,https://www.sciencedirect.com/science/journal/00029610
Ampersand,2215-0390,22150390,10185,,https://www.sciencedirect.com/science/journal/22150390
Anaerobe,1075-9964,10759964,12695,,https://www.sciencedirect.com/science/journal/10759964
Anaesthesia Critical Care & Pain Medicine,2352-5568,23525568,09011,Formerly known as Annales Françaises d'Anesthésie et de Réanimation,https://www.sciencedirect.com/science/journal/23525568
Anaesthesia & Intensive Care Medicine,1472-0299,14720299,04263,,https://www.sciencedirect.com/science/journal/14720299
Anais Brasileiros de Dermatologia,0365-0596,03650596,30273,,https://www.sciencedirect.com/science/journal/03650596
Anales de Cirugía Vascular,1130-2542,11302542,15704,,https://www.sciencedirect.com/science/journal/11302542
Anales de Pediatría,1695-4033,16954033,15711,,https://www.sciencedirect.com/science/journal/16954033
Anales de Pediatria Continuada,1696-2818,16962818,15755,,https://www.sciencedirect.com/science/journal/16962818
Anales de Pediatría (English Edition),2341-2879,23412879,16353,,https://www.sciencedirect.com/science/journal/23412879
Analytic Methods in Accident Research,2213-6657,22136657,10159,,https://www.sciencedirect.com/science/journal/22136657
Analytica Chimica Acta,0003-2670,00032670,05137,,https://www.sciencedirect.com/science/journal/00032670
Analytica Chimica Acta: X,2590-1346,25901346,18459,,https://www.sciencedirect.com/science/journal/25901346
Analytical Biochemistry,0003-2697,00032697,12002,,https://www.sciencedirect.com/science/journal/00032697
Anesthésie & Réanimation,2352-5800,23525800,16356,,https://www.sciencedirect.com/science/journal/23525800
Anesthesiology Clinics,1932-2275,19322275,13047,Formerly known as Anesthesiology Clinics of North America,https://www.sciencedirect.com/science/journal/19322275
Anesthesiology and Medicine,3117-8820,31178820,32376,,https://www.sciencedirect.com/science/journal/31178820
Animal,1751-7311,17517311,31050,,https://www.sciencedirect.com/science/journal/17517311
Animal Behaviour,0003-3472,00033472,12602,Formerly known as The British Journal of Animal Behaviour; Incorporating Animal Behaviour Monographs,https://www.sciencedirect.com/science/journal/00033472
Animal Feed Science and Technology,0377-8401,03778401,05088,,https://www.sciencedirect.com/science/journal/03778401
Animal Nutrition,2405-6545,24056545,18174,,https://www.sciencedirect.com/science/journal/24056545
Animal - Open Space,2772-6940,27726940,31316,,https://www.sciencedirect.com/science/journal/27726940
Animal Reproduction Science,0378-4320,03784320,05089,,https://www.sciencedirect.com/science/journal/03784320
Animal - Science Proceedings,2772-283X,2772283X,31194,,https://www.sciencedirect.com/science/journal/2772283X
Animals and Zoonoses,2950-2489,29502489,31675,,https://www.sciencedirect.com/science/journal/29502489
Annales de Cardiologie et d'Angéiologie,0003-3928,00033928,09082,,https://www.sciencedirect.com/science/journal/00033928
Annales de Chirurgie Plastique Esthétique,0294-1260,02941260,09084,,https://www.sciencedirect.com/science/journal/02941260
Annales de Dermatologie et de Vénéréologie - FMC,2667-0623,26670623,31093,,https://www.sciencedirect.com/science/journal/26670623
Annales de Dermatologie et de Vénéréologie,0151-9638,01519638,15170,,https://www.sciencedirect.com/science/journal/01519638
Annales d'Endocrinologie,0003-4266,00034266,15180,,https://www.sciencedirect.com/science/journal/00034266
Annales françaises d’Oto-rhino-laryngologie et de Pathologie Cervico-faciale,1879-7261,18797261,15230,Formerly known as Annales d'Otolaryngologie et de Chirurgie Cervico-faciale,https://www.sciencedirect.com/science/journal/18797261
"Annales Médico-psychologiques, revue psychiatrique",0003-4487,00034487,09107,,https://www.sciencedirect.com/science/journal/00034487
Annales de Paléontologie,0753-3969,07533969,09008,,https://www.sciencedirect.com/science/journal/07533969
Annales de Pathologie,0242-6498,02426498,15130,,https://www.sciencedirect.com/science/journal/02426498
Annales Pharmaceutiques Françaises,0003-4509,00034509,15260,,https://www.sciencedirect.com/science/journal/00034509
Annals of 3D Printed Medicine,2666-9641,26669641,31043,,https://www.sciencedirect.com/science/journal/26669641
Annals of Agricultural Sciences,0570-1783,05701783,08778,,https://www.sciencedirect.com/science/journal/05701783
"Annals of Allergy, Asthma & Immunology",1081-1206,10811206,14037,,https://www.sciencedirect.com/science/journal/10811206
Annals of Anatomy - Anatomischer Anzeiger,0940-9602,09409602,10030,,https://www.sciencedirect.com/science/journal/09409602
Annals of Diagnostic Pathology,1092-9134,10929134,13057,,https://www.sciencedirect.com/science/journal/10929134
Annals of Emergency Medicine,0196-0644,01960644,13239,Formerly known as Journal of the American College of Emergency Physicians,https://www.sciencedirect.com/science/journal/01960644
Annals of Epidemiology,1047-2797,10472797,07601,,https://www.sciencedirect.com/science/journal/10472797
Annals of Hepatology,1665-2681,16652681,30153,,https://www.sciencedirect.com/science/journal/16652681
Annals of Medicine and Surgery,2049-0801,20490801,17038,,https://www.sciencedirect.com/science/journal/20490801
Annals of Nuclear Energy,0306-4549,03064549,00217,Formerly known as Annals of Nuclear Science and Engineering,https://www.sciencedirect.com/science/journal/03064549
Annals of the Rheumatic Diseases,0003-4967,00034967,32052,,https://www.sciencedirect.com/science/journal/00034967
Annals of Oncology,0923-7534,09237534,30187,,https://www.sciencedirect.com/science/journal/09237534
Annals of Physical and Rehabilitation Medicine,1877-0657,18770657,09009,Formerly known as Annales de Réadaptation et de Médicine Physique,https://www.sciencedirect.com/science/journal/18770657
Annals of Physics,0003-4916,00034916,12006,,https://www.sciencedirect.com/science/journal/00034916
Annals of Pure and Applied Logic,0168-0072,01680072,05253,Formerly known as Annals of Mathematical Logic,https://www.sciencedirect.com/science/journal/01680072
The Annals of Thoracic Surgery,0003-4975,00034975,07610,,https://www.sciencedirect.com/science/journal/00034975
Annals of Thoracic Surgery Short Reports,2772-9931,27729931,31358,,https://www.sciencedirect.com/science/journal/27729931
Annals of Tourism Research,0160-7383,01607383,00689,,https://www.sciencedirect.com/science/journal/01607383
Annals of Tourism Research Empirical Insights,2666-9579,26669579,31042,,https://www.sciencedirect.com/science/journal/26669579
Annals of Vascular Surgery,0890-5096,08905096,13421,,https://www.sciencedirect.com/science/journal/08905096
Annals of Vascular Surgery - Brief Reports and Innovations,2772-6878,27726878,31305,,https://www.sciencedirect.com/science/journal/27726878
Annual Reviews in Control,1367-5788,13675788,00429,Formerly known as Annual Review in Automatic Programming,https://www.sciencedirect.com/science/journal/13675788
Anthropocene,2213-3054,22133054,10148,,https://www.sciencedirect.com/science/journal/22133054
L'Anthropologie,0003-5521,00035521,09087,,https://www.sciencedirect.com/science/journal/00035521
Antiviral Research,0166-3542,01663542,05001,,https://www.sciencedirect.com/science/journal/01663542
Appetite,0195-6663,01956663,12633,,https://www.sciencedirect.com/science/journal/01956663
Appetite: Disordered Eating,3117-3950,31173950,32258,,https://www.sciencedirect.com/science/journal/31173950
Applications in Energy and Combustion Science,2666-352X,2666352X,30299,,https://www.sciencedirect.com/science/journal/2666352X
Applications in Engineering Science,2666-4968,26664968,30329,,https://www.sciencedirect.com/science/journal/26664968
Applied Acoustics,0003-682X,0003682X,02003,,https://www.sciencedirect.com/science/journal/0003682X
Applied Animal Behaviour Science,0168-1591,01681591,05090,Formerly known as Applied Animal Ethology,https://www.sciencedirect.com/science/journal/01681591
Applied Animal Science,2590-2865,25902865,18871,Formerly Known as The Professional Animal Scientist,https://www.sciencedirect.com/science/journal/25902865
Applied Biomolecules: Bioactive Materials,3117-5031,31175031,32285,,https://www.sciencedirect.com/science/journal/31175031
Applied Catalysis A: General,0926-860X,0926860X,05139,Formerly part of Applied Catalysis,https://www.sciencedirect.com/science/journal/0926860X
Applied Catalysis B: Environmental,0926-3373,09263373,05140,Formerly part of Applied Catalysis,https://www.sciencedirect.com/science/journal/09263373
Applied Catalysis O: Open,2950-6484,29506484,05570,,https://www.sciencedirect.com/science/journal/29506484
Applied Clay Science,0169-1317,01691317,05321,,https://www.sciencedirect.com/science/journal/01691317
Applied and Computational Harmonic Analysis,1063-5203,10635203,12003,,https://www.sciencedirect.com/science/journal/10635203
Applied Computing and Geosciences,2590-1974,25901974,30101,,https://www.sciencedirect.com/science/journal/25901974
Applied Corpus Linguistics,2666-7991,26667991,30449,,https://www.sciencedirect.com/science/journal/26667991
Applied Energy,0306-2619,03062619,02004,,https://www.sciencedirect.com/science/journal/03062619
Applied Ergonomics,0003-6870,00036870,03001,,https://www.sciencedirect.com/science/journal/00036870
Applied Food Research,2772-5022,27725022,31254,,https://www.sciencedirect.com/science/journal/27725022
Applied Geochemistry,0883-2927,08832927,00768,,https://www.sciencedirect.com/science/journal/08832927
Applied Geography,0143-6228,01436228,03002,,https://www.sciencedirect.com/science/journal/01436228
Applied Materials Today,2352-9407,23529407,18144,,https://www.sciencedirect.com/science/journal/23529407
Applied Mathematical Modelling,0307-904X,0307904X,07604,,https://www.sciencedirect.com/science/journal/0307904X
Applied Mathematics and Computation,0096-3003,00963003,07612,,https://www.sciencedirect.com/science/journal/00963003
Applied Mathematics Letters,0893-9659,08939659,00843,,https://www.sciencedirect.com/science/journal/08939659
Applied Numerical Mathematics,0168-9274,01689274,05254,,https://www.sciencedirect.com/science/journal/01689274
Applied Nursing Research,0897-1897,08971897,13158,,https://www.sciencedirect.com/science/journal/08971897
Applied Ocean Research,0141-1187,01411187,02005,,https://www.sciencedirect.com/science/journal/01411187
Applied Radiation and Isotopes,0969-8043,09698043,00228,Formerly known as International Journal of Radiation Applications and Instrumentation. Part A. Applied Radiation and Isotopes,https://www.sciencedirect.com/science/journal/09698043
Applied Soft Computing,1568-4946,15684946,05434,,https://www.sciencedirect.com/science/journal/15684946
Applied Soil Ecology,0929-1393,09291393,05091,,https://www.sciencedirect.com/science/journal/09291393
Applied Studies in Innovative Learning and Teaching,3051-3243,30513243,32199,,https://www.sciencedirect.com/science/journal/30513243
Applied Surface Science,0169-4332,01694332,05191,Formerly known as Applications of Surface Science,https://www.sciencedirect.com/science/journal/01694332
Applied Surface Science Advances,2666-5239,26665239,30346,,https://www.sciencedirect.com/science/journal/26665239
Applied Thermal Engineering,1359-4311,13594311,00630,Formerly known as Heat Recovery Systems and CHP,https://www.sciencedirect.com/science/journal/13594311
Apunts Sports Medicine,2666-5069,26665069,15764,Formerly known as Apunts. Medicina de l’Esport,https://www.sciencedirect.com/science/journal/26665069
Aquacultural Engineering,0144-8609,01448609,02006,,https://www.sciencedirect.com/science/journal/01448609
Aquaculture,0044-8486,00448486,05092,Incorporating Annual Review of Fish Diseases,https://www.sciencedirect.com/science/journal/00448486
Aquaculture and Fisheries,2468-550X,2468550X,18365,,https://www.sciencedirect.com/science/journal/2468550X
Aquaculture Reports,2352-5134,23525134,18081,,https://www.sciencedirect.com/science/journal/23525134
Aquatic Botany,0304-3770,03043770,05093,,https://www.sciencedirect.com/science/journal/03043770
Aquatic Diversity and Ecology,3117-8634,31178634,32375,,https://www.sciencedirect.com/science/journal/31178634
Aquatic Toxicology,0166-445X,0166445X,05094,,https://www.sciencedirect.com/science/journal/0166445X
Arab Journal of Gastroenterology,1687-1979,16871979,05622,,https://www.sciencedirect.com/science/journal/16871979
Arabian Journal of Chemistry,1878-5352,18785352,08695,,https://www.sciencedirect.com/science/journal/18785352
Archaeological Research in Asia,2352-2267,23522267,18065,,https://www.sciencedirect.com/science/journal/23522267
Archives of Biochemistry and Biophysics,0003-9861,00039861,12007,,https://www.sciencedirect.com/science/journal/00039861
Archives of Cancer and Medically Complex Rehabilitation,3117-8685,31178685,32406,,https://www.sciencedirect.com/science/journal/31178685
Archives of Cardiovascular Diseases,1875-2136,18752136,15568,,https://www.sciencedirect.com/science/journal/18752136
Archives of Cardiovascular Diseases Supplements,1878-6480,18786480,15863,,https://www.sciencedirect.com/science/journal/18786480
Archives of Gerontology and Geriatrics,0167-4943,01674943,08003,,https://www.sciencedirect.com/science/journal/01674943
Archives of Gerontology and Geriatrics Plus,2950-3078,29503078,31732,,https://www.sciencedirect.com/science/journal/29503078
Archives of Legal Medicine,2950-3949,29503949,15864,,https://www.sciencedirect.com/science/journal/29503949
Archives des Maladies du Cœur et des Vaisseaux - Pratique,1261-694X,1261694X,15852,,https://www.sciencedirect.com/science/journal/1261694X
Archives des Maladies Professionnelles et de l’Environnement,1775-8785,17758785,15360,,https://www.sciencedirect.com/science/journal/17758785
Archives of Medical Research,0188-4409,01884409,07608,,https://www.sciencedirect.com/science/journal/01884409
Archives of Oral Biology,0003-9969,00039969,00203,,https://www.sciencedirect.com/science/journal/00039969
Archives de Pédiatrie,0929-693X,0929693X,09014,,https://www.sciencedirect.com/science/journal/0929693X
Archives of Physical Medicine and Rehabilitation,0003-9993,00039993,13310,,https://www.sciencedirect.com/science/journal/00039993
Archives of Psychiatric Nursing,0883-9417,08839417,13191,,https://www.sciencedirect.com/science/journal/08839417
Archives of Rehabilitation Research and Clinical Translation,2590-1095,25901095,30062,,https://www.sciencedirect.com/science/journal/25901095
Archives of Stroke Rehabilitation,3117-8588,31178588,32372,,https://www.sciencedirect.com/science/journal/31178588
Archivos de Bronconeumología,0300-2896,03002896,15701,,https://www.sciencedirect.com/science/journal/03002896
Archivos de la Sociedad Española de Oftalmología,0365-6691,03656691,15765,,https://www.sciencedirect.com/science/journal/03656691
Archivos de la Sociedad Española de Oftalmología (English Edition),2173-5794,21735794,15797,,https://www.sciencedirect.com/science/journal/21735794
Array,2590-0056,25900056,30002,,https://www.sciencedirect.com/science/journal/25900056
Arthroplasty Today,2352-3441,23523441,18761,,https://www.sciencedirect.com/science/journal/23523441
Arthropod Structure & Development,1467-8039,14678039,00356,Formerly known as International Journal of Insect Morphology and Embryology,https://www.sciencedirect.com/science/journal/14678039
Arthroscopy: the Journal of Arthroscopic & Related Surgery,0749-8063,07498063,13049,,https://www.sciencedirect.com/science/journal/07498063
"Arthroscopy, Sports Medicine, and Rehabilitation",2666-061X,2666061X,30180,,https://www.sciencedirect.com/science/journal/2666061X
Arthroscopy Techniques,2212-6287,22126287,14121,,https://www.sciencedirect.com/science/journal/22126287
Artificial Intelligence,0004-3702,00043702,05255,,https://www.sciencedirect.com/science/journal/00043702
Artificial Intelligence in Agriculture,2589-7217,25897217,18439,,https://www.sciencedirect.com/science/journal/25897217
Artificial Intelligence Chemistry,2949-7477,29497477,31505,,https://www.sciencedirect.com/science/journal/29497477
Artificial Intelligence in Emergency Medicine,3051-2883,30512883,32204,,https://www.sciencedirect.com/science/journal/30512883
Artificial Intelligence in Geosciences,2666-5441,26665441,30365,,https://www.sciencedirect.com/science/journal/26665441
Artificial Intelligence in the Life Sciences,2667-3185,26673185,31151,,https://www.sciencedirect.com/science/journal/26673185
Artificial Intelligence in Medicine,0933-3657,09333657,05095,,https://www.sciencedirect.com/science/journal/09333657
Artificial Intelligence for Transportation,3050-8606,30508606,32119,,https://www.sciencedirect.com/science/journal/30508606
The Arts in Psychotherapy,0197-4556,01974556,00833,Formerly known as Art Psychotherapy,https://www.sciencedirect.com/science/journal/01974556
Asia and the Global Economy,2667-1115,26671115,31121,,https://www.sciencedirect.com/science/journal/26671115
Asia Nexus Journal of Management,3050-9548,30509548,32128,,https://www.sciencedirect.com/science/journal/30509548
Asia-Pacific Journal of Ophthalmology,2162-0989,21620989,31715,,https://www.sciencedirect.com/science/journal/21620989
"Asia-Pacific Journal of Sports Medicine, Arthroscopy, Rehabilitation and Technology",2214-6873,22146873,17054,,https://www.sciencedirect.com/science/journal/22146873
Asia Pacific Management Review,1029-3132,10293132,18163,,https://www.sciencedirect.com/science/journal/10293132
Asian Journal of Pharmaceutical Sciences,1818-0876,18180876,17033,,https://www.sciencedirect.com/science/journal/18180876
Asian Journal of Psychiatry,1876-2018,18762018,06077,,https://www.sciencedirect.com/science/journal/18762018
The Asian Journal of Shipping and Logistics,2092-5212,20925212,10107,,https://www.sciencedirect.com/science/journal/20925212
Asian Journal of Social Science,1568-4849,15684849,31167,,https://www.sciencedirect.com/science/journal/15684849
Asian Journal of Sport and Exercise Psychology,2667-2391,26672391,31147,,https://www.sciencedirect.com/science/journal/26672391
Asian Journal of Surgery,1015-9584,10159584,08586,,https://www.sciencedirect.com/science/journal/10159584
Asian Journal of Urology,2214-3882,22143882,18154,,https://www.sciencedirect.com/science/journal/22143882
Asian Nursing Research,1976-1317,19761317,08651,,https://www.sciencedirect.com/science/journal/19761317
Asian Transport Studies,2185-5560,21855560,30420,,https://www.sciencedirect.com/science/journal/21855560
Aspects of Molecular Medicine,2949-6888,29496888,31472,,https://www.sciencedirect.com/science/journal/29496888
ASPET Discovery,3050-5674,30505674,32020,,https://www.sciencedirect.com/science/journal/30505674
Assessing Writing,1075-2935,10752935,07449,,https://www.sciencedirect.com/science/journal/10752935
Astronomy and Computing,2213-1337,22131337,18011,,https://www.sciencedirect.com/science/journal/22131337
Astroparticle Physics,0927-6505,09276505,05192,,https://www.sciencedirect.com/science/journal/09276505
Atención Primaria,0212-6567,02126567,15721,,https://www.sciencedirect.com/science/journal/02126567
Atherosclerosis,0021-9150,00219150,08004,Formerly known as Journal of Atherosclerosis Research,https://www.sciencedirect.com/science/journal/00219150
Atherosclerosis Plus,2667-0895,26670895,08140,,https://www.sciencedirect.com/science/journal/26670895
Atherosclerosis Supplements,1567-5688,15675688,08140,,https://www.sciencedirect.com/science/journal/15675688
Atlas of the Oral and Maxillofacial Surgery Clinics,1061-3315,10613315,13032,,https://www.sciencedirect.com/science/journal/10613315
Atmospheric Environment,1352-2310,13522310,00246,Incorporating Atmospheric Environment. Part A. General Topics and Atmospheric Environment. Part B. Urban Atmosphere,https://www.sciencedirect.com/science/journal/13522310
Atmospheric Environment: X,2590-1621,25901621,18467,,https://www.sciencedirect.com/science/journal/25901621
Atmospheric and Oceanic Science Letters,1674-2834,16742834,31135,,https://www.sciencedirect.com/science/journal/16742834
Atmospheric Pollution Research,1309-1042,13091042,18277,,https://www.sciencedirect.com/science/journal/13091042
Atmospheric Research,0169-8095,01698095,05322,,https://www.sciencedirect.com/science/journal/01698095
Atomic Data and Nuclear Data Tables,0092-640X,0092640X,12004,,https://www.sciencedirect.com/science/journal/0092640X
Auris Nasus Larynx,0385-8146,03858146,08060,,https://www.sciencedirect.com/science/journal/03858146
Australasian Emergency Care,2588-994X,2588994X,04082,Formerly known as Australasian Emergency Nursing Journal,https://www.sciencedirect.com/science/journal/2588994X
Australian Critical Care,1036-7314,10367314,04101,Formerly known as Confederation of Australian Critical Care Nurses Journal,https://www.sciencedirect.com/science/journal/10367314
Australian and New Zealand Journal of Public Health,1326-0200,13260200,31560,,https://www.sciencedirect.com/science/journal/13260200
Autoimmunity Reviews,1568-9972,15689972,05467,,https://www.sciencedirect.com/science/journal/15689972
Automatica,0005-1098,00051098,00270,,https://www.sciencedirect.com/science/journal/00051098
Automation in Construction,0926-5805,09265805,05256,,https://www.sciencedirect.com/science/journal/09265805
Autonomic Neuroscience,1566-0702,15660702,05062,Formerly known as Journal of the Autonomic Nervous System,https://www.sciencedirect.com/science/journal/15660702
Autonomous Transportation Research,3050-8622,30508622,32120,,https://www.sciencedirect.com/science/journal/30508622
Avian Research,2053-7166,20537166,31430,,https://www.sciencedirect.com/science/journal/20537166
Bacteriophage,3051-2697,30512697,32179,,https://www.sciencedirect.com/science/journal/30512697
Basic and Applied Ecology,1439-1791,14391791,10017,,https://www.sciencedirect.com/science/journal/14391791
Basketball Studies,3117-8839,31178839,32381,,https://www.sciencedirect.com/science/journal/31178839
BBA Advances,2667-1603,26671603,31111,,https://www.sciencedirect.com/science/journal/26671603
Behavior Therapy,0005-7894,00057894,04241,,https://www.sciencedirect.com/science/journal/00057894
Behaviour Research and Therapy,0005-7967,00057967,00265,,https://www.sciencedirect.com/science/journal/00057967
Behavioural Brain Research,0166-4328,01664328,05014,,https://www.sciencedirect.com/science/journal/01664328
Behavioural Processes,0376-6357,03766357,05015,,https://www.sciencedirect.com/science/journal/03766357
"BenchCouncil Transactions on Benchmarks, Standards and Evaluations",2772-4859,27724859,31251,,https://www.sciencedirect.com/science/journal/27724859
Best Practice & Research Clinical Anaesthesiology,1521-6896,15216896,12666,Formerly known as Baillière's Clinical Anaesthesiology,https://www.sciencedirect.com/science/journal/15216896
Best Practice & Research Clinical Endocrinology & Metabolism,1521-690X,1521690X,12667,Formerly known as Baillière's Clinical Endocrinology and Metabolism,https://www.sciencedirect.com/science/journal/1521690X
Best Practice & Research Clinical Gastroenterology,1521-6918,15216918,12668,Formerly known as Baillière's Clinical Gastroenterology,https://www.sciencedirect.com/science/journal/15216918
Best Practice & Research Clinical Haematology,1521-6926,15216926,12669,Formerly known as Baillière's Clinical Haematology,https://www.sciencedirect.com/science/journal/15216926
Best Practice & Research Clinical Obstetrics & Gynaecology,1521-6934,15216934,12670,Formerly known as Baillière's Clinical Obstetrics and Gynaecology,https://www.sciencedirect.com/science/journal/15216934
Best Practice & Research Clinical Rheumatology,1521-6942,15216942,12671,Formerly known as Baillière's Clinical Rheumatology,https://www.sciencedirect.com/science/journal/15216942
Big Data and Earth System,3050-7405,30507405,32095,,https://www.sciencedirect.com/science/journal/30507405
Big Data Research,2214-5796,22145796,07502,,https://www.sciencedirect.com/science/journal/22145796
Bioactive Carbohydrates and Dietary Fibre,2212-6198,22126198,08810,,https://www.sciencedirect.com/science/journal/22126198
Bioactive Materials,2452-199X,2452199X,18278,,https://www.sciencedirect.com/science/journal/2452199X
Biocatalysis and Agricultural Biotechnology,1878-8181,18788181,12982,,https://www.sciencedirect.com/science/journal/18788181
Biochemical and Biophysical Research Communications,0006-291X,0006291X,12009,,https://www.sciencedirect.com/science/journal/0006291X
Biochemical Engineering Journal,1369-703X,1369703X,06049,Formerly part of The Chemical Engineering Journal and the Biochemical Engineering Journal,https://www.sciencedirect.com/science/journal/1369703X
Biochemical Pharmacology,0006-2952,00062952,07505,,https://www.sciencedirect.com/science/journal/00062952
Biochemical Systematics and Ecology,0305-1978,03051978,00364,,https://www.sciencedirect.com/science/journal/03051978
Biochemistry and Biophysics Reports,2405-5808,24055808,18156,,https://www.sciencedirect.com/science/journal/24055808
Biochimica et Biophysica Acta (BBA) - Bioenergetics,0005-2728,00052728,05002,Formerly part of Biochimica et Biophysica Acta (BBA) - Biophysics including Photosynthesis; Incorporating Biochimica et Biophysica Acta (BBA) - Reviews on Bioenergetics,https://www.sciencedirect.com/science/journal/00052728
Biochimica et Biophysica Acta (BBA) - Biomembranes,0005-2736,00052736,05003,Formerly part of Biochimica et Biophysica Acta (BBA) - Biophysics including Photosynthesis Incorporating Biochimica et Biophysica Acta (BBA) - Reviews on Biomembranes,https://www.sciencedirect.com/science/journal/00052736
Biochimica et Biophysica Acta (BBA) - Gene Regulatory Mechanisms,1874-9399,18749399,05005,Formerly known as Biochimica et Biophysica Acta (BBA) - Gene Structure and Expression,https://www.sciencedirect.com/science/journal/18749399
Biochimica et Biophysica Acta (BBA) - General Subjects,0304-4165,03044165,05006,Formerly known as Biochimica et Biophysica Acta,https://www.sciencedirect.com/science/journal/03044165
Biochimica et Biophysica Acta (BBA) - Molecular Basis of Disease,0925-4439,09254439,05008,,https://www.sciencedirect.com/science/journal/09254439
Biochimica et Biophysica Acta (BBA) - Molecular and Cell Biology of Lipids,1388-1981,13881981,05007,Formerly known as Biochimica et Biophysica Acta (BBA) - Lipids and Lipid Metabolism,https://www.sciencedirect.com/science/journal/13881981
Biochimica et Biophysica Acta (BBA) - Molecular Cell Research,0167-4889,01674889,05009,,https://www.sciencedirect.com/science/journal/01674889
Biochimica et Biophysica Acta (BBA) - Proteins and Proteomics,1570-9639,15709639,05010,Formerly known as Biochimica et Biophysica Acta (BBA) - Protein Structure and Molecular Enzymology,https://www.sciencedirect.com/science/journal/15709639
Biochimica et Biophysica Acta (BBA) - Reviews on Cancer,0304-419X,0304419X,05012,,https://www.sciencedirect.com/science/journal/0304419X
Biochimie,0300-9084,03009084,09015,,https://www.sciencedirect.com/science/journal/03009084
Biocybernetics and Biomedical Engineering,0208-5216,02085216,11011,,https://www.sciencedirect.com/science/journal/02085216
BioDesign Research,2693-1257,26931257,32104,,https://www.sciencedirect.com/science/journal/26931257
Bioelectrochemistry,1567-5394,15675394,06000,Formerly known as Bioelectrochemistry and Bioenergetics,https://www.sciencedirect.com/science/journal/15675394
Biofilm,2590-2075,25902075,30094,,https://www.sciencedirect.com/science/journal/25902075
Biogeotechnics,2949-9291,29499291,31611,,https://www.sciencedirect.com/science/journal/29499291
Biological Conservation,0006-3207,00063207,02008,,https://www.sciencedirect.com/science/journal/00063207
Biological Control,1049-9644,10499644,12012,,https://www.sciencedirect.com/science/journal/10499644
Biological Psychiatry,0006-3223,00063223,07615,,https://www.sciencedirect.com/science/journal/00063223
Biological Psychiatry: Cognitive Neuroscience and Neuroimaging,2451-9022,24519022,18845,,https://www.sciencedirect.com/science/journal/24519022
Biological Psychiatry Global Open Science,2667-1743,26671743,31138,,https://www.sciencedirect.com/science/journal/26671743
Biological Psychology,0301-0511,03010511,05016,,https://www.sciencedirect.com/science/journal/03010511
Biologicals,1045-1056,10451056,12680,Formerly known as Journal of Biological Standardization,https://www.sciencedirect.com/science/journal/10451056
Biomarkers in Neuropsychiatry,2666-1446,26661446,30236,,https://www.sciencedirect.com/science/journal/26661446
Biomass and Bioenergy,0961-9534,09619534,00986,,https://www.sciencedirect.com/science/journal/09619534
Biomass Futures,3051-4444,30514444,32223,,https://www.sciencedirect.com/science/journal/30514444
Biomaterials,0142-9612,01429612,03004,Incorporating Clinical Materials,https://www.sciencedirect.com/science/journal/01429612
Biomaterials Advances,2772-9508,27729508,06028,,https://www.sciencedirect.com/science/journal/27729508
Biomaterials and Biosystems,2666-5344,26665344,30361,,https://www.sciencedirect.com/science/journal/26665344
Biomaterials and Living Medicine for Pharmaceutics​,3117-4663,31174663,32274,,https://www.sciencedirect.com/science/journal/31174663
Biomedical Analysis,2950-435X,2950435X,31778,,https://www.sciencedirect.com/science/journal/2950435X
Biomedical Engineering Advances,2667-0992,26670992,31102,,https://www.sciencedirect.com/science/journal/26670992
Biomedical and Environmental Sciences,0895-3988,08953988,06074,,https://www.sciencedirect.com/science/journal/08953988
Biomedical Instrumentation,3050-5372,30505372,32006,,https://www.sciencedirect.com/science/journal/30505372
Biomedical Journal,2319-4170,23194170,18329,,https://www.sciencedirect.com/science/journal/23194170
Biomedical Signal Processing and Control,1746-8094,17468094,03099,,https://www.sciencedirect.com/science/journal/17468094
Biomedical Technology,2949-723X,2949723X,31495,,https://www.sciencedirect.com/science/journal/2949723X
Biomedicine & Pharmacotherapy,0753-3322,07533322,09018,,https://www.sciencedirect.com/science/journal/07533322
Biomimetic Intelligence and Robotics,2667-3797,26673797,31156,,https://www.sciencedirect.com/science/journal/26673797
Bioorganic Chemistry,0045-2068,00452068,12014,,https://www.sciencedirect.com/science/journal/00452068
Bioorganic & Medicinal Chemistry,0968-0896,09680896,00129,,https://www.sciencedirect.com/science/journal/09680896
Bioorganic & Medicinal Chemistry Letters,0960-894X,0960894X,00972,,https://www.sciencedirect.com/science/journal/0960894X
Biophysical Chemistry,0301-4622,03014622,05142,,https://www.sciencedirect.com/science/journal/03014622
Biophysical Journal,0006-3495,00063495,13437,,https://www.sciencedirect.com/science/journal/00063495
Biophysical Reports,2667-0747,26670747,31092,,https://www.sciencedirect.com/science/journal/26670747
Bioprinting,2405-8866,24058866,18290,,https://www.sciencedirect.com/science/journal/24058866
Bioresource Technology,0960-8524,09608524,02009,Formerly known as Biological Wastes; Incorporating Energy in Agriculture and Biomass,https://www.sciencedirect.com/science/journal/09608524
Bioresource Technology Reports,2589-014X,2589014X,18417,,https://www.sciencedirect.com/science/journal/2589014X
Biosafety and Health,2590-0536,25900536,30040,,https://www.sciencedirect.com/science/journal/25900536
Biosensors and Bioelectronics,0956-5663,09565663,02062,Formerly known as Biosensors,https://www.sciencedirect.com/science/journal/09565663
Biosensors and Bioelectronics: X,2590-1370,25901370,18460,,https://www.sciencedirect.com/science/journal/25901370
Biosystems,0303-2647,03032647,08005,,https://www.sciencedirect.com/science/journal/03032647
Biosystems Engineering,1537-5110,15375110,12610,Formerly known as Journal of Agricultural Engineering Research,https://www.sciencedirect.com/science/journal/15375110
Biotechnology Advances,0734-9750,07349750,07533,,https://www.sciencedirect.com/science/journal/07349750
Biotechnology Notes,2665-9069,26659069,30129,,https://www.sciencedirect.com/science/journal/26659069
Biotechnology Reports,2215-017X,2215017X,17066,,https://www.sciencedirect.com/science/journal/2215017X
BJA Education,2058-5349,20585349,18408,"Formerly known as Continuing Education in Anaesthesia, Critical Care & Pain",https://www.sciencedirect.com/science/journal/20585349
BJA Open,2772-6096,27726096,31291,,https://www.sciencedirect.com/science/journal/27726096
Blockchain: Research and Applications,2096-7209,20967209,31033,,https://www.sciencedirect.com/science/journal/20967209
Blood,0006-4971,00064971,31006,,https://www.sciencedirect.com/science/journal/00064971
Blood Advances,2473-9529,24739529,31105,,https://www.sciencedirect.com/science/journal/24739529
"Blood Cells, Molecules, and Diseases",1079-9796,10799796,12011,,https://www.sciencedirect.com/science/journal/10799796
Blood Global Hematology,3050-5658,30505658,32021,,https://www.sciencedirect.com/science/journal/30505658
Blood Immunology & Cellular Therapy,3050-5976,30505976,32039,,https://www.sciencedirect.com/science/journal/30505976
Blood Neoplasia,2950-3280,29503280,31753,,https://www.sciencedirect.com/science/journal/29503280
Blood Red Cells & Iron,3050-5984,30505984,32041,,https://www.sciencedirect.com/science/journal/30505984
Blood Red Cells & Iron,3050-5984,30505984,32041,,https://www.sciencedirect.com/science/journal/30505984
Blood Reviews,0268-960X,0268960X,12724,,https://www.sciencedirect.com/science/journal/0268960X
"Blood Vessels, Thrombosis & Hemostasis",2950-3272,29503272,31745,,https://www.sciencedirect.com/science/journal/29503272
Body Image,1740-1445,17401445,04057,,https://www.sciencedirect.com/science/journal/17401445
Boletín de la Sociedad Española de Cerámica y Vidrio,0366-3175,03663175,16885,,https://www.sciencedirect.com/science/journal/03663175
Bone,8756-3282,87563282,07617,Formerly known as Metabolic Bone Disease and Related Research; Incorporating Bone and Mineral,https://www.sciencedirect.com/science/journal/87563282
Bone Reports,2352-1872,23521872,18748,,https://www.sciencedirect.com/science/journal/23521872
Borsa Istanbul Review,2214-8450,22148450,08835,,https://www.sciencedirect.com/science/journal/22148450
Brachytherapy,1538-4721,15384721,07501,,https://www.sciencedirect.com/science/journal/15384721
Brain and Environment,3050-5917,30505917,32037,,https://www.sciencedirect.com/science/journal/30505917
"Brain, Behavior, and Immunity",0889-1591,08891591,12008,,https://www.sciencedirect.com/science/journal/08891591
"Brain, Behavior, & Immunity - Health",2666-3546,26663546,30266,,https://www.sciencedirect.com/science/journal/26663546
Brain Behavior and Immunity Integrative,2949-8341,29498341,31553,,https://www.sciencedirect.com/science/journal/29498341
Brain and Cognition,0278-2626,02782626,12010,,https://www.sciencedirect.com/science/journal/02782626
Brain and Development,0387-7604,03877604,05017,,https://www.sciencedirect.com/science/journal/03877604
Brain and Development Case Reports,2950-2217,29502217,31668,,https://www.sciencedirect.com/science/journal/29502217
Brain Disorders,2666-4593,26664593,30334,,https://www.sciencedirect.com/science/journal/26664593
Brain Hemorrhages,2589-238X,2589238X,18420,,https://www.sciencedirect.com/science/journal/2589238X
Brain Horizons,3117-5813,31175813,32312,,https://www.sciencedirect.com/science/journal/31175813
Brain and Language,0093-934X,0093934X,12015,,https://www.sciencedirect.com/science/journal/0093934X
Brain Mechanisms,3050-6425,30506425,05053,,https://www.sciencedirect.com/science/journal/30506425
Brain Multiphysics,2666-5220,26665220,30342,,https://www.sciencedirect.com/science/journal/26665220
Brain Network Disorders,3050-6239,30506239,32042,,https://www.sciencedirect.com/science/journal/30506239
Brain Organoid and Systems Neuroscience Journal,2949-9216,29499216,31597,,https://www.sciencedirect.com/science/journal/29499216
Brain Research,0006-8993,00068993,05018,"Incorporating Molecular Brain Research, Developmental Brain Research, Cognitive Brain Research, Brain Research Protocols and Brain Research Reviews",https://www.sciencedirect.com/science/journal/00068993
Brain Research Bulletin,0361-9230,03619230,07507,,https://www.sciencedirect.com/science/journal/03619230
Brain Science and Child Development,3117-4388,31174388,32267,,https://www.sciencedirect.com/science/journal/31174388
Brain and Spine,2772-5294,27725294,31261,,https://www.sciencedirect.com/science/journal/27725294
Brain Stimulation,1935-861X,1935861X,07809,,https://www.sciencedirect.com/science/journal/1935861X
Brazilian Journal of Anesthesiology (English Edition),0104-0014,01040014,15996,,https://www.sciencedirect.com/science/journal/01040014
The Brazilian Journal of Infectious Diseases,1413-8670,14138670,15901,,https://www.sciencedirect.com/science/journal/14138670
Brazilian Journal of Otorhinolaryngology,1808-8694,18088694,15905,,https://www.sciencedirect.com/science/journal/18088694
Brazilian Journal of Physical Therapy,1413-3555,14133555,11506,,https://www.sciencedirect.com/science/journal/14133555
The Breast,0960-9776,09609776,12725,,https://www.sciencedirect.com/science/journal/09609776
The British Accounting Review,0890-8389,08908389,12663,,https://www.sciencedirect.com/science/journal/08908389
British Journal of Anaesthesia,0007-0912,00070912,18407,,https://www.sciencedirect.com/science/journal/00070912
British Journal of Oral and Maxillofacial Surgery,0266-4356,02664356,12726,Formerly known as British Journal of Oral Surgery,https://www.sciencedirect.com/science/journal/02664356
Building and Environment,0360-1323,03601323,00296,Formerly known as Building Science,https://www.sciencedirect.com/science/journal/03601323
Bulletin de l'Académie Nationale de Médecine,0001-4079,00014079,15400,,https://www.sciencedirect.com/science/journal/00014079
Bulletin du Cancer,0007-4551,00074551,16357,,https://www.sciencedirect.com/science/journal/00074551
Bulletin des Sciences Mathématiques,0007-4497,00074497,09019,,https://www.sciencedirect.com/science/journal/00074497
Burns,0305-4179,03054179,03006,,https://www.sciencedirect.com/science/journal/03054179
Burns Open,2468-9122,24689122,18384,,https://www.sciencedirect.com/science/journal/24689122
Business Horizons,0007-6813,00076813,07402,,https://www.sciencedirect.com/science/journal/00076813
Cahiers de Nutrition et de Diététique,0007-9960,00079960,15441,,https://www.sciencedirect.com/science/journal/00079960
Calphad,0364-5916,03645916,00254,,https://www.sciencedirect.com/science/journal/03645916
Canadian Journal of Cardiology,0828-282X,0828282X,14046,,https://www.sciencedirect.com/science/journal/0828282X
Canadian Journal of Diabetes,1499-2671,14992671,14119,,https://www.sciencedirect.com/science/journal/14992671
Canadian Journal of Ophthalmology,0008-4182,00084182,14106,,https://www.sciencedirect.com/science/journal/00084182
Cancer Bioscience,3117-4671,31174671,32277,,https://www.sciencedirect.com/science/journal/31174671
Cancer Cell,1535-6108,15356108,07595,,https://www.sciencedirect.com/science/journal/15356108
Cancer Epidemiology,1877-7821,18777821,03022,Formerly known as Cancer Detection and Prevention,https://www.sciencedirect.com/science/journal/18777821
Cancer Genetics,2210-7762,22107762,07618,Formerly known as Cancer Genetics and Cytogenetics,https://www.sciencedirect.com/science/journal/22107762
Cancer Letters,0304-3835,03043835,08006,,https://www.sciencedirect.com/science/journal/03043835
Cancer Neuroscience,3051-3235,30513235,32218,,https://www.sciencedirect.com/science/journal/30513235
Cancer Pathogenesis and Therapy,2949-7132,29497132,31491,,https://www.sciencedirect.com/science/journal/29497132
Cancer/Radiothérapie,1278-3218,12783218,09020,Formerly known as Bulletin du Cancer/Radiothérapie,https://www.sciencedirect.com/science/journal/12783218
Cancer Treatment and Research Communications,2468-2942,24682942,18010,Formerly known as Cancer Treatment Communications,https://www.sciencedirect.com/science/journal/24682942
Cancer Treatment Reviews,0305-7372,03057372,12645,Incorporating Evidence-based Oncology,https://www.sciencedirect.com/science/journal/03057372
Carbohydrate Polymer Technologies and Applications,2666-8939,26668939,31007,,https://www.sciencedirect.com/science/journal/26668939
Carbohydrate Polymers,0144-8617,01448617,02011,,https://www.sciencedirect.com/science/journal/01448617
Carbohydrate Research,0008-6215,00086215,02162,,https://www.sciencedirect.com/science/journal/00086215
Carbon,0008-6223,00086223,00258,,https://www.sciencedirect.com/science/journal/00086223
Carbon Capture Science & Technology,2772-6568,27726568,31303,,https://www.sciencedirect.com/science/journal/27726568
Carbon Neutral Technologies,3050-6603,30506603,32064,,https://www.sciencedirect.com/science/journal/30506603
Carbon Resources Conversion,2588-9133,25889133,18419,,https://www.sciencedirect.com/science/journal/25889133
Carbon Trends,2667-0569,26670569,31091,,https://www.sciencedirect.com/science/journal/26670569
Cardiac Electrophysiology Clinics,1877-9182,18779182,12925,,https://www.sciencedirect.com/science/journal/18779182
Cardiology Clinics,0733-8651,07338651,13203,,https://www.sciencedirect.com/science/journal/07338651
Cardiovascular Digital Health Journal,2666-6936,26666936,30426,,https://www.sciencedirect.com/science/journal/26666936
Cardiovascular Pathology,1054-8807,10548807,07620,,https://www.sciencedirect.com/science/journal/10548807
Cardiovascular Revascularization Medicine,1553-8389,15538389,07641,Formerly known as Cardiovascular Radiation Medicine,https://www.sciencedirect.com/science/journal/15538389
Cardiovascular Revascularization Medicine: Interesting Cases,2950-2756,29502756,31702,,https://www.sciencedirect.com/science/journal/29502756
CASE,2468-6441,24686441,18895,,https://www.sciencedirect.com/science/journal/24686441
Case Reports in Women's Health,2214-9112,22149112,17050,,https://www.sciencedirect.com/science/journal/22149112
Case Studies in Chemical and Environmental Engineering,2666-0164,26660164,30162,,https://www.sciencedirect.com/science/journal/26660164
Case Studies in Construction Materials,2214-5095,22145095,17032,,https://www.sciencedirect.com/science/journal/22145095
Case Studies in Thermal Engineering,2214-157X,2214157X,17011,,https://www.sciencedirect.com/science/journal/2214157X
Case Studies on Transport Policy,2213-624X,2213624X,10163,,https://www.sciencedirect.com/science/journal/2213624X
Catalysis Today,0920-5861,09205861,05143,,https://www.sciencedirect.com/science/journal/09205861
CATENA,0341-8162,03418162,05323,,https://www.sciencedirect.com/science/journal/03418162
Cell,0092-8674,00928674,07590,,https://www.sciencedirect.com/science/journal/00928674
Cell Biomaterials,3050-5623,30505623,32015,,https://www.sciencedirect.com/science/journal/30505623
Cell Calcium,0143-4160,01434160,12711,,https://www.sciencedirect.com/science/journal/01434160
Cell Chemical Biology ,2451-9456,24519456,02215,Formerly known as Chemistry & Biology,https://www.sciencedirect.com/science/journal/24519456
Cell Death,3051-1151,30511151,32148,,https://www.sciencedirect.com/science/journal/30511151
Cell Ecosystem,2949-9461,29499461,31616,,https://www.sciencedirect.com/science/journal/29499461
Cell Genomics,2666-979X,2666979X,31055,,https://www.sciencedirect.com/science/journal/2666979X
Cell Host & Microbe,1931-3128,19313128,07703,,https://www.sciencedirect.com/science/journal/19313128
Cell Investigation,3050-5380,30505380,32012,,https://www.sciencedirect.com/science/journal/30505380
Cell Metabolism,1550-4131,15504131,13368,,https://www.sciencedirect.com/science/journal/15504131
Cell Reports,2211-1247,22111247,14108,,https://www.sciencedirect.com/science/journal/22111247
Cell Reports Medicine,2666-3791,26663791,30312,,https://www.sciencedirect.com/science/journal/26663791
Cell Reports Methods,2667-2375,26672375,31142,,https://www.sciencedirect.com/science/journal/26672375
Cell Reports Physical Science,2666-3864,26663864,30313,,https://www.sciencedirect.com/science/journal/26663864
Cell Reports Sustainability,2949-7906,29497906,31520,,https://www.sciencedirect.com/science/journal/29497906
Cell Stem Cell,1934-5909,19345909,07704,,https://www.sciencedirect.com/science/journal/19345909
Cell Stress and Chaperones,1355-8145,13558145,31716,,https://www.sciencedirect.com/science/journal/13558145
The Cell Surface,2468-2330,24682330,18393,,https://www.sciencedirect.com/science/journal/24682330
Cell Systems,2405-4712,24054712,18800,,https://www.sciencedirect.com/science/journal/24054712
Cells and Development,2667-2901,26672901,08039,,https://www.sciencedirect.com/science/journal/26672901
Cellular Immunology,0008-8749,00088749,12020,,https://www.sciencedirect.com/science/journal/00088749
Cellular and Molecular Gastroenterology and Hepatology,2352-345X,2352345X,18792,,https://www.sciencedirect.com/science/journal/2352345X
Cellular Signalling,0898-6568,08986568,07520,,https://www.sciencedirect.com/science/journal/08986568
Cement,2666-5492,26665492,30344,,https://www.sciencedirect.com/science/journal/26665492
Cement and Concrete Composites,0958-9465,09589465,02012,Formerly known as International Journal of Cement Composites and Lightweight Concrete,https://www.sciencedirect.com/science/journal/09589465
Cement and Concrete Research,0008-8846,00088846,00352,Incorporating Advanced Cement Based Materials,https://www.sciencedirect.com/science/journal/00088846
Central Bank Review,1303-0701,13030701,18264,,https://www.sciencedirect.com/science/journal/13030701
Ceramics International,0272-8842,02728842,02013,Formerly known as Ceramurgia International,https://www.sciencedirect.com/science/journal/02728842
Cerebral Circulation - Cognition and Behavior,2666-2450,26662450,30263,,https://www.sciencedirect.com/science/journal/26662450
"Chaos, Solitons & Fractals",0960-0779,09600779,00967,,https://www.sciencedirect.com/science/journal/09600779
"Chaos, Solitons & Fractals: X",2590-0544,25900544,18449,,https://www.sciencedirect.com/science/journal/25900544
Chem,2451-9294,24519294,18875,,https://www.sciencedirect.com/science/journal/24519294
Chem Catalysis,2667-1093,26671093,31117,,https://www.sciencedirect.com/science/journal/26671093
Chem Circularity,3051-2948,30512948,32202,,https://www.sciencedirect.com/science/journal/30512948
Chemical Data Collections,2405-8300,24058300,18226,,https://www.sciencedirect.com/science/journal/24058300
Chemical Engineering Journal Advances,2666-8211,26668211,30458,,https://www.sciencedirect.com/science/journal/26668211
Chemical Engineering Journal: Engineered Materials,3117-9525,31179525,32422,,https://www.sciencedirect.com/science/journal/31179525
Chemical Engineering Journal: Green and Sustainable,3051-0031,30510031,32137,,https://www.sciencedirect.com/science/journal/30510031
Chemical Engineering Journal,1385-8947,13858947,06002,Formerly part of The Chemical Engineering Journal and the Biochemical Engineering Journal,https://www.sciencedirect.com/science/journal/13858947
Chemical Engineering and Processing - Process Intensification,0255-2701,02552701,06001,,https://www.sciencedirect.com/science/journal/02552701
Chemical Engineering Research and Design,0263-8762,02638762,08635,,https://www.sciencedirect.com/science/journal/02638762
Chemical Engineering Science,0009-2509,00092509,00215,,https://www.sciencedirect.com/science/journal/00092509
Chemical Geology,0009-2541,00092541,05324,Incorporating Chemical Geology: Isotope Geoscience section,https://www.sciencedirect.com/science/journal/00092541
Chemical Physics,0301-0104,03010104,05144,,https://www.sciencedirect.com/science/journal/03010104
Chemical Physics Impact,2667-0224,26670224,31077,,https://www.sciencedirect.com/science/journal/26670224
Chemical Physics Letters,0009-2614,00092614,05145,,https://www.sciencedirect.com/science/journal/00092614
Chemical Resource Engineering,3118-0841,31180841,32483,,https://www.sciencedirect.com/science/journal/31180841
Chemical Resource Engineering,3118-0841,31180841,32483,,https://www.sciencedirect.com/science/journal/31180841
Chemical Thermodynamics and Thermal Analysis,2667-3126,26673126,31168,,https://www.sciencedirect.com/science/journal/26673126
Chemico-Biological Interactions,0009-2797,00092797,08007,,https://www.sciencedirect.com/science/journal/00092797
Chemistry of Inorganic Materials,2949-7469,29497469,31503,,https://www.sciencedirect.com/science/journal/29497469
Chemistry and Physics of Lipids,0009-3084,00093084,08008,,https://www.sciencedirect.com/science/journal/00093084
Chemometrics and Intelligent Laboratory Systems,0169-7439,01697439,05146,Incorporating Laboratory Automation & Information Management,https://www.sciencedirect.com/science/journal/01697439
Chemosphere,0045-6535,00456535,00362,Incorporating Chemosphere - Global Change Science,https://www.sciencedirect.com/science/journal/00456535
ChemPhysMater,2772-5715,27725715,31267,,https://www.sciencedirect.com/science/journal/27725715
Chest,0012-3692,00123692,18838,Formerly known as Diseases of the Chest,https://www.sciencedirect.com/science/journal/00123692
CHEST Critical Care,2949-7884,29497884,31532,,https://www.sciencedirect.com/science/journal/29497884
CHEST Pulmonary,2949-7892,29497892,31534,,https://www.sciencedirect.com/science/journal/29497892
Child Abuse & Neglect,0145-2134,01452134,00586,,https://www.sciencedirect.com/science/journal/01452134
Child and Adolescent Psychiatric Clinics of North America,1056-4993,10564993,13292,,https://www.sciencedirect.com/science/journal/10564993
Child Protection and Practice,2950-1938,29501938,31650,,https://www.sciencedirect.com/science/journal/29501938
Children and Youth Services Review,0190-7409,01907409,00556,,https://www.sciencedirect.com/science/journal/01907409
China Economic Quarterly International,2666-9331,26669331,31027,,https://www.sciencedirect.com/science/journal/26669331
China Economic Review,1043-951X,1043951X,07403,,https://www.sciencedirect.com/science/journal/1043951X
China Geology,2096-5192,20965192,30011,,https://www.sciencedirect.com/science/journal/20965192
China Journal of Accounting Research,1755-3091,17553091,08769,,https://www.sciencedirect.com/science/journal/17553091
China Journal of Agricultural Economics & Development,3051-2654,30512654,32364,,https://www.sciencedirect.com/science/journal/30512654
China Welding,3117-4159,31174159,32265,,https://www.sciencedirect.com/science/journal/31174159
Chinese Astronomy and Astrophysics,0275-1062,02751062,00585,Formerly known as Chinese Astronomy,https://www.sciencedirect.com/science/journal/02751062
Chinese Chemical Letters,1001-8417,10018417,00997,,https://www.sciencedirect.com/science/journal/10018417
Chinese General Practice Journal,2950-5593,29505593,31817,,https://www.sciencedirect.com/science/journal/29505593
Chinese Herbal Medicines,1674-6384,16746384,10129,,https://www.sciencedirect.com/science/journal/16746384
Chinese Journal of Aeronautics,1000-9361,10009361,08595,,https://www.sciencedirect.com/science/journal/10009361
Chinese Journal of Analytical Chemistry,1872-2040,18722040,08572,,https://www.sciencedirect.com/science/journal/18722040
Chinese Journal of Catalysis,1872-2067,18722067,08575,,https://www.sciencedirect.com/science/journal/18722067
Chinese Journal of Chemical Engineering,1004-9541,10049541,08553,,https://www.sciencedirect.com/science/journal/10049541
Chinese Journal of Mechanical Engineering,1000-9345,10009345,32154,,https://www.sciencedirect.com/science/journal/10009345
Chinese Journal of Mechanical Engineering: Additive Manufacturing Frontiers,2772-6657,27726657,31294,,https://www.sciencedirect.com/science/journal/27726657
Chinese Journal of Natural Medicines,1875-5364,18755364,08667,,https://www.sciencedirect.com/science/journal/18755364
Chinese Journal of Physics,0577-9073,05779073,18334,,https://www.sciencedirect.com/science/journal/05779073
Chinese Journal of Plastic and Reconstructive Surgery,2096-6911,20966911,31317,,https://www.sciencedirect.com/science/journal/20966911
"Chinese Journal of Population, Resources and Environment",2325-4262,23254262,31212,,https://www.sciencedirect.com/science/journal/23254262
Chinese Journal of Structural Chemistry,0254-5861,02545861,31517,,https://www.sciencedirect.com/science/journal/02545861
Chinese Journal of Traumatology,1008-1275,10081275,08646,,https://www.sciencedirect.com/science/journal/10081275
Chinese Medical Journal - Pulmonary and Critical Care Medicine,2772-5588,27725588,31255,,https://www.sciencedirect.com/science/journal/27725588
Chinese Medical Sciences Journal,1001-9294,10019294,08670,,https://www.sciencedirect.com/science/journal/10019294
Chip,2709-4723,27094723,31192,,https://www.sciencedirect.com/science/journal/27094723
Circular Economy,2773-1677,27731677,31454,,https://www.sciencedirect.com/science/journal/27731677
CIRP Annals,0007-8506,00078506,04092,,https://www.sciencedirect.com/science/journal/00078506
CIRP Journal of Manufacturing Science and Technology,1755-5817,17555817,04113,,https://www.sciencedirect.com/science/journal/17555817
Cirugía Cardiovascular,1134-0096,11340096,15997,,https://www.sciencedirect.com/science/journal/11340096
Cirugía Española,0009-739X,0009739X,15745,,https://www.sciencedirect.com/science/journal/0009739X
Cirugía Española (English Edition),2173-5077,21735077,15792,,https://www.sciencedirect.com/science/journal/21735077
Cities,0264-2751,02642751,03008,,https://www.sciencedirect.com/science/journal/02642751
Cities: Smart Futures,3117-3764,31173764,32250,,https://www.sciencedirect.com/science/journal/31173764
"City, Culture and Society",1877-9166,18779166,05635,,https://www.sciencedirect.com/science/journal/18779166
City and Environment Interactions,2590-2520,25902520,30105,,https://www.sciencedirect.com/science/journal/25902520
CJC Open,2589-790X,2589790X,18930,,https://www.sciencedirect.com/science/journal/2589790X
CJC Pediatric and Congenital Heart Disease,2772-8129,27728129,31351,,https://www.sciencedirect.com/science/journal/27728129
Cleaner Chemical Engineering,2772-7823,27727823,31348,,https://www.sciencedirect.com/science/journal/27727823
Cleaner and Circular Bioeconomy,2772-8013,27728013,31347,,https://www.sciencedirect.com/science/journal/27728013
Cleaner Cities,3117-9061,31179061,32396,,https://www.sciencedirect.com/science/journal/31179061
Cleaner Energy Systems,2772-7831,27727831,31349,,https://www.sciencedirect.com/science/journal/27727831
Cleaner Engineering and Technology,2666-7908,26667908,30444,,https://www.sciencedirect.com/science/journal/26667908
Cleaner Environmental Systems,2666-7894,26667894,30441,,https://www.sciencedirect.com/science/journal/26667894
Cleaner Logistics and Supply Chain,2772-3909,27723909,31218,,https://www.sciencedirect.com/science/journal/27723909
Cleaner Manufacturing,3050-998X,3050998X,32134,,https://www.sciencedirect.com/science/journal/3050998X
Cleaner Materials,2772-3976,27723976,31219,,https://www.sciencedirect.com/science/journal/27723976
Cleaner Production Letters,2666-7916,26667916,30445,,https://www.sciencedirect.com/science/journal/26667916
Cleaner and Responsible Consumption,2666-7843,26667843,30443,,https://www.sciencedirect.com/science/journal/26667843
Cleaner Waste Systems,2772-9125,27729125,31382,,https://www.sciencedirect.com/science/journal/27729125
Cleaner Water,2950-2632,29502632,31684,,https://www.sciencedirect.com/science/journal/29502632
Climate Change Ecology,2666-9005,26669005,31008,,https://www.sciencedirect.com/science/journal/26669005
Climate Physics and Atmospheric Science: Scientific Insights and Societal Challenges,3051-4088,30514088,32226,,https://www.sciencedirect.com/science/journal/30514088
Climate Risk Management,2212-0963,22120963,10127,,https://www.sciencedirect.com/science/journal/22120963
Climate Services,2405-8807,24058807,18217,,https://www.sciencedirect.com/science/journal/24058807
Climate Smart Agriculture,2950-4090,29504090,31765,,https://www.sciencedirect.com/science/journal/29504090
Clinica Chimica Acta,0009-8981,00098981,05097,,https://www.sciencedirect.com/science/journal/00098981
Clínica e Investigación en Arteriosclerosis,0214-9168,02149168,15756,,https://www.sciencedirect.com/science/journal/02149168
Clínica e Investigación en arteriosclerosis (English edition),2529-9123,25299123,16439,,https://www.sciencedirect.com/science/journal/25299123
Clínica e Investigación en Ginecología y Obstetricia,0210-573X,0210573X,15748,,https://www.sciencedirect.com/science/journal/0210573X
Clinical Biochemistry,0009-9120,00099120,07519,,https://www.sciencedirect.com/science/journal/00099120
Clinical Biomechanics,0268-0033,02680033,03009,,https://www.sciencedirect.com/science/journal/02680033
Clinical Breast Cancer,1526-8209,15268209,14051,,https://www.sciencedirect.com/science/journal/15268209
Clinical Colorectal Cancer,1533-0028,15330028,14055,,https://www.sciencedirect.com/science/journal/15330028
Clinical Complementary Medicine and Pharmacology,2772-3712,27723712,31211,,https://www.sciencedirect.com/science/journal/27723712
Clinical Dental Journal,3117-4892,31174892,32244,,https://www.sciencedirect.com/science/journal/31174892
Clinical eHealth,2588-9141,25889141,18414,,https://www.sciencedirect.com/science/journal/25889141
Clinical Epidemiology and Global Health,2213-3984,22133984,10150,,https://www.sciencedirect.com/science/journal/22133984
Clinical Gastroenterology and Hepatology,1542-3565,15423565,13344,,https://www.sciencedirect.com/science/journal/15423565
Clinical Genitourinary Cancer,1558-7673,15587673,14053,Formerly known as Clinical Prostate Cancer,https://www.sciencedirect.com/science/journal/15587673
Clinical Imaging,0899-7071,08997071,07696,Formerly known as Journal of Computed Tomography,https://www.sciencedirect.com/science/journal/08997071
Clinical Immunology,1521-6616,15216616,12021,Formerly known as Clinical Immunology and Immunopathology,https://www.sciencedirect.com/science/journal/15216616
Clinical Immunology Communications,2772-6134,27726134,31289,,https://www.sciencedirect.com/science/journal/27726134
Clinical Infection in Practice,2590-1702,25901702,30084,,https://www.sciencedirect.com/science/journal/25901702
Clinical Lung Cancer,1525-7304,15257304,14056,,https://www.sciencedirect.com/science/journal/15257304
Clinical Lymphoma Myeloma and Leukemia,2152-2650,21522650,14054,Formerly known as Clinical Lymphoma and Myeloma,https://www.sciencedirect.com/science/journal/21522650
Clinical Medicine,1470-2118,14702118,31789,,https://www.sciencedirect.com/science/journal/14702118
Clinical Microbiology and Infection,1198-743X,1198743X,18105,,https://www.sciencedirect.com/science/journal/1198743X
Clinical Microbiology Newsletter,0196-4399,01964399,07624,,https://www.sciencedirect.com/science/journal/01964399
Clinical Neurology and Neurosurgery,0303-8467,03038467,05024,,https://www.sciencedirect.com/science/journal/03038467
Clinical Neurophysiology,1388-2457,13882457,08065,Formerly known as Electroencephalography and Clinical Neurophysiology; Incorporating Electroencephalography and Clinical Neurophysiology/Electromyography and Motor Control and Electroencephalography and Clinical Neurophysiology/Evoked Potentials Section,https://www.sciencedirect.com/science/journal/13882457
Clinical Neurophysiology Practice,2467-981X,2467981X,18350,,https://www.sciencedirect.com/science/journal/2467981X
Clinical Nutrition,0261-5614,02615614,12713,Incorporating Clinical Nutrition Supplements,https://www.sciencedirect.com/science/journal/02615614
Clinical Nutrition ESPEN,2405-4577,24054577,04097,Formerly known as e-SPEN Journal,https://www.sciencedirect.com/science/journal/24054577
Clinical Nutrition Experimental,2352-9393,23529393,18133,,https://www.sciencedirect.com/science/journal/23529393
Clinical Nutrition Open Science,2667-2685,26672685,18133,,https://www.sciencedirect.com/science/journal/26672685
Clinical Oncology,0936-6555,09366555,12914,,https://www.sciencedirect.com/science/journal/09366555
Clinical Parkinsonism & Related Disorders,2590-1125,25901125,30099,,https://www.sciencedirect.com/science/journal/25901125
Clinical Psychology Review,0272-7358,02727358,00652,,https://www.sciencedirect.com/science/journal/02727358
Clinical Radiology,0009-9260,00099260,12821,Formerly known as Journal of the Faculty of Radiologists,https://www.sciencedirect.com/science/journal/00099260
Clinical Simulation in Nursing,1876-1399,18761399,13438,,https://www.sciencedirect.com/science/journal/18761399
Clinical Spectroscopy,2666-0547,26660547,30178,,https://www.sciencedirect.com/science/journal/26660547
Clinical Surgical Oncology,2773-160X,2773160X,31439,,https://www.sciencedirect.com/science/journal/2773160X
Clinical Therapeutics,0149-2918,01492918,07567,,https://www.sciencedirect.com/science/journal/01492918
Clinical Traditional Medicine and Pharmacology,2950-5771,29505771,31211,,https://www.sciencedirect.com/science/journal/29505771
Clinical Traditional Medicine and Pharmacology,2097-3829,20973829,31211,,https://www.sciencedirect.com/science/journal/20973829
Clinical and Translational Radiation Oncology,2405-6308,24056308,08190,,https://www.sciencedirect.com/science/journal/24056308
Clinics,1807-5932,18075932,31405,,https://www.sciencedirect.com/science/journal/18075932
Clinics in Anaesthesiology,0261-9881,02619881,-,,https://www.sciencedirect.com/science/journal/02619881
Clinics in Chest Medicine,0272-5231,02725231,13293,,https://www.sciencedirect.com/science/journal/02725231
Clinics in Dermatology,0738-081X,0738081X,07623,,https://www.sciencedirect.com/science/journal/0738081X
Clinics in Gastroenterology,0300-5089,03005089,-,,https://www.sciencedirect.com/science/journal/03005089
Clinics in Geriatric Medicine,0749-0690,07490690,13298,,https://www.sciencedirect.com/science/journal/07490690
Clinics in Haematology,0308-2261,03082261,-,,https://www.sciencedirect.com/science/journal/03082261
Clinics in Integrated Care,2666-8696,26668696,30462,,https://www.sciencedirect.com/science/journal/26668696
Clinics in Laboratory Medicine,0272-2712,02722712,13230,,https://www.sciencedirect.com/science/journal/02722712
Clinics in Liver Disease,1089-3261,10893261,13231,,https://www.sciencedirect.com/science/journal/10893261
Clinics in Obstetrics and Gynaecology,0306-3356,03063356,-,,https://www.sciencedirect.com/science/journal/03063356
Clinics in Perinatology,0095-5108,00955108,13258,,https://www.sciencedirect.com/science/journal/00955108
Clinics in Perioperative Nursing Care,2950-3884,29503884,31780,,https://www.sciencedirect.com/science/journal/29503884
Clinics in Plastic Surgery,0094-1298,00941298,13105,,https://www.sciencedirect.com/science/journal/00941298
Clinics in Podiatric Medicine and Surgery,0891-8422,08918422,13036,,https://www.sciencedirect.com/science/journal/08918422
Clinics and Research in Hepatology and Gastroenterology,2210-7401,22107401,15350,Formerly known as Gastroentérologie Clinique et Biologique,https://www.sciencedirect.com/science/journal/22107401
Clinics in Rheumatic Diseases,0307-742X,0307742X,-,,https://www.sciencedirect.com/science/journal/0307742X
Clinics in Sports Medicine,0278-5919,02785919,13113,,https://www.sciencedirect.com/science/journal/02785919
KSCE Journal of Civil Engineering,1226-7988,12267988,31830,,https://www.sciencedirect.com/science/journal/12267988
CMI Communications,2950-5909,29505909,31833,,https://www.sciencedirect.com/science/journal/29505909
Coacervates,3117-6178,31176178,32303,,https://www.sciencedirect.com/science/journal/31176178
Coastal Engineering,0378-3839,03783839,05325,,https://www.sciencedirect.com/science/journal/03783839
Coastal Science & Technology,3118-0736,31180736,32477,,https://www.sciencedirect.com/science/journal/31180736
Cognition,0010-0277,00100277,05257,,https://www.sciencedirect.com/science/journal/00100277
Cognitive and Behavioral Practice,1077-7229,10777229,04242,,https://www.sciencedirect.com/science/journal/10777229
Cognitive Development,0885-2014,08852014,07450,,https://www.sciencedirect.com/science/journal/08852014
Cognitive Psychology,0010-0285,00100285,12022,,https://www.sciencedirect.com/science/journal/00100285
Cognitive Robotics,2667-2413,26672413,31149,,https://www.sciencedirect.com/science/journal/26672413
Cognitive Science Research,3117-9908,31179908,32445,,https://www.sciencedirect.com/science/journal/31179908
Cognitive Systems Research,1389-0417,13890417,09913,Incorporating Biologically Inspired Cognitive Architectures,https://www.sciencedirect.com/science/journal/13890417
Cold Regions Science and Technology,0165-232X,0165232X,05326,,https://www.sciencedirect.com/science/journal/0165232X
Collegian,1322-7696,13227696,04295,,https://www.sciencedirect.com/science/journal/13227696
Colloid and Interface Science Communications,2215-0382,22150382,17069,,https://www.sciencedirect.com/science/journal/22150382
Colloids and Surfaces A: Physicochemical and Engineering Aspects,0927-7757,09277757,05149,Formerly part of Colloids and Surfaces,https://www.sciencedirect.com/science/journal/09277757
Colloids and Surfaces B: Biointerfaces,0927-7765,09277765,05150,Formerly part of Colloids and Surfaces,https://www.sciencedirect.com/science/journal/09277765
Colloids and Surfaces C: Environmental Aspects,2949-7590,29497590,31513,,https://www.sciencedirect.com/science/journal/29497590
Combustion and Flame,0010-2180,00102180,07630,,https://www.sciencedirect.com/science/journal/00102180
Communications in Nonlinear Science and Numerical Simulation,1007-5704,10075704,05471,,https://www.sciencedirect.com/science/journal/10075704
Communications in Transportation Research,2772-4247,27724247,31241,,https://www.sciencedirect.com/science/journal/27724247
Comparative Biochemistry and Physiology Part A: Molecular & Integrative Physiology,1095-6433,10956433,07515,Formerly known as Comparative Biochemistry and Physiology Part A: Physiology,https://www.sciencedirect.com/science/journal/10956433
Comparative Biochemistry and Physiology Part B: Biochemistry and Molecular Biology,1096-4959,10964959,07516,Formerly known as Comparative Biochemistry and Physiology Part B: Comparative Biochemistry,https://www.sciencedirect.com/science/journal/10964959
Comparative Biochemistry and Physiology Part C: Toxicology & Pharmacology,1532-0456,15320456,07517,"Formerly known as Comparative Biochemistry and Physiology Part C: Pharmacology, Toxicology and Endocrinology",https://www.sciencedirect.com/science/journal/15320456
Comparative Biochemistry and Physiology Part D: Genomics and Proteomics,1744-117X,1744117X,07801,,https://www.sciencedirect.com/science/journal/1744117X
"Comparative Immunology, Microbiology and Infectious Diseases",0147-9571,01479571,00496,,https://www.sciencedirect.com/science/journal/01479571
Comparative Immunology Reports,2950-3116,29503116,31072,,https://www.sciencedirect.com/science/journal/29503116
Complementary Therapies in Clinical Practice,1744-3881,17443881,12742,Formerly known as Complementary Therapies in Nursing and Midwifery,https://www.sciencedirect.com/science/journal/17443881
Complementary Therapies in Medicine,0965-2299,09652299,12741,,https://www.sciencedirect.com/science/journal/09652299
Composite Structures,0263-8223,02638223,02017,,https://www.sciencedirect.com/science/journal/02638223
Composites Communications,2452-2139,24522139,18282,,https://www.sciencedirect.com/science/journal/24522139
Composites Part A: Applied Science and Manufacturing,1359-835X,1359835X,03011,Incorporating Composites and Composites Manufacturing,https://www.sciencedirect.com/science/journal/1359835X
Composites Part B: Engineering,1359-8368,13598368,00984,Formerly known as Composites Engineering,https://www.sciencedirect.com/science/journal/13598368
Composites Part C: Open Access,2666-6820,26666820,30416,,https://www.sciencedirect.com/science/journal/26666820
Composites Science and Technology,0266-3538,02663538,02019,Formerly known as Fibre Science and Technology,https://www.sciencedirect.com/science/journal/02663538
Comprehensive Psychiatry,0010-440X,0010440X,13295,,https://www.sciencedirect.com/science/journal/0010440X
Comprehensive Psychoneuroendocrinology,2666-4976,26664976,30341,,https://www.sciencedirect.com/science/journal/26664976
Computational Biology and Chemistry,1476-9271,14769271,00379,Formerly known as Computers & Chemistry,https://www.sciencedirect.com/science/journal/14769271
Computational Condensed Matter,2352-2143,23522143,17743,,https://www.sciencedirect.com/science/journal/23522143
Computational Geometry,0925-7721,09257721,05258,,https://www.sciencedirect.com/science/journal/09257721
Computational Materials Science,0927-0256,09270256,05193,,https://www.sciencedirect.com/science/journal/09270256
Computational Materials Today,2950-4635,29504635,31787,,https://www.sciencedirect.com/science/journal/29504635
Computational Particle Mechanics,2196-4386,21964386,32156,,https://www.sciencedirect.com/science/journal/21964386
Computational Statistics & Data Analysis,0167-9473,01679473,05364,,https://www.sciencedirect.com/science/journal/01679473
Computational and Structural Biotechnology Journal,2001-0370,20010370,18077,,https://www.sciencedirect.com/science/journal/20010370
Computational and Structural Biotechnology Reports,2950-3639,29503639,31775,,https://www.sciencedirect.com/science/journal/29503639
Computational and Theoretical Chemistry,2210-271X,2210271X,05164,Formerly known as Journal of Molecular Structure: THEOCHEM,https://www.sciencedirect.com/science/journal/2210271X
Computational Toxicology,2468-1113,24681113,18335,,https://www.sciencedirect.com/science/journal/24681113
Computer-Aided Design,0010-4485,00104485,03014,,https://www.sciencedirect.com/science/journal/00104485
Computer Aided Geometric Design,0167-8396,01678396,05259,,https://www.sciencedirect.com/science/journal/01678396
Computer Communications,0140-3664,01403664,05260,,https://www.sciencedirect.com/science/journal/01403664
Computer Law & Security Review,2212-473X,2212473X,02066,,https://www.sciencedirect.com/science/journal/2212473X
Computer Methods in Applied Mechanics and Engineering,0045-7825,00457825,06004,,https://www.sciencedirect.com/science/journal/00457825
Computer Methods and Programs in Biomedicine,0169-2607,01692607,08010,Formerly known as Computer Programs in Biomedicine,https://www.sciencedirect.com/science/journal/01692607
Computer Methods and Programs in Biomedicine Update,2666-9900,26669900,31060,,https://www.sciencedirect.com/science/journal/26669900
Computer Networks,1389-1286,13891286,05262,Formerly known as Computer Networks and ISDN Systems,https://www.sciencedirect.com/science/journal/13891286
Computer Physics Communications,0010-4655,00104655,05194,,https://www.sciencedirect.com/science/journal/00104655
Computer Science Review,1574-0137,15740137,14035,,https://www.sciencedirect.com/science/journal/15740137
Computer Speech & Language,0885-2308,08852308,12659,,https://www.sciencedirect.com/science/journal/08852308
Computer Standards & Interfaces,0920-5489,09205489,05264,Incorporating Computers and Standards and Interfaces in Computing,https://www.sciencedirect.com/science/journal/09205489
Computer Vision and Image Understanding,1077-3142,10773142,12024,Formerly known as CVGIP: Image Understanding,https://www.sciencedirect.com/science/journal/10773142
Computer-Aided Civil and Infrastructure Engineering,1093-9687,10939687,32351,,https://www.sciencedirect.com/science/journal/10939687
Computerized Medical Imaging and Graphics,0895-6111,08956111,00292,Formerly known as Computerized Radiology,https://www.sciencedirect.com/science/journal/08956111
Computers in Biology and Medicine,0010-4825,00104825,00351,,https://www.sciencedirect.com/science/journal/00104825
Computers & Chemical Engineering,0098-1354,00981354,00349,,https://www.sciencedirect.com/science/journal/00981354
Computers and Composition,8755-4615,87554615,07452,,https://www.sciencedirect.com/science/journal/87554615
Computers & Education,0360-1315,03601315,00347,,https://www.sciencedirect.com/science/journal/03601315
Computers and Education: Artificial Intelligence,2666-920X,2666920X,31024,,https://www.sciencedirect.com/science/journal/2666920X
Computers and Education Open,2666-5573,26665573,30369,,https://www.sciencedirect.com/science/journal/26665573
Computers & Education: X Reality,2949-6780,29496780,31478,,https://www.sciencedirect.com/science/journal/29496780
Computers & Electrical Engineering,0045-7906,00457906,00367,,https://www.sciencedirect.com/science/journal/00457906
Computers and Electronics in Agriculture,0168-1699,01681699,05099,,https://www.sciencedirect.com/science/journal/01681699
"Computers, Environment and Urban Systems",0198-9715,01989715,00304,Formerly known as Urban Systems,https://www.sciencedirect.com/science/journal/01989715
Computers & Fluids,0045-7930,00457930,00365,,https://www.sciencedirect.com/science/journal/00457930
Computers & Geosciences,0098-3004,00983004,00398,,https://www.sciencedirect.com/science/journal/00983004
Computers and Geotechnics,0266-352X,0266352X,02016,,https://www.sciencedirect.com/science/journal/0266352X
Computers & Graphics,0097-8493,00978493,00371,,https://www.sciencedirect.com/science/journal/00978493
Computers in Human Behavior,0747-5632,07475632,00759,,https://www.sciencedirect.com/science/journal/07475632
Computers in Human Behavior: Artificial Humans,2949-8821,29498821,31576,,https://www.sciencedirect.com/science/journal/29498821
Computers in Human Behavior Reports,2451-9588,24519588,30292,,https://www.sciencedirect.com/science/journal/24519588
Computers & Industrial Engineering,0360-8352,03608352,00399,,https://www.sciencedirect.com/science/journal/03608352
Computers in Industry,0166-3615,01663615,05365,,https://www.sciencedirect.com/science/journal/01663615
Computers & Mathematics with Applications,0898-1221,08981221,00301,,https://www.sciencedirect.com/science/journal/08981221
Computers & Operations Research,0305-0548,03050548,00300,Incorporating Location Science and Surveys in Operations Research and Management Science,https://www.sciencedirect.com/science/journal/03050548
Computers & Security,0167-4048,01674048,02069,,https://www.sciencedirect.com/science/journal/01674048
Computers & Structures,0045-7949,00457949,00359,,https://www.sciencedirect.com/science/journal/00457949
Consciousness and Cognition,1053-8100,10538100,12018,,https://www.sciencedirect.com/science/journal/10538100
Construction and Building Materials,0950-0618,09500618,03017,,https://www.sciencedirect.com/science/journal/09500618
Construction and Building Materials in Transportation,3117-650X,3117650X,32331,,https://www.sciencedirect.com/science/journal/3117650X
Contact Lens and Anterior Eye,1367-0484,13670484,05462,Formerly known as Journal of The British Contact Lens Association; Incorporating International Contact Lens Clinic,https://www.sciencedirect.com/science/journal/13670484
Contemporary Clinical Trials,1551-7144,15517144,07636,Formerly known as Controlled Clinical Trials,https://www.sciencedirect.com/science/journal/15517144
Contemporary Clinical Trials Communications,2451-8654,24518654,18844,,https://www.sciencedirect.com/science/journal/24518654
Contemporary Educational Psychology,0361-476X,0361476X,12019,,https://www.sciencedirect.com/science/journal/0361476X
Continence,2772-9737,27729737,31396,,https://www.sciencedirect.com/science/journal/27729737
Continence Reports,2772-9745,27729745,31397,,https://www.sciencedirect.com/science/journal/27729745
Continental Shelf Research,0278-4343,02784343,00662,,https://www.sciencedirect.com/science/journal/02784343
Contraception,0010-7824,00107824,07629,,https://www.sciencedirect.com/science/journal/00107824
Contraception: X,2590-1516,25901516,18945,,https://www.sciencedirect.com/science/journal/25901516
Control Engineering Practice,0967-0661,09670661,00123,,https://www.sciencedirect.com/science/journal/09670661
Coordination Chemistry Research,2950-4864,29504864,31803,,https://www.sciencedirect.com/science/journal/29504864
Coordination Chemistry Reviews,0010-8545,00108545,06005,,https://www.sciencedirect.com/science/journal/00108545
Corrosion Communications,2667-2669,26672669,31101,,https://www.sciencedirect.com/science/journal/26672669
Corrosion Science,0010-938X,0010938X,00260,,https://www.sciencedirect.com/science/journal/0010938X
Cortex,0010-9452,00109452,15801,,https://www.sciencedirect.com/science/journal/00109452
Cretaceous Research,0195-6671,01956671,12634,,https://www.sciencedirect.com/science/journal/01956671
Critical Care Clinics,0749-0704,07490704,13050,,https://www.sciencedirect.com/science/journal/07490704
Critical Care Nursing Clinics of North America,0899-5885,08995885,13159,,https://www.sciencedirect.com/science/journal/08995885
Critical Care and Resuscitation,1441-2772,14412772,31649,,https://www.sciencedirect.com/science/journal/14412772
Critical Perspectives on Accounting,1045-2354,10452354,12681,,https://www.sciencedirect.com/science/journal/10452354
Critical Reviews in Oncology/Hematology,1040-8428,10408428,08011,,https://www.sciencedirect.com/science/journal/10408428
Crop Design,2772-8994,27728994,31355,,https://www.sciencedirect.com/science/journal/27728994
Crop and Environment,2773-126X,2773126X,31438,,https://www.sciencedirect.com/science/journal/2773126X
The Crop Journal,2214-5141,22145141,18043,,https://www.sciencedirect.com/science/journal/22145141
Crop Protection,0261-2194,02612194,03018,,https://www.sciencedirect.com/science/journal/02612194
Cryobiology,0011-2240,00112240,12023,,https://www.sciencedirect.com/science/journal/00112240
Cryogenics,0011-2275,00112275,03019,,https://www.sciencedirect.com/science/journal/00112275
Cure & Care,3051-0627,30510627,32139,,https://www.sciencedirect.com/science/journal/30510627
Current Applied Physics,1567-1739,15671739,05572,,https://www.sciencedirect.com/science/journal/15671739
Current Biology,0960-9822,09609822,02216,,https://www.sciencedirect.com/science/journal/09609822
Current Developments in Nutrition,2475-2991,24752991,31527,,https://www.sciencedirect.com/science/journal/24752991
Current Genomics,1389-2029,13892029,32354,,https://www.sciencedirect.com/science/journal/13892029
Current Opinion in Behavioral Sciences,2352-1546,23521546,18058,,https://www.sciencedirect.com/science/journal/23521546
Current Opinion in Biomedical Engineering,2468-4511,24684511,18894,,https://www.sciencedirect.com/science/journal/24684511
Current Opinion in Biotechnology,0958-1669,09581669,02219,,https://www.sciencedirect.com/science/journal/09581669
Current Opinion in Cell Biology,0955-0674,09550674,02220,,https://www.sciencedirect.com/science/journal/09550674
Current Opinion in Chemical Biology,1367-5931,13675931,02221,,https://www.sciencedirect.com/science/journal/13675931
Current Opinion in Chemical Engineering,2211-3398,22113398,12954,,https://www.sciencedirect.com/science/journal/22113398
Current Opinion in Colloid & Interface Science,1359-0294,13590294,02228,,https://www.sciencedirect.com/science/journal/13590294
Current Opinion in Electrochemistry,2451-9103,24519103,18358,,https://www.sciencedirect.com/science/journal/24519103
Current Opinion in Endocrine and Metabolic Research,2451-9650,24519650,18341,,https://www.sciencedirect.com/science/journal/24519650
Current Opinion in Environmental Science & Health,2468-5844,24685844,18370,,https://www.sciencedirect.com/science/journal/24685844
Current Opinion in Environmental Sustainability,1877-3435,18773435,08672,,https://www.sciencedirect.com/science/journal/18773435
Current Opinion in Food Science,2214-7993,22147993,17049,,https://www.sciencedirect.com/science/journal/22147993
Current Opinion in Genetics & Development,0959-437X,0959437X,02222,,https://www.sciencedirect.com/science/journal/0959437X
Current Opinion in Green and Sustainable Chemistry,2452-2236,24522236,18302,,https://www.sciencedirect.com/science/journal/24522236
Current Opinion in Immunology,0952-7915,09527915,02223,,https://www.sciencedirect.com/science/journal/09527915
Current Opinion in Insect Science,2214-5745,22145745,13467,,https://www.sciencedirect.com/science/journal/22145745
Current Opinion in Microbiology,1369-5274,13695274,02224,,https://www.sciencedirect.com/science/journal/13695274
Current Opinion in Neurobiology,0959-4388,09594388,02225,,https://www.sciencedirect.com/science/journal/09594388
Current Opinion in Pharmacology,1471-4892,14714892,02277,,https://www.sciencedirect.com/science/journal/14714892
Current Opinion in Physiology,2468-8673,24688673,18380,,https://www.sciencedirect.com/science/journal/24688673
Current Opinion in Plant Biology,1369-5266,13695266,02226,,https://www.sciencedirect.com/science/journal/13695266
Current Opinion in Psychology,2352-250X,2352250X,18066,,https://www.sciencedirect.com/science/journal/2352250X
Current Opinion in Solid State and Materials Science,1359-0286,13590286,02229,,https://www.sciencedirect.com/science/journal/13590286
Current Opinion in Structural Biology,0959-440X,0959440X,02227,,https://www.sciencedirect.com/science/journal/0959440X
Current Opinion in Systems Biology,2452-3100,24523100,18300,,https://www.sciencedirect.com/science/journal/24523100
Current Opinion in Toxicology,2468-2020,24682020,18337,,https://www.sciencedirect.com/science/journal/24682020
Current Opinion in Virology,1879-6257,18796257,08728,,https://www.sciencedirect.com/science/journal/18796257
Current Pharmaceutical Analysis,1573-4129,15734129,32062,,https://www.sciencedirect.com/science/journal/15734129
Current Plant Biology,2214-6628,22146628,18047,,https://www.sciencedirect.com/science/journal/22146628
Current Problems in Cancer,0147-0272,01470272,13305,,https://www.sciencedirect.com/science/journal/01470272
Current Problems in Cancer: Case Reports,2666-6219,26666219,30391,,https://www.sciencedirect.com/science/journal/26666219
Current Problems in Cardiology,0146-2806,01462806,13235,,https://www.sciencedirect.com/science/journal/01462806
Current Problems in Diagnostic Radiology,0363-0188,03630188,13077,,https://www.sciencedirect.com/science/journal/03630188
Current Problems in Pediatric and Adolescent Health Care,1538-5442,15385442,13250,Formerly known as Current Problems in Pediatrics,https://www.sciencedirect.com/science/journal/15385442
Current Problems in Surgery,0011-3840,00113840,13086,,https://www.sciencedirect.com/science/journal/00113840
Current Radiopharmaceuticals,1874-4710,18744710,32155,,https://www.sciencedirect.com/science/journal/18744710
Current Research in Behavioral Sciences,2666-5182,26665182,30350,,https://www.sciencedirect.com/science/journal/26665182
Current Research in Biotechnology,2590-2628,25902628,30103,,https://www.sciencedirect.com/science/journal/25902628
Current Research in Chemical Biology,2666-2469,26662469,30264,,https://www.sciencedirect.com/science/journal/26662469
Current Research in Ecological and Social Psychology,2666-6227,26666227,30393,,https://www.sciencedirect.com/science/journal/26666227
Current Research in Environmental Sustainability,2666-0490,26660490,30172,,https://www.sciencedirect.com/science/journal/26660490
Current Research in Food Science,2665-9271,26659271,30134,,https://www.sciencedirect.com/science/journal/26659271
Current Research in Green and Sustainable Chemistry,2666-0865,26660865,30184,,https://www.sciencedirect.com/science/journal/26660865
Current Research in Immunology,2590-2555,25902555,30136,,https://www.sciencedirect.com/science/journal/25902555
Current Research in Insect Science,2666-5158,26665158,30352,,https://www.sciencedirect.com/science/journal/26665158
Current Research in Microbial Sciences,2666-5174,26665174,30349,,https://www.sciencedirect.com/science/journal/26665174
Current Research in Neurobiology,2665-945X,2665945X,30142,,https://www.sciencedirect.com/science/journal/2665945X
Current Research in Parasitology and Vector-Borne Diseases,2667-114X,2667114X,31122,,https://www.sciencedirect.com/science/journal/2667114X
Current Research in Pharmacology and Drug Discovery,2590-2571,25902571,30133,,https://www.sciencedirect.com/science/journal/25902571
Current Research in Physiology,2665-9441,26659441,30143,,https://www.sciencedirect.com/science/journal/26659441
Current Research in Structural Biology,2665-928X,2665928X,30138,,https://www.sciencedirect.com/science/journal/2665928X
Current Research in Toxicology,2666-027X,2666027X,30166,,https://www.sciencedirect.com/science/journal/2666027X
Current Research in Translational Medicine ,2452-3186,24523186,09094,Formerly known as Pathologie Biologie,https://www.sciencedirect.com/science/journal/24523186
Current Therapeutic Research,0011-393X,0011393X,07568,,https://www.sciencedirect.com/science/journal/0011393X
Currents in Pharmacy Teaching and Learning,1877-1297,18771297,13445,,https://www.sciencedirect.com/science/journal/18771297
Cyber Security and Applications,2772-9184,27729184,31379,,https://www.sciencedirect.com/science/journal/27729184
Cyber-Physical Energy Systems,3050-7448,30507448,32096,,https://www.sciencedirect.com/science/journal/30507448
Cytokine,1043-4666,10434666,12674,,https://www.sciencedirect.com/science/journal/10434666
Cytokine & Growth Factor Reviews,1359-6101,13596101,00868,Formerly known as Progress in Growth Factor Research,https://www.sciencedirect.com/science/journal/13596101
Cytokine: X,2590-1532,25901532,18943,,https://www.sciencedirect.com/science/journal/25901532
Cytotherapy,1465-3249,14653249,14134,,https://www.sciencedirect.com/science/journal/14653249
Damage,3117-8448,31178448,32371,,https://www.sciencedirect.com/science/journal/31178448
Data in Brief,2352-3409,23523409,18754,,https://www.sciencedirect.com/science/journal/23523409
Data and Information Management,2543-9251,25439251,31435,,https://www.sciencedirect.com/science/journal/25439251
Data & Knowledge Engineering,0169-023X,0169023X,05265,,https://www.sciencedirect.com/science/journal/0169023X
Data Science and Informetrics,2694-6106,26946106,32066,,https://www.sciencedirect.com/science/journal/26946106
Data Science and Management,2666-7649,26667649,30429,,https://www.sciencedirect.com/science/journal/26667649
DeCarbon,2949-8813,29498813,31575,,https://www.sciencedirect.com/science/journal/29498813
Decision Analytics Journal,2772-6622,27726622,31297,,https://www.sciencedirect.com/science/journal/27726622
Decision Support Systems,0167-9236,01679236,05366,,https://www.sciencedirect.com/science/journal/01679236
Decoding Infection and Transmission,2949-9240,29499240,31600,,https://www.sciencedirect.com/science/journal/29499240
Deep Brain Stimulation,2949-6691,29496691,31476,,https://www.sciencedirect.com/science/journal/29496691
Deep Resources Engineering,2949-9305,29499305,31604,,https://www.sciencedirect.com/science/journal/29499305
Deep Sea Research Part I: Oceanographic Research Papers,0967-0637,09670637,00489,Formerly part of Deep Sea Research Part A. Oceanographic Research Papers,https://www.sciencedirect.com/science/journal/09670637
Deep Sea Research Part II: Topical Studies in Oceanography,0967-0645,09670645,00116,Formerly part of Deep Sea Research Part A. Oceanographic Research Papers,https://www.sciencedirect.com/science/journal/09670645
Defence Technology,2214-9147,22149147,17039,,https://www.sciencedirect.com/science/journal/22149147
Dendrochronologia,1125-7865,11257865,10004,,https://www.sciencedirect.com/science/journal/11257865
Dental Abstracts,0011-8486,00118486,13022,,https://www.sciencedirect.com/science/journal/00118486
Dental Clinics of North America,0011-8532,00118532,13004,,https://www.sciencedirect.com/science/journal/00118532
Dental Materials,0109-5641,01095641,02214,,https://www.sciencedirect.com/science/journal/01095641
Dental Research,3117-4876,31174876,32283,,https://www.sciencedirect.com/science/journal/31174876
Dentistry Review,2772-5596,27725596,31262,,https://www.sciencedirect.com/science/journal/27725596
Dermatologic Clinics,0733-8635,07338635,13296,,https://www.sciencedirect.com/science/journal/07338635
Desalination,0011-9164,00119164,05152,,https://www.sciencedirect.com/science/journal/00119164
Desalination and Water Treatment,1944-3986,19443986,31811,,https://www.sciencedirect.com/science/journal/19443986
Design and Artificial Intelligence,3050-7413,30507413,32094,,https://www.sciencedirect.com/science/journal/30507413
Design Science Vision,2950-2624,29502624,31695,,https://www.sciencedirect.com/science/journal/29502624
Design Studies,0142-694X,0142694X,03021,,https://www.sciencedirect.com/science/journal/0142694X
Development Engineering,2352-7285,23527285,18137,,https://www.sciencedirect.com/science/journal/23527285
Development and Sustainability in Economics and Finance,2950-5240,29505240,31814,,https://www.sciencedirect.com/science/journal/29505240
Developmental Biology,0012-1606,00121606,12025,,https://www.sciencedirect.com/science/journal/00121606
Developmental Cell,1534-5807,15345807,07594,,https://www.sciencedirect.com/science/journal/15345807
Developmental Cognitive Neuroscience,1878-9293,18789293,05648,,https://www.sciencedirect.com/science/journal/18789293
Developmental & Comparative Immunology,0145-305X,0145305X,00275,,https://www.sciencedirect.com/science/journal/0145305X
Developmental Review,0273-2297,02732297,12026,,https://www.sciencedirect.com/science/journal/02732297
Developments in the Built Environment,2666-1659,26661659,30245,,https://www.sciencedirect.com/science/journal/26661659
Device,2666-9986,26669986,31058,,https://www.sciencedirect.com/science/journal/26669986
Diabetes Epidemiology and Management,2666-9706,26669706,31045,,https://www.sciencedirect.com/science/journal/26669706
Diabetes & Metabolic Syndrome: Clinical Research and Reviews,1871-4021,18714021,04250,,https://www.sciencedirect.com/science/journal/18714021
Diabetes & Metabolism,1262-3636,12623636,15535,,https://www.sciencedirect.com/science/journal/12623636
Diabetes Research and Clinical Practice,0168-8227,01688227,08012,,https://www.sciencedirect.com/science/journal/01688227
Diagnostic Histopathology,1756-2317,17562317,12714,Formerly known as Current Diagnostic Pathology,https://www.sciencedirect.com/science/journal/17562317
Diagnostic and Interventional Imaging,2211-5684,22115684,15892,,https://www.sciencedirect.com/science/journal/22115684
Diagnostic Microbiology and Infectious Disease,0732-8893,07328893,07639,,https://www.sciencedirect.com/science/journal/07328893
Dialogues in Health,2772-6533,27726533,31304,,https://www.sciencedirect.com/science/journal/27726533
Diamond and Related Materials,0925-9635,09259635,06006,,https://www.sciencedirect.com/science/journal/09259635
Differential Geometry and its Applications,0926-2245,09262245,05266,,https://www.sciencedirect.com/science/journal/09262245
Differentiation,0301-4681,03014681,08664,,https://www.sciencedirect.com/science/journal/03014681
Digestive and Liver Disease,1590-8658,15908658,12918,,https://www.sciencedirect.com/science/journal/15908658
Digestive and Liver Disease Supplements,1594-5804,15945804,12604,,https://www.sciencedirect.com/science/journal/15945804
Digital & AI Economic Review,3117-9932,31179932,31626,,https://www.sciencedirect.com/science/journal/31179932
Digital Applications in Archaeology and Cultural Heritage,2212-0548,22120548,08821,,https://www.sciencedirect.com/science/journal/22120548
Digital Business,2666-9544,26669544,31030,,https://www.sciencedirect.com/science/journal/26669544
Digital Chemical Engineering,2772-5081,27725081,31256,,https://www.sciencedirect.com/science/journal/27725081
Digital Chinese Medicine,2589-3777,25893777,18431,,https://www.sciencedirect.com/science/journal/25893777
Digital Communications and Networks,2352-8648,23528648,18142,,https://www.sciencedirect.com/science/journal/23528648
Digital Dentistry Journal,2950-6433,29506433,31951,,https://www.sciencedirect.com/science/journal/29506433
Digital Engineering,2950-550X,2950550X,31822,,https://www.sciencedirect.com/science/journal/2950550X
Digital Geography and Society,2666-3783,26663783,30301,,https://www.sciencedirect.com/science/journal/26663783
Digital Signal Processing,1051-2004,10512004,12027,,https://www.sciencedirect.com/science/journal/10512004
Digital and Smart Chinese Medicine,3118-0787,31180787,32479,,https://www.sciencedirect.com/science/journal/31180787
Disability and Health Journal,1936-6574,19366574,13428,,https://www.sciencedirect.com/science/journal/19366574
"Discourse, Context & Media",2211-6958,22116958,12970,,https://www.sciencedirect.com/science/journal/22116958
Discrete Applied Mathematics,0166-218X,0166218X,05267,,https://www.sciencedirect.com/science/journal/0166218X
Discrete Mathematics,0012-365X,0012365X,05268,,https://www.sciencedirect.com/science/journal/0012365X
Discrete Optimization,1572-5286,15725286,05497,,https://www.sciencedirect.com/science/journal/15725286
Disease-a-Month,0011-5029,00115029,13237,,https://www.sciencedirect.com/science/journal/00115029
Disease and Therapeutics,3050-9998,30509998,32135,,https://www.sciencedirect.com/science/journal/30509998
Displays,0141-9382,01419382,05270,,https://www.sciencedirect.com/science/journal/01419382
DNA Repair,1568-7864,15687864,05466,Formerly known as Mutation Research/DNA Repair,https://www.sciencedirect.com/science/journal/15687864
Domestic Animal Endocrinology,0739-7240,07397240,07637,,https://www.sciencedirect.com/science/journal/07397240
Douleurs : Évaluation – Diagnostic – Traitement,1624-5687,16245687,15538,,https://www.sciencedirect.com/science/journal/16245687
Drug and Alcohol Dependence,0376-8716,03768716,08013,,https://www.sciencedirect.com/science/journal/03768716
Drug and Alcohol Dependence Reports,2772-7246,27727246,31325,,https://www.sciencedirect.com/science/journal/27727246
Drug Discovery Today,1359-6446,13596446,02168,"Incorporating Drug Discovery Today: TARGETS, Drug Discovery Today: BIOSILICO and Pharmaceutical Science & Technology Today",https://www.sciencedirect.com/science/journal/13596446
Drug Metabolism and Disposition,0090-9556,00909556,31994,,https://www.sciencedirect.com/science/journal/00909556
Drug Metabolism and Pharmacokinetics,1347-4367,13474367,18127,,https://www.sciencedirect.com/science/journal/13474367
Drug Resistance Updates,1368-7646,13687646,12758,,https://www.sciencedirect.com/science/journal/13687646
Dyes and Pigments,0143-7208,01437208,02020,,https://www.sciencedirect.com/science/journal/01437208
Dynamics of Atmospheres and Oceans,0377-0265,03770265,05327,,https://www.sciencedirect.com/science/journal/03770265
EANM Innovation,3051-2913,30512913,32208,,https://www.sciencedirect.com/science/journal/30512913
The EANM Journal,3051-2921,30512921,32206,,https://www.sciencedirect.com/science/journal/30512921
Early Childhood Research Quarterly,0885-2006,08852006,07453,,https://www.sciencedirect.com/science/journal/08852006
Early Human Development,0378-3782,03783782,08014,Incorporating Screening,https://www.sciencedirect.com/science/journal/03783782
Earth Critical Zone,2950-4767,29504767,31800,,https://www.sciencedirect.com/science/journal/29504767
Earth Energy Science,2950-1547,29501547,31644,,https://www.sciencedirect.com/science/journal/29501547
Earth History and Biodiversity,2950-4759,29504759,31795,,https://www.sciencedirect.com/science/journal/29504759
Earth and Planetary Science Advances,3117-6798,31176798,32340,,https://www.sciencedirect.com/science/journal/31176798
Earth and Planetary Science Letters,0012-821X,0012821X,05328,,https://www.sciencedirect.com/science/journal/0012821X
Earth-Science Reviews,0012-8252,00128252,05329,Incorporating Atlas - News Supplement to Earth-Science Reviews,https://www.sciencedirect.com/science/journal/00128252
Earth System,3051-3111,30513111,32210,,https://www.sciencedirect.com/science/journal/30513111
Earth System Governance,2589-8116,25898116,18442,,https://www.sciencedirect.com/science/journal/25898116
Earthquake Research Advances,2772-4670,27724670,31248,,https://www.sciencedirect.com/science/journal/27724670
Earthquake Science,1674-4519,16744519,31408,,https://www.sciencedirect.com/science/journal/16744519
Eating Behaviors,1471-0153,14710153,02270,,https://www.sciencedirect.com/science/journal/14710153
EBES Sustainable Building,3051-2441,30512441,32173,,https://www.sciencedirect.com/science/journal/30512441
EBioMedicine,2352-3964,23523964,18079,,https://www.sciencedirect.com/science/journal/23523964
EClinicalMedicine,2589-5370,25895370,18435,,https://www.sciencedirect.com/science/journal/25895370
Eco-Environment & Health,2772-9850,27729850,31400,,https://www.sciencedirect.com/science/journal/27729850
Ecohydrology & Hydrobiology,1642-3593,16423593,11010,,https://www.sciencedirect.com/science/journal/16423593
Ecological Complexity,1476-945X,1476945X,05494,,https://www.sciencedirect.com/science/journal/1476945X
Ecological Economics,0921-8009,09218009,05100,,https://www.sciencedirect.com/science/journal/09218009
Ecological Engineering,0925-8574,09258574,05101,,https://www.sciencedirect.com/science/journal/09258574
Ecological Frontiers,2950-5097,29505097,08574,,https://www.sciencedirect.com/science/journal/29505097
Ecological Genetics and Genomics,2405-9854,24059854,18842,,https://www.sciencedirect.com/science/journal/24059854
Ecological Indicators,1470-160X,1470160X,02273,,https://www.sciencedirect.com/science/journal/1470160X
Ecological Informatics,1574-9541,15749541,05508,,https://www.sciencedirect.com/science/journal/15749541
Ecological Modelling,0304-3800,03043800,05102,,https://www.sciencedirect.com/science/journal/03043800
Econometrics and Statistics,2452-3062,24523062,18306,,https://www.sciencedirect.com/science/journal/24523062
EconomiA,1517-7580,15177580,18044,,https://www.sciencedirect.com/science/journal/15177580
Economic Analysis and Policy,0313-5926,03135926,17037,,https://www.sciencedirect.com/science/journal/03135926
Economic Modelling,0264-9993,02649993,03023,,https://www.sciencedirect.com/science/journal/02649993
Economic Systems,0939-3625,09393625,05568,,https://www.sciencedirect.com/science/journal/09393625
Economics of Education Review,0272-7757,02727757,00743,,https://www.sciencedirect.com/science/journal/02727757
Economics & Human Biology,1570-677X,1570677X,05475,,https://www.sciencedirect.com/science/journal/1570677X
Economics Letters,0165-1765,01651765,06007,,https://www.sciencedirect.com/science/journal/01651765
Economics of Transportation,2212-0122,22120122,12990,,https://www.sciencedirect.com/science/journal/22120122
Ecosystem Services,2212-0416,22120416,08796,,https://www.sciencedirect.com/science/journal/22120416
Ecotoxicology and Environmental Safety,0147-6513,01476513,12030,,https://www.sciencedirect.com/science/journal/01476513
Educación Médica,1575-1813,15751813,16373,,https://www.sciencedirect.com/science/journal/15751813
Education for Chemical Engineers,1749-7728,17497728,08630,,https://www.sciencedirect.com/science/journal/17497728
Educational Research Review,1747-938X,1747938X,04233,,https://www.sciencedirect.com/science/journal/1747938X
EFB Bioeconomy Journal,2667-0410,26670410,31088,,https://www.sciencedirect.com/science/journal/26670410
Egyptian Informatics Journal,1110-8665,11108665,08716,,https://www.sciencedirect.com/science/journal/11108665
The Egyptian Journal of Aquatic Research,1687-4285,16874285,10142,,https://www.sciencedirect.com/science/journal/16874285
Egyptian Journal of Petroleum,1110-0621,11100621,08781,,https://www.sciencedirect.com/science/journal/11100621
The Egyptian Journal of Remote Sensing and Space Science,1110-9823,11109823,08717,,https://www.sciencedirect.com/science/journal/11109823
The Egyptian Rheumatologist,1110-1164,11101164,08733,,https://www.sciencedirect.com/science/journal/11101164
EJC Pediatric Oncology,2772-610X,2772610X,31279,,https://www.sciencedirect.com/science/journal/2772610X
EJC Skin Cancer,2772-6118,27726118,31284,,https://www.sciencedirect.com/science/journal/27726118
EJVES Vascular Forum,2666-688X,2666688X,12999,Formerly known as EJVES Short Reports,https://www.sciencedirect.com/science/journal/2666688X
Electoral Studies,0261-3794,02613794,03024,,https://www.sciencedirect.com/science/journal/02613794
Electric Power Systems Research,0378-7796,03787796,06008,,https://www.sciencedirect.com/science/journal/03787796
The Electricity Journal,1040-6190,10406190,07632,,https://www.sciencedirect.com/science/journal/10406190
Electrochemistry Communications,1388-2481,13882481,06053,,https://www.sciencedirect.com/science/journal/13882481
Electrochimica Acta,0013-4686,00134686,00205,,https://www.sciencedirect.com/science/journal/00134686
Electronic Commerce Research and Applications,1567-4223,15674223,05571,,https://www.sciencedirect.com/science/journal/15674223
Electronic Journal of Biotechnology,0717-3458,07173458,17072,,https://www.sciencedirect.com/science/journal/07173458
Embodied Intelligence in Physical Systems,3118-023X,3118023X,31174,,https://www.sciencedirect.com/science/journal/3118023X
EMC - AKOS - Trattato di Medicina,1634-7358,16347358,09202,,https://www.sciencedirect.com/science/journal/16347358
EMC - Anestesia-Reanimación,1280-4703,12804703,09205,,https://www.sciencedirect.com/science/journal/12804703
EMC - Anestesia-Rianimazione,1283-0771,12830771,09204,,https://www.sciencedirect.com/science/journal/12830771
EMC - Aparato Locomotor,1286-935X,1286935X,09270,,https://www.sciencedirect.com/science/journal/1286935X
EMC - Cirugía General,1634-7080,16347080,09266,,https://www.sciencedirect.com/science/journal/16347080
EMC - Cirugía Otorrinolaringológica y Cervicofacial,1635-2505,16352505,09271,,https://www.sciencedirect.com/science/journal/16352505
EMC - Cirugía Plástica Reparadora y Estética,1634-2143,16342143,09260,,https://www.sciencedirect.com/science/journal/16342143
EMC - Cosmetologia Medica e Medicina degli Inestetismi Cutanei,1776-0313,17760313,09350,,https://www.sciencedirect.com/science/journal/17760313
EMC - Dermatología,1761-2896,17612896,09210,,https://www.sciencedirect.com/science/journal/17612896
EMC - Ginecología-Obstetricia,1283-081X,1283081X,09218,,https://www.sciencedirect.com/science/journal/1283081X
EMC - Kinesiterapia - Medicina Fisica,1293-2965,12932965,09221,,https://www.sciencedirect.com/science/journal/12932965
EMC - Medicina Riabilitativa,1283-078X,1283078X,09222,,https://www.sciencedirect.com/science/journal/1283078X
EMC - Neurologia,1634-7072,16347072,09226,,https://www.sciencedirect.com/science/journal/16347072
EMC - Otorinolaringoiatria,1639-870X,1639870X,09235,,https://www.sciencedirect.com/science/journal/1639870X
EMC - Otorrinolaringología,1632-3475,16323475,09234,,https://www.sciencedirect.com/science/journal/16323475
EMC - Pediatría,1245-1789,12451789,09237,,https://www.sciencedirect.com/science/journal/12451789
EMC - Podología,1762-827X,1762827X,09240,,https://www.sciencedirect.com/science/journal/1762827X
EMC - Técnicas Quirúrgicas - Aparato Digestivo,1282-9129,12829129,09259,,https://www.sciencedirect.com/science/journal/12829129
EMC - Técnicas Quirúrgicas - Ortopedia y Traumatología,2211-033X,2211033X,16194,,https://www.sciencedirect.com/science/journal/2211033X
EMC - Tecniche Chirurgiche Addominale,1283-0798,12830798,09200,,https://www.sciencedirect.com/science/journal/12830798
EMC - Tecniche Chirurgiche - Chirurgia Generale,1636-5577,16365577,09267,,https://www.sciencedirect.com/science/journal/16365577
EMC - Tecniche Chirurgiche - Chirurgia ORL e Cervico-Facciale,1292-3036,12923036,09272,,https://www.sciencedirect.com/science/journal/12923036
EMC - Tecniche Chirurgiche - Chirurgia Ortopedica,2211-0801,22110801,16193,,https://www.sciencedirect.com/science/journal/22110801
"EMC - Tecniche Chirurgiche - Chirurgia Plastica, Ricostruttiva ed Estetica",1769-6704,17696704,09341,,https://www.sciencedirect.com/science/journal/17696704
EMC - Tecniche Chirurgiche Torace,1288-3336,12883336,09269,,https://www.sciencedirect.com/science/journal/12883336
EMC - Tecniche Chirurgiche Vascolare,1283-0801,12830801,09277,,https://www.sciencedirect.com/science/journal/12830801
EMC - Tratado de Medicina,1636-5410,16365410,09228,,https://www.sciencedirect.com/science/journal/16365410
EMC - Urgenze,1286-9341,12869341,09275,,https://www.sciencedirect.com/science/journal/12869341
EMC - Urología,1761-3310,17613310,09273,,https://www.sciencedirect.com/science/journal/17613310
Emergency Medicine Clinics of North America,0733-8627,07338627,13211,,https://www.sciencedirect.com/science/journal/07338627
Emerging Animal Species,2772-8137,27728137,31356,,https://www.sciencedirect.com/science/journal/27728137
Emerging Contaminants,2405-6650,24056650,18170,,https://www.sciencedirect.com/science/journal/24056650
Emerging Markets Review,1566-0141,15660141,05556,,https://www.sciencedirect.com/science/journal/15660141
"Emerging Trends in Drugs, Addictions, and Health",2667-1182,26671182,31125,,https://www.sciencedirect.com/science/journal/26671182
"Emotion, Space and Society",1755-4586,17554586,04294,,https://www.sciencedirect.com/science/journal/17554586
L’Encéphale,0013-7006,00137006,15539,,https://www.sciencedirect.com/science/journal/00137006
Endeavour,0160-9327,01609327,00574,,https://www.sciencedirect.com/science/journal/01609327
Endocrine and Metabolic Science,2666-3961,26663961,30314,,https://www.sciencedirect.com/science/journal/26663961
Endocrine Practice,1530-891X,1530891X,30453,,https://www.sciencedirect.com/science/journal/1530891X
"Endocrinología, Diabetes y Nutrición",2530-0164,25300164,15719,Formerly known as Endocrinología y Nutrición,https://www.sciencedirect.com/science/journal/25300164
"Endocrinología, Diabetes y Nutrición (English ed.)",2530-0180,25300180,15790,Formerly known as Endocrinología y Nutrición (English Edition),https://www.sciencedirect.com/science/journal/25300180
Endocrinology and Metabolism Clinics of North America,0889-8529,08898529,13212,,https://www.sciencedirect.com/science/journal/08898529
Energetic Materials Frontiers,2666-6472,26666472,30404,,https://www.sciencedirect.com/science/journal/26666472
Energy,0360-5442,03605442,00483,"Incorporating Exergy, An International Journal",https://www.sciencedirect.com/science/journal/03605442
Energy 360,2950-4872,29504872,31808,,https://www.sciencedirect.com/science/journal/29504872
Energy and AI,2666-5468,26665468,30368,,https://www.sciencedirect.com/science/journal/26665468
Energy and Buildings,0378-7788,03787788,06009,,https://www.sciencedirect.com/science/journal/03787788
Energy and Built Environment,2666-1233,26661233,30190,,https://www.sciencedirect.com/science/journal/26661233
Energy and Climate Change,2666-2787,26662787,30271,,https://www.sciencedirect.com/science/journal/26662787
Energy Conversion and Management,0196-8904,01968904,00269,Formerly known as Energy Conversion,https://www.sciencedirect.com/science/journal/01968904
Energy Conversion and Management: X,2590-1745,25901745,18472,,https://www.sciencedirect.com/science/journal/25901745
Energy Economics,0140-9883,01409883,03025,Incorporating Journal of Energy Finance & Development,https://www.sciencedirect.com/science/journal/01409883
Energy Efficiency First,2950-1563,29501563,31643,,https://www.sciencedirect.com/science/journal/29501563
Energy & Environmental Sustainability,3050-7456,30507456,32093,,https://www.sciencedirect.com/science/journal/30507456
Energy Foresight,2097-7204,20977204,32357,,https://www.sciencedirect.com/science/journal/20977204
Energy Geoscience,2666-7592,26667592,30435,,https://www.sciencedirect.com/science/journal/26667592
Energy Nexus,2772-4271,27724271,31242,,https://www.sciencedirect.com/science/journal/27724271
Energy Policy,0301-4215,03014215,03026,,https://www.sciencedirect.com/science/journal/03014215
Energy Reports,2352-4847,23524847,18082,,https://www.sciencedirect.com/science/journal/23524847
Energy Research & Social Science,2214-6296,22146296,12630,,https://www.sciencedirect.com/science/journal/22146296
Energy Reviews,2772-9702,27729702,31389,,https://www.sciencedirect.com/science/journal/27729702
Energy and Safety Science,3117-7581,31177581,32345,,https://www.sciencedirect.com/science/journal/31177581
Energy Storage Materials,2405-8297,24058297,18197,,https://www.sciencedirect.com/science/journal/24058297
Energy Strategy Reviews,2211-467X,2211467X,12967,,https://www.sciencedirect.com/science/journal/2211467X
Energy for Sustainable Development,0973-0826,09730826,07817,,https://www.sciencedirect.com/science/journal/09730826
EnergyChem,2589-7780,25897780,18443,,https://www.sciencedirect.com/science/journal/25897780
eNeurologicalSci,2405-6502,24056502,13000,,https://www.sciencedirect.com/science/journal/24056502
Enfermedades Infecciosas y Microbiología Clínica,0213-005X,0213005X,15722,,https://www.sciencedirect.com/science/journal/0213005X
Enfermedades infecciosas y microbiologia clinica (English ed.),2529-993X,2529993X,16448,,https://www.sciencedirect.com/science/journal/2529993X
Enfermería Clínica,1130-8621,11308621,15709,,https://www.sciencedirect.com/science/journal/11308621
Enfermería Clínica (English Edition),2445-1479,24451479,16435,,https://www.sciencedirect.com/science/journal/24451479
Enfermería Intensiva,1130-2399,11302399,15714,,https://www.sciencedirect.com/science/journal/11302399
Enfermería Intensiva (English ed.),2529-9840,25299840,16441,,https://www.sciencedirect.com/science/journal/25299840
Engineered Regeneration,2666-1381,26661381,30230,,https://www.sciencedirect.com/science/journal/26661381
Engineering,2095-8099,20958099,18313,,https://www.sciencedirect.com/science/journal/20958099
Engineering Analysis with Boundary Elements,0955-7997,09557997,02021,Formerly known as Engineering Analysis,https://www.sciencedirect.com/science/journal/09557997
Engineering Applications of Artificial Intelligence,0952-1976,09521976,00975,,https://www.sciencedirect.com/science/journal/09521976
Engineering Failure Analysis,1350-6307,13506307,00139,,https://www.sciencedirect.com/science/journal/13506307
Engineering Fracture Mechanics,0013-7944,00137944,00322,,https://www.sciencedirect.com/science/journal/00137944
Engineering Geology,0013-7952,00137952,05330,Incorporating Mining Science and Technology,https://www.sciencedirect.com/science/journal/00137952
Engineering Microbiology,2667-3703,26673703,31173,,https://www.sciencedirect.com/science/journal/26673703
"Engineering Science and Technology, an International Journal",2215-0986,22150986,18052,,https://www.sciencedirect.com/science/journal/22150986
Engineering Structures,0141-0296,01410296,03027,,https://www.sciencedirect.com/science/journal/01410296
English for Specific Purposes,0889-4906,08894906,00682,Formerly known as The ESP Journal,https://www.sciencedirect.com/science/journal/08894906
EngMedicine,2950-4899,29504899,31807,,https://www.sciencedirect.com/science/journal/29504899
Entertainment Computing,1875-9521,18759521,08654,,https://www.sciencedirect.com/science/journal/18759521
Environment International,0160-4120,01604120,00326,,https://www.sciencedirect.com/science/journal/01604120
Environmental Advances,2666-7657,26667657,30436,,https://www.sciencedirect.com/science/journal/26667657
Environmental Challenges,2667-0100,26670100,31067,,https://www.sciencedirect.com/science/journal/26670100
Environmental Chemistry and Ecotoxicology,2590-1826,25901826,30089,,https://www.sciencedirect.com/science/journal/25901826
Environmental Development,2211-4645,22114645,08774,,https://www.sciencedirect.com/science/journal/22114645
Environmental and Experimental Botany,0098-8472,00988472,00267,Formerly known as Radiation Botany,https://www.sciencedirect.com/science/journal/00988472
Environmental Functional Materials,2773-0581,27730581,31427,,https://www.sciencedirect.com/science/journal/27730581
"Environmental, Geological and Geotechnical Engineering",3117-9517,31179517,32418,,https://www.sciencedirect.com/science/journal/31179517
Environmental Impact Assessment Review,0195-9255,01959255,07643,,https://www.sciencedirect.com/science/journal/01959255
Environmental Innovation and Societal Transitions,2210-4224,22104224,08720,,https://www.sciencedirect.com/science/journal/22104224
Environmental Management: Emerging Contaminants,3117-5929,31175929,32317,,https://www.sciencedirect.com/science/journal/31175929
Environmental Management: Smart Solutions,3117-6496,31176496,32332,,https://www.sciencedirect.com/science/journal/31176496
Environmental Modelling & Software,1364-8152,13648152,02023,Formerly known as Environmental Software,https://www.sciencedirect.com/science/journal/13648152
"Environmental Nanotechnology, Monitoring & Management",2215-1532,22151532,17047,,https://www.sciencedirect.com/science/journal/22151532
Environmental Nexus,3050-9890,30509890,32132,,https://www.sciencedirect.com/science/journal/30509890
Environmental Pollution,0269-7491,02697491,02022,"Incorporating Environmental Pollution Series A, Ecological and Biological and Environmental Pollution Series B, Chemical and Physical",https://www.sciencedirect.com/science/journal/02697491
Environmental Pollution and Management,2950-3051,29503051,31729,,https://www.sciencedirect.com/science/journal/29503051
Environmental Research,0013-9351,00139351,12035,,https://www.sciencedirect.com/science/journal/00139351
Environmental Risk,3117-9274,31179274,32412,,https://www.sciencedirect.com/science/journal/31179274
Environmental Science and Ecotechnology,2666-4984,26664984,30339,,https://www.sciencedirect.com/science/journal/26664984
Environmental Science & Policy,1462-9011,14629011,01031,,https://www.sciencedirect.com/science/journal/14629011
Environmental Surfaces and Interfaces,2949-8643,29498643,31569,,https://www.sciencedirect.com/science/journal/29498643
Environmental and Sustainability Indicators,2665-9727,26659727,30149,,https://www.sciencedirect.com/science/journal/26659727
Environmental Technology & Innovation,2352-1864,23521864,18059,,https://www.sciencedirect.com/science/journal/23521864
Environmental Toxicology and Pharmacology,1382-6689,13826689,05432,Formerly known as European Journal of Pharmacology: Environmental Toxicology and Pharmacology,https://www.sciencedirect.com/science/journal/13826689
Enzyme and Microbial Technology,0141-0229,01410229,07644,,https://www.sciencedirect.com/science/journal/01410229
Epidemics,1755-4365,17554365,08640,,https://www.sciencedirect.com/science/journal/17554365
Epilepsy & Behavior,1525-5050,15255050,12876,,https://www.sciencedirect.com/science/journal/15255050
Epilepsy & Behavior Reports ,2589-9864,25899864,14105,Formerly known as Epilepsy & Behavior Case Reports,https://www.sciencedirect.com/science/journal/25899864
Epilepsy Research,0920-1211,09201211,05029,Incorporating Journal of Epilepsy,https://www.sciencedirect.com/science/journal/09201211
"e-Prime – Nexus of Electrical, Electronic, and Intelligent Engineering",3117-5112,31175112,31292,,https://www.sciencedirect.com/science/journal/31175112
Equity Neuroscience,3050-8401,30508401,32112,,https://www.sciencedirect.com/science/journal/30508401
eScience,2667-1417,26671417,31130,,https://www.sciencedirect.com/science/journal/26671417
eScience Energy,3050-9955,30509955,32127,,https://www.sciencedirect.com/science/journal/30509955
ESMO Gastrointestinal Oncology,2949-8198,29498198,31546,,https://www.sciencedirect.com/science/journal/29498198
ESMO Open,2059-7029,20597029,31013,,https://www.sciencedirect.com/science/journal/20597029
ESMO Rare Cancers,3050-4619,30504619,31957,,https://www.sciencedirect.com/science/journal/30504619
ESMO Real World Data and Digital Oncology,2949-8201,29498201,31545,,https://www.sciencedirect.com/science/journal/29498201
"Estuarine, Coastal and Shelf Science",0272-7714,02727714,12641,Formerly known as Estuarine and Coastal Marine Science,https://www.sciencedirect.com/science/journal/02727714
"Ethics, Medicine and Public Health",2352-5525,23525525,16354,,https://www.sciencedirect.com/science/journal/23525525
Éthique & Santé,1765-4629,17654629,15541,,https://www.sciencedirect.com/science/journal/17654629
eTransportation,2590-1168,25901168,30078,,https://www.sciencedirect.com/science/journal/25901168
EULAR Rheumatology Open,3050-7081,30507081,32082,,https://www.sciencedirect.com/science/journal/30507081
EuPA Open Proteomics,2212-9685,22129685,10158,,https://www.sciencedirect.com/science/journal/22129685
EURO Journal on Computational Optimization,2192-4406,21924406,31062,,https://www.sciencedirect.com/science/journal/21924406
EURO Journal on Decision Processes,2193-9438,21939438,31065,,https://www.sciencedirect.com/science/journal/21939438
EURO Journal on Transportation and Logistics,2192-4376,21924376,30335,,https://www.sciencedirect.com/science/journal/21924376
"European Annals of Otorhinolaryngology, Head and Neck Diseases",1879-7296,18797296,15869,,https://www.sciencedirect.com/science/journal/18797296
European Economic Review,0014-2921,00142921,05368,,https://www.sciencedirect.com/science/journal/00142921
European Journal of Agronomy,1161-0301,11610301,05444,,https://www.sciencedirect.com/science/journal/11610301
European Journal of Cancer,0959-8049,09598049,00104,Formerly known as European Journal of Cancer and Clinical Oncology,https://www.sciencedirect.com/science/journal/09598049
European Journal of Cancer Supplements,1359-6349,13596349,00110,,https://www.sciencedirect.com/science/journal/13596349
European Journal of Cell Biology,0171-9335,01719335,10005,,https://www.sciencedirect.com/science/journal/01719335
European Journal of Combinatorics,0195-6698,01956698,12636,,https://www.sciencedirect.com/science/journal/01956698
European Journal of Control,0947-3580,09473580,17015,,https://www.sciencedirect.com/science/journal/09473580
European Journal of Integrative Medicine,1876-3820,18763820,10062,,https://www.sciencedirect.com/science/journal/18763820
European Journal of Internal Medicine,0953-6205,09536205,05551,,https://www.sciencedirect.com/science/journal/09536205
European Journal of Mechanics - A/Solids,0997-7538,09977538,09030,,https://www.sciencedirect.com/science/journal/09977538
European Journal of Mechanics - B/Fluids,0997-7546,09977546,09031,,https://www.sciencedirect.com/science/journal/09977546
European Journal of Medical Genetics,1769-7212,17697212,09081,Formerly known as Annales de Génétique,https://www.sciencedirect.com/science/journal/17697212
European Journal of Medicinal Chemistry,0223-5234,02235234,09032,,https://www.sciencedirect.com/science/journal/02235234
European Journal of Medicinal Chemistry Reports,2772-4174,27724174,31235,,https://www.sciencedirect.com/science/journal/27724174
European Journal of Obstetrics & Gynecology and Reproductive Biology,0301-2115,03012115,08018,Formerly known as European Journal of Obstetrics & Gynecology,https://www.sciencedirect.com/science/journal/03012115
European Journal of Obstetrics & Gynecology and Reproductive Biology: X,2590-1613,25901613,18475,,https://www.sciencedirect.com/science/journal/25901613
European Journal of Oncology Nursing,1462-3889,14623889,12746,Formerly known as Journal of Cancer Nursing,https://www.sciencedirect.com/science/journal/14623889
European Journal of Operational Research,0377-2217,03772217,05369,,https://www.sciencedirect.com/science/journal/03772217
European Journal of Paediatric Neurology,1090-3798,10903798,12707,,https://www.sciencedirect.com/science/journal/10903798
European Journal of Pharmaceutical Sciences,0928-0987,09280987,05030,Incorporating Pharmaceutica Acta Helvetiae,https://www.sciencedirect.com/science/journal/09280987
European Journal of Pharmaceutics and Biopharmaceutics,0939-6411,09396411,05446,,https://www.sciencedirect.com/science/journal/09396411
European Journal of Pharmacology,0014-2999,00142999,05031,Incorporating European Journal of Pharmacology: Molecular Pharmacology,https://www.sciencedirect.com/science/journal/00142999
European Journal of Political Economy,0176-2680,01762680,05370,,https://www.sciencedirect.com/science/journal/01762680
European Journal of Protistology,0932-4739,09324739,10028,,https://www.sciencedirect.com/science/journal/09324739
The European Journal of Psychiatry,0213-6163,02136163,16440,,https://www.sciencedirect.com/science/journal/02136163
European Journal of Radiology,0720-048X,0720048X,08019,,https://www.sciencedirect.com/science/journal/0720048X
European Journal of Radiology Artificial Intelligence,3050-5771,30505771,32031,,https://www.sciencedirect.com/science/journal/30505771
European Journal of Radiology Open,2352-0477,23520477,17737,,https://www.sciencedirect.com/science/journal/23520477
European Journal of Soil Biology,1164-5563,11645563,09033,,https://www.sciencedirect.com/science/journal/11645563
European Journal of Surgical Oncology,0748-7983,07487983,12656,,https://www.sciencedirect.com/science/journal/07487983
European Journal of Trauma & Dissociation,2468-7499,24687499,16442,,https://www.sciencedirect.com/science/journal/24687499
European Journal of Vascular and Endovascular Surgery,1078-5884,10785884,12672,Formerly known as European Journal of Vascular Surgery,https://www.sciencedirect.com/science/journal/10785884
European Management Journal,0263-2373,02632373,00115,,https://www.sciencedirect.com/science/journal/02632373
European Neuropsychopharmacology,0924-977X,0924977X,05033,,https://www.sciencedirect.com/science/journal/0924977X
European Polymer Journal,0014-3057,00143057,00294,,https://www.sciencedirect.com/science/journal/00143057
European Research on Management and Business Economics,2444-8834,24448834,15976,Formerly  known as Investigaciones Europeas de Dirección y Economía de la Empresa,https://www.sciencedirect.com/science/journal/24448834
European Transport Studies,2950-2985,29502985,31723,,https://www.sciencedirect.com/science/journal/29502985
European Urology,0302-2838,03022838,05436,,https://www.sciencedirect.com/science/journal/03022838
European Urology Focus,2405-4569,24054569,18216,,https://www.sciencedirect.com/science/journal/24054569
European Urology Oncology,2588-9311,25889311,18434,,https://www.sciencedirect.com/science/journal/25889311
European Urology Open Science,2666-1683,26661683,05469,Formerly known as European Urology Supplements,https://www.sciencedirect.com/science/journal/26661683
Evaluation and Program Planning,0149-7189,01497189,00593,,https://www.sciencedirect.com/science/journal/01497189
Evolution and Human Behavior,1090-5138,10905138,07645,Formerly known as Ethology and Sociobiology,https://www.sciencedirect.com/science/journal/10905138
L'Évolution Psychiatrique,0014-3855,00143855,09035,,https://www.sciencedirect.com/science/journal/00143855
Evolving Earth,2950-1172,29501172,31635,,https://www.sciencedirect.com/science/journal/29501172
Examples and Counterexamples,2666-657X,2666657X,30410,,https://www.sciencedirect.com/science/journal/2666657X
Experimental Cell Research,0014-4827,00144827,12028,,https://www.sciencedirect.com/science/journal/00144827
Experimental Eye Research,0014-4835,00144835,12605,,https://www.sciencedirect.com/science/journal/00144835
Experimental Gerontology,0531-5565,05315565,07530,,https://www.sciencedirect.com/science/journal/05315565
Experimental Hematology,0301-472X,0301472X,07655,,https://www.sciencedirect.com/science/journal/0301472X
Experimental and Molecular Pathology,0014-4800,00144800,12031,,https://www.sciencedirect.com/science/journal/00144800
Experimental Neurology,0014-4886,00144886,12032,Incorporating Neurodegeneration,https://www.sciencedirect.com/science/journal/00144886
Experimental Parasitology,0014-4894,00144894,12034,,https://www.sciencedirect.com/science/journal/00144894
Experimental Thermal and Fluid Science,0894-1777,08941777,07646,,https://www.sciencedirect.com/science/journal/08941777
Expert Systems with Applications,0957-4174,09574174,00939,,https://www.sciencedirect.com/science/journal/09574174
Expert Systems with Applications: X,2590-1885,25901885,18477,,https://www.sciencedirect.com/science/journal/25901885
Explorations in Economic History,0014-4983,00144983,12029,,https://www.sciencedirect.com/science/journal/00144983
Exploratory Research in Clinical and Social Pharmacy,2667-2766,26672766,31163,,https://www.sciencedirect.com/science/journal/26672766
EXPLORE,1550-8307,15508307,13364,,https://www.sciencedirect.com/science/journal/15508307
Expositiones Mathematicae,0723-0869,07230869,10031,,https://www.sciencedirect.com/science/journal/07230869
Extracellular Vesicle,2773-0417,27730417,31414,,https://www.sciencedirect.com/science/journal/27730417
Extracorporeal Life Support,2616-4205,26164205,32254,,https://www.sciencedirect.com/science/journal/26164205
The Extractive Industries and Society,2214-790X,2214790X,17043,,https://www.sciencedirect.com/science/journal/2214790X
Extreme Environments and Engineering,3117-8952,31178952,32384,,https://www.sciencedirect.com/science/journal/31178952
Extreme Materials,3050-628X,3050628X,32059,,https://www.sciencedirect.com/science/journal/3050628X
Extreme Mechanics Letters,2352-4316,23524316,18071,,https://www.sciencedirect.com/science/journal/23524316
Eye Discovery,3117-4167,31174167,32266,,https://www.sciencedirect.com/science/journal/31174167
Facial Plastic Surgery Clinics of North America,1064-7406,10647406,13060,,https://www.sciencedirect.com/science/journal/10647406
Farming System,2949-9119,29499119,31590,,https://www.sciencedirect.com/science/journal/29499119
Fermented Foods,3051-231X,3051231X,32174,,https://www.sciencedirect.com/science/journal/3051231X
Fertility and Sterility,0015-0282,00150282,07647,,https://www.sciencedirect.com/science/journal/00150282
Field Crops Research,0378-4290,03784290,05104,,https://www.sciencedirect.com/science/journal/03784290
Filtration Industry Analyst,1365-6937,13656937,02207,,https://www.sciencedirect.com/science/journal/13656937
Finance Research Letters,1544-6123,15446123,13350,,https://www.sciencedirect.com/science/journal/15446123
Finance Research Open,3050-7006,30507006,32075,,https://www.sciencedirect.com/science/journal/30507006
Finite Elements in Analysis and Design,0168-874X,0168874X,05272,,https://www.sciencedirect.com/science/journal/0168874X
Finite Fields and Their Applications,1071-5797,10715797,12037,,https://www.sciencedirect.com/science/journal/10715797
Fire Safety Journal,0379-7112,03797112,02024,,https://www.sciencedirect.com/science/journal/03797112
FirePhysChem,2667-1344,26671344,31108,,https://www.sciencedirect.com/science/journal/26671344
First Nations Health and Wellbeing - The Lowitja Journal,2949-8406,29498406,31564,,https://www.sciencedirect.com/science/journal/29498406
Fish & Shellfish Immunology,1050-4648,10504648,12683,,https://www.sciencedirect.com/science/journal/10504648
Fish and Shellfish Immunology Reports,2667-0119,26670119,31072,,https://www.sciencedirect.com/science/journal/26670119
Fisheries Research,0165-7836,01657836,05105,,https://www.sciencedirect.com/science/journal/01657836
Fisioterapia,0211-5638,02115638,15713,,https://www.sciencedirect.com/science/journal/02115638
Fitoterapia,0367-326X,0367326X,05549,,https://www.sciencedirect.com/science/journal/0367326X
FlatChem,2452-2627,24522627,18317,,https://www.sciencedirect.com/science/journal/24522627
Flora,0367-2530,03672530,10032,"Formerly known as Flora oder Allgemeine botanische Zeitung. Abt. B, Morphologie und Geobotanik;",https://www.sciencedirect.com/science/journal/03672530
Flow Measurement and Instrumentation,0955-5986,09555986,03029,,https://www.sciencedirect.com/science/journal/09555986
Fluid Phase Equilibria,0378-3812,03783812,05153,,https://www.sciencedirect.com/science/journal/03783812
FMC - Formación Médica Continuada en Atención Primaria,1134-2072,11342072,15723,,https://www.sciencedirect.com/science/journal/11342072
Focus on Catalysts,1351-4180,13514180,04013,,https://www.sciencedirect.com/science/journal/13514180
Focus on Pigments,0969-6210,09696210,04011,,https://www.sciencedirect.com/science/journal/09696210
Focus on Powder Coatings,1364-5439,13645439,04015,,https://www.sciencedirect.com/science/journal/13645439
Focus on Surfactants,1351-4210,13514210,04009,,https://www.sciencedirect.com/science/journal/13514210
Food and Bioproducts Processing,0960-3085,09603085,08633,,https://www.sciencedirect.com/science/journal/09603085
Food Bioscience,2212-4292,22124292,12988,,https://www.sciencedirect.com/science/journal/22124292
Food and Chemical Toxicology,0278-6915,02786915,00237,Formerly known as Food and Cosmetics Toxicology,https://www.sciencedirect.com/science/journal/02786915
Food Chemistry,0308-8146,03088146,02025,,https://www.sciencedirect.com/science/journal/03088146
Food Chemistry Advances,2772-753X,2772753X,31341,,https://www.sciencedirect.com/science/journal/2772753X
Food Chemistry: Molecular Sciences,2666-5662,26665662,30383,,https://www.sciencedirect.com/science/journal/26665662
Food Chemistry: X,2590-1575,25901575,18468,,https://www.sciencedirect.com/science/journal/25901575
Food Control,0956-7135,09567135,03030,,https://www.sciencedirect.com/science/journal/09567135
Food and Humanity,2949-8244,29498244,31544,,https://www.sciencedirect.com/science/journal/29498244
Food Hydrocolloids,0268-005X,0268005X,01029,,https://www.sciencedirect.com/science/journal/0268005X
Food Hydrocolloids for Health,2667-0259,26670259,31084,,https://www.sciencedirect.com/science/journal/26670259
Food Medicine Health,3117-8200,31178200,32363,,https://www.sciencedirect.com/science/journal/31178200
Food Microbiology,0740-0020,07400020,12652,,https://www.sciencedirect.com/science/journal/07400020
Food Nutrition,3050-8436,30508436,32113,,https://www.sciencedirect.com/science/journal/30508436
Food Packaging and Shelf Life,2214-2894,22142894,18031,,https://www.sciencedirect.com/science/journal/22142894
Food Physics,2950-0699,29500699,31632,,https://www.sciencedirect.com/science/journal/29500699
Food Policy,0306-9192,03069192,03031,,https://www.sciencedirect.com/science/journal/03069192
Food Quality and Preference,0950-3293,09503293,02026,,https://www.sciencedirect.com/science/journal/09503293
Food Research International,0963-9969,09639969,02027,Formerly known as Canadian Institute of Food Science and Technology Journal,https://www.sciencedirect.com/science/journal/09639969
Food Research International: Reports,3117-3829,31173829,32252,,https://www.sciencedirect.com/science/journal/31173829
Food Research International: Translational Research,3117-3837,31173837,32253,,https://www.sciencedirect.com/science/journal/31173837
Food Science and Human Wellness,2213-4530,22134530,10151,,https://www.sciencedirect.com/science/journal/22134530
Food Structure,2213-3291,22133291,12994,,https://www.sciencedirect.com/science/journal/22133291
Food and Waterborne Parasitology,2405-6766,24056766,18843,,https://www.sciencedirect.com/science/journal/24056766
Food Webs,2352-2496,23522496,18749,,https://www.sciencedirect.com/science/journal/23522496
Food Wellness,3050-7111,30507111,32081,,https://www.sciencedirect.com/science/journal/30507111
The Foot,0958-2592,09582592,12743,,https://www.sciencedirect.com/science/journal/09582592
Foot and Ankle Clinics,1083-7515,10837515,13059,,https://www.sciencedirect.com/science/journal/10837515
Foot and Ankle Surgery,1268-7731,12687731,04056,,https://www.sciencedirect.com/science/journal/12687731
"Foot & Ankle Surgery: Techniques, Reports & Cases",2667-3967,26673967,31188,,https://www.sciencedirect.com/science/journal/26673967
Football Studies,3051-2689,30512689,32186,,https://www.sciencedirect.com/science/journal/30512689
Forage,3118-1155,31181155,32488,,https://www.sciencedirect.com/science/journal/31181155
Forces in Mechanics,2666-3597,26663597,30307,,https://www.sciencedirect.com/science/journal/26663597
Forensic Chemistry,2468-1709,24681709,18340,,https://www.sciencedirect.com/science/journal/24681709
Forensic Imaging,2666-2256,26662256,12774,Formerly known as Journal of Forensic Radiology and Imaging,https://www.sciencedirect.com/science/journal/26662256
Forensic Science International,0379-0738,03790738,08021,Formerly known as Forensic Science,https://www.sciencedirect.com/science/journal/03790738
Forensic Science International: Animals and Environments,2666-9374,26669374,31029,,https://www.sciencedirect.com/science/journal/26669374
Forensic Science International: Digital Investigation,2666-2817,26662817,04064,Formerly known as Digital Investigation,https://www.sciencedirect.com/science/journal/26662817
Forensic Science International: Genetics,1872-4973,18724973,04100,,https://www.sciencedirect.com/science/journal/18724973
Forensic Science International: Genetics Supplement Series,1875-1768,18751768,08156,,https://www.sciencedirect.com/science/journal/18751768
Forensic Science International: Mind and Law,2666-3538,26663538,30297,,https://www.sciencedirect.com/science/journal/26663538
Forensic Science International: Reports,2665-9107,26659107,30130,,https://www.sciencedirect.com/science/journal/26659107
Forensic Science International: Synergy,2589-871X,2589871X,18441,,https://www.sciencedirect.com/science/journal/2589871X
Forensic Sciences Research,2471-1411,24711411,32172,,https://www.sciencedirect.com/science/journal/24711411
Forest Ecology and Management,0378-1127,03781127,05106,,https://www.sciencedirect.com/science/journal/03781127
Forest Ecosystems,2197-5620,21975620,31429,,https://www.sciencedirect.com/science/journal/21975620
Forest Policy and Economics,1389-9341,13899341,05553,,https://www.sciencedirect.com/science/journal/13899341
Franklin Open,2773-1863,27731863,31458,,https://www.sciencedirect.com/science/journal/27731863
Free Radical Biology and Medicine,0891-5849,08915849,07531,Incorporating Advances in Free Radical Biology & Medicine and Journal of Free Radicals in Biology & Medicine,https://www.sciencedirect.com/science/journal/08915849
The French Journal of Urology,2950-3930,29503930,15101,,https://www.sciencedirect.com/science/journal/29503930
Frontiers of Architectural Research,2095-2635,20952635,18005,,https://www.sciencedirect.com/science/journal/20952635
Frontiers in Neuroendocrinology,0091-3022,00913022,12039,,https://www.sciencedirect.com/science/journal/00913022
F&S Reports,2666-3341,26663341,30373,,https://www.sciencedirect.com/science/journal/26663341
F&S Reviews,2666-5719,26665719,30372,,https://www.sciencedirect.com/science/journal/26665719
F&S Science,2666-335X,2666335X,30371,,https://www.sciencedirect.com/science/journal/2666335X
Fuel,0016-2361,00162361,03032,,https://www.sciencedirect.com/science/journal/00162361
Fuel Communications,2666-0520,26660520,18484,,https://www.sciencedirect.com/science/journal/26660520
Fuel and Energy Abstracts,0140-6701,01406701,03033,,https://www.sciencedirect.com/science/journal/01406701
Fuel Processing Technology,0378-3820,03783820,05154,,https://www.sciencedirect.com/science/journal/03783820
Fundamental Plasma Physics,2772-8285,27728285,31365,,https://www.sciencedirect.com/science/journal/27728285
Fundamental Research,2667-3258,26673258,31169,,https://www.sciencedirect.com/science/journal/26673258
Fungal Biology,1878-6146,18786146,04234,Formerly known as Mycological Research,https://www.sciencedirect.com/science/journal/18786146
Fungal Biology Reviews,1749-4613,17494613,04235,Formerly known as Mycologist,https://www.sciencedirect.com/science/journal/17494613
Fungal Ecology,1754-5048,17545048,04293,,https://www.sciencedirect.com/science/journal/17545048
Fungal Genetics and Biology,1087-1845,10871845,12038,Formerly known as Experimental Mycology,https://www.sciencedirect.com/science/journal/10871845
Fungal Interactions,2773-2150,27732150,31463,,https://www.sciencedirect.com/science/journal/27732150
Fusion Engineering and Design,0920-3796,09203796,06010,Formerly known as Nuclear Engineering and Design. Fusion,https://www.sciencedirect.com/science/journal/09203796
Fuss & Sprunggelenk,1619-9987,16199987,10060,,https://www.sciencedirect.com/science/journal/16199987
Future Batteries,2950-2640,29502640,31697,,https://www.sciencedirect.com/science/journal/29502640
Future Foods,2666-8335,26668335,30457,,https://www.sciencedirect.com/science/journal/26668335
Future Generation Computer Systems,0167-739X,0167739X,05273,,https://www.sciencedirect.com/science/journal/0167739X
Future Healthcare Journal,2514-6645,25146645,31791,,https://www.sciencedirect.com/science/journal/25146645
Futures,0016-3287,00163287,03034,,https://www.sciencedirect.com/science/journal/00163287
Fuzzy Sets and Systems,0165-0114,01650114,05371,,https://www.sciencedirect.com/science/journal/01650114
Gaceta Sanitaria,0213-9111,02139111,15747,,https://www.sciencedirect.com/science/journal/02139111
Gait & Posture,0966-6362,09666362,05107,,https://www.sciencedirect.com/science/journal/09666362
Games and Economic Behavior,0899-8256,08998256,12040,,https://www.sciencedirect.com/science/journal/08998256
Gas Science and Engineering,2949-9089,29499089,08655,,https://www.sciencedirect.com/science/journal/29499089
Gastro Hep Advances,2772-5723,27725723,31269,,https://www.sciencedirect.com/science/journal/27725723
Gastroenterología y Hepatología,0210-5705,02105705,15738,,https://www.sciencedirect.com/science/journal/02105705
Gastroenterología y Hepatología (English Edition),2444-3824,24443824,16411,,https://www.sciencedirect.com/science/journal/24443824
Gastroenterology,0016-5085,00165085,13216,,https://www.sciencedirect.com/science/journal/00165085
Gastroenterology Clinics of North America,0889-8553,08898553,13214,,https://www.sciencedirect.com/science/journal/08898553
Gastroenterology & Endoscopy,2949-7523,29497523,31511,,https://www.sciencedirect.com/science/journal/29497523
Gastrointestinal Endoscopy,0016-5107,00165107,13078,,https://www.sciencedirect.com/science/journal/00165107
Gastrointestinal Endoscopy Clinics of North America,1052-5157,10525157,13217,,https://www.sciencedirect.com/science/journal/10525157
Gene,0378-1119,03781119,05041,,https://www.sciencedirect.com/science/journal/03781119
Gene Expression Patterns,1567-133X,1567133X,05567,,https://www.sciencedirect.com/science/journal/1567133X
Gene and Genome Editing,2666-3880,26663880,30302,,https://www.sciencedirect.com/science/journal/26663880
Gene Reports,2452-0144,24520144,18860,,https://www.sciencedirect.com/science/journal/24520144
General and Comparative Endocrinology,0016-6480,00166480,12033,,https://www.sciencedirect.com/science/journal/00166480
General Hospital Psychiatry,0163-8343,01638343,07654,,https://www.sciencedirect.com/science/journal/01638343
Genes & Diseases,2352-3042,23523042,18068,,https://www.sciencedirect.com/science/journal/23523042
Genetics in Medicine,1098-3600,10983600,31237,,https://www.sciencedirect.com/science/journal/10983600
Genetics in Medicine Open,2949-7744,29497744,31524,,https://www.sciencedirect.com/science/journal/29497744
Genomics,0888-7543,08887543,12043,,https://www.sciencedirect.com/science/journal/08887543
Geobios,0016-6995,00166995,09110,,https://www.sciencedirect.com/science/journal/00166995
Geochemistry,0009-2819,00092819,10001,,https://www.sciencedirect.com/science/journal/00092819
Geochimica et Cosmochimica Acta,0016-7037,00167037,00212,,https://www.sciencedirect.com/science/journal/00167037
Geodata and AI,3050-483X,3050483X,31967,,https://www.sciencedirect.com/science/journal/3050483X
Geoderma,0016-7061,00167061,05333,,https://www.sciencedirect.com/science/journal/00167061
Geoderma Regional,2352-0094,23520094,17730,,https://www.sciencedirect.com/science/journal/23520094
Geodesy and Geodynamics,1674-9847,16749847,18158,,https://www.sciencedirect.com/science/journal/16749847
Geoenergy Science and Engineering,2949-8910,29498910,05346,,https://www.sciencedirect.com/science/journal/29498910
Geoforum,0016-7185,00167185,00344,,https://www.sciencedirect.com/science/journal/00167185
Geography and Sustainability,2666-6839,26666839,30408,,https://www.sciencedirect.com/science/journal/26666839
Geohazard Mechanics,2949-7418,29497418,31504,,https://www.sciencedirect.com/science/journal/29497418
Geomatica,1195-1036,11951036,31816,,https://www.sciencedirect.com/science/journal/11951036
Geomechanics for Energy and the Environment,2352-3808,23523808,18069,,https://www.sciencedirect.com/science/journal/23523808
Geomorphology,0169-555X,0169555X,05334,,https://www.sciencedirect.com/science/journal/0169555X
Geopsychiatry,3050-7138,30507138,32087,,https://www.sciencedirect.com/science/journal/30507138
Geoscience Frontiers,1674-9871,16749871,08721,,https://www.sciencedirect.com/science/journal/16749871
Geosystems and Geoenvironment,2772-8838,27728838,31371,,https://www.sciencedirect.com/science/journal/27728838
Geotextiles and Geomembranes,0266-1144,02661144,02028,,https://www.sciencedirect.com/science/journal/02661144
Geothermics,0375-6505,03756505,00389,,https://www.sciencedirect.com/science/journal/03756505
Geriatric Nursing,0197-4572,01974572,13166,,https://www.sciencedirect.com/science/journal/01974572
Geriatric Nursing: Asia,3051-3146,30513146,32216,,https://www.sciencedirect.com/science/journal/30513146
Giant,2666-5425,26665425,30360,,https://www.sciencedirect.com/science/journal/26665425
Glial Health Research,2950-4074,29504074,31773,,https://www.sciencedirect.com/science/journal/29504074
Global Challenges & Regional Science,3050-502X,3050502X,31983,,https://www.sciencedirect.com/science/journal/3050502X
Global and Earth Surface Processes Change,2950-4740,29504740,31794,,https://www.sciencedirect.com/science/journal/29504740
Global Ecology and Conservation,2351-9894,23519894,17076,,https://www.sciencedirect.com/science/journal/23519894
Global Economics Research,3050-8037,30508037,32105,,https://www.sciencedirect.com/science/journal/30508037
Global Energy Interconnection,2096-5117,20965117,30018,,https://www.sciencedirect.com/science/journal/20965117
Global Environmental Change,0959-3780,09593780,01043,,https://www.sciencedirect.com/science/journal/09593780
Global Environmental Change Advances,2950-1385,29501385,31636,,https://www.sciencedirect.com/science/journal/29501385
Global Epidemiology,2590-1133,25901133,30067,,https://www.sciencedirect.com/science/journal/25901133
Global Finance Journal,1044-0283,10440283,07407,,https://www.sciencedirect.com/science/journal/10440283
Global Food Security,2211-9124,22119124,08790,,https://www.sciencedirect.com/science/journal/22119124
Global Health Journal,2414-6447,24146447,30111,,https://www.sciencedirect.com/science/journal/24146447
Global Heritage Research,3117-7395,31177395,32335,,https://www.sciencedirect.com/science/journal/31177395
Global Medical Genetics,2699-9404,26999404,31985,,https://www.sciencedirect.com/science/journal/26999404
Global Medicine and Healthcare,2949-916X,2949916X,31598,,https://www.sciencedirect.com/science/journal/2949916X
Global Neurological Insights,3051-2484,30512484,32181,,https://www.sciencedirect.com/science/journal/30512484
Global Pediatrics,2667-0097,26670097,31041,,https://www.sciencedirect.com/science/journal/26670097
Global and Planetary Change,0921-8181,09218181,05335,,https://www.sciencedirect.com/science/journal/09218181
Global Transitions,2589-7918,25897918,18445,,https://www.sciencedirect.com/science/journal/25897918
Global Transitions Proceedings,2666-285X,2666285X,30279,,https://www.sciencedirect.com/science/journal/2666285X
Glycoscience & Therapy,3050-6085,30506085,32045,,https://www.sciencedirect.com/science/journal/30506085
Gondwana Research,1342-937X,1342937X,06066,,https://www.sciencedirect.com/science/journal/1342937X
Government Information Quarterly,0740-624X,0740624X,07408,Incorporating Journal of Government Information,https://www.sciencedirect.com/science/journal/0740624X
Grain & Oil Science and Technology,2590-2598,25902598,30116,,https://www.sciencedirect.com/science/journal/25902598
Graphical Models,1524-0703,15240703,12044,Formerly known as Graphical Models and Image Processing,https://www.sciencedirect.com/science/journal/15240703
Green Analytical Chemistry,2772-5774,27725774,31265,,https://www.sciencedirect.com/science/journal/27725774
Green Carbon,2950-1555,29501555,31639,,https://www.sciencedirect.com/science/journal/29501555
Green Chemical Engineering,2666-9528,26669528,31038,,https://www.sciencedirect.com/science/journal/26669528
Green Energy & Environment,2468-0257,24680257,18336,,https://www.sciencedirect.com/science/journal/24680257
Green Energy and Intelligent Transportation,2773-1537,27731537,31446,,https://www.sciencedirect.com/science/journal/27731537
Green Energy and Resources,2949-7205,29497205,31490,,https://www.sciencedirect.com/science/journal/29497205
Green and Smart Mining Engineering,2950-5550,29505550,31824,,https://www.sciencedirect.com/science/journal/29505550
Green Synthesis and Catalysis,2666-5549,26665549,30377,,https://www.sciencedirect.com/science/journal/26665549
Green Technologies and Sustainability,2949-7361,29497361,31501,,https://www.sciencedirect.com/science/journal/29497361
Groundwater for Sustainable Development,2352-801X,2352801X,18121,,https://www.sciencedirect.com/science/journal/2352801X
Growth Hormone & IGF Research,1096-6374,10966374,12770,,https://www.sciencedirect.com/science/journal/10966374
Gut Microbiology,3051-1720,30511720,32169,,https://www.sciencedirect.com/science/journal/30511720
Gut Microbiome and Health,3117-3594,31173594,32243,,https://www.sciencedirect.com/science/journal/31173594
Gynecologic Oncology,0090-8258,00908258,12045,,https://www.sciencedirect.com/science/journal/00908258
Gynecologic Oncology Reports,2352-5789,23525789,14068,Formerly known as Gynecologic Oncology Case Reports,https://www.sciencedirect.com/science/journal/23525789
Gynécologie Obstétrique Fertilité & Sénologie,2468-7189,24687189,09104,Formerly known as Gynécologie Obstétrique & Fertilité,https://www.sciencedirect.com/science/journal/24687189
Gynecology and Obstetrics Clinical Medicine,2667-1646,26671646,31132,,https://www.sciencedirect.com/science/journal/26671646
H2Open Journal,2616-6518,26166518,32347,,https://www.sciencedirect.com/science/journal/26166518
Habitat International,0197-3975,01973975,00479,,https://www.sciencedirect.com/science/journal/01973975
Hand Clinics,0749-0712,07490712,13063,,https://www.sciencedirect.com/science/journal/07490712
Hand Surgery and Rehabilitation ,2468-1229,24681229,09088,Formerly known as Chirurgie de la Main,https://www.sciencedirect.com/science/journal/24681229
HardwareX,2468-0672,24680672,18318,,https://www.sciencedirect.com/science/journal/24680672
Harmful Algae,1568-9883,15689883,08550,,https://www.sciencedirect.com/science/journal/15689883
Health Care Transitions,2949-9232,29499232,31606,,https://www.sciencedirect.com/science/journal/29499232
Health & Place,1353-8292,13538292,03092,,https://www.sciencedirect.com/science/journal/13538292
Health Policy,0168-8510,01688510,08022,Formerly known as Health Policy and Education,https://www.sciencedirect.com/science/journal/01688510
Health Policy in Asia,3117-4620,31174620,32273,,https://www.sciencedirect.com/science/journal/31174620
Health Policy OPEN,2590-2296,25902296,30108,,https://www.sciencedirect.com/science/journal/25902296
Health Policy and Technology,2211-8837,22118837,12981,,https://www.sciencedirect.com/science/journal/22118837
Health Sciences Review,2772-6320,27726320,31280,,https://www.sciencedirect.com/science/journal/27726320
Healthcare,2213-0764,22130764,14138,,https://www.sciencedirect.com/science/journal/22130764
Healthcare Analytics,2772-4425,27724425,31243,,https://www.sciencedirect.com/science/journal/27724425
Healthcare and Rehabilitation,3050-6131,30506131,32046,,https://www.sciencedirect.com/science/journal/30506131
Hearing Research,0378-5955,03785955,05043,,https://www.sciencedirect.com/science/journal/03785955
Heart Failure Clinics,1551-7136,15517136,13369,,https://www.sciencedirect.com/science/journal/15517136
Heart & Lung,0147-9563,01479563,13169,,https://www.sciencedirect.com/science/journal/01479563
"Heart, Lung and Circulation",1443-9506,14439506,05496,Formerly known as The Asia Pacific Heart Journal,https://www.sciencedirect.com/science/journal/14439506
Heart Rhythm,1547-5271,15475271,13360,,https://www.sciencedirect.com/science/journal/15475271
Heart Rhythm O2,2666-5018,26665018,30333,,https://www.sciencedirect.com/science/journal/26665018
HeartRhythm Case Reports,2214-0271,22140271,14151,,https://www.sciencedirect.com/science/journal/22140271
Heliyon,2405-8440,24058440,18230,,https://www.sciencedirect.com/science/journal/24058440
Hellenic Journal of Cardiology,1109-9666,11099666,18356,,https://www.sciencedirect.com/science/journal/11099666
Hematology/Oncology Clinics of North America,0889-8588,08898588,13299,,https://www.sciencedirect.com/science/journal/08898588
"Hematology, Transfusion and Cell Therapy",2531-1379,25311379,15904,Formerly known as Revista Brasileira de Hematologia e Hemoterapia,https://www.sciencedirect.com/science/journal/25311379
Hepatobiliary Communications,3117-8162,31178162,32361,,https://www.sciencedirect.com/science/journal/31178162
Hepatobiliary & Pancreatic Diseases International,1499-3872,14993872,08757,,https://www.sciencedirect.com/science/journal/14993872
High Energy Density Physics,1574-1818,15741818,05507,,https://www.sciencedirect.com/science/journal/15741818
High-Confidence Computing,2667-2952,26672952,31164,,https://www.sciencedirect.com/science/journal/26672952
High-speed Railway,2949-8678,29498678,31573,,https://www.sciencedirect.com/science/journal/29498678
Historia Mathematica,0315-0860,03150860,12047,,https://www.sciencedirect.com/science/journal/03150860
hLife,2949-9283,29499283,31610,,https://www.sciencedirect.com/science/journal/29499283
Hormones and Behavior,0018-506X,0018506X,12046,,https://www.sciencedirect.com/science/journal/0018506X
Horticultural Plant Journal,2468-0141,24680141,18316,,https://www.sciencedirect.com/science/journal/24680141
HPB,1365-182X,1365182X,18284,,https://www.sciencedirect.com/science/journal/1365182X
Human Factors in Healthcare,2772-5014,27725014,31250,,https://www.sciencedirect.com/science/journal/27725014
Human Gene,2773-0441,27730441,08833,,https://www.sciencedirect.com/science/journal/27730441
Human Genetics and Genomics Advances,2666-2477,26662477,30270,,https://www.sciencedirect.com/science/journal/26662477
Human Immunology,0198-8859,01988859,07660,,https://www.sciencedirect.com/science/journal/01988859
Human Movement Science,0167-9457,01679457,05274,,https://www.sciencedirect.com/science/journal/01679457
Human Nutrition & Metabolism,2666-1497,26661497,14201,,https://www.sciencedirect.com/science/journal/26661497
Human Pathology,0046-8177,00468177,13064,,https://www.sciencedirect.com/science/journal/00468177
Human Pathology: Case Reports,2214-3300,22143300,14155,,https://www.sciencedirect.com/science/journal/22143300
Human Pathology Reports,2772-736X,2772736X,14155,,https://www.sciencedirect.com/science/journal/2772736X
Human Resource Management Review,1053-4822,10534822,07410,,https://www.sciencedirect.com/science/journal/10534822
Human Settlements and Sustainability,3050-6077,30506077,32044,,https://www.sciencedirect.com/science/journal/30506077
Hybrid Advances,2773-207X,2773207X,31460,,https://www.sciencedirect.com/science/journal/2773207X
Hydrology Research,1998-9563,19989563,32350,,https://www.sciencedirect.com/science/journal/19989563
Hydrometallurgy,0304-386X,0304386X,05336,,https://www.sciencedirect.com/science/journal/0304386X
HydroResearch,2589-7578,25897578,18440,,https://www.sciencedirect.com/science/journal/25897578
Hygiene and Environmental Health Advances,2773-0492,27730492,31420,,https://www.sciencedirect.com/science/journal/27730492
IATSS Research,0386-1112,03861112,12899,,https://www.sciencedirect.com/science/journal/03861112
IBRO Neuroscience Reports,2667-2421,26672421,18263,,https://www.sciencedirect.com/science/journal/26672421
IBRO Reports,2451-8301,24518301,18263,,https://www.sciencedirect.com/science/journal/24518301
Icarus,0019-1035,00191035,12049,,https://www.sciencedirect.com/science/journal/00191035
ICT Express,2405-9595,24059595,18247,,https://www.sciencedirect.com/science/journal/24059595
IDCases,2214-2509,22142509,18023,,https://www.sciencedirect.com/science/journal/22142509
IFAC Journal of Systems and Control,2468-6018,24686018,18378,,https://www.sciencedirect.com/science/journal/24686018
IFAC-PapersOnLine,2405-8963,24058963,18189,Formerly known as IFAC Proceedings Volumes,https://www.sciencedirect.com/science/journal/24058963
iGIE,2949-7086,29497086,31486,,https://www.sciencedirect.com/science/journal/29497086
IHJ Cardiovascular Case Reports (CVCR),2468-600X,2468600X,18372,,https://www.sciencedirect.com/science/journal/2468600X
IHJ Cardiovascular Reports,2950-4678,29504678,18372,,https://www.sciencedirect.com/science/journal/29504678
IIMB Management Review,0970-3896,09703896,12768,,https://www.sciencedirect.com/science/journal/09703896
IJC Heart & Vasculature,2352-9067,23529067,08168,Formerly known as IJC Heart & Vessels,https://www.sciencedirect.com/science/journal/23529067
IJID One Health,2949-9151,29499151,31586,,https://www.sciencedirect.com/science/journal/29499151
IJID Regions,2772-7076,27727076,31324,,https://www.sciencedirect.com/science/journal/27727076
iLiver,2772-9478,27729478,31387,,https://www.sciencedirect.com/science/journal/27729478
Image and Vision Computing,0262-8856,02628856,05278,,https://www.sciencedirect.com/science/journal/02628856
Imagerie de la Femme,1776-9817,17769817,15773,,https://www.sciencedirect.com/science/journal/17769817
Immunity,1074-7613,10747613,07591,,https://www.sciencedirect.com/science/journal/10747613
Immuno-Oncology Technology,2590-0188,25900188,30017,,https://www.sciencedirect.com/science/journal/25900188
Immunobiology,0171-2985,01712985,10026,Formerly known as Zeitschrift für Immunitätsforschung: Immunobiology,https://www.sciencedirect.com/science/journal/01712985
ImmunoInformatics,2667-1190,26671190,31120,,https://www.sciencedirect.com/science/journal/26671190
Immunology and Allergy Clinics of North America,0889-8561,08898561,13300,,https://www.sciencedirect.com/science/journal/08898561
Immunology Letters,0165-2478,01652478,05044,,https://www.sciencedirect.com/science/journal/01652478
In Analysis,2542-3606,25423606,16443,,https://www.sciencedirect.com/science/journal/25423606
Indagationes Mathematicae,0019-3577,00193577,05280,Incorporating Indagationes Mathematicae (Proceedings),https://www.sciencedirect.com/science/journal/00193577
Indian Heart Journal,0019-4832,00194832,18007,,https://www.sciencedirect.com/science/journal/00194832
Indian Journal of Medical Microbiology,0255-0857,02550857,31057,,https://www.sciencedirect.com/science/journal/02550857
Indian Journal of Tuberculosis,0019-5707,00195707,18168,,https://www.sciencedirect.com/science/journal/00195707
Indian Pacing and Electrophysiology Journal,0972-6292,09726292,18240,,https://www.sciencedirect.com/science/journal/09726292
Indoor Environments,2950-3620,29503620,31771,,https://www.sciencedirect.com/science/journal/29503620
Industrial Crops and Products,0926-6690,09266690,05108,,https://www.sciencedirect.com/science/journal/09266690
Industrial Marketing Management,0019-8501,00198501,07663,,https://www.sciencedirect.com/science/journal/00198501
Infant Behavior and Development,0163-6383,01636383,07454,,https://www.sciencedirect.com/science/journal/01636383
"Infection, Disease & Health",2468-0451,24680451,18324,Formerly known as Healthcare Infection,https://www.sciencedirect.com/science/journal/24680451
"Infection, Genetics and Evolution",1567-1348,15671348,05573,,https://www.sciencedirect.com/science/journal/15671348
Infection Prevention in Practice,2590-0889,25900889,30043,,https://www.sciencedirect.com/science/journal/25900889
Infectious Disease Clinics of North America,0891-5520,08915520,13224,,https://www.sciencedirect.com/science/journal/08915520
Infectious Disease Modelling,2468-0427,24680427,18312,,https://www.sciencedirect.com/science/journal/24680427
Infectious Diseases Now,2666-9919,26669919,09073,Formerly known as Médecine et Maladies Infectieuses,https://www.sciencedirect.com/science/journal/26669919
Infectious Medicine,2772-431X,2772431X,31244,,https://www.sciencedirect.com/science/journal/2772431X
Informatics and Health,2949-9534,29499534,31621,,https://www.sciencedirect.com/science/journal/29499534
Informatics in Medicine Unlocked,2352-9148,23529148,18129,,https://www.sciencedirect.com/science/journal/23529148
Information and Computation,0890-5401,08905401,12048,Formerly known as Information and Control,https://www.sciencedirect.com/science/journal/08905401
Information Economics and Policy,0167-6245,01676245,05375,,https://www.sciencedirect.com/science/journal/01676245
Information Fusion,1566-2535,15662535,05561,,https://www.sciencedirect.com/science/journal/15662535
Information Geography,3050-5208,30505208,31999,,https://www.sciencedirect.com/science/journal/30505208
Information & Management,0378-7206,03787206,05374,,https://www.sciencedirect.com/science/journal/03787206
Information and Organization,1471-7727,14717727,00964,"Formerly known as Accounting, Management and Information Technologies",https://www.sciencedirect.com/science/journal/14717727
Information Processing in Agriculture,2214-3173,22143173,17020,,https://www.sciencedirect.com/science/journal/22143173
Information Processing Letters,0020-0190,00200190,05282,,https://www.sciencedirect.com/science/journal/00200190
Information Processing & Management,0306-4573,03064573,00244,Formerly known as Information Storage and Retrieval,https://www.sciencedirect.com/science/journal/03064573
Information Sciences,0020-0255,00200255,07669,Incorporating Information Sciences - Applications,https://www.sciencedirect.com/science/journal/00200255
Information and Software Technology,0950-5849,09505849,05281,Formerly known as Data Processing,https://www.sciencedirect.com/science/journal/09505849
Information Systems,0306-4379,03064379,00236,,https://www.sciencedirect.com/science/journal/03064379
Infrared Physics & Technology,1350-4495,13504495,05198,Formerly known as Infrared Physics,https://www.sciencedirect.com/science/journal/13504495
Journal of Infrastructure Intelligence and Resilience,2772-9915,27729915,31399,,https://www.sciencedirect.com/science/journal/27729915
Injury,0020-1383,00201383,03040,,https://www.sciencedirect.com/science/journal/00201383
The Innovation,2666-6758,26666758,30418,,https://www.sciencedirect.com/science/journal/26666758
Innovation and Green Development,2949-7531,29497531,31514,,https://www.sciencedirect.com/science/journal/29497531
Innovations in Industrial Crops and Processing,3117-6526,31176526,32315,,https://www.sciencedirect.com/science/journal/31176526
Innovative Food Science & Emerging Technologies,1466-8564,14668564,01059,,https://www.sciencedirect.com/science/journal/14668564
Innovative Practice in Breast Health,2950-2128,29502128,31665,,https://www.sciencedirect.com/science/journal/29502128
Inorganic Chemistry Communications,1387-7003,13877003,06052,,https://www.sciencedirect.com/science/journal/13877003
Inorganica Chimica Acta,0020-1693,00201693,06011,Incorporating Inorganica Chimica Acta Reviews,https://www.sciencedirect.com/science/journal/00201693
Insect Biochemistry and Molecular Biology,0965-1748,09651748,00390,Formerly known as Insect Biochemistry,https://www.sciencedirect.com/science/journal/09651748
Insights in Biochemistry and Molecular Biology,3117-3632,31173632,32241,,https://www.sciencedirect.com/science/journal/31173632
Insurance: Mathematics and Economics,0167-6687,01676687,05376,,https://www.sciencedirect.com/science/journal/01676687
Integrated Diagnostics,3117-5899,31175899,32321,,https://www.sciencedirect.com/science/journal/31175899
Integration,0167-9260,01679260,05286,,https://www.sciencedirect.com/science/journal/01679260
Integrative Medicine Research,2213-4220,22134220,10147,,https://www.sciencedirect.com/science/journal/22134220
Intelligence,0160-2896,01602896,07455,,https://www.sciencedirect.com/science/journal/01602896
Intelligence-Based Medicine,2666-5212,26665212,30343,,https://www.sciencedirect.com/science/journal/26665212
Intelligent Climate and Eco-Environment,3051-2530,30512530,32183,,https://www.sciencedirect.com/science/journal/30512530
Intelligent Geoengineering,3050-6190,30506190,32055,,https://www.sciencedirect.com/science/journal/30506190
Intelligent Hospital,3050-8371,30508371,32109,,https://www.sciencedirect.com/science/journal/30508371
Intelligent Medicine,2667-1026,26671026,31107,,https://www.sciencedirect.com/science/journal/26671026
Intelligent Oncology,2950-2616,29502616,31694,,https://www.sciencedirect.com/science/journal/29502616
Intelligent Pharmacy,2949-866X,2949866X,31574,,https://www.sciencedirect.com/science/journal/2949866X
Intelligent Sports and Health,3050-5445,30505445,32013,,https://www.sciencedirect.com/science/journal/30505445
Intelligent Surgery,2666-6766,26666766,30414,,https://www.sciencedirect.com/science/journal/26666766
Intelligent Systems with Applications,2667-3053,26673053,18477,,https://www.sciencedirect.com/science/journal/26673053
Intelligent Translational Medicine,3117-969X,3117969X,32434,,https://www.sciencedirect.com/science/journal/3117969X
Intensive Care Science,3117-8219,31178219,32362,,https://www.sciencedirect.com/science/journal/31178219
Intensive and Critical Care Nursing,0964-3397,09643397,12744,Formerly known as Intensive Care Nursing,https://www.sciencedirect.com/science/journal/09643397
Interbloc,0242-3960,02423960,15552,,https://www.sciencedirect.com/science/journal/02423960
Interdisciplinary Neurosurgery,2214-7519,22147519,18053,,https://www.sciencedirect.com/science/journal/22147519
Intermetallics,0966-9795,09669795,02041,,https://www.sciencedirect.com/science/journal/09669795
International Biodeterioration & Biodegradation,0964-8305,09648305,02029,Formerly known as International Biodeterioration,https://www.sciencedirect.com/science/journal/09648305
International Business Review,0969-5931,09695931,00133,Formerly known as Scandinavian International Business Review,https://www.sciencedirect.com/science/journal/09695931
International Communications in Heat and Mass Transfer,0735-1933,07351933,00208,Formerly known as Letters in Heat and Mass Transfer,https://www.sciencedirect.com/science/journal/07351933
International Dairy Journal,0958-6946,09586946,02030,,https://www.sciencedirect.com/science/journal/09586946
International Dental Journal,0020-6539,00206539,31123,,https://www.sciencedirect.com/science/journal/00206539
International Economics,2110-7017,21107017,17008,,https://www.sciencedirect.com/science/journal/21107017
International Emergency Nursing,1755-599X,1755599X,12738,Formerly known as Accident & Emergency Nursing,https://www.sciencedirect.com/science/journal/1755599X
International Immunopharmacology,1567-5769,15675769,05576,Incorporating Immunopharmacology and International Journal of Immunopharmacology,https://www.sciencedirect.com/science/journal/15675769
International Journal of Accounting Information Systems,1467-0895,14670895,07464,,https://www.sciencedirect.com/science/journal/14670895
International Journal of Adhesion and Adhesives,0143-7496,01437496,03042,,https://www.sciencedirect.com/science/journal/01437496
International Journal of Advanced Nuclear Reactor Design and Technology,2468-6050,24686050,18369,,https://www.sciencedirect.com/science/journal/24686050
International Journal of Africa Nursing Sciences,2214-1391,22141391,08831,,https://www.sciencedirect.com/science/journal/22141391
International Journal of Antimicrobial Agents,0924-8579,09248579,05047,,https://www.sciencedirect.com/science/journal/09248579
International Journal of Applied Earth Observation and Geoinformation,1569-8432,15698432,05539,,https://www.sciencedirect.com/science/journal/15698432
International Journal of Approximate Reasoning,0888-613X,0888613X,07662,,https://www.sciencedirect.com/science/journal/0888613X
International Journal of Artificial Intelligence in Education,1560-4292,15604292,32369,,https://www.sciencedirect.com/science/journal/15604292
The International Journal of Biochemistry & Cell Biology,1357-2725,13572725,00395,Formerly known as International Journal of Biochemistry,https://www.sciencedirect.com/science/journal/13572725
International Journal of Biological Macromolecules,0141-8130,01418130,05048,,https://www.sciencedirect.com/science/journal/01418130
International Journal of Cardiology,0167-5273,01675273,08025,,https://www.sciencedirect.com/science/journal/01675273
International Journal of Cardiology Cardiovascular Risk and Prevention,2772-4875,27724875,30056,,https://www.sciencedirect.com/science/journal/27724875
International Journal of Cardiology Congenital Heart Disease,2666-6685,26666685,30412,,https://www.sciencedirect.com/science/journal/26666685
International Journal of Cardiology Hypertension,2590-0862,25900862,30056,,https://www.sciencedirect.com/science/journal/25900862
International Journal of Cardiology Innovations,3051-4452,30514452,32229,,https://www.sciencedirect.com/science/journal/30514452
International Journal of Child-Computer Interaction,2212-8689,22128689,18006,,https://www.sciencedirect.com/science/journal/22128689
International Journal of Clinical and Health Psychology,1697-2600,16972600,15827,,https://www.sciencedirect.com/science/journal/16972600
International Journal of Coal Geology,0166-5162,01665162,05337,,https://www.sciencedirect.com/science/journal/01665162
International Journal of Cognitive Computing in Engineering,2666-3074,26663074,30285,,https://www.sciencedirect.com/science/journal/26663074
International Journal of Critical Infrastructure Protection,1874-5482,18745482,08628,,https://www.sciencedirect.com/science/journal/18745482
International Journal of Disaster Risk Reduction,2212-4209,22124209,08802,,https://www.sciencedirect.com/science/journal/22124209
International Journal of Drug Policy,0955-3959,09553959,05519,,https://www.sciencedirect.com/science/journal/09553959
International Journal of Educational Development,0738-0593,07380593,00719,,https://www.sciencedirect.com/science/journal/07380593
International Journal of Educational Research,0883-0355,08830355,00968,Formerly known as Evaluation in Education,https://www.sciencedirect.com/science/journal/08830355
International Journal of Educational Research Open,2666-3740,26663740,30295,,https://www.sciencedirect.com/science/journal/26663740
International Journal of Electrical Power & Energy Systems,0142-0615,01420615,03044,,https://www.sciencedirect.com/science/journal/01420615
International Journal of Electrochemical Science,1452-3981,14523981,31608,,https://www.sciencedirect.com/science/journal/14523981
International Journal of Engineering Science,0020-7225,00207225,00278,,https://www.sciencedirect.com/science/journal/00207225
International Journal of Fatigue,0142-1123,01421123,03045,,https://www.sciencedirect.com/science/journal/01421123
International Journal of Food Microbiology,0168-1605,01681605,05109,,https://www.sciencedirect.com/science/journal/01681605
International Journal of Forecasting,0169-2070,01692070,05378,,https://www.sciencedirect.com/science/journal/01692070
International Journal of Gastronomy and Food Science,1878-450X,1878450X,10098,,https://www.sciencedirect.com/science/journal/1878450X
International Journal of Geoheritage and Parks,2577-4441,25774441,30019,,https://www.sciencedirect.com/science/journal/25774441
International Journal of Greenhouse Gas Control,1750-5836,17505836,04089,,https://www.sciencedirect.com/science/journal/17505836
International Journal of Heat and Fluid Flow,0142-727X,0142727X,07657,,https://www.sciencedirect.com/science/journal/0142727X
International Journal of Heat and Mass Transfer,0017-9310,00179310,00210,,https://www.sciencedirect.com/science/journal/00179310
International Journal of Hospitality Management,0278-4319,02784319,00659,,https://www.sciencedirect.com/science/journal/02784319
International Journal of Human-Computer Studies,1071-5819,10715819,12608,Formerly known as International Journal of Man-Machine Studies; Incorporating Knowledge Acquisition,https://www.sciencedirect.com/science/journal/10715819
International Journal of Hydrogen Energy,0360-3199,03603199,00485,,https://www.sciencedirect.com/science/journal/03603199
International Journal of Hygiene and Environmental Health,1438-4639,14384639,10024,Formerly known as Zentralblatt für Hygiene und Umweltmedizin,https://www.sciencedirect.com/science/journal/14384639
International Journal of Impact Engineering,0734-743X,0734743X,00700,,https://www.sciencedirect.com/science/journal/0734743X
International Journal of Industrial Ergonomics,0169-8141,01698141,05284,,https://www.sciencedirect.com/science/journal/01698141
International Journal of Industrial Organization,0167-7187,01677187,05379,,https://www.sciencedirect.com/science/journal/01677187
International Journal of Infectious Diseases,1201-9712,12019712,04292,,https://www.sciencedirect.com/science/journal/12019712
International Journal of Information Management,0268-4012,02684012,03046,Formerly known as Social Science Information Studies,https://www.sciencedirect.com/science/journal/02684012
International Journal of Information Management Data Insights,2667-0968,26670968,31103,,https://www.sciencedirect.com/science/journal/26670968
International Journal of Innovation Studies,2096-2487,20962487,18405,,https://www.sciencedirect.com/science/journal/20962487
International Journal of Intelligent Networks,2666-6030,26666030,30392,,https://www.sciencedirect.com/science/journal/26666030
International Journal of Intercultural Relations,0147-1767,01471767,00535,,https://www.sciencedirect.com/science/journal/01471767
"International Journal of Law, Crime and Justice",1756-0616,17560616,12632,Formerly known as International Journal of the Sociology of Law,https://www.sciencedirect.com/science/journal/17560616
International Journal of Law and Psychiatry,0160-2527,01602527,00295,,https://www.sciencedirect.com/science/journal/01602527
International Journal of Lightweight Materials and Manufacture,2588-8404,25888404,18406,,https://www.sciencedirect.com/science/journal/25888404
International Journal of Lung Cancer,3117-504X,3117504X,32287,,https://www.sciencedirect.com/science/journal/3117504X
International Journal of Machine Tools and Manufacture,0890-6955,08906955,00264,Formerly known as International Journal of Machine Tool Design and Research,https://www.sciencedirect.com/science/journal/08906955
The International Journal of Management Education,1472-8117,14728117,17001,,https://www.sciencedirect.com/science/journal/14728117
International Journal of Mass Spectrometry,1387-3806,13873806,05155,Formerly known as International Journal of Mass Spectrometry and Ion Processes,https://www.sciencedirect.com/science/journal/13873806
International Journal of Mechanical Sciences,0020-7403,00207403,00206,,https://www.sciencedirect.com/science/journal/00207403
International Journal of Medical Informatics,1386-5056,13865056,08024,Formerly known as International Journal of Bio-Medical Computing,https://www.sciencedirect.com/science/journal/13865056
International Journal of Medical Microbiology,1438-4221,14384221,10025,Formerly known as Zentralblatt für Bakteriologie; Incorporating International Journal of Medical Microbiology Supplements,https://www.sciencedirect.com/science/journal/14384221
International Journal of Mining Science and Technology,2095-2686,20952686,08603,Formerly known as Mining Science and Technology (China),https://www.sciencedirect.com/science/journal/20952686
International Journal of Multiphase Flow,0301-9322,03019322,00234,,https://www.sciencedirect.com/science/journal/03019322
International Journal of Naval Architecture and Ocean Engineering,2092-6782,20926782,18298,,https://www.sciencedirect.com/science/journal/20926782
International Journal of Non-Linear Mechanics,0020-7462,00207462,00299,,https://www.sciencedirect.com/science/journal/00207462
International Journal of Nursing Sciences,2352-0132,23520132,18057,,https://www.sciencedirect.com/science/journal/23520132
International Journal of Nursing Studies,0020-7489,00207489,00266,,https://www.sciencedirect.com/science/journal/00207489
International Journal of Nursing Studies Advances,2666-142X,2666142X,30234,,https://www.sciencedirect.com/science/journal/2666142X
International Journal of Obstetric Anesthesia,0959-289X,0959289X,12733,,https://www.sciencedirect.com/science/journal/0959289X
International Journal of Gynecological Cancer,1048-891X,1048891X,32049,,https://www.sciencedirect.com/science/journal/1048891X
International Journal of Oral and Maxillofacial Surgery,0901-5027,09015027,12901,Formerly known as International Journal of Oral Surgery,https://www.sciencedirect.com/science/journal/09015027
International Journal of Orthopaedic and Trauma Nursing,1878-1241,18781241,12748,Formerly known as Journal of Orthopaedic Nursing,https://www.sciencedirect.com/science/journal/18781241
International Journal of Osteopathic Medicine,1746-0689,17460689,04081,Formerly known as Journal of Osteopathic Medicine,https://www.sciencedirect.com/science/journal/17460689
International Journal of Paleopathology,1879-9817,18799817,12931,,https://www.sciencedirect.com/science/journal/18799817
International Journal for Parasitology,0020-7519,00207519,00353,,https://www.sciencedirect.com/science/journal/00207519
International Journal for Parasitology: Drugs and Drug Resistance,2211-3207,22113207,12969,,https://www.sciencedirect.com/science/journal/22113207
International Journal for Parasitology: Parasites and Wildlife,2213-2244,22132244,10131,,https://www.sciencedirect.com/science/journal/22132244
International Journal of Particle Therapy,2331-5180,23315180,31793,,https://www.sciencedirect.com/science/journal/23315180
International Journal of Pediatric Otorhinolaryngology,0165-5876,01655876,08028,,https://www.sciencedirect.com/science/journal/01655876
International Journal of Pharmaceutics,0378-5173,03785173,05049,,https://www.sciencedirect.com/science/journal/03785173
International Journal of Pharmaceutics: X,2590-1567,25901567,18461,,https://www.sciencedirect.com/science/journal/25901567
International Journal of Plasticity,0749-6419,07496419,00762,,https://www.sciencedirect.com/science/journal/07496419
International Journal of Pressure Vessels and Piping,0308-0161,03080161,02031,,https://www.sciencedirect.com/science/journal/03080161
International Journal of Production Economics,0925-5273,09255273,05380,Formerly known as Engineering Costs and Production Economics,https://www.sciencedirect.com/science/journal/09255273
International Journal of Project Management,0263-7863,02637863,03047,,https://www.sciencedirect.com/science/journal/02637863
International Journal of Psychophysiology,0167-8760,01678760,05050,,https://www.sciencedirect.com/science/journal/01678760
International Journal of Radiation Oncology*Biology*Physics,0360-3016,03603016,07551,,https://www.sciencedirect.com/science/journal/03603016
International Journal of Refractory Metals and Hard Materials,0263-4368,02634368,02128,,https://www.sciencedirect.com/science/journal/02634368
International Journal of Refrigeration,0140-7007,01407007,03048,,https://www.sciencedirect.com/science/journal/01407007
International Journal of Research in Marketing,0167-8116,01678116,05381,,https://www.sciencedirect.com/science/journal/01678116
International Journal of Rock Mechanics and Mining Sciences,1365-1609,13651609,00256,Formerly known as International Journal of Rock Mechanics and Mining Sciences & Geomechanics Abstracts,https://www.sciencedirect.com/science/journal/13651609
International Journal of Sediment Research,1001-6279,10016279,08648,,https://www.sciencedirect.com/science/journal/10016279
International Journal of Solids and Structures,0020-7683,00207683,00297,,https://www.sciencedirect.com/science/journal/00207683
International Journal of Surgery Case Reports,2210-2612,22102612,12885,,https://www.sciencedirect.com/science/journal/22102612
International Journal of Surgery Open,2405-8572,24058572,18209,,https://www.sciencedirect.com/science/journal/24058572
International Journal of Thermal Sciences,1290-0729,12900729,09063,Formerly known as Revue Générale de Thermique,https://www.sciencedirect.com/science/journal/12900729
International Journal of Thermofluids,2666-2027,26662027,30251,,https://www.sciencedirect.com/science/journal/26662027
International Journal of Transportation Science and Technology,2046-0430,20460430,18363,,https://www.sciencedirect.com/science/journal/20460430
International Orthodontics,1761-7227,17617227,15544,,https://www.sciencedirect.com/science/journal/17617227
International Psychogeriatrics,1041-6102,10416102,32010,,https://www.sciencedirect.com/science/journal/10416102
International Review of Economics Education,1477-3880,14773880,10172,,https://www.sciencedirect.com/science/journal/14773880
International Review of Economics & Finance,1059-0560,10590560,07415,,https://www.sciencedirect.com/science/journal/10590560
International Review of Financial Analysis,1057-5219,10575219,07416,,https://www.sciencedirect.com/science/journal/10575219
International Review of Law and Economics,0144-8188,01448188,07673,,https://www.sciencedirect.com/science/journal/01448188
International Soil and Water Conservation Research,2095-6339,20956339,18187,,https://www.sciencedirect.com/science/journal/20956339
The Internet and Higher Education,1096-7516,10967516,07447,,https://www.sciencedirect.com/science/journal/10967516
Internet Interventions,2214-7829,22147829,18051,,https://www.sciencedirect.com/science/journal/22147829
Internet of Things,2542-6605,25426605,18410,,https://www.sciencedirect.com/science/journal/25426605
Internet of Things and Cyber-Physical Systems,2667-3452,26673452,31174,,https://www.sciencedirect.com/science/journal/26673452
Interventional Cardiology Clinics,2211-7458,22117458,14109,,https://www.sciencedirect.com/science/journal/22117458
Interventional Pain Medicine,2772-5944,27725944,31278,,https://www.sciencedirect.com/science/journal/27725944
Intestinal Failure,2950-4562,29504562,31792,,https://www.sciencedirect.com/science/journal/29504562
Invention Disclosure,2772-4441,27724441,31249,,https://www.sciencedirect.com/science/journal/27724441
iOptics,3051-1771,30511771,32168,,https://www.sciencedirect.com/science/journal/30511771
IPEM-Translation,2667-2588,26672588,31150,,https://www.sciencedirect.com/science/journal/26672588
iPharma,3117-4701,31174701,32279,,https://www.sciencedirect.com/science/journal/31174701
IRBM,1959-0318,19590318,09057,Formerly known as ITBM-RBM,https://www.sciencedirect.com/science/journal/19590318
IRBM News,1959-7568,19597568,09056,Formerly known as ITBM-RBM News,https://www.sciencedirect.com/science/journal/19597568
ISA Transactions,0019-0578,00190578,05382,,https://www.sciencedirect.com/science/journal/00190578
iScience,2589-0042,25890042,18921,,https://www.sciencedirect.com/science/journal/25890042
ISPRS Journal of Photogrammetry and Remote Sensing,0924-2716,09242716,05340,Formerly known as Photogrammetria,https://www.sciencedirect.com/science/journal/09242716
ISPRS Open Journal of Photogrammetry and Remote Sensing,2667-3932,26673932,31190,,https://www.sciencedirect.com/science/journal/26673932
Italian Journal of Agronomy,1125-4718,11254718,31837,,https://www.sciencedirect.com/science/journal/11254718
JAACAP Open,2949-7329,29497329,31499,,https://www.sciencedirect.com/science/journal/29497329
JAAD Case Reports,2352-5126,23525126,18752,,https://www.sciencedirect.com/science/journal/23525126
JAAD International,2666-3287,26663287,30296,,https://www.sciencedirect.com/science/journal/26663287
JAAD Reviews,2950-1989,29501989,31660,,https://www.sciencedirect.com/science/journal/29501989
JACC: Advances,2772-963X,2772963X,31395,,https://www.sciencedirect.com/science/journal/2772963X
JACC: Asia,2772-3747,27723747,31162,,https://www.sciencedirect.com/science/journal/27723747
JACC: Basic to Translational Science,2452-302X,2452302X,18882,,https://www.sciencedirect.com/science/journal/2452302X
JACC: CardioOncology,2666-0873,26660873,30185,,https://www.sciencedirect.com/science/journal/26660873
JACC: Cardiovascular Imaging,1936-878X,1936878X,07811,,https://www.sciencedirect.com/science/journal/1936878X
JACC: Cardiovascular Interventions,1936-8798,19368798,07812,,https://www.sciencedirect.com/science/journal/19368798
JACC: Case Reports,2666-0849,26660849,30183,,https://www.sciencedirect.com/science/journal/26660849
JACC: Clinical Electrophysiology,2405-500X,2405500X,18802,,https://www.sciencedirect.com/science/journal/2405500X
JACC: Heart Failure,2213-1779,22131779,14130,,https://www.sciencedirect.com/science/journal/22131779
JACEP Open,2688-1152,26881152,31813,,https://www.sciencedirect.com/science/journal/26881152
JADA Foundational Science,2772-414X,2772414X,31233,,https://www.sciencedirect.com/science/journal/2772414X
JAND Global Reports,3050-7189,30507189,32089,,https://www.sciencedirect.com/science/journal/30507189
Japan and the World Economy,0922-1425,09221425,05383,,https://www.sciencedirect.com/science/journal/09221425
Japanese Dental Science Review,1882-7616,18827616,12765,,https://www.sciencedirect.com/science/journal/18827616
JAPhA Pharmacotherapy,2949-9623,29499623,31625,,https://www.sciencedirect.com/science/journal/29499623
JAPhA Practice Innovations,2949-9690,29499690,31624,,https://www.sciencedirect.com/science/journal/29499690
JCA Advances,2950-5534,29505534,31825,,https://www.sciencedirect.com/science/journal/29505534
JCIS Open,2666-934X,2666934X,31010,,https://www.sciencedirect.com/science/journal/2666934X
JDS Communications,2666-9102,26669102,31018,,https://www.sciencedirect.com/science/journal/26669102
JEM International,3051-3227,30513227,32217,,https://www.sciencedirect.com/science/journal/30513227
JEM Reports,2773-2320,27732320,31459,,https://www.sciencedirect.com/science/journal/27732320
JFO Open Ophthalmology,2949-8899,29498899,31578,,https://www.sciencedirect.com/science/journal/29498899
JHEP Reports,2589-5559,25895559,18452,,https://www.sciencedirect.com/science/journal/25895559
JHLT Open,2950-1334,29501334,31637,,https://www.sciencedirect.com/science/journal/29501334
JID Innovations,2667-0267,26670267,31081,,https://www.sciencedirect.com/science/journal/26670267
JMV-Journal de Médecine Vasculaire,2542-4513,25424513,15563,Formerly known as Journal des Maladies Vasculaires,https://www.sciencedirect.com/science/journal/25424513
Joint Bone Spine,1297-319X,1297319X,09089,,https://www.sciencedirect.com/science/journal/1297319X
The Joint Commission Journal on Quality and Patient Safety,1553-7250,15537250,18893,Formerly Known as The Joint Commission Journal on Quality and Safety,https://www.sciencedirect.com/science/journal/15537250
Jornal de Pediatria,0021-7557,00217557,15988,,https://www.sciencedirect.com/science/journal/00217557
JOS Case Reports,2772-9648,27729648,31374,,https://www.sciencedirect.com/science/journal/27729648
Joule,2542-4351,25424351,18907,,https://www.sciencedirect.com/science/journal/25424351
Journal of Economy and Technology,2949-9488,29499488,31619,,https://www.sciencedirect.com/science/journal/29499488
The Journal of Academic Librarianship,0099-1333,00991333,07418,,https://www.sciencedirect.com/science/journal/00991333
Journal of the Academy of Consultation-Liaison Psychiatry,2667-2960,26672960,14045,,https://www.sciencedirect.com/science/journal/26672960
Journal of the Academy of Nutrition and Dietetics,2212-2672,22122672,13340,Formerly known as Journal of the American Dietetic Association,https://www.sciencedirect.com/science/journal/22122672
Journal of Accounting and Economics,0165-4101,01654101,05384,,https://www.sciencedirect.com/science/journal/01654101
Journal of Accounting Education,0748-5751,07485751,00840,,https://www.sciencedirect.com/science/journal/07485751
Journal of Accounting and Public Policy,0278-4254,02784254,07675,,https://www.sciencedirect.com/science/journal/02784254
Journal of Adolescent Health,1054-139X,1054139X,07678,Formerly known as Journal of Adolescent Health Care,https://www.sciencedirect.com/science/journal/1054139X
Journal of Advanced Joining Processes,2666-3309,26663309,30294,,https://www.sciencedirect.com/science/journal/26663309
Journal of Advanced Research,2090-1232,20901232,08708,,https://www.sciencedirect.com/science/journal/20901232
Journal of Aerosol Science,0021-8502,00218502,00337,,https://www.sciencedirect.com/science/journal/00218502
Journal of Affective Disorders,0165-0327,01650327,05051,,https://www.sciencedirect.com/science/journal/01650327
Journal of Affective Disorders Reports,2666-9153,26669153,31022,,https://www.sciencedirect.com/science/journal/26669153
Journal of African Earth Sciences,1464-343X,1464343X,00691,,https://www.sciencedirect.com/science/journal/1464343X
The Journal of Aging Research & Lifestyle,2534-773X,2534773X,32023,,https://www.sciencedirect.com/science/journal/2534773X
Journal of Aging Studies,0890-4065,08904065,07419,,https://www.sciencedirect.com/science/journal/08904065
Journal of Agriculture and Food Research,2666-1543,26661543,30233,,https://www.sciencedirect.com/science/journal/26661543
Journal of Air Transport Management,0969-6997,09696997,03050,,https://www.sciencedirect.com/science/journal/09696997
Journal of the Air Transport Research Society,2941-198X,2941198X,31829,,https://www.sciencedirect.com/science/journal/2941198X
Journal of Algebra,0021-8693,00218693,12051,,https://www.sciencedirect.com/science/journal/00218693
Journal of Allergy and Clinical Immunology,0091-6749,00916749,13302,Formerly known as Journal of Allergy,https://www.sciencedirect.com/science/journal/00916749
The Journal of Allergy and Clinical Immunology: In Practice,2213-2198,22132198,14131,,https://www.sciencedirect.com/science/journal/22132198
Journal of Allergy and Hypersensitivity Diseases,2950-3124,29503124,31724,,https://www.sciencedirect.com/science/journal/29503124
Journal of Alloys and Compounds,0925-8388,09258388,06012,Formerly known as Journal of the Less Common Metals,https://www.sciencedirect.com/science/journal/09258388
Journal of Alloys and Compounds Communications,2950-2845,29502845,31710,,https://www.sciencedirect.com/science/journal/29502845
Journal of Alloys and Metallurgical Systems,2949-9178,29499178,31601,,https://www.sciencedirect.com/science/journal/29499178
Journal of the American Academy of Child & Adolescent Psychiatry,0890-8567,08908567,13450,Formerly known as Journal of the American Academy of Child Psychiatry,https://www.sciencedirect.com/science/journal/08908567
Journal of the American Academy of Dermatology,0190-9622,01909622,13309,,https://www.sciencedirect.com/science/journal/01909622
Journal of American Association for Pediatric Ophthalmology and Strabismus,1091-8531,10918531,13083,,https://www.sciencedirect.com/science/journal/10918531
Journal of the American College of Cardiology,0735-1097,07351097,07681,,https://www.sciencedirect.com/science/journal/07351097
Journal of the American College of Radiology,1546-1440,15461440,13357,,https://www.sciencedirect.com/science/journal/15461440
The Journal of the American Dental Association,0002-8177,00028177,18763,Formerly known as The Journal of the American Dental Association and The Dental Cosmos,https://www.sciencedirect.com/science/journal/00028177
Journal of the American Medical Directors Association,1525-8610,15258610,13380,,https://www.sciencedirect.com/science/journal/15258610
Journal of the American Pharmacists Association,1544-3191,15443191,18865,Formerly known as Journal of the American Pharmaceutical Association (1996),https://www.sciencedirect.com/science/journal/15443191
Journal of the American Society of Cytopathology,2213-2945,22132945,14132,,https://www.sciencedirect.com/science/journal/22132945
Journal of the American Society of Echocardiography,0894-7317,08947317,13242,,https://www.sciencedirect.com/science/journal/08947317
Journal of Analytical and Applied Pyrolysis,0165-2370,01652370,05157,,https://www.sciencedirect.com/science/journal/01652370
Journal of Anesthesia and Translational Medicine,2957-3912,29573912,31820,,https://www.sciencedirect.com/science/journal/29573912
Journal of Anthropological Archaeology,0278-4165,02784165,12050,,https://www.sciencedirect.com/science/journal/02784165
Journal of Anxiety Disorders,0887-6185,08876185,00801,,https://www.sciencedirect.com/science/journal/08876185
Journal of Applied Developmental Psychology,0193-3973,01933973,07456,,https://www.sciencedirect.com/science/journal/01933973
Journal of Applied Geophysics,0926-9851,09269851,05341,Formerly known as Geoexploration,https://www.sciencedirect.com/science/journal/09269851
Journal of Applied Poultry Research,1056-6171,10566171,30283,,https://www.sciencedirect.com/science/journal/10566171
Journal of Applied Research on Medicinal and Aromatic Plants,2214-7861,22147861,10514,,https://www.sciencedirect.com/science/journal/22147861
Journal of Approximation Theory,0021-9045,00219045,12053,,https://www.sciencedirect.com/science/journal/00219045
Journal of Aquatic Plants,3051-2301,30512301,32171,,https://www.sciencedirect.com/science/journal/30512301
Journal of Archaeological Science,0305-4403,03054403,12643,,https://www.sciencedirect.com/science/journal/03054403
Journal of Archaeological Science: Reports,2352-409X,2352409X,18080,,https://www.sciencedirect.com/science/journal/2352409X
Journal of Arid Environments,0140-1963,01401963,12627,,https://www.sciencedirect.com/science/journal/01401963
Journal of Arid Land,1674-6767,16746767,32270,,https://www.sciencedirect.com/science/journal/16746767
The Journal of Arthroplasty,0883-5403,08835403,13133,,https://www.sciencedirect.com/science/journal/08835403
Journal of Asia-Pacific Biodiversity,2287-884X,2287884X,17742,Formerly known as Journal of Korean Nature,https://www.sciencedirect.com/science/journal/2287884X
Journal of Asia-Pacific Entomology,1226-8615,12268615,08647,,https://www.sciencedirect.com/science/journal/12268615
Journal of Asian Earth Sciences,1367-9120,13679120,00235,Formerly known as Journal of Southeast Asian Earth Sciences,https://www.sciencedirect.com/science/journal/13679120
Journal of Asian Earth Sciences: X,2590-0560,25900560,18450,,https://www.sciencedirect.com/science/journal/25900560
Journal of Asian Economics,1049-0078,10490078,07421,,https://www.sciencedirect.com/science/journal/10490078
Journal of Atmospheric and Solar-Terrestrial Physics,1364-6826,13646826,00211,Formerly known as Journal of Atmospheric and Terrestrial Physics,https://www.sciencedirect.com/science/journal/13646826
Journal of Autoimmunity,0896-8411,08968411,12665,,https://www.sciencedirect.com/science/journal/08968411
Journal of Automation and Intelligence,2949-8554,29498554,31565,,https://www.sciencedirect.com/science/journal/29498554
Journal of Ayurveda and Integrative Medicine,0975-9476,09759476,18352,,https://www.sciencedirect.com/science/journal/09759476
Journal of Banking & Finance,0378-4266,03784266,05385,,https://www.sciencedirect.com/science/journal/03784266
Journal of Behavior Therapy and Experimental Psychiatry,0005-7916,00057916,00339,,https://www.sciencedirect.com/science/journal/00057916
Journal of Behavioral and Cognitive Therapy,2589-9791,25899791,15573,Formerly known as Journal de Thérapie Comportementale et Cognitive,https://www.sciencedirect.com/science/journal/25899791
Journal of Behavioral and Experimental Economics,2214-8043,22148043,07430,Formerly known as The Journal of Socio-Economics,https://www.sciencedirect.com/science/journal/22148043
Journal of Behavioral and Experimental Finance,2214-6350,22146350,17034,,https://www.sciencedirect.com/science/journal/22146350
Journal of Biological Chemistry,0021-9258,00219258,31047,,https://www.sciencedirect.com/science/journal/00219258
Journal of Biomechanics,0021-9290,00219290,00321,,https://www.sciencedirect.com/science/journal/00219290
Journal of Biomechanics Open,3051-1313,30511313,32157,,https://www.sciencedirect.com/science/journal/30511313
Journal of Biomedical Informatics,1532-0464,15320464,12017,Formerly known as Computers and Biomedical Research,https://www.sciencedirect.com/science/journal/15320464
Journal of Bioresources and Bioproducts,2369-9698,23699698,30419,,https://www.sciencedirect.com/science/journal/23699698
Journal of Biosafety and Biosecurity,2588-9338,25889338,18424,,https://www.sciencedirect.com/science/journal/25889338
Journal of Bioscience and Bioengineering,1389-1723,13891723,05113,Formerly known as Journal of Fermentation and Bioengineering,https://www.sciencedirect.com/science/journal/13891723
Journal of Biotechnology,0168-1656,01681656,05111,,https://www.sciencedirect.com/science/journal/01681656
Journal of Bodywork and Movement Therapies,1360-8592,13608592,12745,,https://www.sciencedirect.com/science/journal/13608592
Journal of Bone Oncology,2212-1374,22121374,10500,,https://www.sciencedirect.com/science/journal/22121374
Journal of Brain and Spine,3079-7802,30797802,32442,,https://www.sciencedirect.com/science/journal/30797802
Journal of Building Engineering,2352-7102,23527102,18106,,https://www.sciencedirect.com/science/journal/23527102
Journal of Business Research,0148-2963,01482963,07687,,https://www.sciencedirect.com/science/journal/01482963
Journal of Business Venturing,0883-9026,08839026,07688,,https://www.sciencedirect.com/science/journal/08839026
Journal of Business Venturing Design,2667-2774,26672774,31157,,https://www.sciencedirect.com/science/journal/26672774
Journal of Business Venturing Insights,2352-6734,23526734,18760,,https://www.sciencedirect.com/science/journal/23526734
Journal of Cancer Policy,2213-5383,22135383,10156,,https://www.sciencedirect.com/science/journal/22135383
Journal of Cardiac Failure,1071-9164,10719164,13271,,https://www.sciencedirect.com/science/journal/10719164
Journal of Cardiology,0914-5087,09145087,04119,,https://www.sciencedirect.com/science/journal/09145087
Journal of Cardiology Cases,1878-5409,18785409,05641,,https://www.sciencedirect.com/science/journal/18785409
Journal of Cardiothoracic and Vascular Anesthesia,1053-0770,10530770,13051,Formerly known as Journal of Cardiothoracic Anesthesia,https://www.sciencedirect.com/science/journal/10530770
Journal of Cardiovascular Computed Tomography,1934-5925,19345925,13427,,https://www.sciencedirect.com/science/journal/19345925
Journal of Cardiovascular Magnetic Resonance,1097-6647,10976647,31783,,https://www.sciencedirect.com/science/journal/10976647
Journal of Cartilage & Joint Preservation,2667-2545,26672545,31137,,https://www.sciencedirect.com/science/journal/26672545
Journal of Catalysis,0021-9517,00219517,12054,,https://www.sciencedirect.com/science/journal/00219517
Journal of Cereal Science,0733-5210,07335210,12650,,https://www.sciencedirect.com/science/journal/07335210
Journal of Chemical Neuroanatomy,0891-0618,08910618,05053,,https://www.sciencedirect.com/science/journal/08910618
The Journal of Chemical Thermodynamics,0021-9614,00219614,12611,,https://www.sciencedirect.com/science/journal/00219614
Journal of Chiropractic Humanities,1556-3499,15563499,13455,Formerly known as Philosophical Constructs for the Chiropractic Profession,https://www.sciencedirect.com/science/journal/15563499
Journal of Chiropractic Medicine,1556-3707,15563707,14034,,https://www.sciencedirect.com/science/journal/15563707
Journal de Chirurgie Viscérale,1878-786X,1878786X,15560,Formerly known as Journal de Chirurgie,https://www.sciencedirect.com/science/journal/1878786X
Journal of Choice Modelling,1755-5345,17555345,18020,,https://www.sciencedirect.com/science/journal/17555345
Journal of Chromatography A,0021-9673,00219673,05158,Incorporating Chromatographic Reviews,https://www.sciencedirect.com/science/journal/00219673
Journal of Chromatography B,1570-0232,15700232,05159,Formerly known as Journal of Chromatography B: Biomedical Sciences and Applications,https://www.sciencedirect.com/science/journal/15700232
Journal of Chromatography Open,2772-3917,27723917,31223,,https://www.sciencedirect.com/science/journal/27723917
Journal of Cleaner Production,0959-6526,09596526,03052,,https://www.sciencedirect.com/science/journal/09596526
The Journal of Climate Change and Health,2667-2782,26672782,31155,,https://www.sciencedirect.com/science/journal/26672782
Journal of Climate Finance,2949-7280,29497280,31497,,https://www.sciencedirect.com/science/journal/29497280
Journal of Clinical Anesthesia,0952-8180,09528180,07690,,https://www.sciencedirect.com/science/journal/09528180
Journal of Clinical Densitometry,1094-6950,10946950,14031,,https://www.sciencedirect.com/science/journal/10946950
Journal of Clinical Epidemiology,0895-4356,08954356,07518,Formerly known as Journal of Chronic Diseases,https://www.sciencedirect.com/science/journal/08954356
Journal of Clinical and Experimental Hepatology,0973-6883,09736883,08758,,https://www.sciencedirect.com/science/journal/09736883
Journal of Clinical Insight,3117-373X,3117373X,32236,,https://www.sciencedirect.com/science/journal/3117373X
Journal of Clinical Lipidology,1933-2874,19332874,13425,,https://www.sciencedirect.com/science/journal/19332874
Journal of Clinical Neuroscience,0967-5868,09675868,12716,,https://www.sciencedirect.com/science/journal/09675868
Journal of Clinical Orthopaedics and Trauma,0976-5662,09765662,08738,,https://www.sciencedirect.com/science/journal/09765662
Journal of Clinical & Translational Endocrinology,2214-6237,22146237,13468,,https://www.sciencedirect.com/science/journal/22146237
Journal of Clinical and Translational Endocrinology: Case Reports,2214-6245,22146245,18744,,https://www.sciencedirect.com/science/journal/22146245
Journal of Clinical Tuberculosis and Other Mycobacterial Diseases,2405-5794,24055794,18180,,https://www.sciencedirect.com/science/journal/24055794
Journal of Clinical Virology,1386-6532,13866532,05021,Formerly known as Clinical and Diagnostic Virology,https://www.sciencedirect.com/science/journal/13866532
Journal of Clinical Virology Plus,2667-0380,26670380,31080,,https://www.sciencedirect.com/science/journal/26670380
Journal of CO2 Utilization,2212-9820,22129820,12775,,https://www.sciencedirect.com/science/journal/22129820
Journal of Colloid and Interface Science,0021-9797,00219797,12056,Formerly known as Journal of Colloid Science,https://www.sciencedirect.com/science/journal/00219797
"Journal of Combinatorial Theory, Series A",0097-3165,00973165,12060,Formerly part of Journal of Combinatorial Theory,https://www.sciencedirect.com/science/journal/00973165
"Journal of Combinatorial Theory, Series B",0095-8956,00958956,12061,Formerly part of Journal of Combinatorial Theory,https://www.sciencedirect.com/science/journal/00958956
Journal of Commodity Markets,2405-8513,24058513,18196,,https://www.sciencedirect.com/science/journal/24058513
Journal of Communication Disorders,0021-9924,00219924,07693,,https://www.sciencedirect.com/science/journal/00219924
Journal of Comparative Economics,0147-5967,01475967,12055,,https://www.sciencedirect.com/science/journal/01475967
Journal of Comparative Pathology,0021-9975,00219975,12612,Formerly known as Journal of Comparative Pathology and Therapeutics,https://www.sciencedirect.com/science/journal/00219975
Journal of Complexity,0885-064X,0885064X,12057,,https://www.sciencedirect.com/science/journal/0885064X
Journal of Computational and Applied Mathematics,0377-0427,03770427,05288,,https://www.sciencedirect.com/science/journal/03770427
Journal of Computational Mathematics and Data Science,2772-4158,27724158,31234,,https://www.sciencedirect.com/science/journal/27724158
Journal of Computational Physics,0021-9991,00219991,12058,,https://www.sciencedirect.com/science/journal/00219991
Journal of Computational Physics: X,2590-0552,25900552,18941,,https://www.sciencedirect.com/science/journal/25900552
Journal of Computational Science,1877-7503,18777503,08700,,https://www.sciencedirect.com/science/journal/18777503
Journal of Computer Languages,2590-1184,25901184,12682,Formerly known as Journal of Visual Languages & Computing,https://www.sciencedirect.com/science/journal/25901184
Journal of Computer and System Sciences,0022-0000,00220000,12059,,https://www.sciencedirect.com/science/journal/00220000
Journal of Constructional Steel Research,0143-974X,0143974X,02032,,https://www.sciencedirect.com/science/journal/0143974X
Journal of Contaminant Hydrology,0169-7722,01697722,05342,,https://www.sciencedirect.com/science/journal/01697722
Journal of Contemporary Accounting & Economics,1815-5669,18155669,05627,,https://www.sciencedirect.com/science/journal/18155669
Journal of Contextual Behavioral Science,2212-1447,22121447,14113,,https://www.sciencedirect.com/science/journal/22121447
Journal of Controlled Release,0168-3659,01683659,05054,,https://www.sciencedirect.com/science/journal/01683659
Journal of Co-operative Organization and Management,2213-297X,2213297X,10136,,https://www.sciencedirect.com/science/journal/2213297X
Journal of Corporate Finance,0929-1199,09291199,05387,,https://www.sciencedirect.com/science/journal/09291199
Journal of Cranio-Maxillofacial Surgery,1010-5182,10105182,12735,Formerly known as Journal of Maxillofacial Surgery,https://www.sciencedirect.com/science/journal/10105182
Journal of Creativity,2713-3745,27133745,31335,,https://www.sciencedirect.com/science/journal/27133745
Journal of Criminal Justice,0047-2352,00472352,00366,,https://www.sciencedirect.com/science/journal/00472352
Journal of Critical Care,0883-9441,08839441,13066,"Incorporating Seminars in Anesthesia, Perioperative Medicine and Pain",https://www.sciencedirect.com/science/journal/08839441
Journal of Crystal Growth,0022-0248,00220248,05200,,https://www.sciencedirect.com/science/journal/00220248
Journal of Cultural Heritage,1296-2074,12962074,09069,,https://www.sciencedirect.com/science/journal/12962074
Journal of Cycling and Micromobility Research,2950-1059,29501059,31633,,https://www.sciencedirect.com/science/journal/29501059
Journal of Cystic Fibrosis,1569-1993,15691993,05437,,https://www.sciencedirect.com/science/journal/15691993
Journal of Dairy Science,0022-0302,00220302,13453,,https://www.sciencedirect.com/science/journal/00220302
Journal of Dental Implants and Prosthodontics,3118-0280,31180280,32454,,https://www.sciencedirect.com/science/journal/31180280
Journal of Dental Sciences,1991-7902,19917902,08674,,https://www.sciencedirect.com/science/journal/19917902
Journal of Dentistry,0300-5712,03005712,03053,,https://www.sciencedirect.com/science/journal/03005712
Journal of Dermatologic Science and Cosmetic Technology,2950-306X,2950306X,31721,,https://www.sciencedirect.com/science/journal/2950306X
Journal of Dermatological Science,0923-1811,09231811,08032,,https://www.sciencedirect.com/science/journal/09231811
Journal of Destination Marketing & Management,2212-571X,2212571X,08806,,https://www.sciencedirect.com/science/journal/2212571X
Journal of Development Economics,0304-3878,03043878,05388,,https://www.sciencedirect.com/science/journal/03043878
Journal of Diabetes and its Complications,1056-8727,10568727,07697,Formerly known as Journal of Diabetic Complications,https://www.sciencedirect.com/science/journal/10568727
Journal of Differential Equations,0022-0396,00220396,12062,,https://www.sciencedirect.com/science/journal/00220396
Journal of Digital Economy,2773-0670,27730670,31424,,https://www.sciencedirect.com/science/journal/27730670
Journal d'imagerie diagnostique et interventionnelle,2543-3431,25433431,16454,Incorporating Journal de Radiologie Diagnostique et Interventionnelle,https://www.sciencedirect.com/science/journal/25433431
Journal of Drug Delivery Science and Technology,1773-2247,17732247,18097,,https://www.sciencedirect.com/science/journal/17732247
Journal of Dynamic Disasters,2950-5763,29505763,31828,,https://www.sciencedirect.com/science/journal/29505763
Journal of Econometrics,0304-4076,03044076,06013,,https://www.sciencedirect.com/science/journal/03044076
The Journal of Economic Asymmetries,1703-4949,17034949,10157,,https://www.sciencedirect.com/science/journal/17034949
Journal of Economic Behavior & Organization,0167-2681,01672681,05389,,https://www.sciencedirect.com/science/journal/01672681
Journal of Economic Criminology,2949-7914,29497914,31535,,https://www.sciencedirect.com/science/journal/29497914
Journal of Economic Dynamics and Control,0165-1889,01651889,05390,,https://www.sciencedirect.com/science/journal/01651889
Journal of Economic Psychology,0167-4870,01674870,05289,,https://www.sciencedirect.com/science/journal/01674870
Journal of Economic Theory,0022-0531,00220531,12066,,https://www.sciencedirect.com/science/journal/00220531
The Journal of the Economics of Ageing,2212-828X,2212828X,08816,,https://www.sciencedirect.com/science/journal/2212828X
Journal of Economics and Business,0148-6195,01486195,07699,,https://www.sciencedirect.com/science/journal/01486195
Journal of Electroanalytical Chemistry,1572-6657,15726657,06014,Formerly known as Journal of Electroanalytical Chemistry and Interfacial Electrochemistry,https://www.sciencedirect.com/science/journal/15726657
Journal of Electrocardiology,0022-0736,00220736,13270,,https://www.sciencedirect.com/science/journal/00220736
Journal of Electromyography and Kinesiology,1050-6411,10506411,03054,,https://www.sciencedirect.com/science/journal/10506411
Journal of Electron Spectroscopy and Related Phenomena,0368-2048,03682048,05161,,https://www.sciencedirect.com/science/journal/03682048
Journal of Electronic Science and Technology,1674-862X,1674862X,30250,,https://www.sciencedirect.com/science/journal/1674862X
Journal of Electrostatics,0304-3886,03043886,05290,,https://www.sciencedirect.com/science/journal/03043886
The Journal of Emergency Medicine,0736-4679,07364679,07535,,https://www.sciencedirect.com/science/journal/07364679
Journal of Emergency Nursing,0099-1767,00991767,13165,,https://www.sciencedirect.com/science/journal/00991767
Journal of Empirical Finance,0927-5398,09275398,05391,,https://www.sciencedirect.com/science/journal/09275398
Journal of Endodontics,0099-2399,00992399,14027,,https://www.sciencedirect.com/science/journal/00992399
Journal of Endometriosis and Uterine Disorders,2949-8384,29498384,31552,,https://www.sciencedirect.com/science/journal/29498384
Journal of Energy Chemistry,2095-4956,20954956,06064,Formerly known as Journal of Natural Gas Chemistry,https://www.sciencedirect.com/science/journal/20954956
Journal of Energy Infrastructure,3051-097X,3051097X,32149,,https://www.sciencedirect.com/science/journal/3051097X
Journal of the Energy Institute,1743-9671,17439671,17053,,https://www.sciencedirect.com/science/journal/17439671
Journal of Energy Storage,2352-152X,2352152X,18072,,https://www.sciencedirect.com/science/journal/2352152X
Journal of Engineering Research,2307-1877,23071877,31559,,https://www.sciencedirect.com/science/journal/23071877
Journal of Engineering and Technology Management,0923-4748,09234748,05392,Formerly known as Engineering Management International,https://www.sciencedirect.com/science/journal/09234748
Journal of English for Academic Purposes,1475-1585,14751585,03015,,https://www.sciencedirect.com/science/journal/14751585
Journal of Environmental Chemical Engineering,2213-3437,22133437,10140,,https://www.sciencedirect.com/science/journal/22133437
Journal of Environmental Economics and Management,0095-0696,00950696,12064,,https://www.sciencedirect.com/science/journal/00950696
Journal of Environmental Management,0301-4797,03014797,12642,Incorporating Advances in Environmental Research,https://www.sciencedirect.com/science/journal/03014797
Journal of Environmental Psychology,0272-4944,02724944,12640,,https://www.sciencedirect.com/science/journal/02724944
Journal of Environmental Radioactivity,0265-931X,0265931X,02034,,https://www.sciencedirect.com/science/journal/0265931X
Journal of Environmental Sciences,1001-0742,10010742,08576,,https://www.sciencedirect.com/science/journal/10010742
Journal of Epidemiology and Population Health,2950-4333,29504333,15710,,https://www.sciencedirect.com/science/journal/29504333
Journal of Equine Rehabilitation,2949-9054,29499054,31587,,https://www.sciencedirect.com/science/journal/29499054
Journal of Equine Veterinary Science,0737-0806,07370806,13335,,https://www.sciencedirect.com/science/journal/07370806
Journal of Ethnopharmacology,0378-8741,03788741,08033,,https://www.sciencedirect.com/science/journal/03788741
Journal of the European Ceramic Society,0955-2219,09552219,02036,Formerly known as International Journal of High Technology Ceramics,https://www.sciencedirect.com/science/journal/09552219
Journal of the European Meteorological Society,2950-6301,29506301,31840,,https://www.sciencedirect.com/science/journal/29506301
Journal Européen des Urgences et de Réanimation,2211-4238,22114238,15567,Formerly known as Journal Européen des Urgences,https://www.sciencedirect.com/science/journal/22114238
Journal of Evidence Based Dental Practice,1532-3382,15323382,13023,,https://www.sciencedirect.com/science/journal/15323382
Journal of Exercise Science & Fitness,1728-869X,1728869X,08698,,https://www.sciencedirect.com/science/journal/1728869X
Journal of Exotic Pet Medicine,1557-5063,15575063,13003,Formerly known as Seminars in Avian and Exotic Pet Medicine,https://www.sciencedirect.com/science/journal/15575063
Journal of Experimental Child Psychology,0022-0965,00220965,12063,,https://www.sciencedirect.com/science/journal/00220965
Journal of Experimental Horticulture,3051-1186,30511186,32150,,https://www.sciencedirect.com/science/journal/30511186
Journal of Experimental Marine Biology and Ecology,0022-0981,00220981,05112,,https://www.sciencedirect.com/science/journal/00220981
Journal of Experimental Social Psychology,0022-1031,00221031,12065,,https://www.sciencedirect.com/science/journal/00221031
Journal of Family Business Strategy,1877-8585,18778585,05629,,https://www.sciencedirect.com/science/journal/18778585
The Journal of Finance and Data Science,2405-9188,24059188,18234,,https://www.sciencedirect.com/science/journal/24059188
Journal of Financial Economics,0304-405X,0304405X,06015,,https://www.sciencedirect.com/science/journal/0304405X
Journal of Financial Intermediation,1042-9573,10429573,12069,,https://www.sciencedirect.com/science/journal/10429573
Journal of Financial Markets,1386-4181,13864181,05456,,https://www.sciencedirect.com/science/journal/13864181
Journal of Financial Stability,1572-3089,15723089,05540,,https://www.sciencedirect.com/science/journal/15723089
Journal of Fluency Disorders,0094-730X,0094730X,07705,,https://www.sciencedirect.com/science/journal/0094730X
Journal of Fluids and Structures,0889-9746,08899746,12662,,https://www.sciencedirect.com/science/journal/08899746
Journal of Fluorine Chemistry,0022-1139,00221139,06016,,https://www.sciencedirect.com/science/journal/00221139
Journal of Food Composition and Analysis,0889-1575,08891575,12068,,https://www.sciencedirect.com/science/journal/08891575
Journal of Food Engineering,0260-8774,02608774,02035,,https://www.sciencedirect.com/science/journal/02608774
Journal of Food Protection,0362-028X,0362028X,31498,,https://www.sciencedirect.com/science/journal/0362028X
The Journal of Foot and Ankle Surgery,1067-2516,10672516,13341,,https://www.sciencedirect.com/science/journal/10672516
Journal of Forensic and Legal Medicine,1752-928X,1752928X,12734,Formerly known as Journal of Clinical Forensic Medicine,https://www.sciencedirect.com/science/journal/1752928X
Journal of the Formosan Medical Association,0929-6646,09296646,08591,,https://www.sciencedirect.com/science/journal/09296646
The Journal of Frailty & Aging,2260-1341,22601341,32022,,https://www.sciencedirect.com/science/journal/22601341
Journal Français d'Ophtalmologie,0181-5512,01815512,15370,,https://www.sciencedirect.com/science/journal/01815512
Journal of the Franklin Institute,0016-0032,00160032,00334,,https://www.sciencedirect.com/science/journal/00160032
Journal of Fuel Chemistry and Technology,1872-5813,18725813,03088,,https://www.sciencedirect.com/science/journal/18725813
Journal of Functional Analysis,0022-1236,00221236,12067,,https://www.sciencedirect.com/science/journal/00221236
Journal of Functional Foods,1756-4646,17564646,05619,,https://www.sciencedirect.com/science/journal/17564646
Journal of Future Foods,2772-5669,27725669,31259,,https://www.sciencedirect.com/science/journal/27725669
Journal of Gender-Specific Imaging,3117-9010,31179010,32390,,https://www.sciencedirect.com/science/journal/31179010
Journal of Genetics and Genomics,1673-8527,16738527,05600,Formerly known as Acta Genetica Sinica,https://www.sciencedirect.com/science/journal/16738527
Journal of Geochemical Exploration,0375-6742,03756742,05343,,https://www.sciencedirect.com/science/journal/03756742
Journal of Geodynamics,0264-3707,02643707,00874,,https://www.sciencedirect.com/science/journal/02643707
Journal of Geomechanics and Measurements,3117-843X,3117843X,32370,,https://www.sciencedirect.com/science/journal/3117843X
Journal of Geometry and Physics,0393-0440,03930440,05201,,https://www.sciencedirect.com/science/journal/03930440
Journal of Geophysical Prospecting,3117-6518,31176518,32323,,https://www.sciencedirect.com/science/journal/31176518
Journal of Geriatric Oncology,1879-4068,18794068,12772,,https://www.sciencedirect.com/science/journal/18794068
Journal of Ginseng Research,1226-8453,12268453,17060,,https://www.sciencedirect.com/science/journal/12268453
Journal of Global Antimicrobial Resistance,2213-7165,22137165,10167,,https://www.sciencedirect.com/science/journal/22137165
Journal of Government and Economics,2667-3193,26673193,31170,,https://www.sciencedirect.com/science/journal/26673193
Journal of Great Lakes Research,0380-1330,03801330,08665,,https://www.sciencedirect.com/science/journal/03801330
Journal of Gynecology Obstetrics and Human Reproduction,2468-7847,24687847,15562,Formerly known as Journal de Gynécologie Obstétrique et Biologie de la Reproduction,https://www.sciencedirect.com/science/journal/24687847
Journal of Hand and Microsurgery,0974-3227,09743227,31815,,https://www.sciencedirect.com/science/journal/09743227
The Journal of Hand Surgery,0363-5023,03635023,13136,Incorporating Journal of the American Society for Surgery of the Hand,https://www.sciencedirect.com/science/journal/03635023
Journal of Hand Surgery Global Online,2589-5141,25895141,18925,,https://www.sciencedirect.com/science/journal/25895141
Journal of Hand Therapy,0894-1130,08941130,14016,,https://www.sciencedirect.com/science/journal/08941130
Journal of Hazardous Materials,0304-3894,03043894,05162,,https://www.sciencedirect.com/science/journal/03043894
Journal of Hazardous Materials Advances,2772-4166,27724166,31238,,https://www.sciencedirect.com/science/journal/27724166
Journal of Hazardous Materials: Air,3117-941X,3117941X,32419,,https://www.sciencedirect.com/science/journal/3117941X
Journal of Hazardous Materials Letters,2666-9110,26669110,31019,,https://www.sciencedirect.com/science/journal/26669110
Journal of Hazardous Materials: Nano,3117-9444,31179444,32420,,https://www.sciencedirect.com/science/journal/31179444
Journal of Hazardous Materials: Organics,3051-0597,30510597,32144,,https://www.sciencedirect.com/science/journal/30510597
Journal of Hazardous Materials: Plastics,3051-0600,30510600,32143,,https://www.sciencedirect.com/science/journal/30510600
Journal of Health Economics,0167-6296,01676296,05393,,https://www.sciencedirect.com/science/journal/01676296
Journal of Healthcare Quality Research,2603-6479,26036479,15733,Formerly Known as Revista de Calidad Asistencial,https://www.sciencedirect.com/science/journal/26036479
The Journal of Heart and Lung Transplantation,1053-2498,10532498,07583,,https://www.sciencedirect.com/science/journal/10532498
Journal of Hepatology,0168-8278,01688278,08145,,https://www.sciencedirect.com/science/journal/01688278
Journal of Herbal Medicine,2210-8033,22108033,10072,,https://www.sciencedirect.com/science/journal/22108033
Journal of High Energy Astrophysics,2214-4048,22144048,18042,,https://www.sciencedirect.com/science/journal/22144048
The Journal of High Technology Management Research,1047-8310,10478310,07423,,https://www.sciencedirect.com/science/journal/10478310
Journal of Historical Geography,0305-7488,03057488,12647,,https://www.sciencedirect.com/science/journal/03057488
Journal of Holistic Integrative Pharmacy,2950-175X,2950175X,31651,,https://www.sciencedirect.com/science/journal/2950175X
Journal of Hospital Infection,0195-6701,01956701,12637,,https://www.sciencedirect.com/science/journal/01956701
"Journal of Hospitality, Leisure, Sport & Tourism Education",1473-8376,14738376,12989,,https://www.sciencedirect.com/science/journal/14738376
Journal of Hospitality and Tourism Management,1447-6770,14476770,17004,,https://www.sciencedirect.com/science/journal/14476770
Journal of Housing Economics,1051-1377,10511377,12070,,https://www.sciencedirect.com/science/journal/10511377
Journal of Human Evolution,0047-2484,00472484,12624,,https://www.sciencedirect.com/science/journal/00472484
Journal of Hydro-environment Research,1570-6443,15706443,06069,,https://www.sciencedirect.com/science/journal/15706443
Journal of Hydrology,0022-1694,00221694,05344,,https://www.sciencedirect.com/science/journal/00221694
Journal of Hydrology: Regional Studies,2214-5818,22145818,08834,,https://www.sciencedirect.com/science/journal/22145818
Journal of Hydrology X,2589-9155,25899155,18446,,https://www.sciencedirect.com/science/journal/25899155
Journal of Immunological Methods,0022-1759,00221759,05055,Incorporating Immunotechnology,https://www.sciencedirect.com/science/journal/00221759
Journal of Immunology and Regenerative Medicine,2468-4988,24684988,18396,,https://www.sciencedirect.com/science/journal/24684988
Journal of the Indian Chemical Society,0019-4522,00194522,31158,,https://www.sciencedirect.com/science/journal/00194522
Journal of Industrial and Engineering Chemistry,1226-086X,1226086X,08620,,https://www.sciencedirect.com/science/journal/1226086X
Journal of Industrial Information Integration,2452-414X,2452414X,18297,,https://www.sciencedirect.com/science/journal/2452414X
Journal of Industrial Safety,2950-2764,29502764,31705,,https://www.sciencedirect.com/science/journal/29502764
Journal of Infection,0163-4453,01634453,12631,,https://www.sciencedirect.com/science/journal/01634453
Journal of Infection and Chemotherapy,1341-321X,1341321X,18048,,https://www.sciencedirect.com/science/journal/1341321X
Journal of Infection and Public Health,1876-0341,18760341,05613,,https://www.sciencedirect.com/science/journal/18760341
Journal of Information and Intelligence,2949-7159,29497159,31493,,https://www.sciencedirect.com/science/journal/29497159
Journal of Information Security and Applications,2214-2126,22142126,02199,Formerly known as Information Security Technical Report,https://www.sciencedirect.com/science/journal/22142126
Journal of Informetrics,1751-1577,17511577,04091,,https://www.sciencedirect.com/science/journal/17511577
Journal of Innovation & Knowledge,2444-569X,2444569X,16414,,https://www.sciencedirect.com/science/journal/2444569X
Journal of Inorganic Biochemistry,0162-0134,01620134,07711,Formerly known as Bioinorganic Chemistry,https://www.sciencedirect.com/science/journal/01620134
Journal of Insect Physiology,0022-1910,00221910,00231,,https://www.sciencedirect.com/science/journal/00221910
Journal of Integrative Horticulture,3051-2905,30512905,32207,,https://www.sciencedirect.com/science/journal/30512905
Journal of Integrative Medicine,2095-4964,20954964,17068,,https://www.sciencedirect.com/science/journal/20954964
Journal of Intensive Medicine,2667-100X,2667100X,31110,,https://www.sciencedirect.com/science/journal/2667100X
"Journal of International Accounting, Auditing and Taxation",1061-9518,10619518,07424,,https://www.sciencedirect.com/science/journal/10619518
Journal of International Ceramic Studies,3050-9971,30509971,32131,,https://www.sciencedirect.com/science/journal/30509971
Journal of International Economics,0022-1996,00221996,05395,,https://www.sciencedirect.com/science/journal/00221996
"Journal of International Financial Markets, Institutions and Money",1042-4431,10424431,05442,,https://www.sciencedirect.com/science/journal/10424431
Journal of International Management,1075-4253,10754253,07684,,https://www.sciencedirect.com/science/journal/10754253
Journal of International Money and Finance,0261-5606,02615606,03055,,https://www.sciencedirect.com/science/journal/02615606
Journal of Interprofessional Education & Practice,2405-4526,24054526,18798,,https://www.sciencedirect.com/science/journal/24054526
Journal of Interventional Medicine,2096-3602,20963602,30013,,https://www.sciencedirect.com/science/journal/20963602
Journal of Invertebrate Pathology,0022-2011,00222011,12071,,https://www.sciencedirect.com/science/journal/00222011
Journal of Investigative Dermatology,0022-202X,0022202X,07715,,https://www.sciencedirect.com/science/journal/0022202X
Journal of Investigative Dermatology Symposium Proceedings,1087-0024,10870024,18853,,https://www.sciencedirect.com/science/journal/10870024
Journal of Ionic Liquids,2772-4220,27724220,31240,,https://www.sciencedirect.com/science/journal/27724220
Journal of the Japanese and International Economies,0889-1583,08891583,12072,,https://www.sciencedirect.com/science/journal/08891583
Journal of Joint Surgery and Research,2949-7051,29497051,31482,,https://www.sciencedirect.com/science/journal/29497051
Journal of King Saud University - Computer and Information Sciences,1319-1578,13191578,08746,,https://www.sciencedirect.com/science/journal/13191578
Journal of King Saud University - Engineering Sciences,1018-3639,10183639,08752,,https://www.sciencedirect.com/science/journal/10183639
Journal of King Saud University - Science,1018-3647,10183647,08679,,https://www.sciencedirect.com/science/journal/10183647
Journal of Lipid Research,0022-2275,00222275,31048,,https://www.sciencedirect.com/science/journal/00222275
The Journal of Liquid Biopsy,2950-1954,29501954,31657,,https://www.sciencedirect.com/science/journal/29501954
Journal of Liver Transplantation,2666-9676,26669676,31046,,https://www.sciencedirect.com/science/journal/26669676
Journal of Logical and Algebraic Methods in Programming,2352-2208,23522208,07717,Formerly known as The Journal of Logic and Algebraic Programming,https://www.sciencedirect.com/science/journal/23522208
Journal of Loss Prevention in the Process Industries,0950-4230,09504230,03056,,https://www.sciencedirect.com/science/journal/09504230
Journal of Luminescence,0022-2313,00222313,05202,,https://www.sciencedirect.com/science/journal/00222313
Journal of Macroeconomics,0164-0704,01640704,05470,,https://www.sciencedirect.com/science/journal/01640704
Journal of Magnesium and Alloys,2213-9567,22139567,17010,,https://www.sciencedirect.com/science/journal/22139567
Journal of Magnetic Resonance,1090-7807,10907807,12076,"Incorporating Journal of Magnetic Resonance, Series A and Journal of Magnetic Resonance, Series B",https://www.sciencedirect.com/science/journal/10907807
Journal of Magnetic Resonance Open,2666-4410,26664410,30316,,https://www.sciencedirect.com/science/journal/26664410
Journal of Magnetism and Magnetic Materials,0304-8853,03048853,05203,,https://www.sciencedirect.com/science/journal/03048853
Journal of Management Science and Engineering,2096-2320,20962320,18438,,https://www.sciencedirect.com/science/journal/20962320
Journal of Manipulative and Physiological Therapeutics,0161-4754,01614754,13026,,https://www.sciencedirect.com/science/journal/01614754
Journal of Manufacturing Processes,1526-6125,15266125,01056,,https://www.sciencedirect.com/science/journal/15266125
Journal of Manufacturing Systems,0278-6125,02786125,02092,,https://www.sciencedirect.com/science/journal/02786125
Journal of Marine Systems,0924-7963,09247963,05345,,https://www.sciencedirect.com/science/journal/09247963
Journal of Mass Spectrometry and Advances in the Clinical Lab,2667-145X,2667145X,18357,,https://www.sciencedirect.com/science/journal/2667145X
Journal of Materials Processing Technology,0924-0136,09240136,06017,Formerly known as Journal of Mechanical Working Technology,https://www.sciencedirect.com/science/journal/09240136
Journal of Materials Research and Technology,2238-7854,22387854,15985,,https://www.sciencedirect.com/science/journal/22387854
Journal of Materials Science & Technology,1005-0302,10050302,12886,,https://www.sciencedirect.com/science/journal/10050302
Journal of Materiomics,2352-8478,23528478,18181,,https://www.sciencedirect.com/science/journal/23528478
Journal of Mathematical Analysis and Applications,0022-247X,0022247X,12073,,https://www.sciencedirect.com/science/journal/0022247X
The Journal of Mathematical Behavior,0732-3123,07323123,07457,,https://www.sciencedirect.com/science/journal/07323123
Journal of Mathematical Economics,0304-4068,03044068,06018,,https://www.sciencedirect.com/science/journal/03044068
Journal of Mathematical Psychology,0022-2496,00222496,12075,,https://www.sciencedirect.com/science/journal/00222496
Journal de Mathématiques Pures et Appliquées,0021-7824,00217824,09041,,https://www.sciencedirect.com/science/journal/00217824
Journal of the Mechanical Behavior of Biomedical Materials,1751-6161,17516161,03080,,https://www.sciencedirect.com/science/journal/17516161
Journal of the Mechanics and Physics of Solids,0022-5096,00225096,00220,,https://www.sciencedirect.com/science/journal/00225096
Journal of Medical Imaging and Radiation Sciences,1939-8654,19398654,13431,Formerly known as Canadian Journal of Medical Radiation Technology,https://www.sciencedirect.com/science/journal/19398654
Journal of Membrane Science,0376-7388,03767388,05163,,https://www.sciencedirect.com/science/journal/03767388
Journal of Membrane Science Letters,2772-4212,27724212,31239,,https://www.sciencedirect.com/science/journal/27724212
Journal of Memory and Language,0749-596X,0749596X,12074,Formerly known as Journal of Verbal Learning and Verbal Behavior,https://www.sciencedirect.com/science/journal/0749596X
Journal of Microbiological Methods,0167-7012,01677012,05058,,https://www.sciencedirect.com/science/journal/01677012
"Journal of Microbiology, Immunology and Infection",1684-1182,16841182,08709,,https://www.sciencedirect.com/science/journal/16841182
Journal of Migration and Health,2666-6235,26666235,30396,,https://www.sciencedirect.com/science/journal/26666235
Journal of Minimally Invasive Gynecology,1553-4650,15534650,13372,Formerly known as The Journal of the American Association of Gynecologic Laparoscopists,https://www.sciencedirect.com/science/journal/15534650
Journal of Molecular Biology,0022-2836,00222836,12615,,https://www.sciencedirect.com/science/journal/00222836
Journal of Molecular and Cellular Cardiology,0022-2828,00222828,12614,,https://www.sciencedirect.com/science/journal/00222828
Journal of Molecular and Cellular Cardiology Plus,2772-9761,27729761,31398,,https://www.sciencedirect.com/science/journal/27729761
The Journal of Molecular Diagnostics,1525-1578,15251578,14040,,https://www.sciencedirect.com/science/journal/15251578
Journal of Molecular Graphics and Modelling,1093-3263,10933263,07721,Formerly known as Journal of Molecular Graphics,https://www.sciencedirect.com/science/journal/10933263
Journal of Molecular Liquids,0167-7322,01677322,05169,Formerly known as Advances in Molecular Relaxation and Interaction Processes,https://www.sciencedirect.com/science/journal/01677322
Journal of Molecular Spectroscopy,0022-2852,00222852,12077,,https://www.sciencedirect.com/science/journal/00222852
Journal of Molecular Structure,0022-2860,00222860,05170,,https://www.sciencedirect.com/science/journal/00222860
Journal of Monetary Economics,0304-3932,03043932,05398,Incorporating Carnegie-Rochester Conference Series on Public Policy,https://www.sciencedirect.com/science/journal/03043932
Journal of Mood and Anxiety Disorders,2950-0044,29500044,31629,,https://www.sciencedirect.com/science/journal/29500044
Journal of Multinational Financial Management,1042-444X,1042444X,05443,,https://www.sciencedirect.com/science/journal/1042444X
Journal of Multivariate Analysis,0047-259X,0047259X,12078,,https://www.sciencedirect.com/science/journal/0047259X
Journal of Medical Mycology,1156-5233,11565233,09351,,https://www.sciencedirect.com/science/journal/11565233
Journal of the National Cancer Center,2667-0054,26670054,31071,,https://www.sciencedirect.com/science/journal/26670054
Journal of the National Medical Association,0027-9684,00279684,18876,,https://www.sciencedirect.com/science/journal/00279684
Journal of Natural Gas Geoscience,2468-256X,2468256X,18351,,https://www.sciencedirect.com/science/journal/2468256X
Journal of Natural Gas Science and Engineering,1875-5100,18755100,08655,,https://www.sciencedirect.com/science/journal/18755100
Journal of Natural Pesticide Research,2773-0786,27730786,31431,,https://www.sciencedirect.com/science/journal/27730786
Journal for Nature Conservation,1617-1381,16171381,10009,,https://www.sciencedirect.com/science/journal/16171381
Journal of Neonatal Nursing,1355-1841,13551841,12606,,https://www.sciencedirect.com/science/journal/13551841
Journal of Network and Computer Applications,1084-8045,10848045,12653,Formerly known as Journal of Microcomputer Applications,https://www.sciencedirect.com/science/journal/10848045
Journal of Neuroimmunology,0165-5728,01655728,05060,Incorporating Advances in Neuroimmunology,https://www.sciencedirect.com/science/journal/01655728
Journal of Neurolinguistics,0911-6044,09116044,00866,,https://www.sciencedirect.com/science/journal/09116044
Journal of the Neurological Sciences,0022-510X,0022510X,05063,,https://www.sciencedirect.com/science/journal/0022510X
Journal of Neuroradiology,0150-9861,01509861,15564,,https://www.sciencedirect.com/science/journal/01509861
Journal of Neurorestoratology,2324-2426,23242426,31433,,https://www.sciencedirect.com/science/journal/23242426
Journal of Neuroscience Methods,0165-0270,01650270,05061,,https://www.sciencedirect.com/science/journal/01650270
Journal of Non-Crystalline Solids,0022-3093,00223093,05204,,https://www.sciencedirect.com/science/journal/00223093
Journal of Non-Crystalline Solids: X,2590-1591,25901591,18458,,https://www.sciencedirect.com/science/journal/25901591
Journal of Non-Newtonian Fluid Mechanics,0377-0257,03770257,05172,,https://www.sciencedirect.com/science/journal/03770257
Journal of Nuclear Materials,0022-3115,00223115,05205,,https://www.sciencedirect.com/science/journal/00223115
Journal of Number Theory,0022-314X,0022314X,12079,,https://www.sciencedirect.com/science/journal/0022314X
The Journal for Nurse Practitioners,1555-4155,15554155,14023,,https://www.sciencedirect.com/science/journal/15554155
Journal of Nursing Regulation,2155-8256,21558256,18841,,https://www.sciencedirect.com/science/journal/21558256
The Journal of Nutrition,0022-3166,00223166,31526,,https://www.sciencedirect.com/science/journal/00223166
Journal of Nutrition Education and Behavior,1499-4046,14994046,13410,Formerly known as Journal of Nutrition Behavior,https://www.sciencedirect.com/science/journal/14994046
"The Journal of nutrition, health and aging",1279-7707,12797707,31689,,https://www.sciencedirect.com/science/journal/12797707
Journal of Nutrition & Intermediary Metabolism,2352-3859,23523859,14201,,https://www.sciencedirect.com/science/journal/23523859
The Journal of Nutritional Biochemistry,0955-2863,09552863,07714,,https://www.sciencedirect.com/science/journal/09552863
Journal of Obsessive-Compulsive and Related Disorders,2211-3649,22113649,14065,,https://www.sciencedirect.com/science/journal/22113649
"Journal of Obstetric, Gynecologic & Neonatal Nursing",0884-2175,08842175,18868,Formerly known as JOGN Nursing,https://www.sciencedirect.com/science/journal/08842175
Journal of Obstetrics and Gynaecology Canada,1701-2163,17012163,18862,Formerly Known as Journal SOGC,https://www.sciencedirect.com/science/journal/17012163
Journal of Ocean Engineering and Science,2468-0133,24680133,18270,,https://www.sciencedirect.com/science/journal/24680133
Journal of Allergy and Clinical Immunology: Global,2772-8293,27728293,31345,,https://www.sciencedirect.com/science/journal/27728293
Journal of Cardiac Failure - Intersections,3050-6611,30506611,32065,,https://www.sciencedirect.com/science/journal/30506611
Journal of Computational Algebra,2772-8277,27728277,31361,,https://www.sciencedirect.com/science/journal/27728277
Journal of ISAKOS,2059-7754,20597754,31337,,https://www.sciencedirect.com/science/journal/20597754
Journal of Nutritional Physiology,3050-6247,30506247,32057,,https://www.sciencedirect.com/science/journal/30506247
Journal of Precision Medicine: Health and Disease,3050-6328,30506328,32058,,https://www.sciencedirect.com/science/journal/30506328
"Journal of Open Innovation: Technology, Market, and Complexity",2199-8531,21998531,31515,,https://www.sciencedirect.com/science/journal/21998531
Journal of Optometry,1888-4296,18884296,15780,,https://www.sciencedirect.com/science/journal/18884296
Journal of Oral Biology and Craniofacial Research,2212-4268,22124268,10092,,https://www.sciencedirect.com/science/journal/22124268
Journal of Oral Biosciences,1349-0079,13490079,10102,,https://www.sciencedirect.com/science/journal/13490079
Journal of Oral and Maxillofacial Surgery,0278-2391,02782391,13068,,https://www.sciencedirect.com/science/journal/02782391
"Journal of Oral and Maxillofacial Surgery, Medicine, and Pathology",2212-5558,22125558,12889,Formerly known as Asian Journal of Oral and Maxillofacial Surgery,https://www.sciencedirect.com/science/journal/22125558
Journal of Organometallic Chemistry,0022-328X,0022328X,06019,,https://www.sciencedirect.com/science/journal/0022328X
Journal of Orthopaedic Reports,2773-157X,2773157X,31447,,https://www.sciencedirect.com/science/journal/2773157X
Journal of Orthopaedic Science,0949-2658,09492658,18211,,https://www.sciencedirect.com/science/journal/09492658
Journal of Orthopaedic Translation,2214-031X,2214031X,17009,,https://www.sciencedirect.com/science/journal/2214031X
Journal of Orthopaedics,0972-978X,0972978X,08825,,https://www.sciencedirect.com/science/journal/0972978X
Journal of Otology,1672-2930,16722930,18135,,https://www.sciencedirect.com/science/journal/16722930
Journal of Outdoor Recreation and Tourism,2213-0780,22130780,18009,,https://www.sciencedirect.com/science/journal/22130780
The Journal of Pain,1526-5900,15265900,13134,Formerly known as Pain Forum,https://www.sciencedirect.com/science/journal/15265900
Journal of Pain and Symptom Management,0885-3924,08853924,07725,,https://www.sciencedirect.com/science/journal/08853924
Journal of Parallel and Distributed Computing,0743-7315,07437315,12080,,https://www.sciencedirect.com/science/journal/07437315
Journal of Pathology Informatics,2153-3539,21533539,31411,,https://www.sciencedirect.com/science/journal/21533539
Journal of Pediatric and Adolescent Gynecology,1083-3188,10833188,07752,Formerly known as Adolescent and Pediatric Gynecology,https://www.sciencedirect.com/science/journal/10833188
Journal of Pediatric Health Care,0891-5245,08915245,13176,,https://www.sciencedirect.com/science/journal/08915245
Journal of Pediatric Nursing,0882-5963,08825963,13162,,https://www.sciencedirect.com/science/journal/08825963
Journal of the Pediatric Orthopaedic Society of North America,2768-2765,27682765,31798,,https://www.sciencedirect.com/science/journal/27682765
Journal of Pediatric Surgery,0022-3468,00223468,13069,,https://www.sciencedirect.com/science/journal/00223468
Journal of Pediatric Surgery Case Reports,2213-5766,22135766,14136,,https://www.sciencedirect.com/science/journal/22135766
Journal of Pediatric Surgery Open,2949-7116,29497116,31488,,https://www.sciencedirect.com/science/journal/29497116
Journal of Pediatric Urology,1477-5131,14775131,04070,,https://www.sciencedirect.com/science/journal/14775131
The Journal of Pediatrics,0022-3476,00223476,13249,,https://www.sciencedirect.com/science/journal/00223476
The Journal of Pediatrics: Clinical Practice,2950-5410,29505410,18942,,https://www.sciencedirect.com/science/journal/29505410
The Journal of Pediatrics: X,2590-0420,25900420,18942,,https://www.sciencedirect.com/science/journal/25900420
Journal de Pédiatrie et de Puériculture,0987-7983,09877983,09040,,https://www.sciencedirect.com/science/journal/09877983
Journal of PeriAnesthesia Nursing,1089-9472,10899472,13187,,https://www.sciencedirect.com/science/journal/10899472
Journal of Petroleum Science and Engineering,0920-4105,09204105,05346,,https://www.sciencedirect.com/science/journal/09204105
Journal of Pharmaceutical Analysis,2095-1779,20951779,08782,,https://www.sciencedirect.com/science/journal/20951779
Journal of Pharmaceutical and Biomedical Analysis,0731-7085,07317085,05173,,https://www.sciencedirect.com/science/journal/07317085
Journal of Pharmaceutical and Biomedical Analysis Open,2949-771X,2949771X,31523,,https://www.sciencedirect.com/science/journal/2949771X
Journal of Pharmaceutical Sciences,0022-3549,00223549,18866,Formerly known as Journal of the American Pharmaceutical Association (Scientific ed.),https://www.sciencedirect.com/science/journal/00223549
Journal of Pharmacological Sciences,1347-8613,13478613,18119,Formerly known as Japanese Journal of Pharmacology,https://www.sciencedirect.com/science/journal/13478613
Journal of Pharmacological and Toxicological Methods,1056-8719,10568719,07726,Formerly known as Journal of Pharmacological Methods,https://www.sciencedirect.com/science/journal/10568719
The Journal of Pharmacology and Experimental Therapeutics,0022-3565,00223565,31993,,https://www.sciencedirect.com/science/journal/00223565
Journal of Phonetics,0095-4470,00954470,12626,,https://www.sciencedirect.com/science/journal/00954470
Journal of Photochemistry and Photobiology,2666-4690,26664690,30332,,https://www.sciencedirect.com/science/journal/26664690
Journal of Photochemistry and Photobiology A: Chemistry,1010-6030,10106030,06020,Formerly part of Journal of Photochemistry,https://www.sciencedirect.com/science/journal/10106030
Journal of Photochemistry and Photobiology B: Biology,1011-1344,10111344,06021,Formerly part of Journal of Photochemistry,https://www.sciencedirect.com/science/journal/10111344
Journal of Photochemistry and Photobiology C: Photochemistry Reviews,1389-5567,13895567,06054,,https://www.sciencedirect.com/science/journal/13895567
Journal of Physics and Chemistry of Solids,0022-3697,00223697,00229,,https://www.sciencedirect.com/science/journal/00223697
Journal of Physiotherapy,1836-9553,18369553,08739,Formerly known as Australian Journal of Physiotherapy,https://www.sciencedirect.com/science/journal/18369553
Journal of Pipeline Science and Engineering,2667-1433,26671433,31131,,https://www.sciencedirect.com/science/journal/26671433
Journal of Plant Physiology,0176-1617,01761617,10010,Formerly known as Zeitschrift für Pflanzenphysiologie; Incorporating Biochemie und Physiologie der Pflanzen,https://www.sciencedirect.com/science/journal/01761617
"Journal of Plastic, Reconstructive & Aesthetic Surgery",1748-6815,17486815,12727,Formerly known as British Journal of Plastic Surgery,https://www.sciencedirect.com/science/journal/17486815
Journal of Polar Science and Engineering,3051-3219,30513219,32209,,https://www.sciencedirect.com/science/journal/30513219
Journal of Policy Modeling,0161-8938,01618938,07729,,https://www.sciencedirect.com/science/journal/01618938
Journal of Power Sources,0378-7753,03787753,06022,,https://www.sciencedirect.com/science/journal/03787753
Journal of Power Sources Advances,2666-2485,26662485,30262,,https://www.sciencedirect.com/science/journal/26662485
Journal of Pragmatics,0378-2166,03782166,05291,,https://www.sciencedirect.com/science/journal/03782166
The Journal of Prevention of Alzheimer's Disease,2274-5807,22745807,32016,,https://www.sciencedirect.com/science/journal/22745807
Journal of Process Control,0959-1524,09591524,03057,,https://www.sciencedirect.com/science/journal/09591524
Journal of Professional Nursing,8755-7223,87557223,13189,,https://www.sciencedirect.com/science/journal/87557223
The Journal of Prosthetic Dentistry,0022-3913,00223913,13029,,https://www.sciencedirect.com/science/journal/00223913
Journal of Proteomics,1874-3919,18743919,05052,Formerly known as Journal of Biochemical and Biophysical Methods,https://www.sciencedirect.com/science/journal/18743919
Journal of Psychiatric Research,0022-3956,00223956,00241,,https://www.sciencedirect.com/science/journal/00223956
Journal of Psychosomatic Research,0022-3999,00223999,07550,,https://www.sciencedirect.com/science/journal/00223999
Journal of Public Economics,0047-2727,00472727,06023,,https://www.sciencedirect.com/science/journal/00472727
Journal of Public Economics Plus,2666-5514,26665514,30364,,https://www.sciencedirect.com/science/journal/26665514
Journal of Public Transportation,1077-291X,1077291X,31412,,https://www.sciencedirect.com/science/journal/1077291X
Journal of Purchasing and Supply Management,1478-4092,14784092,03028,Formerly known as European Journal of Purchasing & Supply Management,https://www.sciencedirect.com/science/journal/14784092
Journal of Pure and Applied Algebra,0022-4049,00224049,05292,,https://www.sciencedirect.com/science/journal/00224049
Journal of Quantitative Spectroscopy and Radiative Transfer,0022-4073,00224073,00272,,https://www.sciencedirect.com/science/journal/00224073
Journal of Radiology Nursing,1546-0843,15460843,13356,,https://www.sciencedirect.com/science/journal/15460843
Journal of Rail Transport Planning & Management,2210-9706,22109706,12939,,https://www.sciencedirect.com/science/journal/22109706
Journal of Railway Science and Technology,3050-8142,30508142,32106,,https://www.sciencedirect.com/science/journal/30508142
Journal of Rare Earths,1002-0721,10020721,08561,,https://www.sciencedirect.com/science/journal/10020721
Journal of Renal Nutrition,1051-2276,10512276,13264,,https://www.sciencedirect.com/science/journal/10512276
Journal of Reproductive Immunology,0165-0378,01650378,08034,,https://www.sciencedirect.com/science/journal/01650378
Journal of Research in Personality,0092-6566,00926566,12081,,https://www.sciencedirect.com/science/journal/00926566
Journal of Resource Insects,3050-516X,3050516X,31998,,https://www.sciencedirect.com/science/journal/3050516X
Journal of Responsible Technology,2666-6596,26666596,30406,,https://www.sciencedirect.com/science/journal/26666596
Journal of Retailing,0022-4359,00224359,07427,,https://www.sciencedirect.com/science/journal/00224359
Journal of Retailing and Consumer Services,0969-6989,09696989,03058,,https://www.sciencedirect.com/science/journal/09696989
Journal of Road Engineering,2097-0498,20970498,31407,,https://www.sciencedirect.com/science/journal/20970498
Journal of Rock Mechanics and Geotechnical Engineering,1674-7755,16747755,10180,,https://www.sciencedirect.com/science/journal/16747755
Journal of Rural Studies,0743-0167,07430167,00348,,https://www.sciencedirect.com/science/journal/07430167
Journal of Safety Research,0022-4375,00224375,00679,,https://www.sciencedirect.com/science/journal/00224375
Journal of Safety Science and Resilience,2666-4496,26664496,30328,,https://www.sciencedirect.com/science/journal/26664496
Journal of Safety and Sustainability,2949-9267,29499267,31609,,https://www.sciencedirect.com/science/journal/29499267
Journal of Saudi Chemical Society,1319-6103,13196103,08693,,https://www.sciencedirect.com/science/journal/13196103
Journal of the Saudi Society of Agricultural Sciences,1658-077X,1658077X,08744,,https://www.sciencedirect.com/science/journal/1658077X
Journal of School Psychology,0022-4405,00224405,00699,,https://www.sciencedirect.com/science/journal/00224405
Journal of Science: Advanced Materials and Devices,2468-2179,24682179,18339,,https://www.sciencedirect.com/science/journal/24682179
Journal of Science and Medicine in Sport,1440-2440,14402440,04244,,https://www.sciencedirect.com/science/journal/14402440
Journal of Sea Research,1385-1101,13851101,05453,Formerly known as Netherlands Journal of Sea Research,https://www.sciencedirect.com/science/journal/13851101
Journal of Second Language Writing,1060-3743,10603743,07458,,https://www.sciencedirect.com/science/journal/10603743
The Journal of Sexual Medicine,1743-6095,17436095,18846,,https://www.sciencedirect.com/science/journal/17436095
Journal of Shoulder and Elbow Surgery,1058-2746,10582746,13085,,https://www.sciencedirect.com/science/journal/10582746
Journal of the Society for Cardiovascular Angiography & Interventions,2772-9303,27729303,31380,,https://www.sciencedirect.com/science/journal/27729303
Journal of Solid State Chemistry,0022-4596,00224596,12084,,https://www.sciencedirect.com/science/journal/00224596
Journal of Sound and Vibration,0022-460X,0022460X,12616,,https://www.sciencedirect.com/science/journal/0022460X
Journal of South American Earth Sciences,0895-9811,08959811,00839,,https://www.sciencedirect.com/science/journal/08959811
Journal of Space Safety Engineering,2468-8967,24688967,18383,,https://www.sciencedirect.com/science/journal/24688967
Journal of Sport and Health Science,2095-2546,20952546,08822,,https://www.sciencedirect.com/science/journal/20952546
Journal of Statistical Planning and Inference,0378-3758,03783758,05401,,https://www.sciencedirect.com/science/journal/03783758
The Journal of Steroid Biochemistry and Molecular Biology,0960-0760,09600760,00333,Formerly known as Journal of Steroid Biochemistry,https://www.sciencedirect.com/science/journal/09600760
"Journal of Stomatology, Oral and Maxillofacial Surgery",2468-7855,24687855,15760,"Formerly known as Revue de Stomatologie, de Chirurgie Maxillo-faciale et de Chirurgie Orale",https://www.sciencedirect.com/science/journal/24687855
Journal of Stored Products Research,0022-474X,0022474X,00306,,https://www.sciencedirect.com/science/journal/0022474X
The Journal of Strategic Information Systems,0963-8687,09638687,05402,,https://www.sciencedirect.com/science/journal/09638687
Journal of Strategy & Innovation,3050-7901,30507901,07423,,https://www.sciencedirect.com/science/journal/30507901
Journal of Strategy & Innovation,3050-7901,30507901,07423,,https://www.sciencedirect.com/science/journal/30507901
Journal of Stroke and Cerebrovascular Diseases,1052-3057,10523057,13324,,https://www.sciencedirect.com/science/journal/10523057
Journal of Structural Biology,1047-8477,10478477,12082,Formerly known as Journal of Ultrastructure and Molecular Structure Research,https://www.sciencedirect.com/science/journal/10478477
Journal of Structural Biology: X,2590-1524,25901524,18946,,https://www.sciencedirect.com/science/journal/25901524
Journal of Structural Geology,0191-8141,01918141,00539,,https://www.sciencedirect.com/science/journal/01918141
Journal of Subatomic Particles and Cosmology,3050-4805,30504805,31969,,https://www.sciencedirect.com/science/journal/30504805
Journal of Substance Abuse Treatment,0740-5472,07405472,07553,,https://www.sciencedirect.com/science/journal/07405472
Journal of Substance Use and Addiction Treatment,2949-8759,29498759,07553,,https://www.sciencedirect.com/science/journal/29498759
The Journal of Supercritical Fluids,0896-8446,08968446,05452,,https://www.sciencedirect.com/science/journal/08968446
Journal of Surgical Education,1931-7204,19317204,07589,Formerly known as Current Surgery,https://www.sciencedirect.com/science/journal/19317204
Journal of Surgical Research,0022-4804,00224804,12083,,https://www.sciencedirect.com/science/journal/00224804
Journal of Sustainable Finance and Accounting,2950-3701,29503701,31772,,https://www.sciencedirect.com/science/journal/29503701
Journal of Symbolic Computation,0747-7171,07477171,12654,,https://www.sciencedirect.com/science/journal/07477171
Journal of Systems Architecture,1383-7621,13837621,05299,Formerly known as Microprocessing and Microprogramming,https://www.sciencedirect.com/science/journal/13837621
Journal of Systems and Software,0164-1212,01641212,07735,,https://www.sciencedirect.com/science/journal/01641212
Journal of Taibah University Medical Sciences,1658-3612,16583612,10133,,https://www.sciencedirect.com/science/journal/16583612
Journal of the Taiwan Institute of Chemical Engineers,1876-1070,18761070,08611,Formerly known as Journal of the Chinese Institute of Chemical Engineers,https://www.sciencedirect.com/science/journal/18761070
Journal of Terramechanics,0022-4898,00224898,00302,,https://www.sciencedirect.com/science/journal/00224898
Journal of Theoretical Biology,0022-5193,00225193,12617,,https://www.sciencedirect.com/science/journal/00225193
Journal of Thermal Biology,0306-4565,03064565,00383,,https://www.sciencedirect.com/science/journal/03064565
The Journal of Thoracic and Cardiovascular Surgery,0022-5223,00225223,13088,,https://www.sciencedirect.com/science/journal/00225223
Journal of Thoracic Oncology,1556-0864,15560864,18831,,https://www.sciencedirect.com/science/journal/15560864
Journal of Thrombosis and Haemostasis,1538-7836,15387836,31508,,https://www.sciencedirect.com/science/journal/15387836
Journal of Tissue Viability,0965-206X,0965206X,04107,,https://www.sciencedirect.com/science/journal/0965206X
Journal of Trace Elements in Medicine and Biology,0946-672X,0946672X,10014,,https://www.sciencedirect.com/science/journal/0946672X
Journal of Trace Elements and Minerals,2773-0506,27730506,31422,,https://www.sciencedirect.com/science/journal/27730506
Journal of Traditional Chinese Medical Sciences,2095-7548,20957548,18116,,https://www.sciencedirect.com/science/journal/20957548
Journal of Traditional and Complementary Medicine,2225-4110,22254110,18123,,https://www.sciencedirect.com/science/journal/22254110
Journal of Traffic and Transportation Engineering (English Edition),2095-7564,20957564,18157,,https://www.sciencedirect.com/science/journal/20957564
Journal of Translational Autoimmunity,2589-9090,25899090,30057,,https://www.sciencedirect.com/science/journal/25899090
Journal of Transport Geography,0966-6923,09666923,03060,,https://www.sciencedirect.com/science/journal/09666923
Journal of Transport & Health,2214-1405,22141405,18022,,https://www.sciencedirect.com/science/journal/22141405
Journal de Traumatologie du Sport,0762-915X,0762915X,15586,,https://www.sciencedirect.com/science/journal/0762915X
Journal of Urban Economics,0094-1190,00941190,12085,,https://www.sciencedirect.com/science/journal/00941190
Journal of Urban Management,2226-5856,22265856,18138,,https://www.sciencedirect.com/science/journal/22265856
Journal of Urban Mobility,2667-0917,26670917,31104,,https://www.sciencedirect.com/science/journal/26670917
Journal of Vascular and Endovascular Research,3050-6093,30506093,32043,,https://www.sciencedirect.com/science/journal/30506093
Journal of Vascular and Interventional Radiology,1051-0443,10510443,13422,,https://www.sciencedirect.com/science/journal/10510443
Journal of Vascular Nursing,1062-0303,10620303,13181,,https://www.sciencedirect.com/science/journal/10620303
Journal of Vascular Surgery,0741-5214,07415214,13089,,https://www.sciencedirect.com/science/journal/07415214
Journal of Vascular Surgery Cases and Innovative Techniques,2468-4287,24684287,18789,Formerly Known as Journal Vascular Surgery Cases,https://www.sciencedirect.com/science/journal/24684287
Journal of Vascular Surgery: Venous and Lymphatic Disorders,2213-333X,2213333X,14133,,https://www.sciencedirect.com/science/journal/2213333X
Journal of Veterinary Behavior,1558-7878,15587878,13411,,https://www.sciencedirect.com/science/journal/15587878
Journal of Veterinary Cardiology,1760-2734,17602734,05509,,https://www.sciencedirect.com/science/journal/17602734
Journal of Virological Methods,0166-0934,01660934,05064,,https://www.sciencedirect.com/science/journal/01660934
Journal of Virus Eradication,2055-6640,20556640,31031,,https://www.sciencedirect.com/science/journal/20556640
Journal of Visceral Surgery,1878-7886,18787886,15866,,https://www.sciencedirect.com/science/journal/18787886
Journal of Visual Communication and Image Representation,1047-3203,10473203,12087,,https://www.sciencedirect.com/science/journal/10473203
Journal of Vocational Behavior,0001-8791,00018791,12086,,https://www.sciencedirect.com/science/journal/00018791
Journal of Voice,0892-1997,08921997,13343,,https://www.sciencedirect.com/science/journal/08921997
Journal of Volcanology and Geothermal Research,0377-0273,03770273,05347,,https://www.sciencedirect.com/science/journal/03770273
Journal of Water Process Engineering,2214-7144,22147144,17042,,https://www.sciencedirect.com/science/journal/22147144
Journal of Web Semantics,1570-8268,15708268,05480,,https://www.sciencedirect.com/science/journal/15708268
Journal of Wind Engineering and Industrial Aerodynamics,0167-6105,01676105,05207,,https://www.sciencedirect.com/science/journal/01676105
Journal of World Business,1090-9516,10909516,07432,Formerly known as The Columbia Journal of World Business,https://www.sciencedirect.com/science/journal/10909516
Journal of the World Federation of Orthodontists,2212-4438,22124438,14122,,https://www.sciencedirect.com/science/journal/22124438
JPRAS Open,2352-5878,23525878,18755,,https://www.sciencedirect.com/science/journal/23525878
JSAMS Plus,2772-6967,27726967,31312,,https://www.sciencedirect.com/science/journal/27726967
JSES International,2666-6383,26666383,18398,Formerly Known as JSES Open Access,https://www.sciencedirect.com/science/journal/26666383
"JSES Reviews, Reports, and Techniques",2666-6391,26666391,30399,,https://www.sciencedirect.com/science/journal/26666391
JTCVS Open,2666-2736,26662736,30267,,https://www.sciencedirect.com/science/journal/26662736
CMI Communications,2950-5909,29505909,31833,,https://www.sciencedirect.com/science/journal/29505909
JTCVS Techniques,2666-2507,26662507,30268,,https://www.sciencedirect.com/science/journal/26662507
JTO Clinical and Research Reports,2666-3643,26663643,30321,,https://www.sciencedirect.com/science/journal/26663643
JVS-Vascular Insights,2949-9127,29499127,31593,,https://www.sciencedirect.com/science/journal/29499127
JVS - Vascular Science,2666-3503,26663503,30298,,https://www.sciencedirect.com/science/journal/26663503
Kidney International,0085-2538,00852538,18849,,https://www.sciencedirect.com/science/journal/00852538
Kidney International Case Reports,3117-471X,3117471X,32281,,https://www.sciencedirect.com/science/journal/3117471X
Kidney International Reports,2468-0249,24680249,18881,,https://www.sciencedirect.com/science/journal/24680249
Kidney International Supplements,2157-1716,21571716,18848,,https://www.sciencedirect.com/science/journal/21571716
Kidney Medicine,2590-0595,25900595,30012,,https://www.sciencedirect.com/science/journal/25900595
"Kinésithérapie, la Revue",1779-0123,17790123,15516,,https://www.sciencedirect.com/science/journal/17790123
The Knee,0968-0160,09680160,03061,,https://www.sciencedirect.com/science/journal/09680160
Knowledge-Based Systems,0950-7051,09507051,05293,,https://www.sciencedirect.com/science/journal/09507051
JTCVS Structural and Endovascular,2950-6050,29506050,31836,,https://www.sciencedirect.com/science/journal/29506050
Kuwait Journal of Science,2307-4108,23074108,31548,,https://www.sciencedirect.com/science/journal/23074108
La Presse Médicale Formation,2666-4798,26664798,30325,,https://www.sciencedirect.com/science/journal/26664798
La Presse Médicale Open,2590-2504,25902504,30112,,https://www.sciencedirect.com/science/journal/25902504
LabMed Discovery,3050-4740,30504740,31955,,https://www.sciencedirect.com/science/journal/30504740
Laboratory Investigation,0023-6837,00236837,31480,,https://www.sciencedirect.com/science/journal/00236837
Labour Economics,0927-5371,09275371,05404,,https://www.sciencedirect.com/science/journal/09275371
The Lancet,0140-6736,01406736,02284,,https://www.sciencedirect.com/science/journal/01406736
The Lancet Child & Adolescent Health,2352-4642,23524642,18394,,https://www.sciencedirect.com/science/journal/23524642
The Lancet Diabetes & Endocrinology,2213-8587,22138587,10182,,https://www.sciencedirect.com/science/journal/22138587
The Lancet Digital Health,2589-7500,25897500,18451,,https://www.sciencedirect.com/science/journal/25897500
The Lancet Gastroenterology & Hepatology,2468-1253,24681253,18342,,https://www.sciencedirect.com/science/journal/24681253
The Lancet Global Health,2214-109X,2214109X,17014,,https://www.sciencedirect.com/science/journal/2214109X
The Lancet Haematology,2352-3026,23523026,17745,,https://www.sciencedirect.com/science/journal/23523026
The Lancet Healthy Longevity,2666-7568,26667568,30431,,https://www.sciencedirect.com/science/journal/26667568
The Lancet HIV,2352-3018,23523018,17746,,https://www.sciencedirect.com/science/journal/23523018
The Lancet Infectious Diseases,1473-3099,14733099,02290,,https://www.sciencedirect.com/science/journal/14733099
The Lancet Medical Imaging & Theranostics,3117-4523,31174523,32268,,https://www.sciencedirect.com/science/journal/31174523
The Lancet Microbe,2666-5247,26665247,30338,,https://www.sciencedirect.com/science/journal/26665247
The Lancet Neurology,1474-4422,14744422,02291,,https://www.sciencedirect.com/science/journal/14744422
The Lancet Oncology,1470-2045,14702045,02285,,https://www.sciencedirect.com/science/journal/14702045
The Lancet Planetary Health,2542-5196,25425196,18390,,https://www.sciencedirect.com/science/journal/25425196
The Lancet Primary Care,3050-5143,30505143,31992,,https://www.sciencedirect.com/science/journal/30505143
The Lancet Psychiatry,2215-0366,22150366,17058,,https://www.sciencedirect.com/science/journal/22150366
The Lancet Public Health,2468-2667,24682667,18355,,https://www.sciencedirect.com/science/journal/24682667
The Lancet Regional Health - Africa,3050-5011,30505011,31980,,https://www.sciencedirect.com/science/journal/30505011
The Lancet Regional Health - Americas,2667-193X,2667193X,31146,,https://www.sciencedirect.com/science/journal/2667193X
The Lancet Regional Health - Eastern Mediterranean,3050-5054,30505054,31987,,https://www.sciencedirect.com/science/journal/30505054
The Lancet Regional Health - Europe,2666-7762,26667762,30438,,https://www.sciencedirect.com/science/journal/26667762
The Lancet Regional Health - Southeast Asia,2772-3682,27723682,31205,,https://www.sciencedirect.com/science/journal/27723682
The Lancet Regional Health - Western Pacific,2666-6065,26666065,30370,,https://www.sciencedirect.com/science/journal/26666065
The Lancet Respiratory Medicine,2213-2600,22132600,17012,,https://www.sciencedirect.com/science/journal/22132600
The Lancet Rheumatology,2665-9913,26659913,30154,,https://www.sciencedirect.com/science/journal/26659913
Land Use Policy,0264-8377,02648377,03063,,https://www.sciencedirect.com/science/journal/02648377
Landscape Architecture and Sustainability,3050-7324,30507324,32092,,https://www.sciencedirect.com/science/journal/30507324
Landscape and Urban Planning,0169-2046,01692046,05117,Formerly known as Landscape Planning; Incorporating Urban Ecology,https://www.sciencedirect.com/science/journal/01692046
Language & Communication,0271-5309,02715309,00616,,https://www.sciencedirect.com/science/journal/02715309
Language and Health,2949-9038,29499038,31580,,https://www.sciencedirect.com/science/journal/29499038
Language Sciences,0388-0001,03880001,00867,,https://www.sciencedirect.com/science/journal/03880001
"Laparoscopic, Endoscopic and Robotic Surgery",2468-9009,24689009,18385,,https://www.sciencedirect.com/science/journal/24689009
Latin American Journal of Central Banking,2666-1438,26661438,30382,,https://www.sciencedirect.com/science/journal/26661438
Latin American Transport Studies,2950-0249,29500249,31618,,https://www.sciencedirect.com/science/journal/29500249
Le Pharmacien Clinicien,2772-9532,27729532,15845,,https://www.sciencedirect.com/science/journal/27729532
The Leadership Quarterly,1048-9843,10489843,07433,,https://www.sciencedirect.com/science/journal/10489843
Learning in Context,3050-578X,3050578X,32036,,https://www.sciencedirect.com/science/journal/3050578X
"Learning, Culture and Social Interaction",2210-6561,22106561,12938,,https://www.sciencedirect.com/science/journal/22106561
Learning and Individual Differences,1041-6080,10416080,07434,,https://www.sciencedirect.com/science/journal/10416080
Learning and Instruction,0959-4752,09594752,00956,,https://www.sciencedirect.com/science/journal/09594752
Learning and Motivation,0023-9690,00239690,12088,,https://www.sciencedirect.com/science/journal/00239690
Legal Medicine,1344-6223,13446223,08143,,https://www.sciencedirect.com/science/journal/13446223
Letters in Drug Design & Discovery,1570-1808,15701808,32122,,https://www.sciencedirect.com/science/journal/15701808
Leukemia Research,0145-2126,01452126,00583,,https://www.sciencedirect.com/science/journal/01452126
Leukemia Research Reports,2213-0489,22130489,10120,,https://www.sciencedirect.com/science/journal/22130489
Library & Information Science Research,0740-8188,07408188,07459,,https://www.sciencedirect.com/science/journal/07408188
Life Sciences,0024-3205,00243205,07538,,https://www.sciencedirect.com/science/journal/00243205
Life Sciences in Space Research,2214-5524,22145524,17057,,https://www.sciencedirect.com/science/journal/22145524
The Lignin Journal,3117-8715,31178715,32377,,https://www.sciencedirect.com/science/journal/31178715
Limnologica,0075-9511,00759511,10033,,https://www.sciencedirect.com/science/journal/00759511
Linear Algebra and its Applications,0024-3795,00243795,07738,,https://www.sciencedirect.com/science/journal/00243795
Lingua,0024-3841,00243841,05295,,https://www.sciencedirect.com/science/journal/00243841
Linguistics and Education,0898-5898,08985898,07460,,https://www.sciencedirect.com/science/journal/08985898
Lithos,0024-4937,00244937,05348,,https://www.sciencedirect.com/science/journal/00244937
Liver Research,2542-5684,25425684,18392,,https://www.sciencedirect.com/science/journal/25425684
Livestock Science,1871-1413,18711413,05118,Formerly known as Livestock Production Science,https://www.sciencedirect.com/science/journal/18711413
Long Range Planning,0024-6301,00246301,00358,,https://www.sciencedirect.com/science/journal/00246301
Longevity Science and Medicine,3117-4043,31174043,32247,,https://www.sciencedirect.com/science/journal/31174043
Low-altitude Transportation,3117-8197,31178197,32356,,https://www.sciencedirect.com/science/journal/31178197
Lung Cancer,0169-5002,01695002,08036,,https://www.sciencedirect.com/science/journal/01695002
LWT,0023-6438,00236438,12618,,https://www.sciencedirect.com/science/journal/00236438
Machine Learning with Applications,2666-8270,26668270,30455,,https://www.sciencedirect.com/science/journal/26668270
Magnetic Medicine,2950-5844,29505844,31827,,https://www.sciencedirect.com/science/journal/29505844
Magnetic Resonance Imaging,0730-725X,0730725X,07540,,https://www.sciencedirect.com/science/journal/0730725X
Magnetic Resonance Imaging Clinics of North America,1064-9689,10649689,13080,,https://www.sciencedirect.com/science/journal/10649689
Magnetic Resonance Letters,2772-5162,27725162,31252,,https://www.sciencedirect.com/science/journal/27725162
Management Accounting Research,1044-5005,10445005,12677,,https://www.sciencedirect.com/science/journal/10445005
Manufacturing Letters,2213-8463,22138463,18019,,https://www.sciencedirect.com/science/journal/22138463
Manufacturing Science for Sustainability,3117-9711,31179711,32427,,https://www.sciencedirect.com/science/journal/31179711
Marine Chemistry,0304-4203,03044203,05349,,https://www.sciencedirect.com/science/journal/03044203
Marine Environmental Research,0141-1136,01411136,02039,,https://www.sciencedirect.com/science/journal/01411136
Marine Genomics,1874-7787,18747787,08624,,https://www.sciencedirect.com/science/journal/18747787
Marine Geology,0025-3227,00253227,05350,,https://www.sciencedirect.com/science/journal/00253227
Marine Geoscience and Energy Resources ,3117-5775,31175775,03064,,https://www.sciencedirect.com/science/journal/31175775
Marine Geotechnics,3117-8189,31178189,32359,,https://www.sciencedirect.com/science/journal/31178189
Marine Micropaleontology,0377-8398,03778398,05351,,https://www.sciencedirect.com/science/journal/03778398
Marine and Petroleum Geology,0264-8172,02648172,03064,,https://www.sciencedirect.com/science/journal/02648172
Marine Policy,0308-597X,0308597X,03065,,https://www.sciencedirect.com/science/journal/0308597X
Marine Pollution Bulletin,0025-326X,0025326X,00400,,https://www.sciencedirect.com/science/journal/0025326X
Marine Structures,0951-8339,09518339,02038,,https://www.sciencedirect.com/science/journal/09518339
Maritime Transport Research,2666-822X,2666822X,30459,,https://www.sciencedirect.com/science/journal/2666822X
Marketing Strategy Journal,2950-3086,29503086,31741,,https://www.sciencedirect.com/science/journal/29503086
Mass Gathering Medicine,3050-4562,30504562,31954,,https://www.sciencedirect.com/science/journal/30504562
Materialia,2589-1529,25891529,18421,,https://www.sciencedirect.com/science/journal/25891529
Materials Characterization,1044-5803,10445803,07744,Formerly known as Metallography,https://www.sciencedirect.com/science/journal/10445803
Materials Chemistry and Physics,0254-0584,02540584,06025,Formerly known as Materials Chemistry,https://www.sciencedirect.com/science/journal/02540584
Materials Chemistry and Physics: Sustainability and Energy,3050-4716,30504716,31961,,https://www.sciencedirect.com/science/journal/30504716
Materials & Design,0264-1275,02641275,03066,Formerly known as Materials & Design (1980-2015),https://www.sciencedirect.com/science/journal/02641275
Materials Letters,0167-577X,0167577X,05208,,https://www.sciencedirect.com/science/journal/0167577X
Materials Letters: X,2590-1508,25901508,18466,,https://www.sciencedirect.com/science/journal/25901508
Materials Reports: Energy,2666-9358,26669358,31028,,https://www.sciencedirect.com/science/journal/26669358
Materials Research Bulletin,0025-5408,00255408,00313,,https://www.sciencedirect.com/science/journal/00255408
Materials Science for Energy Technologies,2589-2991,25892991,18425,,https://www.sciencedirect.com/science/journal/25892991
Materials Science and Engineering: A,0921-5093,09215093,06026,Formerly part of Materials Science and Engineering,https://www.sciencedirect.com/science/journal/09215093
Materials Science and Engineering: B,0921-5107,09215107,06027,Formerly part of Materials Science and Engineering,https://www.sciencedirect.com/science/journal/09215107
Materials Science and Engineering: R: Reports,0927-796X,0927796X,06029,Formerly part of Materials Science Reports,https://www.sciencedirect.com/science/journal/0927796X
Materials Science in Semiconductor Processing,1369-8001,13698001,01030,,https://www.sciencedirect.com/science/journal/13698001
Materials Today,1369-7021,13697021,03069,,https://www.sciencedirect.com/science/journal/13697021
Materials Today Advances,2590-0498,25900498,30035,,https://www.sciencedirect.com/science/journal/25900498
Materials Today Bio,2590-0064,25900064,30005,,https://www.sciencedirect.com/science/journal/25900064
Materials Today Catalysis,2949-754X,2949754X,31502,,https://www.sciencedirect.com/science/journal/2949754X
Materials Today Chemistry,2468-5194,24685194,18364,,https://www.sciencedirect.com/science/journal/24685194
Materials Today Communications,2352-4928,23524928,18084,,https://www.sciencedirect.com/science/journal/23524928
Materials Today Electronics,2772-9494,27729494,31378,,https://www.sciencedirect.com/science/journal/27729494
Materials Today Energy,2468-6069,24686069,18368,,https://www.sciencedirect.com/science/journal/24686069
Materials Today Nano,2588-8420,25888420,18409,,https://www.sciencedirect.com/science/journal/25888420
Materials Today Physics,2542-5293,25425293,18391,,https://www.sciencedirect.com/science/journal/25425293
Materials Today: Proceedings,2214-7853,22147853,18050,,https://www.sciencedirect.com/science/journal/22147853
Materials Today Quantum,2950-2578,29502578,31698,,https://www.sciencedirect.com/science/journal/29502578
Materials Today Sustainability,2589-2347,25892347,18422,,https://www.sciencedirect.com/science/journal/25892347
Mathematical Biosciences,0025-5564,00255564,07741,,https://www.sciencedirect.com/science/journal/00255564
Mathematical Social Sciences,0165-4896,01654896,05410,,https://www.sciencedirect.com/science/journal/01654896
Mathematics and Computers in Simulation,0378-4754,03784754,05296,,https://www.sciencedirect.com/science/journal/03784754
Matrix Biology,0945-053X,0945053X,05547,Formerly known as Matrix,https://www.sciencedirect.com/science/journal/0945053X
Matrix Biology Plus,2590-0285,25900285,18448,,https://www.sciencedirect.com/science/journal/25900285
Matter,2590-2385,25902385,18948,,https://www.sciencedirect.com/science/journal/25902385
Matter & Light,3117-5848,31175848,32308,,https://www.sciencedirect.com/science/journal/31175848
Maturitas,0378-5122,03785122,08037,,https://www.sciencedirect.com/science/journal/03785122
Mayo Clinic Proceedings,0025-6196,00256196,14110,,https://www.sciencedirect.com/science/journal/00256196
Mayo Clinic Proceedings: Digital Health,2949-7612,29497612,31516,,https://www.sciencedirect.com/science/journal/29497612
"Mayo Clinic Proceedings: Innovations, Quality & Outcomes",2542-4548,25424548,18903,,https://www.sciencedirect.com/science/journal/25424548
Measurement,0263-2241,02632241,05411,Incorporating Industrial Metrology,https://www.sciencedirect.com/science/journal/02632241
Measurement: Energy,2950-3450,29503450,31752,,https://www.sciencedirect.com/science/journal/29503450
Measurement and Evaluations in Cancer Care,2949-8775,29498775,31571,,https://www.sciencedirect.com/science/journal/29498775
Measurement: Food,2772-2759,27722759,31193,,https://www.sciencedirect.com/science/journal/27722759
Measurement: Sensors,2665-9174,26659174,30127,,https://www.sciencedirect.com/science/journal/26659174
Measurement: Digitalization,3050-6441,30506441,32061,,https://www.sciencedirect.com/science/journal/30506441
Meat Science,0309-1740,03091740,02040,,https://www.sciencedirect.com/science/journal/03091740
Mechanical Systems and Signal Processing,0888-3270,08883270,12661,,https://www.sciencedirect.com/science/journal/08883270
Mechanics of Materials,0167-6636,01676636,05210,,https://www.sciencedirect.com/science/journal/01676636
Mechanics Research Communications,0093-6413,00936413,00374,,https://www.sciencedirect.com/science/journal/00936413
Mechanism and Machine Theory,0094-114X,0094114X,00303,Formerly known as Journal of Mechanisms,https://www.sciencedirect.com/science/journal/0094114X
Mechanisms of Ageing and Development,0047-6374,00476374,08038,,https://www.sciencedirect.com/science/journal/00476374
Mechanobiology in Medicine,2949-9070,29499070,31583,,https://www.sciencedirect.com/science/journal/29499070
Mechatronics,0957-4158,09574158,00933,,https://www.sciencedirect.com/science/journal/09574158
Med,2666-6340,26666340,30397,,https://www.sciencedirect.com/science/journal/26666340
Médecine de Catastrophe - Urgences Collectives,1279-8479,12798479,80043,Formerly known as Urgences Médicales,https://www.sciencedirect.com/science/journal/12798479
Médecine & Droit,1246-7391,12467391,09046,,https://www.sciencedirect.com/science/journal/12467391
Médecine et Maladies Infectieuses Formation,2772-7432,27727432,31339,,https://www.sciencedirect.com/science/journal/27727432
Médecine des Maladies Métaboliques,1957-2557,19572557,09377,,https://www.sciencedirect.com/science/journal/19572557
Médecine Nucléaire,0928-1258,09281258,09149,,https://www.sciencedirect.com/science/journal/09281258
Médecine Palliative,1636-6522,16366522,15102,,https://www.sciencedirect.com/science/journal/16366522
Médecine du Sommeil,1769-4493,17694493,15859,,https://www.sciencedirect.com/science/journal/17694493
Medical Clinics of North America,0025-7125,00257125,13238,,https://www.sciencedirect.com/science/journal/00257125
Medical Dosimetry,0958-3947,09583947,07539,,https://www.sciencedirect.com/science/journal/09583947
Medical Engineering & Physics,1350-4533,13504533,03068,Formerly known as Journal of Biomedical Engineering,https://www.sciencedirect.com/science/journal/13504533
Medical Hypotheses,0306-9877,03069877,12718,,https://www.sciencedirect.com/science/journal/03069877
Medical Image Analysis,1361-8415,13618415,05559,,https://www.sciencedirect.com/science/journal/13618415
Medical Journal Armed Forces India,0377-1237,03771237,08773,,https://www.sciencedirect.com/science/journal/03771237
Medical Mycology Case Reports,2211-7539,22117539,08797,,https://www.sciencedirect.com/science/journal/22117539
Medical Reports,2949-9186,29499186,31599,,https://www.sciencedirect.com/science/journal/29499186
Medicina Clínica,0025-7753,00257753,15716,,https://www.sciencedirect.com/science/journal/00257753
Medicina Clínica (English Edition),2387-0206,23870206,16371,,https://www.sciencedirect.com/science/journal/23870206
Medicina Clínica Práctica,2603-9249,26039249,16459,,https://www.sciencedirect.com/science/journal/26039249
Medicina de Familia. SEMERGEN,1138-3593,11383593,15732,,https://www.sciencedirect.com/science/journal/11383593
Medicina Intensiva,0210-5691,02105691,15726,,https://www.sciencedirect.com/science/journal/02105691
Medicina Intensiva (English Edition),2173-5727,21735727,15959,,https://www.sciencedirect.com/science/journal/21735727
Medicina Reproductiva y Embriología Clínica,2340-9320,23409320,16828,,https://www.sciencedirect.com/science/journal/23409320
Medicine,1357-3039,13573039,04265,,https://www.sciencedirect.com/science/journal/13573039
Medicine Discovery,3117-9282,31179282,32415,,https://www.sciencedirect.com/science/journal/31179282
Medicine in Drug Discovery,2590-0986,25900986,30064,,https://www.sciencedirect.com/science/journal/25900986
Medicine in Microecology,2590-0978,25900978,30065,,https://www.sciencedirect.com/science/journal/25900978
Medicine in Novel Technology and Devices,2590-0935,25900935,30063,,https://www.sciencedirect.com/science/journal/25900935
Medicine in Omics,2590-1249,25901249,30051,,https://www.sciencedirect.com/science/journal/25901249
Medicine Plus,2950-3477,29503477,31747,,https://www.sciencedirect.com/science/journal/29503477
Medicine - Programa de Formación Médica Continuada Acreditado,0304-5412,03045412,15736,,https://www.sciencedirect.com/science/journal/03045412
"Memories - Materials, Devices, Circuits and Systems",2773-0646,27730646,31428,,https://www.sciencedirect.com/science/journal/27730646
Mendeleev Communications,0959-9436,09599436,08605,,https://www.sciencedirect.com/science/journal/09599436
Mental Health and Physical Activity,1755-2966,17552966,05607,,https://www.sciencedirect.com/science/journal/17552966
Mental Health & Prevention,2212-6570,22126570,10505,,https://www.sciencedirect.com/science/journal/22126570
Meta Plants,3117-8235,31178235,32367,,https://www.sciencedirect.com/science/journal/31178235
Metabolic Engineering,1096-7176,10967176,12089,,https://www.sciencedirect.com/science/journal/10967176
Metabolic Engineering Communications,2214-0301,22140301,10183,,https://www.sciencedirect.com/science/journal/22140301
Metabolism,0026-0495,00260495,13252,,https://www.sciencedirect.com/science/journal/00260495
Metabolism and Diseases,3051-3073,30513073,32214,,https://www.sciencedirect.com/science/journal/30513073
Metabolism Open,2589-9368,25899368,18940,,https://www.sciencedirect.com/science/journal/25899368
Metal Science,3117-9649,31179649,32423,,https://www.sciencedirect.com/science/journal/31179649
Metals Advances,3117-7220,31177220,32333,,https://www.sciencedirect.com/science/journal/31177220
Meta-Radiology,2950-1628,29501628,31648,,https://www.sciencedirect.com/science/journal/29501628
Methods,1046-2023,10462023,12092,Incorporating Neuroprotocols and ImmunoMethods,https://www.sciencedirect.com/science/journal/10462023
Methods in Psychology,2590-2601,25902601,30115,,https://www.sciencedirect.com/science/journal/25902601
MethodsX,2215-0161,22150161,17063,,https://www.sciencedirect.com/science/journal/22150161
Micro and Nano Engineering,2590-0072,25900072,30004,,https://www.sciencedirect.com/science/journal/25900072
Micro and Nanostructures,2773-0123,27730123,12657,,https://www.sciencedirect.com/science/journal/27730123
The Microbe,2950-1946,29501946,31654,,https://www.sciencedirect.com/science/journal/29501946
Microbes and Infection,1286-4579,12864579,09047,"Incorporating Annales de l'Institut Pasteur. Immunologie, Annales de l'Institut Pasteur. Virologie, Bulletin de l'Institut Pasteur, Research in Immunology and Research in Virology",https://www.sciencedirect.com/science/journal/12864579
Microbial Pathogenesis,0882-4010,08824010,12658,,https://www.sciencedirect.com/science/journal/08824010
Microbial Risk Analysis,2352-3522,23523522,18159,,https://www.sciencedirect.com/science/journal/23523522
Microbiological Research,0944-5013,09445013,10011,Formerly known as Zentralblatt für Mikrobiologie,https://www.sciencedirect.com/science/journal/09445013
MicroBiome and One Health,3117-633X,3117633X,32326,,https://www.sciencedirect.com/science/journal/3117633X
Microchemical Journal,0026-265X,0026265X,05555,,https://www.sciencedirect.com/science/journal/0026265X
Microelectronic Engineering,0167-9317,01679317,05298,,https://www.sciencedirect.com/science/journal/01679317
Microelectronics Journal,1879-2391,18792391,02094,"ISSN changed from 00262692 to 18792391, as Microelectronics Journal - ISSN correction project",https://www.sciencedirect.com/science/journal/18792391
Microelectronics Reliability,0026-2714,00262714,00274,,https://www.sciencedirect.com/science/journal/00262714
Micron,0968-4328,09684328,00475,Incorporating Electron Microscopy Reviews and Micron and Microscopica Acta,https://www.sciencedirect.com/science/journal/09684328
Microporous and Mesoporous Materials,1387-1811,13871811,07780,Incorporating Microporous Materials and Zeolites,https://www.sciencedirect.com/science/journal/13871811
Microprocessors and Microsystems,0141-9331,01419331,05300,Formerly known as Microprocessors,https://www.sciencedirect.com/science/journal/01419331
Microvascular Research,0026-2862,00262862,12094,,https://www.sciencedirect.com/science/journal/00262862
Midwifery,0266-6138,02666138,12751,,https://www.sciencedirect.com/science/journal/02666138
Minerals Engineering,0892-6875,08926875,00837,,https://www.sciencedirect.com/science/journal/08926875
Mitochondrial Communications,2590-2792,25902792,30118,,https://www.sciencedirect.com/science/journal/25902792
Mitochondrion,1567-7249,15677249,05569,,https://www.sciencedirect.com/science/journal/15677249
Model Organisms Research,3117-8170,31178170,32360,,https://www.sciencedirect.com/science/journal/31178170
Modern Pathology,0893-3952,08933952,31481,,https://www.sciencedirect.com/science/journal/08933952
Molecular Aspects of Medicine,0098-2997,00982997,00457,,https://www.sciencedirect.com/science/journal/00982997
Molecular and Biochemical Parasitology,0166-6851,01666851,05066,,https://www.sciencedirect.com/science/journal/01666851
Molecular Catalysis,2468-8231,24688231,05166,Formerly known as Journal of Molecular Catalysis A: Chemical;,https://www.sciencedirect.com/science/journal/24688231
Molecular Cell,1097-2765,10972765,07592,,https://www.sciencedirect.com/science/journal/10972765
Molecular and Cellular Endocrinology,0303-7207,03037207,08040,,https://www.sciencedirect.com/science/journal/03037207
Molecular and Cellular Neuroscience,1044-7431,10447431,12091,,https://www.sciencedirect.com/science/journal/10447431
Molecular and Cellular Probes,0890-8508,08908508,12664,,https://www.sciencedirect.com/science/journal/08908508
Molecular & Cellular Proteomics,1535-9476,15359476,31049,,https://www.sciencedirect.com/science/journal/15359476
Molecular Chemistry & Engineering,3050-7960,30507960,32100,,https://www.sciencedirect.com/science/journal/30507960
Molecular and Digital Medicine,3117-7026,31177026,32339,,https://www.sciencedirect.com/science/journal/31177026
Molecular Genetics and Metabolism,1096-7192,10967192,12016,Formerly known as Biochemical and Molecular Medicine,https://www.sciencedirect.com/science/journal/10967192
Molecular Genetics and Metabolism Reports,2214-4269,22144269,14154,,https://www.sciencedirect.com/science/journal/22144269
Molecular Immunology,0161-5890,01615890,00253,Formerly known as Immunochemistry,https://www.sciencedirect.com/science/journal/01615890
Molecular Metabolism,2212-8778,22128778,10507,,https://www.sciencedirect.com/science/journal/22128778
Molecular Pharmacology,0026-895X,0026895X,31997,,https://www.sciencedirect.com/science/journal/0026895X
Molecular Phylogenetics and Evolution,1055-7903,10557903,12093,,https://www.sciencedirect.com/science/journal/10557903
Molecular Plant,1674-2052,16742052,18762,,https://www.sciencedirect.com/science/journal/16742052
Molecular Therapy,1525-0016,15250016,12877,,https://www.sciencedirect.com/science/journal/15250016
Molecular Therapy Advances,3117-387X,3117387X,18892,,https://www.sciencedirect.com/science/journal/3117387X
Molecular Therapy - Methods & Clinical Development,2329-0501,23290501,18892,,https://www.sciencedirect.com/science/journal/23290501
Molecular Therapy - Nucleic Acids,2162-2531,21622531,18891,,https://www.sciencedirect.com/science/journal/21622531
Molecular Therapy - Oncolytics,2372-7705,23727705,18888,,https://www.sciencedirect.com/science/journal/23727705
Molecular Therapy: Oncology,2950-3299,29503299,18888,,https://www.sciencedirect.com/science/journal/29503299
Molecules and Cells,1016-8478,10168478,31652,,https://www.sciencedirect.com/science/journal/10168478
Morphologie,1286-0115,12860115,15591,,https://www.sciencedirect.com/science/journal/12860115
Motricité Cérébrale,0245-5919,02455919,15654,,https://www.sciencedirect.com/science/journal/02455919
Mucosal Immunology,1933-0219,19330219,31510,,https://www.sciencedirect.com/science/journal/19330219
Multimodal Transportation,2772-5863,27725863,31274,,https://www.sciencedirect.com/science/journal/27725863
Multiple Sclerosis and Related Disorders,2211-0348,22110348,08776,,https://www.sciencedirect.com/science/journal/22110348
Musculoskeletal Science and Practice,2468-7812,24687812,12750,Formerly known as Manual Therapy,https://www.sciencedirect.com/science/journal/24687812
Mutation Research,0027-5107,00275107,05069,,https://www.sciencedirect.com/science/journal/00275107
Mutation Research - Fundamental and Molecular Mechanisms of Mutagenesis,1386-1964,13861964,05069,,https://www.sciencedirect.com/science/journal/13861964
Mutation Research/Genetic Toxicology and Environmental Mutagenesis,1383-5718,13835718,05073,"Incorporating Mutation Research Letters, Mutation Research/Environmental Mutagenesis and Related Subjects and Mutation Research/Genetic Toxicology",https://www.sciencedirect.com/science/journal/13835718
Mutation Research/Reviews in Mutation Research,1383-5742,13835742,05074,Formerly known as Mutation Research/Reviews in Genetic Toxicology,https://www.sciencedirect.com/science/journal/13835742
NAM Journal,3050-6204,30506204,32056,,https://www.sciencedirect.com/science/journal/30506204
Nano Biomedicine and Engineering,2150-5578,21505578,32203,,https://www.sciencedirect.com/science/journal/21505578
Nano Communication Networks,1878-7789,18787789,08710,,https://www.sciencedirect.com/science/journal/18787789
Nano Energy,2211-2855,22112855,12947,,https://www.sciencedirect.com/science/journal/22112855
Nano Materials Science,2589-9651,25899651,30001,,https://www.sciencedirect.com/science/journal/25899651
Nano-Structures & Nano-Objects,2352-507X,2352507X,18078,,https://www.sciencedirect.com/science/journal/2352507X
Nano Today,1748-0132,17480132,04085,,https://www.sciencedirect.com/science/journal/17480132
Nano TransMed,2790-6760,27906760,31720,,https://www.sciencedirect.com/science/journal/27906760
Nano Trends,2666-9781,26669781,31054,,https://www.sciencedirect.com/science/journal/26669781
NanoImpact,2452-0748,24520748,18267,,https://www.sciencedirect.com/science/journal/24520748
"Nanomedicine: Nanotechnology, Biology and Medicine",1549-9634,15499634,13363,,https://www.sciencedirect.com/science/journal/15499634
Natural Gas Industry B,2352-8540,23528540,18118,,https://www.sciencedirect.com/science/journal/23528540
Natural Hazards Research,2666-5921,26665921,30381,,https://www.sciencedirect.com/science/journal/26665921
Natural Language Processing Journal,2949-7191,29497191,31494,,https://www.sciencedirect.com/science/journal/29497191
Nature-Based Solutions,2772-4115,27724115,31230,,https://www.sciencedirect.com/science/journal/27724115
NDT & E International,0963-8695,09638695,03072,Formerly known as NDT International,https://www.sciencedirect.com/science/journal/09638695
Nefrología,0211-6995,02116995,16374,,https://www.sciencedirect.com/science/journal/02116995
Nefrología (English Edition),2013-2514,20132514,16375,,https://www.sciencedirect.com/science/journal/20132514
NefroPlus,1888-9700,18889700,31953,,https://www.sciencedirect.com/science/journal/18889700
Neoplasia,1476-5586,14765586,14193,,https://www.sciencedirect.com/science/journal/14765586
Neural Networks,0893-6080,08936080,00841,,https://www.sciencedirect.com/science/journal/08936080
Neurobiology of Aging,0197-4580,01974580,07541,,https://www.sciencedirect.com/science/journal/01974580
Neurobiology of Disease,0969-9961,09699961,12095,,https://www.sciencedirect.com/science/journal/09699961
Neurobiology of Learning and Memory,1074-7427,10747427,12098,Formerly known as Behavioral and Neural Biology,https://www.sciencedirect.com/science/journal/10747427
Neurobiology of Pain,2452-073X,2452073X,18890,,https://www.sciencedirect.com/science/journal/2452073X
Neurobiology of Sleep and Circadian Rhythms,2451-9944,24519944,18856,,https://www.sciencedirect.com/science/journal/24519944
Neurobiology of Stress,2352-2895,23522895,18751,,https://www.sciencedirect.com/science/journal/23522895
Neurochemistry International,0197-0186,01970186,00643,,https://www.sciencedirect.com/science/journal/01970186
Neurochirurgie,0028-3770,00283770,15630,,https://www.sciencedirect.com/science/journal/00283770
Neurocirugía,1130-1473,11301473,15970,,https://www.sciencedirect.com/science/journal/11301473
Neurocirugía (English Edition),2529-8496,25298496,16438,,https://www.sciencedirect.com/science/journal/25298496
Neurocomputing,0925-2312,09252312,05301,,https://www.sciencedirect.com/science/journal/09252312
NeuroImage,1053-8119,10538119,12097,,https://www.sciencedirect.com/science/journal/10538119
NeuroImage: Clinical,2213-1582,22131582,13463,,https://www.sciencedirect.com/science/journal/22131582
Neuroimage: Reports,2666-9560,26669560,31037,,https://www.sciencedirect.com/science/journal/26669560
NeuroImage Stroke,3117-5740,31175740,32307,,https://www.sciencedirect.com/science/journal/31175740
Neuroimaging Clinics of North America,1052-5149,10525149,13090,,https://www.sciencedirect.com/science/journal/10525149
Neuroimmunology Reports,2667-257X,2667257X,31154,,https://www.sciencedirect.com/science/journal/2667257X
Neurología,0213-4853,02134853,15771,,https://www.sciencedirect.com/science/journal/02134853
Neurología Argentina,1853-0028,18530028,15775,,https://www.sciencedirect.com/science/journal/18530028
Neurología (English Edition),2173-5808,21735808,15772,,https://www.sciencedirect.com/science/journal/21735808
Neurologic Clinics,0733-8619,07338619,13312,,https://www.sciencedirect.com/science/journal/07338619
Neurology Perspectives,2667-0496,26670496,31090,,https://www.sciencedirect.com/science/journal/26670496
NeuroMarkers,2950-5887,29505887,31832,,https://www.sciencedirect.com/science/journal/29505887
Neuromodulation: Technology at the Neural Interface,1094-7159,10947159,31321,,https://www.sciencedirect.com/science/journal/10947159
Neuromuscular Disorders,0960-8966,09608966,00973,,https://www.sciencedirect.com/science/journal/09608966
Neuron,0896-6273,08966273,07593,,https://www.sciencedirect.com/science/journal/08966273
Neuron Communications,3117-8731,31178731,32387,,https://www.sciencedirect.com/science/journal/31178731
Neuropeptides,0143-4179,01434179,12719,,https://www.sciencedirect.com/science/journal/01434179
Neuropharmacology,0028-3908,00283908,00279,Formerly known as International Journal of Neuropharmacology,https://www.sciencedirect.com/science/journal/00283908
Neurophysiologie Clinique,0987-7053,09877053,09051,Formerly known as Revue d'Electroencéphalographie et de Neurophysiologie Clinique,https://www.sciencedirect.com/science/journal/09877053
Neuropsychiatrie de l'Enfance et de l'Adolescence,0222-9617,02229617,09093,,https://www.sciencedirect.com/science/journal/02229617
Neuropsychologia,0028-3932,00283932,00247,,https://www.sciencedirect.com/science/journal/00283932
Neuroscience,0306-4522,03064522,00468,,https://www.sciencedirect.com/science/journal/03064522
Neuroscience Applied,2772-4085,27724085,31232,,https://www.sciencedirect.com/science/journal/27724085
Neuroscience & Biobehavioral Reviews,0149-7634,01497634,00831,Formerly known as Biobehavioral Reviews,https://www.sciencedirect.com/science/journal/01497634
Neuroscience Informatics,2772-5286,27725286,31258,,https://www.sciencedirect.com/science/journal/27725286
Neuroscience Letters,0304-3940,03043940,08042,,https://www.sciencedirect.com/science/journal/03043940
Neuroscience Research,0168-0102,01680102,08043,Incorporating Neuroscience Research Supplements,https://www.sciencedirect.com/science/journal/01680102
Neurosurgery Clinics of North America,1042-3680,10423680,13093,,https://www.sciencedirect.com/science/journal/10423680
NeuroToxicology,0161-813X,0161813X,05577,,https://www.sciencedirect.com/science/journal/0161813X
Neurotoxicology and Teratology,0892-0362,08920362,07544,,https://www.sciencedirect.com/science/journal/08920362
New Astronomy,1384-1076,13841076,05450,,https://www.sciencedirect.com/science/journal/13841076
New Astronomy Reviews,1387-6473,13876473,00426,Formerly known as Vistas in Astronomy,https://www.sciencedirect.com/science/journal/13876473
New Biotechnology,1871-6784,18716784,05042,Formerly known as Biomolecular Engineering,https://www.sciencedirect.com/science/journal/18716784
New Carbon Materials,1872-5805,18725805,08599,,https://www.sciencedirect.com/science/journal/18725805
New Crops,2949-9526,29499526,31620,,https://www.sciencedirect.com/science/journal/29499526
New Ideas in Psychology,0732-118X,0732118X,00678,,https://www.sciencedirect.com/science/journal/0732118X
New Microbes and New Infections,2052-2975,20522975,18104,,https://www.sciencedirect.com/science/journal/20522975
New Scientist,0262-4079,02624079,NEWS,,https://www.sciencedirect.com/science/journal/02624079
New Techno-Humanities,2664-3294,26643294,31177,,https://www.sciencedirect.com/science/journal/26643294
Newton,2950-6360,29506360,31841,,https://www.sciencedirect.com/science/journal/29506360
Next Bioengineering,3050-7235,30507235,32086,,https://www.sciencedirect.com/science/journal/30507235
Next Chemical Engineering,3050-7243,30507243,32090,,https://www.sciencedirect.com/science/journal/30507243
Next Energy,2949-821X,2949821X,31538,,https://www.sciencedirect.com/science/journal/2949821X
Next Materials,2949-8228,29498228,31539,,https://www.sciencedirect.com/science/journal/29498228
Next Nanotechnology,2949-8295,29498295,31550,,https://www.sciencedirect.com/science/journal/29498295
Next Research,3050-4759,30504759,31960,,https://www.sciencedirect.com/science/journal/30504759
Next Sustainability,2949-8236,29498236,31541,,https://www.sciencedirect.com/science/journal/29498236
Nexus,2950-1601,29501601,31645,,https://www.sciencedirect.com/science/journal/29501601
NFS Journal,2352-3646,23523646,10519,,https://www.sciencedirect.com/science/journal/23523646
Nitric Oxide,1089-8603,10898603,12099,,https://www.sciencedirect.com/science/journal/10898603
Non-coding RNA Research,2468-0540,24680540,18320,,https://www.sciencedirect.com/science/journal/24680540
Nonlinear Analysis,0362-546X,0362546X,02279,,https://www.sciencedirect.com/science/journal/0362546X
Nonlinear Analysis: Hybrid Systems,1751-570X,1751570X,04098,,https://www.sciencedirect.com/science/journal/1751570X
Nonlinear Analysis: Real World Applications,1468-1218,14681218,01060,,https://www.sciencedirect.com/science/journal/14681218
Nonlinear Science,3050-5178,30505178,31989,,https://www.sciencedirect.com/science/journal/30505178
The North American Journal of Economics and Finance,1062-9408,10629408,07435,Formerly known as North American Review of Economics and Finance,https://www.sciencedirect.com/science/journal/10629408
North American Spine Society Journal (NASSJ),2666-5484,26665484,30358,,https://www.sciencedirect.com/science/journal/26665484
NPG Neurologie - Psychiatrie – Gériatrie,1627-4830,16274830,15635,,https://www.sciencedirect.com/science/journal/16274830
Nuclear Analysis,2773-1839,27731839,31455,,https://www.sciencedirect.com/science/journal/27731839
Nuclear Data Sheets,0090-3752,00903752,12096,Incorporating Nuclear Data Sheets. Section A and Nuclear Data Sheets. Section B,https://www.sciencedirect.com/science/journal/00903752
Nuclear Engineering and Design,0029-5493,00295493,06030,Formerly known as Nuclear Structural Engineering,https://www.sciencedirect.com/science/journal/00295493
Nuclear Engineering and Technology,1738-5733,17385733,18132,,https://www.sciencedirect.com/science/journal/17385733
"Nuclear Instruments and Methods in Physics Research Section A: Accelerators, Spectrometers, Detectors and Associated Equipment",0168-9002,01689002,05211,Formerly part of Nuclear Instruments and Methods in Physics Research,https://www.sciencedirect.com/science/journal/01689002
Nuclear Instruments and Methods in Physics Research Section B: Beam Interactions with Materials and Atoms,0168-583X,0168583X,05212,Formerly part of Nuclear Instruments and Methods in Physics Research,https://www.sciencedirect.com/science/journal/0168583X
Nuclear Materials and Energy,2352-1791,23521791,17740,,https://www.sciencedirect.com/science/journal/23521791
Nuclear Medicine and Biology,0969-8051,09698051,07542,Formerly known as International Journal of Radiation Applications and Instrumentation. Part B. Nuclear Medicine and Biology,https://www.sciencedirect.com/science/journal/09698051
Nuclear and Particle Physics Proceedings,2405-6014,24056014,05216,Formerly known as Nuclear Physics B Proceeding Supplement,https://www.sciencedirect.com/science/journal/24056014
Nuclear Physics A,0375-9474,03759474,05214,Formerly part of Nuclear Physics,https://www.sciencedirect.com/science/journal/03759474
Nuclear Physics B,0550-3213,05503213,05215,Formerly part of Nuclear Physics,https://www.sciencedirect.com/science/journal/05503213
Nurse Education in Practice,1471-5953,14715953,12900,,https://www.sciencedirect.com/science/journal/14715953
Nurse Education Today,0260-6917,02606917,12752,,https://www.sciencedirect.com/science/journal/02606917
Nurse Leader,1541-4612,15414612,13338,,https://www.sciencedirect.com/science/journal/15414612
Nursing Clinics of North America,0029-6465,00296465,13184,,https://www.sciencedirect.com/science/journal/00296465
Nursing Outlook,0029-6554,00296554,13175,,https://www.sciencedirect.com/science/journal/00296554
Nursing for Women's Health,1751-4851,17514851,18869,,https://www.sciencedirect.com/science/journal/17514851
Nutrition,0899-9007,08999007,07740,,https://www.sciencedirect.com/science/journal/08999007
Nutrition Clinique et Métabolisme,0985-0562,09850562,09074,,https://www.sciencedirect.com/science/journal/09850562
"Nutrition, Metabolism and Cardiovascular Diseases",0939-4753,09394753,05506,,https://www.sciencedirect.com/science/journal/09394753
Nutrition Research,0271-5317,02715317,07543,,https://www.sciencedirect.com/science/journal/02715317
Nutritional Psychiatry,3051-1569,30511569,32166,,https://www.sciencedirect.com/science/journal/30511569
Obesity Medicine,2451-8476,24518476,18281,,https://www.sciencedirect.com/science/journal/24518476
Obesity Pillars,2667-3681,26673681,31368,,https://www.sciencedirect.com/science/journal/26673681
Obesity Research & Clinical Practice,1871-403X,1871403X,04248,,https://www.sciencedirect.com/science/journal/1871403X
"Obstetrics, Gynaecology & Reproductive Medicine",1751-7214,17517214,12729,Formerly known as Current Obstetrics & Gynaecology,https://www.sciencedirect.com/science/journal/17517214
Obstetrics and Gynecology Clinics of North America,0889-8545,08898545,13254,,https://www.sciencedirect.com/science/journal/08898545
Ocean & Coastal Management,0964-5691,09645691,02044,Formerly known as Ocean and Shoreline Management,https://www.sciencedirect.com/science/journal/09645691
Ocean Engineering,0029-8018,00298018,00320,,https://www.sciencedirect.com/science/journal/00298018
Ocean Modelling,1463-5003,14635003,01046,,https://www.sciencedirect.com/science/journal/14635003
Oceanologia,0078-3234,00783234,11020,,https://www.sciencedirect.com/science/journal/00783234
Ocular Genetics and Omics,2949-7817,29497817,31530,,https://www.sciencedirect.com/science/journal/29497817
The Ocular Surface,1542-0124,15420124,14117,,https://www.sciencedirect.com/science/journal/15420124
Oil Crop Science,2096-2428,20962428,30400,,https://www.sciencedirect.com/science/journal/20962428
Omega,0305-0483,03050483,00375,,https://www.sciencedirect.com/science/journal/03050483
One Earth,2590-3322,25903322,30121,,https://www.sciencedirect.com/science/journal/25903322
One Health,2352-7714,23527714,18191,,https://www.sciencedirect.com/science/journal/23527714
Online Social Networks and Media,2468-6964,24686964,18376,,https://www.sciencedirect.com/science/journal/24686964
Open Ceramics,2666-5395,26665395,30345,,https://www.sciencedirect.com/science/journal/26665395
Open Nuclear Energy,3051-2808,30512808,32200,,https://www.sciencedirect.com/science/journal/30512808
Open Respiratory Archives,2659-6636,26596636,30170,,https://www.sciencedirect.com/science/journal/26596636
OpenNano,2352-9520,23529520,18799,,https://www.sciencedirect.com/science/journal/23529520
"Operations Research, Data Analytics and Logistics",3050-7847,30507847,12972,,https://www.sciencedirect.com/science/journal/30507847
Operations Research for Health Care,2211-6923,22116923,12972,,https://www.sciencedirect.com/science/journal/22116923
Operations Research Letters,0167-6377,01676377,05412,,https://www.sciencedirect.com/science/journal/01676377
Operations Research Perspectives,2214-7160,22147160,17040,,https://www.sciencedirect.com/science/journal/22147160
Operative Techniques in Orthopaedics,1048-6666,10486666,13065,,https://www.sciencedirect.com/science/journal/10486666
Operative Techniques in Otolaryngology-Head and Neck Surgery,1043-1810,10431810,13097,,https://www.sciencedirect.com/science/journal/10431810
Operative Techniques in Sports Medicine,1060-1872,10601872,13121,,https://www.sciencedirect.com/science/journal/10601872
Operative Techniques in Thoracic and Cardiovascular Surgery,1522-2942,15222942,13098,Formerly known as Operative Techniques in Cardiac and Thoracic Surgery,https://www.sciencedirect.com/science/journal/15222942
Ophthalmology,0161-6420,01616420,07585,,https://www.sciencedirect.com/science/journal/01616420
Ophthalmology Glaucoma,2589-4196,25894196,18927,,https://www.sciencedirect.com/science/journal/25894196
Ophthalmology Retina,2468-6530,24686530,18397,,https://www.sciencedirect.com/science/journal/24686530
Ophthalmology Science,2666-9145,26669145,31012,,https://www.sciencedirect.com/science/journal/26669145
Optical Fiber Technology,1068-5200,10685200,12101,,https://www.sciencedirect.com/science/journal/10685200
Optical Materials,0925-3467,09253467,05218,,https://www.sciencedirect.com/science/journal/09253467
Optical Materials: X,2590-1478,25901478,18463,,https://www.sciencedirect.com/science/journal/25901478
Optical Switching and Networking,1573-4277,15734277,05499,,https://www.sciencedirect.com/science/journal/15734277
Optics Communications,0030-4018,00304018,05219,,https://www.sciencedirect.com/science/journal/00304018
Optics & Laser Technology,0030-3992,00303992,03076,Formerly known as Optics Technology,https://www.sciencedirect.com/science/journal/00303992
Optics and Lasers in Engineering,0143-8166,01438166,02043,,https://www.sciencedirect.com/science/journal/01438166
Optik,0030-4026,00304026,10018,,https://www.sciencedirect.com/science/journal/00304026
Option/Bio,0992-5945,09925945,09053,,https://www.sciencedirect.com/science/journal/09925945
Oral and Maxillofacial Surgery Cases,2214-5419,22145419,14190,,https://www.sciencedirect.com/science/journal/22145419
Oral and Maxillofacial Surgery Clinics of North America,1042-3699,10423699,13033,,https://www.sciencedirect.com/science/journal/10423699
Oral Oncology,1368-8375,13688375,00105,Formerly known as European Journal of Cancer Part B: Oral Oncology,https://www.sciencedirect.com/science/journal/13688375
Oral Oncology Reports,2772-9060,27729060,31375,,https://www.sciencedirect.com/science/journal/27729060
"Oral Surgery, Oral Medicine, Oral Pathology and Oral Radiology",2212-4403,22124403,13028,"Formerly known as Oral Surgery, Oral Medicine, Oral Pathology, Oral Radiology and Endodontology",https://www.sciencedirect.com/science/journal/22124403
Orbis,0030-4387,00304387,07436,,https://www.sciencedirect.com/science/journal/00304387
Ore and Energy Resource Geology,2666-2612,26662612,30261,,https://www.sciencedirect.com/science/journal/26662612
Ore Geology Reviews,0169-1368,01691368,05354,,https://www.sciencedirect.com/science/journal/01691368
Organic Electronics,1566-1199,15661199,05558,,https://www.sciencedirect.com/science/journal/15661199
Organic Geochemistry,0146-6380,01466380,00476,,https://www.sciencedirect.com/science/journal/01466380
Organizational Behavior and Human Decision Processes,0749-5978,07495978,12100,Formerly known as Organizational Behavior and Human Performance,https://www.sciencedirect.com/science/journal/07495978
Organizational Dynamics,0090-2616,00902616,07753,,https://www.sciencedirect.com/science/journal/00902616
Organs-on-a-Chip,2666-1020,26661020,30177,,https://www.sciencedirect.com/science/journal/26661020
Originality,3051-2700,30512700,32187,,https://www.sciencedirect.com/science/journal/30512700
Orthopaedics and Trauma,1877-1327,18771327,12730,Formerly known as Current Orthopaedics,https://www.sciencedirect.com/science/journal/18771327
Orthopaedics & Traumatology: Surgery & Research,1877-0568,18770568,15649,,https://www.sciencedirect.com/science/journal/18770568
Orthopedic Clinics of North America,0030-5898,00305898,13102,,https://www.sciencedirect.com/science/journal/00305898
Orthoplastic Surgery,2666-769X,2666769X,30437,,https://www.sciencedirect.com/science/journal/2666769X
Osteoarthritis and Cartilage,1063-4584,10634584,12689,,https://www.sciencedirect.com/science/journal/10634584
Osteoarthritis and Cartilage Open,2665-9131,26659131,30132,,https://www.sciencedirect.com/science/journal/26659131
Osteoarthritis Imaging,2772-6541,27726541,31311,,https://www.sciencedirect.com/science/journal/27726541
Osteopathische Medizin,1615-9071,16159071,10051,,https://www.sciencedirect.com/science/journal/16159071
Osteoporosis and Sarcopenia,2405-5255,24055255,18260,,https://www.sciencedirect.com/science/journal/24055255
Otolaryngologic Clinics of North America,0030-6665,00306665,13103,,https://www.sciencedirect.com/science/journal/00306665
Otolaryngology Case Reports,2468-5488,24685488,18887,,https://www.sciencedirect.com/science/journal/24685488
Oxymag,0990-1310,09901310,15648,,https://www.sciencedirect.com/science/journal/09901310
Pacific-Basin Finance Journal,0927-538X,0927538X,05413,,https://www.sciencedirect.com/science/journal/0927538X
Paediatric Respiratory Reviews,1526-0542,15260542,12874,,https://www.sciencedirect.com/science/journal/15260542
Paediatrics and Child Health,1751-7222,17517222,12731,Formerly known as Current Paediatrics,https://www.sciencedirect.com/science/journal/17517222
"Pain, Health and Policy",3117-8936,31178936,32388,,https://www.sciencedirect.com/science/journal/31178936
Pain Management Nursing,1524-9042,15249042,13160,,https://www.sciencedirect.com/science/journal/15249042
"Palaeogeography, Palaeoclimatology, Palaeoecology",0031-0182,00310182,05355,,https://www.sciencedirect.com/science/journal/00310182
Palaeoworld,1871-174X,1871174X,06065,,https://www.sciencedirect.com/science/journal/1871174X
Pancreatology,1424-3903,14243903,08803,,https://www.sciencedirect.com/science/journal/14243903
Papers in Regional Science,1056-8190,10568190,31670,,https://www.sciencedirect.com/science/journal/10568190
Parallel Computing,0167-8191,01678191,05302,,https://www.sciencedirect.com/science/journal/01678191
Parasite Epidemiology and Control,2405-6731,24056731,18251,,https://www.sciencedirect.com/science/journal/24056731
Parasitology International,1383-5769,13835769,08061,,https://www.sciencedirect.com/science/journal/13835769
Parkinsonism & Related Disorders,1353-8020,13538020,03096,,https://www.sciencedirect.com/science/journal/13538020
Partial Differential Equations in Applied Mathematics,2666-8181,26668181,30440,,https://www.sciencedirect.com/science/journal/26668181
Particuology,1674-2001,16742001,08612,Formerly known as China Particuology,https://www.sciencedirect.com/science/journal/16742001
Pathology,0031-3025,00313025,18299,,https://www.sciencedirect.com/science/journal/00313025
Pathology - Research and Practice,0344-0338,03440338,10021,Formerly known as Beiträge zur Pathologie,https://www.sciencedirect.com/science/journal/03440338
Patient Education and Counseling,0738-3991,07383991,08044,Formerly known as Patient Counselling and Health Education,https://www.sciencedirect.com/science/journal/07383991
Pattern Recognition,0031-3203,00313203,00328,,https://www.sciencedirect.com/science/journal/00313203
Pattern Recognition Letters,0167-8655,01678655,05303,,https://www.sciencedirect.com/science/journal/01678655
Patterns,2666-3899,26663899,30306,,https://www.sciencedirect.com/science/journal/26663899
Peace and Sustainability,2950-6425,29506425,31952,,https://www.sciencedirect.com/science/journal/29506425
PEC Global,3117-468X,3117468X,32275,,https://www.sciencedirect.com/science/journal/3117468X
PEC Innovation,2772-6282,27726282,31310,,https://www.sciencedirect.com/science/journal/27726282
Pediatric Clinics of North America,0031-3955,00313955,13257,,https://www.sciencedirect.com/science/journal/00313955
Pediatric Dental Journal,0917-2394,09172394,08829,,https://www.sciencedirect.com/science/journal/09172394
Pediatric Gastroenterology & Hepatology Advances,3117-583X,3117583X,32313,,https://www.sciencedirect.com/science/journal/3117583X
Pediatric Hematology Oncology Journal,2468-1245,24681245,18333,,https://www.sciencedirect.com/science/journal/24681245
Pediatric Neurology,0887-8994,08878994,07756,,https://www.sciencedirect.com/science/journal/08878994
Pediatrics & Neonatology,1875-9572,18759572,08663,,https://www.sciencedirect.com/science/journal/18759572
Pedobiologia,0031-4056,00314056,10002,,https://www.sciencedirect.com/science/journal/00314056
Pedosphere,1002-0160,10020160,04285,,https://www.sciencedirect.com/science/journal/10020160
Peptides,0196-9781,01969781,07547,Incorporating Regulatory Peptides,https://www.sciencedirect.com/science/journal/01969781
Perfectionnement en Pédiatrie,2588-932X,2588932X,16455,,https://www.sciencedirect.com/science/journal/2588932X
Performance Enhancement & Health,2211-2669,22112669,12946,,https://www.sciencedirect.com/science/journal/22112669
Performance Evaluation,0166-5316,01665316,05304,,https://www.sciencedirect.com/science/journal/01665316
Periodontology Journal,3117-3683,31173683,32246,,https://www.sciencedirect.com/science/journal/31173683
Perioperative Care and Operating Room Management,2405-6030,24056030,18801,,https://www.sciencedirect.com/science/journal/24056030
Personality and Individual Differences,0191-8869,01918869,00603,,https://www.sciencedirect.com/science/journal/01918869
Personalized Medicine in Psychiatry,2468-1717,24681717,18884,,https://www.sciencedirect.com/science/journal/24681717
Perspective of Higher Education,3117-7638,31177638,32349,,https://www.sciencedirect.com/science/journal/31177638
Perspectives in Architecture and Urbanism,2950-2675,29502675,31696,,https://www.sciencedirect.com/science/journal/29502675
Perspectives in Ecology and Conservation,2530-0644,25300644,15908,Formerly known as Natureza & Conservação,https://www.sciencedirect.com/science/journal/25300644
"Perspectives in Plant Ecology, Evolution and Systematics",1433-8319,14338319,10019,,https://www.sciencedirect.com/science/journal/14338319
Perspectives in Vaccinology,2210-7622,22107622,08765,,https://www.sciencedirect.com/science/journal/22107622
Pervasive and Mobile Computing,1574-1192,15741192,05505,,https://www.sciencedirect.com/science/journal/15741192
Pesticide Biochemistry and Physiology,0048-3575,00483575,12105,,https://www.sciencedirect.com/science/journal/00483575
PET Clinics,1556-8598,15568598,13406,,https://www.sciencedirect.com/science/journal/15568598
Petroleum,2405-6561,24056561,18160,,https://www.sciencedirect.com/science/journal/24056561
Petroleum Exploration and Development,1876-3804,18763804,08661,,https://www.sciencedirect.com/science/journal/18763804
Petroleum Research,2096-2495,20962495,18400,,https://www.sciencedirect.com/science/journal/20962495
Petroleum Science,1995-8226,19958226,31246,,https://www.sciencedirect.com/science/journal/19958226
Pharmaceutical Science Advances,2773-2169,27732169,31462,,https://www.sciencedirect.com/science/journal/27732169
Le Pharmacien Hospitalier et Clinicien,2211-1042,22111042,15845,Formerly known as Le Pharmacien Hospitalier,https://www.sciencedirect.com/science/journal/22111042
Pharmacoeconomics and Policy,2950-2667,29502667,31699,,https://www.sciencedirect.com/science/journal/29502667
Pharmacological Research,1043-6618,10436618,12676,Formerly known as Pharmacological Research Communications,https://www.sciencedirect.com/science/journal/10436618
Pharmacological Research - Modern Chinese Medicine,2667-1425,26671425,31129,,https://www.sciencedirect.com/science/journal/26671425
Pharmacological Research - Natural Products,2950-1997,29501997,31662,,https://www.sciencedirect.com/science/journal/29501997
Pharmacological Research - Reports,2950-2004,29502004,31661,,https://www.sciencedirect.com/science/journal/29502004
Pharmacological Reviews,0031-6997,00316997,31996,,https://www.sciencedirect.com/science/journal/00316997
Pharmacology Biochemistry and Behavior,0091-3057,00913057,07546,,https://www.sciencedirect.com/science/journal/00913057
Pharmacology & Therapeutics,0163-7258,01637258,07536,"Incorporating Pharmacology & Therapeutics. Part A: Chemotherapy, Toxicology and Metabolic Inhibitors, Pharmacology & Therapeutics. Part B: General and Systematic Pharmacology and Pharmacology & Therapeutics. Part C: Clinical Pharmacology and Therapeutics",https://www.sciencedirect.com/science/journal/01637258
PharmaNutrition,2213-4344,22134344,10146,,https://www.sciencedirect.com/science/journal/22134344
Pharma-X,3117-9770,31179770,32437,,https://www.sciencedirect.com/science/journal/31179770
PharmNexus,3118-0779,31180779,32478,,https://www.sciencedirect.com/science/journal/31180779
Photoacoustics,2213-5979,22135979,10511,,https://www.sciencedirect.com/science/journal/22135979
Photodiagnosis and Photodynamic Therapy,1572-1000,15721000,05489,,https://www.sciencedirect.com/science/journal/15721000
Photonics and Nanostructures - Fundamentals and Applications,1569-4410,15694410,05479,,https://www.sciencedirect.com/science/journal/15694410
Physica A: Statistical Mechanics and its Applications,0378-4371,03784371,05220,Formerly part of Physica,https://www.sciencedirect.com/science/journal/03784371
Physica B: Condensed Matter,0921-4526,09214526,05222,Formerly part of Physica B+C,https://www.sciencedirect.com/science/journal/09214526
Physica C: Superconductivity and its Applications,0921-4534,09214534,05223,Formerly part of Physica B+C,https://www.sciencedirect.com/science/journal/09214534
Physica D: Nonlinear Phenomena,0167-2789,01672789,05224,,https://www.sciencedirect.com/science/journal/01672789
Physica E: Low-dimensional Systems and Nanostructures,1386-9477,13869477,05458,,https://www.sciencedirect.com/science/journal/13869477
Physica Medica,1120-1797,11201797,04286,,https://www.sciencedirect.com/science/journal/11201797
Physical Communication,1874-4907,18744907,08626,,https://www.sciencedirect.com/science/journal/18744907
Physical Medicine and Rehabilitation Clinics of North America,1047-9651,10479651,13315,,https://www.sciencedirect.com/science/journal/10479651
Physical Therapy in Sport,1466-853X,1466853X,12875,,https://www.sciencedirect.com/science/journal/1466853X
Physician Assistant Clinics,2405-7991,24057991,18840,,https://www.sciencedirect.com/science/journal/24057991
"Physics and Chemistry of the Earth, Parts A/B/C",1474-7065,14747065,00413,"Incorporating Physics and Chemistry of the Earth, Part A: Solid Earth and Geodesy, Physics and Chemistry of the Earth, Part B: Hydrology, Oceans and Atmosphere and Physics and Chemistry of the Earth, Part C: Solar, Terrestrial & Planetary Science",https://www.sciencedirect.com/science/journal/14747065
Physics of the Dark Universe,2212-6864,22126864,10100,,https://www.sciencedirect.com/science/journal/22126864
Physics of The Earth and Planetary Interiors,0031-9201,00319201,05357,,https://www.sciencedirect.com/science/journal/00319201
Physics and Imaging in Radiation Oncology,2405-6316,24056316,08192,,https://www.sciencedirect.com/science/journal/24056316
Physics Letters A,0375-9601,03759601,05236,Formerly part of Physics Letters,https://www.sciencedirect.com/science/journal/03759601
Physics Letters B,0370-2693,03702693,05237,Formerly part of Physics Letters,https://www.sciencedirect.com/science/journal/03702693
Physics of Life Reviews,1571-0645,15710645,05484,,https://www.sciencedirect.com/science/journal/15710645
Physics Open,2666-0326,26660326,30169,,https://www.sciencedirect.com/science/journal/26660326
Physics Reports,0370-1573,03701573,05238,Incorporating Computer Physics Reports,https://www.sciencedirect.com/science/journal/03701573
Physiological and Molecular Plant Pathology,0885-5765,08855765,12660,Formerly known as Physiological Plant Pathology,https://www.sciencedirect.com/science/journal/08855765
Physiology & Behavior,0031-9384,00319384,07548,,https://www.sciencedirect.com/science/journal/00319384
Physiotherapy,0031-9406,00319406,04065,,https://www.sciencedirect.com/science/journal/00319406
Phytochemistry,0031-9422,00319422,00273,,https://www.sciencedirect.com/science/journal/00319422
Phytochemistry Letters,1874-3900,18743900,04291,,https://www.sciencedirect.com/science/journal/18743900
Phytomedicine,0944-7113,09447113,10020,,https://www.sciencedirect.com/science/journal/09447113
Phytomedicine Plus,2667-0313,26670313,31085,,https://www.sciencedirect.com/science/journal/26670313
Piel,0213-9251,02139251,15724,,https://www.sciencedirect.com/science/journal/02139251
Placenta,0143-4004,01434004,12629,,https://www.sciencedirect.com/science/journal/01434004
Planetary and Space Science,0032-0633,00320633,00200,,https://www.sciencedirect.com/science/journal/00320633
Plant Communications,2590-3462,25903462,30148,,https://www.sciencedirect.com/science/journal/25903462
Plant Diversity,2468-2659,24682659,18353,,https://www.sciencedirect.com/science/journal/24682659
Plant Gene,2352-4073,23524073,18083,,https://www.sciencedirect.com/science/journal/23524073
Plant Innovation,3142-7596,31427596,32453,,https://www.sciencedirect.com/science/journal/31427596
Plant Nano Biology,2773-1111,27731111,31440,,https://www.sciencedirect.com/science/journal/27731111
Plant Phenomics,2643-6515,26436515,32101,,https://www.sciencedirect.com/science/journal/26436515
Plant Physiology and Biochemistry,0981-9428,09819428,09054,,https://www.sciencedirect.com/science/journal/09819428
Plant Research,3117-5821,31175821,32301,,https://www.sciencedirect.com/science/journal/31175821
Plant Science,0168-9452,01689452,08045,Formerly known as Plant Science Letters,https://www.sciencedirect.com/science/journal/01689452
Plant Stress,2667-064X,2667064X,31095,,https://www.sciencedirect.com/science/journal/2667064X
Plasmid,0147-619X,0147619X,12106,,https://www.sciencedirect.com/science/journal/0147619X
Poetics,0304-422X,0304422X,05305,,https://www.sciencedirect.com/science/journal/0304422X
Polar Science,1873-9652,18739652,06073,,https://www.sciencedirect.com/science/journal/18739652
Political Geography,0962-6298,09626298,03077,Formerly known as Political Geography Quarterly,https://www.sciencedirect.com/science/journal/09626298
Political Geography Open Research,2772-9990,27729990,31406,,https://www.sciencedirect.com/science/journal/27729990
PolyChem,3118-0299,31180299,32455,,https://www.sciencedirect.com/science/journal/31180299
Polyhedron,0277-5387,02775387,00218,Incorporating Inorganic and Nuclear Chemistry Letters and Journal of Inorganic and Nuclear Chemistry,https://www.sciencedirect.com/science/journal/02775387
Polymer,0032-3861,00323861,03078,Incorporating Computational and Theoretical Polymer Science,https://www.sciencedirect.com/science/journal/00323861
Polymer Degradation and Stability,0141-3910,01413910,02045,Incorporating Polymer Photochemistry,https://www.sciencedirect.com/science/journal/01413910
Polymer Testing,0142-9418,01429418,02050,,https://www.sciencedirect.com/science/journal/01429418
Postharvest Biology and Technology,0925-5214,09255214,05122,,https://www.sciencedirect.com/science/journal/09255214
Poultry Science,0032-5791,00325791,30281,Formerly known as Journal of the American Association of Instructors and Investigators of Poultry Husbandry,https://www.sciencedirect.com/science/journal/00325791
Powder Technology,0032-5910,00325910,06031,,https://www.sciencedirect.com/science/journal/00325910
Power Electronic Devices and Components,2772-3704,27723704,31209,,https://www.sciencedirect.com/science/journal/27723704
Power Grid Engineering Science,3117-762X,3117762X,32348,,https://www.sciencedirect.com/science/journal/3117762X
Power-to-X,3117-5872,31175872,32314,,https://www.sciencedirect.com/science/journal/31175872
Practical Laboratory Medicine,2352-5517,23525517,18117,,https://www.sciencedirect.com/science/journal/23525517
Practical Radiation Oncology,1879-8500,18798500,12937,,https://www.sciencedirect.com/science/journal/18798500
Le Praticien en Anesthésie Réanimation,1279-7960,12797960,15850,,https://www.sciencedirect.com/science/journal/12797960
Pratique Neurologique - FMC,1878-7762,18787762,15867,,https://www.sciencedirect.com/science/journal/18787762
Pratiques Psychologiques,1269-1763,12691763,09159,,https://www.sciencedirect.com/science/journal/12691763
Precambrian Research,0301-9268,03019268,05358,,https://www.sciencedirect.com/science/journal/03019268
Precision Engineering,0141-6359,01416359,07750,,https://www.sciencedirect.com/science/journal/01416359
Precision Measurement,3050-6557,30506557,32063,,https://www.sciencedirect.com/science/journal/30506557
Precision Medication,2950-5232,29505232,31819,,https://www.sciencedirect.com/science/journal/29505232
Precision Medicine and Engineering,2950-4821,29504821,31804,,https://www.sciencedirect.com/science/journal/29504821
Precision Pathology,3117-678X,3117678X,32337,,https://www.sciencedirect.com/science/journal/3117678X
Pregnancy Hypertension,2210-7789,22107789,08732,,https://www.sciencedirect.com/science/journal/22107789
La Presse Médicale,0755-4982,07554982,15100,,https://www.sciencedirect.com/science/journal/07554982
Preventive Medicine,0091-7435,00917435,12107,,https://www.sciencedirect.com/science/journal/00917435
Preventive Medicine Reports,2211-3355,22113355,14067,,https://www.sciencedirect.com/science/journal/22113355
Preventive Veterinary Medicine,0167-5877,01675877,05123,,https://www.sciencedirect.com/science/journal/01675877
Preventive Veterinary Medicine: Regional Studies and Reports,3051-3081,30513081,32212,,https://www.sciencedirect.com/science/journal/30513081
Primary Care: Clinics in Office Practice,0095-4543,00954543,13261,,https://www.sciencedirect.com/science/journal/00954543
Primary Care Diabetes,1751-9918,17519918,04280,,https://www.sciencedirect.com/science/journal/17519918
Probabilistic Engineering Mechanics,0266-8920,02668920,02052,,https://www.sciencedirect.com/science/journal/02668920
Procedia CIRP,2212-8271,22128271,08817,,https://www.sciencedirect.com/science/journal/22128271
Procedia Computer Science,1877-0509,18770509,08677,,https://www.sciencedirect.com/science/journal/18770509
Procedia Structural Integrity,2452-3216,24523216,18305,,https://www.sciencedirect.com/science/journal/24523216
Proceedings of the Combustion Institute,1540-7489,15407489,04068,Formerly known as Symposium (International) on Combustion,https://www.sciencedirect.com/science/journal/15407489
Proceedings of the Geologists’ Association,0016-7878,00167878,05611,,https://www.sciencedirect.com/science/journal/00167878
Process Biochemistry,1359-5113,13595113,02051,,https://www.sciencedirect.com/science/journal/13595113
Process Safety and Environmental Protection,0957-5820,09575820,08631,,https://www.sciencedirect.com/science/journal/09575820
Progrès en Urologie,1166-7087,11667087,15101,,https://www.sciencedirect.com/science/journal/11667087
Progrès en Urologie - FMC,1761-676X,1761676X,15223,,https://www.sciencedirect.com/science/journal/1761676X
Progress in Aerospace Sciences,0376-0421,03760421,00415,,https://www.sciencedirect.com/science/journal/03760421
Progress in Biophysics and Molecular Biology,0079-6107,00796107,00408,Formerly Known as Progress in Biophysics and Biophysical Chemistry,https://www.sciencedirect.com/science/journal/00796107
Progress in Cardiovascular Diseases,0033-0620,00330620,13204,,https://www.sciencedirect.com/science/journal/00330620
Progress in Crystal Growth and Characterization of Materials,0960-8974,09608974,00492,Formerly known as Progress in Crystal Growth and Characterization,https://www.sciencedirect.com/science/journal/09608974
Progress in Disaster Science,2590-0617,25900617,30044,,https://www.sciencedirect.com/science/journal/25900617
Progress in Economic Geography,2949-6942,29496942,31485,,https://www.sciencedirect.com/science/journal/29496942
Progress in Energy and Combustion Science,0360-1285,03601285,00474,,https://www.sciencedirect.com/science/journal/03601285
Progress in Engineering Science,2950-4252,29504252,31786,,https://www.sciencedirect.com/science/journal/29504252
Progress in Lipid Research,0163-7827,01637827,00407,Formerly known as Progress in the Chemistry of Fats and other Lipids,https://www.sciencedirect.com/science/journal/01637827
Progress in Materials Science,0079-6425,00796425,00414,Formerly known as Progress in Metal Physics,https://www.sciencedirect.com/science/journal/00796425
Progress in Natural Science: Materials International,1002-0071,10020071,08791,,https://www.sciencedirect.com/science/journal/10020071
Progress in Neuro-Psychopharmacology and Biological Psychiatry,0278-5846,02785846,07549,Formerly known as Progress in Neuro-Psychopharmacology,https://www.sciencedirect.com/science/journal/02785846
Progress in Neurobiology,0301-0082,03010082,00412,,https://www.sciencedirect.com/science/journal/03010082
Progress in Nuclear Energy,0149-1970,01491970,00478,,https://www.sciencedirect.com/science/journal/01491970
Progress in Nuclear Magnetic Resonance Spectroscopy,0079-6565,00796565,05178,,https://www.sciencedirect.com/science/journal/00796565
Progress in Oceanography,0079-6611,00796611,00422,,https://www.sciencedirect.com/science/journal/00796611
Progress in Optoelectronics and Communications,3104-8498,31048498,32385,,https://www.sciencedirect.com/science/journal/31048498
Progress in Organic Coatings,0300-9440,03009440,06032,,https://www.sciencedirect.com/science/journal/03009440
Progress in Particle and Nuclear Physics,0146-6410,01466410,00419,,https://www.sciencedirect.com/science/journal/01466410
Progress in Pediatric Cardiology,1058-9813,10589813,08046,,https://www.sciencedirect.com/science/journal/10589813
Progress in Planning,0305-9006,03059006,00409,,https://www.sciencedirect.com/science/journal/03059006
Progress in Polymer Science,0079-6700,00796700,00418,,https://www.sciencedirect.com/science/journal/00796700
Progress in Quantum Electronics,0079-6727,00796727,00410,,https://www.sciencedirect.com/science/journal/00796727
Progress in Retinal and Eye Research,1350-9462,13509462,00664,Formerly known as Progress in Retinal Research,https://www.sciencedirect.com/science/journal/13509462
Progress in Solid State Chemistry,0079-6786,00796786,00417,,https://www.sciencedirect.com/science/journal/00796786
Progress in Surface Science,0079-6816,00796816,00411,,https://www.sciencedirect.com/science/journal/00796816
Project Leadership and Society,2666-7215,26667215,30427,,https://www.sciencedirect.com/science/journal/26667215
Propulsion and Power Research,2212-540X,2212540X,18003,,https://www.sciencedirect.com/science/journal/2212540X
"Prostaglandins, Leukotrienes and Essential Fatty Acids",0952-3278,09523278,12720,"Formerly known as Prostaglandins, Leukotrienes and Medicine",https://www.sciencedirect.com/science/journal/09523278
Prostaglandins & Other Lipid Mediators,1098-8823,10988823,07754,Formerly known as Prostaglandins; Incorporating Journal of Lipid Mediators and Cell Signalling,https://www.sciencedirect.com/science/journal/10988823
Prostate International,2287-8882,22878882,18148,,https://www.sciencedirect.com/science/journal/22878882
Protein Expression and Purification,1046-5928,10465928,12104,,https://www.sciencedirect.com/science/journal/10465928
Protein & Peptide Letters,0929-8665,09298665,32373,,https://www.sciencedirect.com/science/journal/09298665
Protist,1434-4610,14344610,10035,Formerly known as Archiv für Protistenkunde,https://www.sciencedirect.com/science/journal/14344610
Psiquiatría Biológica,1134-5934,11345934,15744,,https://www.sciencedirect.com/science/journal/11345934
Psychedelics,2950-4848,29504848,31801,,https://www.sciencedirect.com/science/journal/29504848
Psychiatric Clinics of North America,0193-953X,0193953X,13316,,https://www.sciencedirect.com/science/journal/0193953X
Psychiatry Research,0165-1781,01651781,08047,,https://www.sciencedirect.com/science/journal/01651781
Psychiatry Research Case Reports,2773-0212,27730212,31409,,https://www.sciencedirect.com/science/journal/27730212
Psychiatry Research Communications,2772-5987,27725987,31271,,https://www.sciencedirect.com/science/journal/27725987
Psychiatry Research: Neuroimaging,0925-4927,09254927,08048,,https://www.sciencedirect.com/science/journal/09254927
Psychologie Française,0033-2984,00332984,09155,,https://www.sciencedirect.com/science/journal/00332984
Psychologie du Travail et des Organisations,1420-2530,14202530,09157,,https://www.sciencedirect.com/science/journal/14202530
Psychology of Sport and Exercise,1469-0292,14690292,00731,,https://www.sciencedirect.com/science/journal/14690292
Psychoneuroendocrinology,0306-4530,03064530,00473,,https://www.sciencedirect.com/science/journal/03064530
Public Health,0033-3506,00333506,04053,,https://www.sciencedirect.com/science/journal/00333506
Public Health in Practice,2666-5352,26665352,30355,,https://www.sciencedirect.com/science/journal/26665352
Public Relations Review,0363-8111,03638111,07437,,https://www.sciencedirect.com/science/journal/03638111
Pulmonary Function Diagnostics,3051-276X,3051276X,32197,,https://www.sciencedirect.com/science/journal/3051276X
Pulmonary Pharmacology & Therapeutics,1094-5539,10945539,12687,Formerly known as Pulmonary Pharmacology,https://www.sciencedirect.com/science/journal/10945539
Pulmonology,2531-0437,25310437,15799,Formerly known as Revista Portuguesa de Pneumologia (English Edition),https://www.sciencedirect.com/science/journal/25310437
Pulsed Power,3117-5716,31175716,32305,,https://www.sciencedirect.com/science/journal/31175716
Qualitative Research in Medicine & Healthcare,2532-2044,25322044,32097,,https://www.sciencedirect.com/science/journal/25322044
Quantum Computing and Engineering Applications,3117-9045,31179045,32395,,https://www.sciencedirect.com/science/journal/31179045
Quantum Review Letters,3050-4910,30504910,31963,,https://www.sciencedirect.com/science/journal/30504910
The Quarterly Review of Economics and Finance,1062-9769,10629769,07438,,https://www.sciencedirect.com/science/journal/10629769
Quaternary Environments and Humans,2950-2365,29502365,31676,,https://www.sciencedirect.com/science/journal/29502365
Quaternary Geochronology,1871-1014,18711014,06063,,https://www.sciencedirect.com/science/journal/18711014
Quaternary International,1040-6182,10406182,00865,,https://www.sciencedirect.com/science/journal/10406182
Quaternary Science Advances,2666-0334,26660334,30168,,https://www.sciencedirect.com/science/journal/26660334
Quaternary Science Reviews,0277-3791,02773791,00636,,https://www.sciencedirect.com/science/journal/02773791
Radiation Measurements,1350-4487,13504487,00286,Formerly known as Nuclear Tracks and Radiation Measurements,https://www.sciencedirect.com/science/journal/13504487
Radiation Medicine and Protection,2666-5557,26665557,30378,,https://www.sciencedirect.com/science/journal/26665557
Radiation Physics and Chemistry,0969-806X,0969806X,00331,Formerly known as International Journal of Radiation Applications and Instrumentation. Part C. Radiation Physics and Chemistry,https://www.sciencedirect.com/science/journal/0969806X
Radiography,1078-8174,10788174,12697,,https://www.sciencedirect.com/science/journal/10788174
Radiología,0033-8338,00338338,15730,,https://www.sciencedirect.com/science/journal/00338338
Radiología (English Edition),2173-5107,21735107,15791,,https://www.sciencedirect.com/science/journal/21735107
Radiologic Clinics of North America,0033-8389,00338389,13106,,https://www.sciencedirect.com/science/journal/00338389
Radiology Case Reports,1930-0433,19300433,18839,,https://www.sciencedirect.com/science/journal/19300433
Radiotherapy and Oncology,0167-8140,01678140,08049,,https://www.sciencedirect.com/science/journal/01678140
Rangeland Ecology & Management,1550-7424,15507424,18793,,https://www.sciencedirect.com/science/journal/15507424
Rangelands,0190-0528,01900528,18794,,https://www.sciencedirect.com/science/journal/01900528
Rare,2950-0087,29500087,31630,,https://www.sciencedirect.com/science/journal/29500087
Reactive and Functional Polymers,1381-5148,13815148,05180,Formerly known as Reactive Polymers,https://www.sciencedirect.com/science/journal/13815148
REC: CardioClinics,2605-1532,26051532,15763,Formerly known as Cardiocore,https://www.sciencedirect.com/science/journal/26051532
Redox Biochemistry and Chemistry,2773-1766,27731766,31444,,https://www.sciencedirect.com/science/journal/27731766
Redox Biology,2213-2317,22132317,10128,,https://www.sciencedirect.com/science/journal/22132317
"Redox in Muscle Physiology, Exercise, and Sport",2772-6231,27726231,31286,,https://www.sciencedirect.com/science/journal/27726231
Regenerative Therapy,2352-3204,23523204,18070,,https://www.sciencedirect.com/science/journal/23523204
Regenesis Repair Rehabilitation,2950-5755,29505755,31826,,https://www.sciencedirect.com/science/journal/29505755
Regional Science Policy & Practice,1757-7802,17577802,31669,,https://www.sciencedirect.com/science/journal/17577802
Regional Science and Urban Economics,0166-0462,01660462,05414,Formerly known as Regional and Urban Economics,https://www.sciencedirect.com/science/journal/01660462
Regional Studies in Marine Science,2352-4855,23524855,18076,,https://www.sciencedirect.com/science/journal/23524855
Regional Sustainability,2666-660X,2666660X,30411,,https://www.sciencedirect.com/science/journal/2666660X
Regulatory Toxicology and Pharmacology,0273-2300,02732300,12110,,https://www.sciencedirect.com/science/journal/02732300
Rehabilitación,0048-7120,00487120,15734,,https://www.sciencedirect.com/science/journal/00487120
Rehabilitation Research,3117-9819,31179819,32432,,https://www.sciencedirect.com/science/journal/31179819
Reliability Engineering & System Safety,0951-8320,09518320,02054,Formerly known as Reliability Engineering,https://www.sciencedirect.com/science/journal/09518320
Remote Sensing Applications: Society and Environment,2352-9385,23529385,18162,,https://www.sciencedirect.com/science/journal/23529385
Remote Sensing of Environment,0034-4257,00344257,07759,,https://www.sciencedirect.com/science/journal/00344257
Renewable Energy,0960-1481,09601481,00969,Incorporating Solar & Wind Technology,https://www.sciencedirect.com/science/journal/09601481
Renewable Energy Focus,1755-0084,17550084,02272,Formerly known as Refocus,https://www.sciencedirect.com/science/journal/17550084
Renewable Energy System and Equipment,2950-208X,2950208X,31683,,https://www.sciencedirect.com/science/journal/2950208X
Renewable and Sustainable Energy Reviews,1364-0321,13640321,01010,,https://www.sciencedirect.com/science/journal/13640321
Renewable and Sustainable Energy Transition,2667-095X,2667095X,31109,,https://www.sciencedirect.com/science/journal/2667095X
Reports on Mathematical Physics,0034-4877,00344877,00416,,https://www.sciencedirect.com/science/journal/00344877
Reproduction and Breeding,2667-0712,26670712,31096,,https://www.sciencedirect.com/science/journal/26670712
Reproductive Biology,1642-431X,1642431X,11007,,https://www.sciencedirect.com/science/journal/1642431X
Reproductive BioMedicine Online,1472-6483,14726483,05636,,https://www.sciencedirect.com/science/journal/14726483
Reproductive Toxicology,0890-6238,08906238,07552,,https://www.sciencedirect.com/science/journal/08906238
Research in Autism,3050-6565,30506565,04094,,https://www.sciencedirect.com/science/journal/30506565
Research in Autism Spectrum Disorders,1750-9467,17509467,04094,,https://www.sciencedirect.com/science/journal/17509467
Research in Cold and Arid Regions,2097-1583,20971583,31492,,https://www.sciencedirect.com/science/journal/20971583
Research in Developmental Disabilities,0891-4222,08914222,00826,Incorporating Analysis and Intervention in Developmental Disabilities and Applied Research in Mental Retardation,https://www.sciencedirect.com/science/journal/08914222
Research in Diagnostic and Interventional Imaging,2772-6525,27726525,31309,,https://www.sciencedirect.com/science/journal/27726525
Research in Economics,1090-9443,10909443,12688,Formerly known as Ricerche Economiche,https://www.sciencedirect.com/science/journal/10909443
Research in Globalization,2590-051X,2590051X,30028,,https://www.sciencedirect.com/science/journal/2590051X
Research in Neurodiversity,3050-5798,30505798,32035,,https://www.sciencedirect.com/science/journal/30505798
Research in Inclusive Education,3117-8944,31178944,32386,,https://www.sciencedirect.com/science/journal/31178944
Research in International Business and Finance,0275-5319,02755319,08552,,https://www.sciencedirect.com/science/journal/02755319
Research Methods in Applied Linguistics,2772-7661,27727661,31340,,https://www.sciencedirect.com/science/journal/27727661
Research in Microbiology,0923-2508,09232508,09060,Formerly known as Annales de l'Institut Pasteur. Microbiologie,https://www.sciencedirect.com/science/journal/09232508
Research in Organizational Behavior,0191-3085,01913085,12702,,https://www.sciencedirect.com/science/journal/01913085
Research Policy,0048-7333,00487333,05415,,https://www.sciencedirect.com/science/journal/00487333
Research and Practice in Thrombosis and Haemostasis,2475-0379,24750379,31533,,https://www.sciencedirect.com/science/journal/24750379
Research in Social and Administrative Pharmacy,1551-7411,15517411,13370,,https://www.sciencedirect.com/science/journal/15517411
Research in Social Stratification and Mobility,0276-5624,02765624,04238,,https://www.sciencedirect.com/science/journal/02765624
Research in Transportation Business & Management,2210-5395,22105395,12904,,https://www.sciencedirect.com/science/journal/22105395
Research in Transportation Economics,0739-8859,07398859,05606,,https://www.sciencedirect.com/science/journal/07398859
Research in Veterinary Science,0034-5288,00345288,12709,,https://www.sciencedirect.com/science/journal/00345288
Resilient Cities and Structures,2772-7416,27727416,31332,,https://www.sciencedirect.com/science/journal/27727416
Resource and Energy Economics,0928-7655,09287655,05416,Formerly known as Resources and Energy,https://www.sciencedirect.com/science/journal/09287655
Resources Chemicals and Materials,2772-4433,27724433,31245,,https://www.sciencedirect.com/science/journal/27724433
"Resources, Conservation and Recycling",0921-3449,09213449,05125,Incorporating Conservation & Recycling and Resources and Conservation,https://www.sciencedirect.com/science/journal/09213449
"Resources, Conservation & Recycling Advances",2667-3789,26673789,18480,,https://www.sciencedirect.com/science/journal/26673789
"Resources, Conservation & Recycling: X",2590-289X,2590289X,18480,,https://www.sciencedirect.com/science/journal/2590289X
"Resources, Environment and Sustainability",2666-9161,26669161,31017,,https://www.sciencedirect.com/science/journal/26669161
Resources Policy,0301-4207,03014207,03079,,https://www.sciencedirect.com/science/journal/03014207
Respiratory Investigation,2212-5345,22125345,08808,,https://www.sciencedirect.com/science/journal/22125345
Respiratory Medicine,0954-6111,09546111,12673,Formerly known as British Journal of Diseases of the Chest,https://www.sciencedirect.com/science/journal/09546111
Respiratory Medicine Case Reports,2213-0071,22130071,04118,Formerly known as Respiratory Medicine CME,https://www.sciencedirect.com/science/journal/22130071
Respiratory Medicine and Research,2590-0412,25900412,15651,Formerly known as Revue de Pneumologie Clinique,https://www.sciencedirect.com/science/journal/25900412
Respiratory Physiology & Neurobiology,1569-9048,15699048,05126,Formerly known as Respiration Physiology,https://www.sciencedirect.com/science/journal/15699048
Results in Applied Mathematics,2590-0374,25900374,30029,,https://www.sciencedirect.com/science/journal/25900374
Results in Chemistry,2211-7156,22117156,30061,,https://www.sciencedirect.com/science/journal/22117156
Results in Control and Optimization,2666-7207,26667207,30422,,https://www.sciencedirect.com/science/journal/26667207
Results in Earth Sciences,2211-7148,22117148,31640,,https://www.sciencedirect.com/science/journal/22117148
Results in Engineering,2590-1230,25901230,30080,,https://www.sciencedirect.com/science/journal/25901230
Results in Geochemistry,2666-2779,26662779,30278,,https://www.sciencedirect.com/science/journal/26662779
Results in Geophysical Sciences,2666-8289,26668289,30456,,https://www.sciencedirect.com/science/journal/26668289
Results in Materials,2590-048X,2590048X,30034,,https://www.sciencedirect.com/science/journal/2590048X
Results in Optics,2666-9501,26669501,31035,,https://www.sciencedirect.com/science/journal/26669501
Results in Physics,2211-3797,22113797,08777,,https://www.sciencedirect.com/science/journal/22113797
Results in Surfaces and Interfaces,2666-8459,26668459,30461,,https://www.sciencedirect.com/science/journal/26668459
Resuscitation,0300-9572,03009572,08051,,https://www.sciencedirect.com/science/journal/03009572
Resuscitation Plus,2666-5204,26665204,30356,,https://www.sciencedirect.com/science/journal/26665204
Reumatología Clínica,1699-258X,1699258X,15708,,https://www.sciencedirect.com/science/journal/1699258X
Reumatología Clínica (English Edition),2173-5743,21735743,15796,,https://www.sciencedirect.com/science/journal/21735743
Review of Economic Dynamics,1094-2025,10942025,12109,,https://www.sciencedirect.com/science/journal/10942025
Review of Materials Research,3050-9130,30509130,32121,,https://www.sciencedirect.com/science/journal/30509130
Review of Palaeobotany and Palynology,0034-6667,00346667,05359,,https://www.sciencedirect.com/science/journal/00346667
Reviews in Physics,2405-4283,24054283,18171,,https://www.sciencedirect.com/science/journal/24054283
Revista Argentina de Microbiología,0325-7541,03257541,15822,,https://www.sciencedirect.com/science/journal/03257541
Revista Científica de la Sociedad de Enfermería Neurológica (English ed.),2530-299X,2530299X,16444,,https://www.sciencedirect.com/science/journal/2530299X
Revista Científica de la Sociedad Española de Enfermería Neurológica,2013-5246,20135246,15786,,https://www.sciencedirect.com/science/journal/20135246
Revista Clínica Española,0014-2565,00142565,15728,,https://www.sciencedirect.com/science/journal/00142565
Revista Clínica Española (English Edition),2254-8874,22548874,15982,,https://www.sciencedirect.com/science/journal/22548874
Revista Colombiana de Ortopedia y Traumatología,0120-8845,01208845,15835,,https://www.sciencedirect.com/science/journal/01208845
Revista Colombiana de Psiquiatría,0034-7450,00347450,15831,,https://www.sciencedirect.com/science/journal/00347450
Revista Colombiana de Psiquiatría (English ed.),2530-3120,25303120,16446,,https://www.sciencedirect.com/science/journal/25303120
Revista Colombiana de Reumatología,0121-8123,01218123,15826,,https://www.sciencedirect.com/science/journal/01218123
Revista Colombiana de Reumatología (English Edition),2444-4405,24444405,16430,,https://www.sciencedirect.com/science/journal/24444405
Revista de Investigación Clínica,0034-8376,00348376,32133,,https://www.sciencedirect.com/science/journal/00348376
Revista Española de Anestesiología y Reanimación,0034-9356,00349356,15974,,https://www.sciencedirect.com/science/journal/00349356
Revista Española de Anestesiología y Reanimación (English Edition),2341-1929,23411929,16835,,https://www.sciencedirect.com/science/journal/23411929
Revista Española de Cardiología,0300-8932,03008932,15703,,https://www.sciencedirect.com/science/journal/03008932
Revista Española de Cardiología (English Edition),1885-5857,18855857,15702,,https://www.sciencedirect.com/science/journal/18855857
Revista Española de Cardiología Suplementos,1131-3587,11313587,15752,,https://www.sciencedirect.com/science/journal/11313587
Revista Española de Cirugía Ortopédica y Traumatología,1888-4415,18884415,15731,Formerly known as Revista de Ortopedia y Traumatología;,https://www.sciencedirect.com/science/journal/18884415
Revista Española de Geriatría y Gerontología,0211-139X,0211139X,15737,,https://www.sciencedirect.com/science/journal/0211139X
Revista Española de Medicina Legal,0377-4732,03774732,15779,,https://www.sciencedirect.com/science/journal/03774732
Revista Española de Medicina Nuclear e Imagen Molecular,2253-654X,2253654X,15729,Formerly known as Revista Española de Medicina Nuclear,https://www.sciencedirect.com/science/journal/2253654X
Revista Española de Medicina Nuclear e Imagen Molecular (English Edition),2253-8089,22538089,15774,Formerly known as Revista Española de Medicina Nuclear (English Edition),https://www.sciencedirect.com/science/journal/22538089
Revista Española de Patología,1699-8855,16998855,15766,,https://www.sciencedirect.com/science/journal/16998855
Revista de Gastroenterología de México,0375-0906,03750906,15979,,https://www.sciencedirect.com/science/journal/03750906
Revista de Gastroenterología de México (English Edition),2255-534X,2255534X,14300,,https://www.sciencedirect.com/science/journal/2255534X
Revista Iberoamericana de Micología,1130-1406,11301406,15759,,https://www.sciencedirect.com/science/journal/11301406
Revista Internacional de Andrología,1698-031X,1698031X,15749,,https://www.sciencedirect.com/science/journal/1698031X
"Revista de Logopedia, Foniatría y Audiología",0214-4603,02144603,15782,,https://www.sciencedirect.com/science/journal/02144603
Revista Médica Clínica Las Condes,0716-8640,07168640,16837,,https://www.sciencedirect.com/science/journal/07168640
Revista Portuguesa de Cardiologia,0870-2551,08702551,15961,,https://www.sciencedirect.com/science/journal/08702551
Revista Portuguesa de Pneumologia,0873-2159,08732159,15787,,https://www.sciencedirect.com/science/journal/08732159
Revista de Psicodidáctica,1136-1034,11361034,16447,,https://www.sciencedirect.com/science/journal/11361034
Revista de Psicodidáctica (English ed.),2530-3805,25303805,16445,,https://www.sciencedirect.com/science/journal/25303805
Revista de Psiquiatría y Salud Mental,1888-9891,18889891,15757,,https://www.sciencedirect.com/science/journal/18889891
Revista de Senología y Patología Mamaria,0214-1582,02141582,15980,,https://www.sciencedirect.com/science/journal/02141582
Revue de Chirurgie Orthopédique et Traumatologique,1877-0517,18770517,15680,Formerly known as Revue de Chirurgie Orthopédique et Réparatrice de l’Appareil Moteur,https://www.sciencedirect.com/science/journal/18770517
Revue d'Épidémiologie et de Santé Publique,0398-7620,03987620,15710,,https://www.sciencedirect.com/science/journal/03987620
Revue Européenne de Psychologie Appliquée,1162-9088,11629088,09160,,https://www.sciencedirect.com/science/journal/11629088
Revue Française d’Allergologie,1877-0320,18770320,09095,Formerly known as Revue Française d'Allergologie et d'Immunologie Clinique,https://www.sciencedirect.com/science/journal/18770320
Revue Francophone Internationale de Recherche Infirmière,2352-8028,23528028,16355,,https://www.sciencedirect.com/science/journal/23528028
Revue Francophone des Laboratoires,1773-035X,1773035X,09062,Formerly known as Revue Française des Laboratoires,https://www.sciencedirect.com/science/journal/1773035X
Revue Francophone d'Orthoptie,1876-2204,18762204,09385,,https://www.sciencedirect.com/science/journal/18762204
Revue des Maladies Respiratoires,0761-8425,07618425,15715,,https://www.sciencedirect.com/science/journal/07618425
Revue des Maladies Respiratoires Actualités,1877-1203,18771203,15860,,https://www.sciencedirect.com/science/journal/18771203
La Revue de Médecine Interne,0248-8663,02488663,09061,,https://www.sciencedirect.com/science/journal/02488663
La Revue de Médecine Légale,1878-6529,18786529,15864,,https://www.sciencedirect.com/science/journal/18786529
Revue de Micropaléontologie,0035-1598,00351598,09152,,https://www.sciencedirect.com/science/journal/00351598
Revue Neurologique,0035-3787,00353787,15740,,https://www.sciencedirect.com/science/journal/00353787
Revue du Rhumatisme,1169-8330,11698330,09096,,https://www.sciencedirect.com/science/journal/11698330
Revue du Rhumatisme Monographies,1878-6227,18786227,16175,,https://www.sciencedirect.com/science/journal/18786227
Revue Vétérinaire Clinique,2214-5672,22145672,09122,Formerly known as Pratique Médicale et Chirurgicale de l'Animal de Compagnie,https://www.sciencedirect.com/science/journal/22145672
Rheumatic Disease Clinics of North America,0889-857X,0889857X,13263,,https://www.sciencedirect.com/science/journal/0889857X
Rhizosphere,2452-2198,24522198,18283,,https://www.sciencedirect.com/science/journal/24522198
Rice Science,1672-6308,16726308,08625,,https://www.sciencedirect.com/science/journal/16726308
Risk Sciences,2950-6298,29506298,31843,,https://www.sciencedirect.com/science/journal/29506298
Robotics and Autonomous Systems,0921-8890,09218890,05309,Formerly known as Robotics,https://www.sciencedirect.com/science/journal/09218890
Robotics and Computer-Integrated Manufacturing,0736-5845,07365845,00704,Incorporating Computer Integrated Manufacturing Systems,https://www.sciencedirect.com/science/journal/07365845
Rock Mechanics Bulletin,2773-2304,27732304,31470,,https://www.sciencedirect.com/science/journal/27732304
Russian Literature,0304-3479,03043479,05418,,https://www.sciencedirect.com/science/journal/03043479
Safety and Health at Work,2093-7911,20937911,17021,,https://www.sciencedirect.com/science/journal/20937911
Safety Science,0925-7535,09257535,05419,Formerly known as Journal of Occupational Accidents,https://www.sciencedirect.com/science/journal/09257535
Safety Science Reports,3117-7018,31177018,32338,,https://www.sciencedirect.com/science/journal/31177018
Sages-Femmes,1637-4088,16374088,15841,,https://www.sciencedirect.com/science/journal/16374088
Santé mentale et Droit,2772-9710,27729710,15838,,https://www.sciencedirect.com/science/journal/27729710
The Saudi Dental Journal,1013-9052,10139052,08685,,https://www.sciencedirect.com/science/journal/10139052
Saudi Journal of Biological Sciences,1319-562X,1319562X,08688,,https://www.sciencedirect.com/science/journal/1319562X
Saudi Pharmaceutical Journal,1319-0164,13190164,08690,,https://www.sciencedirect.com/science/journal/13190164
Scandinavian Journal of Management,0956-5221,09565221,00872,Formerly known as Scandinavian Journal of Management Studies,https://www.sciencedirect.com/science/journal/09565221
Schizophrenia Research,0920-9964,09209964,05080,,https://www.sciencedirect.com/science/journal/09209964
Schizophrenia Research: Cognition,2215-0013,22150013,14191,,https://www.sciencedirect.com/science/journal/22150013
Science Bulletin,2095-9273,20959273,18374,,https://www.sciencedirect.com/science/journal/20959273
Science of Computer Programming,0167-6423,01676423,05310,,https://www.sciencedirect.com/science/journal/01676423
Science & Justice,1355-0306,13550306,08074,Formerly known as Journal Forensic Science Society,https://www.sciencedirect.com/science/journal/13550306
Science in One Health,2949-7043,29497043,31487,,https://www.sciencedirect.com/science/journal/29497043
Science of Remote Sensing,2666-0172,26660172,30163,,https://www.sciencedirect.com/science/journal/26660172
Science & Sports,0765-1597,07651597,09065,,https://www.sciencedirect.com/science/journal/07651597
Science Talks,2772-5693,27725693,31268,,https://www.sciencedirect.com/science/journal/27725693
Science of The Total Environment,0048-9697,00489697,05127,,https://www.sciencedirect.com/science/journal/00489697
Scientia Horticulturae,0304-4238,03044238,05128,,https://www.sciencedirect.com/science/journal/03044238
Scientific African,2468-2276,24682276,18429,,https://www.sciencedirect.com/science/journal/24682276
Scripta Materialia,1359-6462,13596462,00222,Formerly known as Scripta Metallurgica et Materialia; Incorporating Nanostructured Materials,https://www.sciencedirect.com/science/journal/13596462
Sedimentary Geology,0037-0738,00370738,05360,,https://www.sciencedirect.com/science/journal/00370738
Seizure,1059-1311,10591311,12685,,https://www.sciencedirect.com/science/journal/10591311
Seminars in Arthritis and Rheumatism,0049-0172,00490172,13201,,https://www.sciencedirect.com/science/journal/00490172
Seminars in Cancer Biology,1044-579X,1044579X,12679,,https://www.sciencedirect.com/science/journal/1044579X
Seminars in Cell & Developmental Biology,1084-9521,10849521,12675,Formerly known as Seminars in Cell Biology; Incorporating Seminars in Developmental Biology,https://www.sciencedirect.com/science/journal/10849521
Seminars in Colon and Rectal Surgery,1043-1489,10431489,13111,,https://www.sciencedirect.com/science/journal/10431489
Seminars in Diagnostic Pathology,0740-2570,07402570,13056,,https://www.sciencedirect.com/science/journal/07402570
Seminars in Fetal and Neonatal Medicine,1744-165X,1744165X,12700,Formerly known as Seminars in Neonatology,https://www.sciencedirect.com/science/journal/1744165X
Seminars in Hematology,0037-1963,00371963,13322,,https://www.sciencedirect.com/science/journal/00371963
Seminars in Immunology,1044-5323,10445323,12678,,https://www.sciencedirect.com/science/journal/10445323
Seminars in Arthroplasty: JSES,1045-4527,10454527,13115,,https://www.sciencedirect.com/science/journal/10454527
Seminars in Nephrology,0270-9295,02709295,13253,,https://www.sciencedirect.com/science/journal/02709295
Seminars in Nuclear Medicine,0001-2998,00012998,13092,,https://www.sciencedirect.com/science/journal/00012998
Seminars in Oncology,0093-7754,00937754,13313,,https://www.sciencedirect.com/science/journal/00937754
Seminars in Oncology Nursing,0749-2081,07492081,13186,,https://www.sciencedirect.com/science/journal/07492081
Seminars in Orthodontics,1073-8746,10738746,13031,,https://www.sciencedirect.com/science/journal/10738746
Seminars in Pediatric Neurology,1071-9091,10719091,13314,,https://www.sciencedirect.com/science/journal/10719091
Seminars in Pediatric Surgery,1055-8586,10558586,13119,,https://www.sciencedirect.com/science/journal/10558586
Seminars in Perinatology,0146-0005,01460005,13267,,https://www.sciencedirect.com/science/journal/01460005
Seminars in Radiation Oncology,1053-4296,10534296,13318,,https://www.sciencedirect.com/science/journal/10534296
Seminars in Roentgenology,0037-198X,0037198X,13108,,https://www.sciencedirect.com/science/journal/0037198X
Seminars in Spine Surgery,1040-7383,10407383,13116,,https://www.sciencedirect.com/science/journal/10407383
Seminars in Thoracic and Cardiovascular Surgery,1043-0679,10430679,13053,,https://www.sciencedirect.com/science/journal/10430679
Seminars in Thoracic and Cardiovascular Surgery: Pediatric Cardiac Surgery Annual,1092-9126,10929126,13120,,https://www.sciencedirect.com/science/journal/10929126
"Seminars in Ultrasound, CT and MRI",0887-2171,08872171,13129,,https://www.sciencedirect.com/science/journal/08872171
Seminars in Vascular Surgery,0895-7967,08957967,13131,,https://www.sciencedirect.com/science/journal/08957967
Sensing and Bio-Sensing Research,2214-1804,22141804,18026,,https://www.sciencedirect.com/science/journal/22141804
Sensors and Actuators A: Physical,0924-4247,09244247,06033,Formerly part of Sensors and Actuators,https://www.sciencedirect.com/science/journal/09244247
Sensors and Actuators B: Chemical,0925-4005,09254005,06034,Formerly part of Sensors and Actuators,https://www.sciencedirect.com/science/journal/09254005
Sensors and Actuators Reports,2666-0539,26660539,30173,,https://www.sciencedirect.com/science/journal/26660539
Sensors International,2666-3511,26663511,30305,,https://www.sciencedirect.com/science/journal/26663511
Separation and Purification Technology,1383-5866,13835866,08054,Incorporating Gas Separation & Purification and Separations Technology,https://www.sciencedirect.com/science/journal/13835866
Sexual Medicine,2050-1161,20501161,18855,,https://www.sciencedirect.com/science/journal/20501161
Sexual Medicine Reviews,2050-0521,20500521,18847,,https://www.sciencedirect.com/science/journal/20500521
Sexual & Reproductive Healthcare,1877-5756,18775756,08675,,https://www.sciencedirect.com/science/journal/18775756
"She Ji: The Journal of Design, Economics, and Innovation",2405-8726,24058726,18225,,https://www.sciencedirect.com/science/journal/24058726
Signal Processing,0165-1684,01651684,05311,,https://www.sciencedirect.com/science/journal/01651684
Signal Processing: Image Communication,0923-5965,09235965,05312,,https://www.sciencedirect.com/science/journal/09235965
Signal Processing Open,3117-9355,31179355,32417,,https://www.sciencedirect.com/science/journal/31179355
In Silico Research in Biomedicine,3050-7871,30507871,32098,,https://www.sciencedirect.com/science/journal/30507871
Simulation Modelling Practice and Theory,1569-190X,1569190X,05314,Formerly known as Simulation Practice and Theory,https://www.sciencedirect.com/science/journal/1569190X
SLAS Discovery,2472-5552,24725552,31344,,https://www.sciencedirect.com/science/journal/24725552
SLAS Technology,2472-6303,24726303,31343,,https://www.sciencedirect.com/science/journal/24726303
Slavic Literatures,2950-3965,29503965,05418,,https://www.sciencedirect.com/science/journal/29503965
Sleep Epidemiology,2667-3436,26673436,31175,,https://www.sciencedirect.com/science/journal/26673436
Sleep Health,2352-7218,23527218,18790,,https://www.sciencedirect.com/science/journal/23527218
Sleep Medicine,1389-9457,13899457,05557,,https://www.sciencedirect.com/science/journal/13899457
Sleep Medicine Clinics,1556-407X,1556407X,13408,,https://www.sciencedirect.com/science/journal/1556407X
Sleep Medicine Reviews,1087-0792,10870792,12705,,https://www.sciencedirect.com/science/journal/10870792
Sleep Medicine: X,2590-1427,25901427,18471,,https://www.sciencedirect.com/science/journal/25901427
Small Ruminant Research,0921-4488,09214488,05129,,https://www.sciencedirect.com/science/journal/09214488
Smart Agricultural Technology,2772-3755,27723755,31216,,https://www.sciencedirect.com/science/journal/27723755
Smart Civil Infrastructures,3117-5260,31175260,32292,,https://www.sciencedirect.com/science/journal/31175260
Smart Energy,2666-9552,26669552,31040,,https://www.sciencedirect.com/science/journal/26669552
Smart Health,2352-6483,23526483,18861,,https://www.sciencedirect.com/science/journal/23526483
Smart Materials in Manufacturing,2772-8102,27728102,31342,,https://www.sciencedirect.com/science/journal/27728102
Smart Materials in Medicine,2590-1834,25901834,30090,,https://www.sciencedirect.com/science/journal/25901834
Smart Power & Energy Security,2949-8414,29498414,31562,,https://www.sciencedirect.com/science/journal/29498414
Smart Underground Engineering,3050-614X,3050614X,32051,,https://www.sciencedirect.com/science/journal/3050614X
"Social and Emotional Learning: Research, Practice, and Policy",2773-2339,27732339,31457,,https://www.sciencedirect.com/science/journal/27732339
Social Networks,0378-8733,03788733,05421,,https://www.sciencedirect.com/science/journal/03788733
Social Science & Medicine,0277-9536,02779536,00315,"Incorporating Social Science & Medicine. Part A: Medical Psychology & Medical Sociology, Social Science & Medicine. Part B: Medical Anthropology, Social Science & Medicine. Part C: Medical Economics, Social Science & Medicine. Part D: Medical Geography, S",https://www.sciencedirect.com/science/journal/02779536
Social Science Research,0049-089X,0049089X,12113,,https://www.sciencedirect.com/science/journal/0049089X
Social Sciences & Humanities Open,2590-2911,25902911,30119,,https://www.sciencedirect.com/science/journal/25902911
Societal Impacts,2949-6977,29496977,31483,,https://www.sciencedirect.com/science/journal/29496977
Socio-Economic Planning Sciences,0038-0121,00380121,00317,,https://www.sciencedirect.com/science/journal/00380121
Soft Computing Letters,2666-2221,26662221,30253,,https://www.sciencedirect.com/science/journal/26662221
Software Engineering Nexus,3117-9002,31179002,32383,,https://www.sciencedirect.com/science/journal/31179002
Software Impacts,2665-9638,26659638,30150,,https://www.sciencedirect.com/science/journal/26659638
SoftwareX,2352-7110,23527110,18109,,https://www.sciencedirect.com/science/journal/23527110
Soil Advances,2950-2896,29502896,31718,,https://www.sciencedirect.com/science/journal/29502896
Soil Biology and Biochemistry,0038-0717,00380717,00332,,https://www.sciencedirect.com/science/journal/00380717
Soil Dynamics and Earthquake Engineering,0267-7261,02677261,02056,Formerly known as International Journal of Soil Dynamics and Earthquake Engineering,https://www.sciencedirect.com/science/journal/02677261
Soil & Environmental Health,2949-9194,29499194,31594,,https://www.sciencedirect.com/science/journal/29499194
Soil Security,2667-0062,26670062,31073,,https://www.sciencedirect.com/science/journal/26670062
Soil and Tillage Research,0167-1987,01671987,05130,Incorporating Soil Technology,https://www.sciencedirect.com/science/journal/01671987
Soils and Foundations,0038-0806,00380806,10093,,https://www.sciencedirect.com/science/journal/00380806
Solar Compass,2772-9400,27729400,31386,,https://www.sciencedirect.com/science/journal/27729400
Solar Energy,0038-092X,0038092X,00329,,https://www.sciencedirect.com/science/journal/0038092X
Solar Energy Advances,2667-1131,26671131,31118,,https://www.sciencedirect.com/science/journal/26671131
Solar Energy Materials and Solar Cells,0927-0248,09270248,05315,Incorporating Solar Cells and Solar Energy Materials,https://www.sciencedirect.com/science/journal/09270248
Solid Earth Sciences,2451-912X,2451912X,18212,,https://www.sciencedirect.com/science/journal/2451912X
Solid State Communications,0038-1098,00381098,00230,,https://www.sciencedirect.com/science/journal/00381098
Solid-State Electronics,0038-1101,00381101,00103,,https://www.sciencedirect.com/science/journal/00381101
Solid State Electronics Letters,2589-2088,25892088,18423,,https://www.sciencedirect.com/science/journal/25892088
Solid State Ionics,0167-2738,01672738,05240,,https://www.sciencedirect.com/science/journal/01672738
Solid State Nuclear Magnetic Resonance,0926-2040,09262040,12878,,https://www.sciencedirect.com/science/journal/09262040
Solid State Sciences,1293-2558,12932558,09067,Formerly known as European Journal of Solid State and Inorganic Chemistry; Incorporating International Journal of Inorganic Materials,https://www.sciencedirect.com/science/journal/12932558
The Solutions,3117-8243,31178243,32366,,https://www.sciencedirect.com/science/journal/31178243
South African Journal of Botany,0254-6299,02546299,06067,,https://www.sciencedirect.com/science/journal/02546299
South African Journal of Chemical Engineering,1026-9185,10269185,18259,,https://www.sciencedirect.com/science/journal/10269185
Space Energy and Environment,3118-0698,31180698,32490,,https://www.sciencedirect.com/science/journal/31180698
Space Habitation,2950-6166,29506166,31838,,https://www.sciencedirect.com/science/journal/29506166
Space Policy,0265-9646,02659646,03081,,https://www.sciencedirect.com/science/journal/02659646
Space Solar Power and Wireless Transmission,2950-1040,29501040,31634,,https://www.sciencedirect.com/science/journal/29501040
Spanish Journal of Legal Medicine,2445-4249,24454249,16436,,https://www.sciencedirect.com/science/journal/24454249
Spanish Journal of Psychiatry and Mental Health,2950-2853,29502853,15757,,https://www.sciencedirect.com/science/journal/29502853
Spatial and Spatio-temporal Epidemiology,1877-5845,18775845,05630,,https://www.sciencedirect.com/science/journal/18775845
Spatial Statistics,2211-6753,22116753,10088,,https://www.sciencedirect.com/science/journal/22116753
Spectrochimica Acta Part A: Molecular and Biomolecular Spectroscopy,1386-1425,13861425,05184,Formerly known as Spectrochimica Acta Part A: Molecular Spectroscopy,https://www.sciencedirect.com/science/journal/13861425
Spectrochimica Acta Part B: Atomic Spectroscopy,0584-8547,05848547,05185,Formerly part of Spectrochimica Acta,https://www.sciencedirect.com/science/journal/05848547
Speech Communication,0167-6393,01676393,05316,,https://www.sciencedirect.com/science/journal/01676393
The Spine Journal,1529-9430,15299430,07760,,https://www.sciencedirect.com/science/journal/15299430
Sports Economics Review,2773-1618,27731618,31448,,https://www.sciencedirect.com/science/journal/27731618
Sports Medicine and Health Science,2666-3376,26663376,30280,,https://www.sciencedirect.com/science/journal/26663376
Sports Orthopaedics and Traumatology,0949-328X,0949328X,10055,,https://www.sciencedirect.com/science/journal/0949328X
SSM - Health Systems,2949-8562,29498562,31570,,https://www.sciencedirect.com/science/journal/29498562
SSM - Mental Health,2666-5603,26665603,30380,,https://www.sciencedirect.com/science/journal/26665603
SSM - Population Health,2352-8273,23528273,18128,,https://www.sciencedirect.com/science/journal/23528273
SSM - Qualitative Research in Health,2667-3215,26673215,31172,,https://www.sciencedirect.com/science/journal/26673215
STAR Protocols,2666-1667,26661667,30182,,https://www.sciencedirect.com/science/journal/26661667
Statistical Learning and Data Science,3051-3901,30513901,32227,,https://www.sciencedirect.com/science/journal/30513901
Statistics & Probability Letters,0167-7152,01677152,05422,,https://www.sciencedirect.com/science/journal/01677152
Stem Cell Reports,2213-6711,22136711,12126,,https://www.sciencedirect.com/science/journal/22136711
Stem Cell Research,1873-5061,18735061,05503,,https://www.sciencedirect.com/science/journal/18735061
Steroids,0039-128X,0039128X,07764,,https://www.sciencedirect.com/science/journal/0039128X
Stochastic Processes and their Applications,0304-4149,03044149,05423,,https://www.sciencedirect.com/science/journal/03044149
Strategic Business Research,3051-0643,30510643,32145,,https://www.sciencedirect.com/science/journal/30510643
Structural Change and Economic Dynamics,0954-349X,0954349X,05424,,https://www.sciencedirect.com/science/journal/0954349X
Structural Heart,2474-8706,24748706,31419,,https://www.sciencedirect.com/science/journal/24748706
Structural Safety,0167-4730,01674730,05425,,https://www.sciencedirect.com/science/journal/01674730
Structure,0969-2126,09692126,02218,Incorporating Folding and Design,https://www.sciencedirect.com/science/journal/09692126
Structures,2352-0124,23520124,17739,,https://www.sciencedirect.com/science/journal/23520124
Studies in Educational Evaluation,0191-491X,0191491X,00497,,https://www.sciencedirect.com/science/journal/0191491X
Studies in History and Philosophy of Science,0039-3681,00393681,00154,,https://www.sciencedirect.com/science/journal/00393681
Superconductivity,2772-8307,27728307,31364,,https://www.sciencedirect.com/science/journal/27728307
Supply Chain Analytics,2949-8635,29498635,31572,,https://www.sciencedirect.com/science/journal/29498635
Supramolecular Materials,2667-2405,26672405,31148,,https://www.sciencedirect.com/science/journal/26672405
Surface and Coatings Technology,0257-8972,02578972,06035,Formerly known as Surface Technology,https://www.sciencedirect.com/science/journal/02578972
Surface Science,0039-6028,00396028,05241,Incorporating Surface Science Letters,https://www.sciencedirect.com/science/journal/00396028
Surface Science Reports,0167-5729,01675729,05243,,https://www.sciencedirect.com/science/journal/01675729
Surfaces and Interfaces,2468-0230,24680230,18319,,https://www.sciencedirect.com/science/journal/24680230
The Surgeon,1479-666X,1479666X,05638,,https://www.sciencedirect.com/science/journal/1479666X
Surgery,0039-6060,00396060,13087,,https://www.sciencedirect.com/science/journal/00396060
Surgery Case Reports,2950-1032,29501032,31612,,https://www.sciencedirect.com/science/journal/29501032
Surgery for Obesity and Related Diseases,1550-7289,15507289,13367,,https://www.sciencedirect.com/science/journal/15507289
Surgery Open Digestive Advance,2667-0089,26670089,31066,,https://www.sciencedirect.com/science/journal/26670089
Surgery Open Science,2589-8450,25898450,18932,,https://www.sciencedirect.com/science/journal/25898450
Surgery (Oxford),0263-9319,02639319,04260,,https://www.sciencedirect.com/science/journal/02639319
Surgery in Practice and Science,2666-2620,26662620,30272,,https://www.sciencedirect.com/science/journal/26662620
Surgical Clinics of North America,0039-6109,00396109,13117,,https://www.sciencedirect.com/science/journal/00396109
Surgical Oncology,0960-7404,09607404,02212,,https://www.sciencedirect.com/science/journal/09607404
Surgical Oncology Clinics of North America,1055-3207,10553207,13323,,https://www.sciencedirect.com/science/journal/10553207
Surgical Oncology Insight,2950-2470,29502470,31674,,https://www.sciencedirect.com/science/journal/29502470
Surgical Pathology Clinics,1875-9181,18759181,13435,,https://www.sciencedirect.com/science/journal/18759181
Survey of Ophthalmology,0039-6257,00396257,07767,,https://www.sciencedirect.com/science/journal/00396257
Sustainability Analytics and Modeling,2667-2596,26672596,31153,,https://www.sciencedirect.com/science/journal/26672596
Sustainable Chemistry for Energy Materials,2950-4775,29504775,31799,,https://www.sciencedirect.com/science/journal/29504775
Sustainable Chemistry for the Environment,2949-8392,29498392,31563,,https://www.sciencedirect.com/science/journal/29498392
Sustainable Chemistry for Biodiversity,3050-6212,30506212,32050,,https://www.sciencedirect.com/science/journal/30506212
Sustainable Chemistry for Climate Action,2772-8269,27728269,31357,,https://www.sciencedirect.com/science/journal/27728269
Sustainable Chemistry One World,2950-3574,29503574,31758,,https://www.sciencedirect.com/science/journal/29503574
Sustainable Chemistry and Pharmacy,2352-5541,23525541,18096,,https://www.sciencedirect.com/science/journal/23525541
Sustainable Cities and Society,2210-6707,22106707,12903,,https://www.sciencedirect.com/science/journal/22106707
Sustainable Cities and Society: Advances,3051-052X,3051052X,32141,,https://www.sciencedirect.com/science/journal/3051052X
Sustainable Computing: Informatics and Systems,2210-5379,22105379,12935,,https://www.sciencedirect.com/science/journal/22105379
"Sustainable Energy, Grids and Networks",2352-4677,23524677,18074,,https://www.sciencedirect.com/science/journal/23524677
Sustainable Energy Technologies and Assessments,2213-1388,22131388,10125,,https://www.sciencedirect.com/science/journal/22131388
Sustainable Futures,2666-1888,26661888,30238,,https://www.sciencedirect.com/science/journal/26661888
"Sustainable Geosciences: People, Planet and Prosperity",2950-4929,29504929,31806,,https://www.sciencedirect.com/science/journal/29504929
Sustainable Horizons,2772-7378,27727378,31330,,https://www.sciencedirect.com/science/journal/27727378
Sustainable Manufacturing and Service Economics,2667-3444,26673444,31176,,https://www.sciencedirect.com/science/journal/26673444
Sustainable Materials and Technologies,2214-9937,22149937,17064,,https://www.sciencedirect.com/science/journal/22149937
Sustainable Operations and Computers,2666-4127,26664127,30317,,https://www.sciencedirect.com/science/journal/26664127
Sustainable Production and Consumption,2352-5509,23525509,18140,,https://www.sciencedirect.com/science/journal/23525509
Sustainable Technology and Entrepreneurship,2773-0328,27730328,31401,,https://www.sciencedirect.com/science/journal/27730328
Swarm and Evolutionary Computation,2210-6502,22106502,08724,,https://www.sciencedirect.com/science/journal/22106502
The Swine Journal,3117-4132,31174132,32257,,https://www.sciencedirect.com/science/journal/31174132
Synthetic Metals,0379-6779,03796779,06036,,https://www.sciencedirect.com/science/journal/03796779
Synthetic and Systems Biotechnology,2405-805X,2405805X,18215,,https://www.sciencedirect.com/science/journal/2405805X
System,0346-251X,0346251X,00335,,https://www.sciencedirect.com/science/journal/0346251X
Systematic and Applied Microbiology,0723-2020,07232020,10022,"Formerly known as Zentralblatt für Bakteriologie Mikrobiologie und Hygiene: I. Abt. Originale C: Allgemeine, angewandte und ökologische Mikrobiologie",https://www.sciencedirect.com/science/journal/07232020
Systems & Control Letters,0167-6911,01676911,05427,,https://www.sciencedirect.com/science/journal/01676911
Systems Ethnopharmacology and Sustainable Bioresources,3117-5767,31175767,32311,,https://www.sciencedirect.com/science/journal/31175767
Systems and Soft Computing,2772-9419,27729419,30253,,https://www.sciencedirect.com/science/journal/27729419
Taiwanese Journal of Obstetrics and Gynecology,1028-4559,10284559,08587,,https://www.sciencedirect.com/science/journal/10284559
Talanta,0039-9140,00399140,05187,,https://www.sciencedirect.com/science/journal/00399140
Talanta Open,2666-8319,26668319,30460,,https://www.sciencedirect.com/science/journal/26668319
TAO,3050-5283,30505283,32003,,https://www.sciencedirect.com/science/journal/30505283
Teaching and Learning in Nursing,1557-3087,15573087,13405,,https://www.sciencedirect.com/science/journal/15573087
Teaching and Teacher Education,0742-051X,0742051X,00224,,https://www.sciencedirect.com/science/journal/0742051X
Teaching and Teacher Education: Leadership and Professional Development,2667-3207,26673207,31171,,https://www.sciencedirect.com/science/journal/26673207
Team Sports Studies,3117-8790,31178790,32380,,https://www.sciencedirect.com/science/journal/31178790
Technical Innovations & Patient Support in Radiation Oncology,2405-6324,24056324,08191,,https://www.sciencedirect.com/science/journal/24056324
Techniques and Innovations in Gastrointestinal Endoscopy,2590-0307,25900307,13268,Formerly known as Techniques in Gastrointestinal Endoscopy,https://www.sciencedirect.com/science/journal/25900307
Techniques in Vascular and Interventional Radiology,1089-2516,10892516,13126,,https://www.sciencedirect.com/science/journal/10892516
Technological Forecasting and Social Change,0040-1625,00401625,07771,Formerly known as Technological Forecasting,https://www.sciencedirect.com/science/journal/00401625
Technology in Society,0160-791X,0160791X,00384,,https://www.sciencedirect.com/science/journal/0160791X
Technovation,0166-4972,01664972,02109,,https://www.sciencedirect.com/science/journal/01664972
Tectonophysics,0040-1951,00401951,05361,,https://www.sciencedirect.com/science/journal/00401951
Telecommunications Policy,0308-5961,03085961,03083,,https://www.sciencedirect.com/science/journal/03085961
Telematics and Informatics,0736-5853,07365853,00703,,https://www.sciencedirect.com/science/journal/07365853
Telematics and Informatics Reports,2772-5030,27725030,31253,,https://www.sciencedirect.com/science/journal/27725030
Tetrahedron,0040-4020,00404020,00942,,https://www.sciencedirect.com/science/journal/00404020
Tetrahedron Chem,2666-951X,2666951X,31034,,https://www.sciencedirect.com/science/journal/2666951X
Tetrahedron Green Chem,2773-2231,27732231,31461,,https://www.sciencedirect.com/science/journal/27732231
Tetrahedron Letters,0040-4039,00404039,00233,,https://www.sciencedirect.com/science/journal/00404039
The Journal of Physiological Sciences,1880-6546,18806546,32054,,https://www.sciencedirect.com/science/journal/18806546
"The Lancet Obstetrics, Gynaecology, & Women’s Health",3050-5038,30505038,31981,,https://www.sciencedirect.com/science/journal/30505038
Theoretical and Applied Fracture Mechanics,0167-8442,01678442,05245,,https://www.sciencedirect.com/science/journal/01678442
Theoretical and Applied Mechanics Letters,2095-0349,20950349,18149,,https://www.sciencedirect.com/science/journal/20950349
Theoretical Computer Science,0304-3975,03043975,05317,,https://www.sciencedirect.com/science/journal/03043975
Theoretical Population Biology,0040-5809,00405809,12117,,https://www.sciencedirect.com/science/journal/00405809
Thérapie,0040-5957,00405957,16415,,https://www.sciencedirect.com/science/journal/00405957
Theriogenology,0093-691X,0093691X,07774,,https://www.sciencedirect.com/science/journal/0093691X
Theriogenology Wild,2773-093X,2773093X,31437,,https://www.sciencedirect.com/science/journal/2773093X
Thermal Advances,3050-4635,30504635,31962,,https://www.sciencedirect.com/science/journal/30504635
Thermal Science and Engineering Progress,2451-9049,24519049,18308,,https://www.sciencedirect.com/science/journal/24519049
Thermochimica Acta,0040-6031,00406031,05188,,https://www.sciencedirect.com/science/journal/00406031
Thin Solid Films,0040-6090,00406090,06037,,https://www.sciencedirect.com/science/journal/00406090
Thin-Walled Structures,0263-8231,02638231,02057,,https://www.sciencedirect.com/science/journal/02638231
Thinking Skills and Creativity,1871-1871,18711871,04240,,https://www.sciencedirect.com/science/journal/18711871
Thoracic Radiology,3117-5724,31175724,32306,,https://www.sciencedirect.com/science/journal/31175724
Thoracic Surgery Clinics,1547-4127,15474127,13052,Formerly known as Chest Surgery Clinics of North America,https://www.sciencedirect.com/science/journal/15474127
Thrombosis Research,0049-3848,00493848,00369,,https://www.sciencedirect.com/science/journal/00493848
Thrombosis Update,2666-5727,26665727,30357,,https://www.sciencedirect.com/science/journal/26665727
Thyroid Science,2950-3000,29503000,31717,,https://www.sciencedirect.com/science/journal/29503000
Ticks and Tick-borne Diseases,1877-959X,1877959X,10065,,https://www.sciencedirect.com/science/journal/1877959X
Tissue and Cell,0040-8166,00408166,12722,,https://www.sciencedirect.com/science/journal/00408166
Tomography of Materials and Structures,2949-673X,2949673X,31477,,https://www.sciencedirect.com/science/journal/2949673X
Topics in Companion Animal Medicine,1938-9736,19389736,13039,Formerly known as Clinical Techniques in Small Animal Practice,https://www.sciencedirect.com/science/journal/19389736
Topology and its Applications,0166-8641,01668641,05319,Formerly known as General Topology and its Applications,https://www.sciencedirect.com/science/journal/01668641
Total Chemistry,3050-581X,3050581X,32033,,https://www.sciencedirect.com/science/journal/3050581X
Total Environment Advances,2950-3957,29503957,31350,,https://www.sciencedirect.com/science/journal/29503957
Total Environment Engineering,2950-631X,2950631X,31842,,https://www.sciencedirect.com/science/journal/2950631X
Total Environment Microbiology,3050-6417,30506417,32060,,https://www.sciencedirect.com/science/journal/30506417
Total Environment Research Themes,2772-8099,27728099,31350,,https://www.sciencedirect.com/science/journal/27728099
Tourism Management,0261-5177,02615177,03084,Formerly known as International Journal of Tourism Management,https://www.sciencedirect.com/science/journal/02615177
Tourism Management Perspectives,2211-9736,22119736,12984,,https://www.sciencedirect.com/science/journal/22119736
Toxicologie Analytique et Clinique,2352-0078,23520078,16825,,https://www.sciencedirect.com/science/journal/23520078
Toxicology,0300-483X,0300483X,08056,,https://www.sciencedirect.com/science/journal/0300483X
Toxicology and Applied Pharmacology,0041-008X,0041008X,12116,,https://www.sciencedirect.com/science/journal/0041008X
Toxicology Letters,0378-4274,03784274,08057,,https://www.sciencedirect.com/science/journal/03784274
Toxicology Reports,2214-7500,22147500,13466,,https://www.sciencedirect.com/science/journal/22147500
Toxicology in Vitro,0887-2333,08872333,00800,,https://www.sciencedirect.com/science/journal/08872333
Toxicon,0041-0101,00410101,00259,,https://www.sciencedirect.com/science/journal/00410101
Toxicon: X,2590-1710,25901710,18474,,https://www.sciencedirect.com/science/journal/25901710
TrAC Trends in Analytical Chemistry,0165-9936,01659936,05189,,https://www.sciencedirect.com/science/journal/01659936
Transactions of Materials Research,3050-9149,30509149,32123,,https://www.sciencedirect.com/science/journal/30509149
Transactions of Nonferrous Metals Society of China,1003-6326,10036326,04253,,https://www.sciencedirect.com/science/journal/10036326
Transcranial Magnetic Stimulation,3050-5291,30505291,32011,,https://www.sciencedirect.com/science/journal/30505291
Transformative Energy,3117-4639,31174639,32272,,https://www.sciencedirect.com/science/journal/31174639
Transfusion and Apheresis Science,1473-0502,14730502,00864,Formerly known as Transfusion Science,https://www.sciencedirect.com/science/journal/14730502
Transfusion Clinique et Biologique,1246-7820,12467820,09068,Formerly known as Revue Française de Transfusion et d'Hémobiologie,https://www.sciencedirect.com/science/journal/12467820
Transfusion Medicine Reviews,0887-7963,08877963,13325,,https://www.sciencedirect.com/science/journal/08877963
Trans-Himalaya Earth System Science,3118-0000,31180000,32450,,https://www.sciencedirect.com/science/journal/31180000
Translational Dental Research,2950-3485,29503485,31722,,https://www.sciencedirect.com/science/journal/29503485
Translational Medicine of Aging,2468-5011,24685011,18373,,https://www.sciencedirect.com/science/journal/24685011
Translational Metabolic Syndrome Research,2588-9303,25889303,18418,,https://www.sciencedirect.com/science/journal/25889303
Translational Oncology,1936-5233,19365233,14194,,https://www.sciencedirect.com/science/journal/19365233
Translational Research,1931-5244,19315244,13243,Formerly known as Journal of Laboratory and Clinical Medicine,https://www.sciencedirect.com/science/journal/19315244
Translational Research in Anatomy,2214-854X,2214854X,10517,,https://www.sciencedirect.com/science/journal/2214854X
TransMed,3117-3977,31173977,32235,,https://www.sciencedirect.com/science/journal/31173977
Transnational Corporations Review,1925-2099,19252099,31626,,https://www.sciencedirect.com/science/journal/19252099
Transnational Mobilities,3117-5511,31175511,32294,,https://www.sciencedirect.com/science/journal/31175511
Transplant Immunology,0966-3274,09663274,05560,,https://www.sciencedirect.com/science/journal/09663274
Transplantation and Cellular Therapy,2666-6367,26666367,13342,,https://www.sciencedirect.com/science/journal/26666367
Transplantation Proceedings,0041-1345,00411345,07002,,https://www.sciencedirect.com/science/journal/00411345
Transplantation Reports,2451-9596,24519596,18852,,https://www.sciencedirect.com/science/journal/24519596
Transplantation Reviews,0955-470X,0955470X,13125,,https://www.sciencedirect.com/science/journal/0955470X
Transport Economics and Management,2949-8996,29498996,31588,,https://www.sciencedirect.com/science/journal/29498996
Transport Policy,0967-070X,0967070X,03085,,https://www.sciencedirect.com/science/journal/0967070X
Transportation Engineering,2666-691X,2666691X,30417,,https://www.sciencedirect.com/science/journal/2666691X
Transportation Geotechnics,2214-3912,22143912,17026,,https://www.sciencedirect.com/science/journal/22143912
Transportation Research Interdisciplinary Perspectives,2590-1982,25901982,30095,,https://www.sciencedirect.com/science/journal/25901982
Transportation Research Part A: Policy and Practice,0965-8564,09658564,00547,Formerly known as Transportation Research Part A: General,https://www.sciencedirect.com/science/journal/09658564
Transportation Research Part B: Methodological,0191-2615,01912615,00548,Formerly part of Transportation Research,https://www.sciencedirect.com/science/journal/01912615
Transportation Research Part C: Emerging Technologies,0968-090X,0968090X,00130,,https://www.sciencedirect.com/science/journal/0968090X
Transportation Research Part D: Transport and Environment,1361-9209,13619209,00171,,https://www.sciencedirect.com/science/journal/13619209
Transportation Research Part E: Logistics and Transportation Review,1366-5545,13665545,01012,,https://www.sciencedirect.com/science/journal/13665545
Transportation Research Part F: Traffic Psychology and Behaviour,1369-8478,13698478,01022,,https://www.sciencedirect.com/science/journal/13698478
Transportation Research Procedia,2352-1465,23521465,17736,,https://www.sciencedirect.com/science/journal/23521465
Transportation Research Today,3051-360X,3051360X,32221,,https://www.sciencedirect.com/science/journal/3051360X
Trauma Case Reports,2352-6440,23526440,18090,,https://www.sciencedirect.com/science/journal/23526440
Travel Behaviour and Society,2214-367X,2214367X,17029,,https://www.sciencedirect.com/science/journal/2214367X
Travel Medicine and Infectious Disease,1477-8939,14778939,04052,,https://www.sciencedirect.com/science/journal/14778939
"Trees, Forests and People",2666-7193,26667193,30428,,https://www.sciencedirect.com/science/journal/26667193
Trends in Anaesthesia and Critical Care,2210-8440,22108440,12728,Formerly known as Current Anaesthesia & Critical Care,https://www.sciencedirect.com/science/journal/22108440
Trends in Biochemical Sciences,0968-0004,09680004,02115,,https://www.sciencedirect.com/science/journal/09680004
Trends in Biotechnology,0167-7799,01677799,02119,,https://www.sciencedirect.com/science/journal/01677799
Trends in Cancer,2405-8033,24058033,18835,,https://www.sciencedirect.com/science/journal/24058033
Trends in Cardiovascular Medicine,1050-1738,10501738,07770,,https://www.sciencedirect.com/science/journal/10501738
Trends in Cell Biology,0962-8924,09628924,02123,,https://www.sciencedirect.com/science/journal/09628924
Trends in Chemistry,2589-5974,25895974,18929,,https://www.sciencedirect.com/science/journal/25895974
Trends in Cognitive Sciences,1364-6613,13646613,02201,,https://www.sciencedirect.com/science/journal/13646613
Trends in Ecology & Evolution,0169-5347,01695347,02122,,https://www.sciencedirect.com/science/journal/01695347
Trends in Endocrinology & Metabolism,1043-2760,10432760,07769,,https://www.sciencedirect.com/science/journal/10432760
Trends in Environmental Analytical Chemistry,2214-1588,22141588,17016,,https://www.sciencedirect.com/science/journal/22141588
Trends in Food Science & Technology,0924-2244,09242244,02124,,https://www.sciencedirect.com/science/journal/09242244
Trends in Genetics,0168-9525,01689525,02120,,https://www.sciencedirect.com/science/journal/01689525
Trends in Immunology,1471-4906,14714906,02118,Formerly known as Immunology Today,https://www.sciencedirect.com/science/journal/14714906
Trends in Microbiology,0966-842X,0966842X,02125,,https://www.sciencedirect.com/science/journal/0966842X
Trends in Molecular Medicine,1471-4914,14714914,02161,Formerly known as Molecular Medicine Today,https://www.sciencedirect.com/science/journal/14714914
Trends in Neuroscience and Education,2211-9493,22119493,10077,,https://www.sciencedirect.com/science/journal/22119493
Trends in Neurosciences,0166-2236,01662236,02116,,https://www.sciencedirect.com/science/journal/01662236
Trends Open,3117-3470,31173470,32239,,https://www.sciencedirect.com/science/journal/31173470
Trends in Parasitology,1471-4922,14714922,02121,Formerly known as Parasitology Today,https://www.sciencedirect.com/science/journal/14714922
Trends in Pharmacological Sciences,0165-6147,01656147,02117,,https://www.sciencedirect.com/science/journal/01656147
Trends in Plant Science,1360-1385,13601385,02169,,https://www.sciencedirect.com/science/journal/13601385
Tribology and Interfaces,3117-3136,31173136,32231,,https://www.sciencedirect.com/science/journal/31173136
Tribology International,0301-679X,0301679X,03086,Formerly known as Tribology,https://www.sciencedirect.com/science/journal/0301679X
Tropical Agriculture Science,2950-5100,29505100,31809,,https://www.sciencedirect.com/science/journal/29505100
Tropical Cyclone Research and Review,2225-6032,22256032,18430,,https://www.sciencedirect.com/science/journal/22256032
Tuberculosis,1472-9792,14729792,12723,Formerly known as Tubercle and Lung Disease,https://www.sciencedirect.com/science/journal/14729792
Tumour Virus Research,2666-6790,26666790,18141,,https://www.sciencedirect.com/science/journal/26666790
Tunnelling and Underground Space Technology,0886-7798,08867798,00799,,https://www.sciencedirect.com/science/journal/08867798
Ultramicroscopy,0304-3991,03043991,05246,,https://www.sciencedirect.com/science/journal/03043991
Ultrasonics,0041-624X,0041624X,05247,,https://www.sciencedirect.com/science/journal/0041624X
Ultrasonics Sonochemistry,1350-4177,13504177,05248,,https://www.sciencedirect.com/science/journal/13504177
Ultrasound in Medicine & Biology,0301-5629,03015629,07554,,https://www.sciencedirect.com/science/journal/03015629
Unconventional Resources,2666-5190,26665190,30354,,https://www.sciencedirect.com/science/journal/26665190
Underground Space,2467-9674,24679674,18235,,https://www.sciencedirect.com/science/journal/24679674
Urban Climate,2212-0955,22120955,08819,,https://www.sciencedirect.com/science/journal/22120955
Urban Forestry & Urban Greening,1618-8667,16188667,10015,,https://www.sciencedirect.com/science/journal/16188667
Urban Governance,2664-3286,26643286,31179,,https://www.sciencedirect.com/science/journal/26643286
Urban Transitions,3050-6972,30506972,32073,,https://www.sciencedirect.com/science/journal/30506972
URINE,2590-2806,25902806,30117,,https://www.sciencedirect.com/science/journal/25902806
Urologic Clinics of North America,0094-0143,00940143,13130,,https://www.sciencedirect.com/science/journal/00940143
Urologic Oncology: Seminars and Original Investigations,1078-1439,10781439,13326,,https://www.sciencedirect.com/science/journal/10781439
Urology,0090-4295,00904295,07584,,https://www.sciencedirect.com/science/journal/00904295
Urology Case Reports,2214-4420,22144420,14156,,https://www.sciencedirect.com/science/journal/22144420
Urology Horizons,3117-3500,31173500,32238,,https://www.sciencedirect.com/science/journal/31173500
Urology Video Journal,2590-0897,25900897,30059,,https://www.sciencedirect.com/science/journal/25900897
Utilities Policy,0957-1787,09571787,03090,,https://www.sciencedirect.com/science/journal/09571787
Vaccine,0264-410X,0264410X,03094,,https://www.sciencedirect.com/science/journal/0264410X
Vaccine: X,2590-1362,25901362,18469,,https://www.sciencedirect.com/science/journal/25901362
Vacunas,1576-9887,15769887,15712,,https://www.sciencedirect.com/science/journal/15769887
Vacunas (English Edition),2445-1460,24451460,16434,,https://www.sciencedirect.com/science/journal/24451460
Vacuum,0042-207X,0042207X,00357,,https://www.sciencedirect.com/science/journal/0042207X
Value in Health,1098-3015,10983015,12934,,https://www.sciencedirect.com/science/journal/10983015
Value in Health Regional Issues,2212-1099,22121099,14112,,https://www.sciencedirect.com/science/journal/22121099
Vanadium and Titanium,3118-0655,31180655,32474,,https://www.sciencedirect.com/science/journal/31180655
Vascular Diseases,3050-6581,30506581,15563,,https://www.sciencedirect.com/science/journal/30506581
Vascular Pharmacology,1537-1891,15371891,07532,Formerly known as General Pharmacology: The Vascular System,https://www.sciencedirect.com/science/journal/15371891
Vehicular Communications,2214-2096,22142096,14153,,https://www.sciencedirect.com/science/journal/22142096
Veterinary Anaesthesia and Analgesia,1467-2987,14672987,18377,Formerly known as Journal of Veterinary Anaesthesia,https://www.sciencedirect.com/science/journal/14672987
Veterinary and Animal Science,2451-943X,2451943X,18258,,https://www.sciencedirect.com/science/journal/2451943X
Veterinary Clinics of North America: Equine Practice,0749-0739,07490739,13006,Formerly part of Veterinary Clinics of North America: Large Animal Practice,https://www.sciencedirect.com/science/journal/07490739
Veterinary Clinics of North America: Exotic Animal Practice,1094-9194,10949194,13008,,https://www.sciencedirect.com/science/journal/10949194
Veterinary Clinics of North America: Food Animal Practice,0749-0720,07490720,13009,Formerly part of Veterinary Clinics of North America: Large Animal Practice,https://www.sciencedirect.com/science/journal/07490720
Veterinary Clinics of North America: Small Animal Practice,0195-5616,01955616,13041,Formerly part of Veterinary Clinics of North America,https://www.sciencedirect.com/science/journal/01955616
Veterinary Immunology and Immunopathology,0165-2427,01652427,05133,,https://www.sciencedirect.com/science/journal/01652427
The Veterinary Journal,1090-0233,10900233,12603,Formerly known as British Veterinary Journal,https://www.sciencedirect.com/science/journal/10900233
The Veterinary Journal: Pharmacology & Toxicology,3117-5252,31175252,32288,,https://www.sciencedirect.com/science/journal/31175252
Veterinary Microbiology,0378-1135,03781135,05134,,https://www.sciencedirect.com/science/journal/03781135
Veterinary Parasitology,0304-4017,03044017,05135,,https://www.sciencedirect.com/science/journal/03044017
Veterinary Parasitology: Regional Studies and Reports,2405-9390,24059390,18250,,https://www.sciencedirect.com/science/journal/24059390
Veterinary Vaccine,2772-5359,27725359,31260,,https://www.sciencedirect.com/science/journal/27725359
Vibrational Spectroscopy,0924-2031,09242031,05190,,https://www.sciencedirect.com/science/journal/09242031
VideoGIE,2468-4481,24684481,18886,,https://www.sciencedirect.com/science/journal/24684481
Virologica Sinica,1995-820X,1995820X,31410,,https://www.sciencedirect.com/science/journal/1995820X
Virology,0042-6822,00426822,12119,,https://www.sciencedirect.com/science/journal/00426822
Virtual Reality & Intelligent Hardware,2096-5796,20965796,30209,,https://www.sciencedirect.com/science/journal/20965796
Virus Research,0168-1702,01681702,05082,,https://www.sciencedirect.com/science/journal/01681702
Vision Research,0042-6989,00426989,00263,,https://www.sciencedirect.com/science/journal/00426989
Visual Informatics,2468-502X,2468502X,18375,,https://www.sciencedirect.com/science/journal/2468502X
Visual Journal of Emergency Medicine,2405-4690,24054690,18837,,https://www.sciencedirect.com/science/journal/24054690
Waste Management,0956-053X,0956053X,00404,Formerly known as Nuclear and Chemical Waste Management,https://www.sciencedirect.com/science/journal/0956053X
Waste Management Bulletin,2949-7507,29497507,31500,,https://www.sciencedirect.com/science/journal/29497507
Water Biology and Security,2772-7351,27727351,31329,,https://www.sciencedirect.com/science/journal/27727351
Water Cycle,2666-4453,26664453,30330,,https://www.sciencedirect.com/science/journal/26664453
Water & Ecology,3050-4724,30504724,31956,,https://www.sciencedirect.com/science/journal/30504724
Water-Energy Nexus,2588-9125,25889125,18415,,https://www.sciencedirect.com/science/journal/25889125
Water Research,0043-1354,00431354,00309,,https://www.sciencedirect.com/science/journal/00431354
Water Research X,2589-9147,25899147,18447,,https://www.sciencedirect.com/science/journal/25899147
Water Resources and Economics,2212-4284,22124284,10095,,https://www.sciencedirect.com/science/journal/22124284
Water Resources and Industry,2212-3717,22123717,10094,,https://www.sciencedirect.com/science/journal/22123717
Water Science and Engineering,1674-2370,16742370,18175,,https://www.sciencedirect.com/science/journal/16742370
Water Security,2468-3124,24683124,18344,,https://www.sciencedirect.com/science/journal/24683124
Watershed Ecology and the Environment,2589-4714,25894714,18437,,https://www.sciencedirect.com/science/journal/25894714
Wave Motion,0165-2125,01652125,05250,,https://www.sciencedirect.com/science/journal/01652125
Wear,0043-1648,00431648,06038,,https://www.sciencedirect.com/science/journal/00431648
Wearable Electronics,2950-2357,29502357,31673,,https://www.sciencedirect.com/science/journal/29502357
Weather and Climate Extremes,2212-0947,22120947,10153,,https://www.sciencedirect.com/science/journal/22120947
"Wellbeing, Space and Society",2666-5581,26665581,30379,,https://www.sciencedirect.com/science/journal/26665581
WFUMB Ultrasound Open,2949-6683,29496683,31475,,https://www.sciencedirect.com/science/journal/29496683
Wind Energy and Engineering Research,2950-3604,29503604,31764,,https://www.sciencedirect.com/science/journal/29503604
Women and Birth,1871-5192,18715192,04262,Formerly known as Australian Midwifery,https://www.sciencedirect.com/science/journal/18715192
Women and Children Nursing,2949-7515,29497515,31512,,https://www.sciencedirect.com/science/journal/29497515
Women's Health Issues,1049-3867,10493867,07779,,https://www.sciencedirect.com/science/journal/10493867
Women's Studies International Forum,0277-5395,02775395,00361,Formerly known as Women's Studies International Quarterly,https://www.sciencedirect.com/science/journal/02775395
World Allergy Organization Journal,1939-4551,19394551,30081,,https://www.sciencedirect.com/science/journal/19394551
World Development,0305-750X,0305750X,00386,,https://www.sciencedirect.com/science/journal/0305750X
World Development Perspectives,2452-2929,24522929,18291,,https://www.sciencedirect.com/science/journal/24522929
World Journal of Acupuncture - Moxibustion,1003-5257,10035257,10105,,https://www.sciencedirect.com/science/journal/10035257
World Neurosurgery,1878-8750,18788750,07765,Formerly known as Surgical Neurology,https://www.sciencedirect.com/science/journal/18788750
World Neurosurgery: X,2590-1397,25901397,18947,,https://www.sciencedirect.com/science/journal/25901397
World Patent Information,0172-2190,01722190,00654,,https://www.sciencedirect.com/science/journal/01722190
"Zeitschrift für Evidenz, Fortbildung und Qualität im Gesundheitswesen",1865-9217,18659217,10056,Formerly known as Zeitschrift für ärztliche Fortbildung und Qualität im Gesundheitswesen,https://www.sciencedirect.com/science/journal/18659217
Zeitschrift für Medizinische Physik,0939-3889,09393889,10057,,https://www.sciencedirect.com/science/journal/09393889
Zoologischer Anzeiger,0044-5231,00445231,10016,,https://www.sciencedirect.com/science/journal/00445231
Zoology,0944-2006,09442006,10003,,https://www.sciencedirect.com/science/journal/09442006